WGD,H3K27ac_down,H3K27ac_up,H3K27ac_genebody,H3K27me3_down,H3K27me3_up,H3K27me3_genebody,H3K4me3_down,H3K4me3_up,H3K4me3_genebody,avg_expression,tau,gene_cds_gc,promoter_gc,rec_rate,te_dist,TEGroup_1,TEGroup_2,TEGroup_3,TEGroup_4,TEdenseAvgUp,TEdenseMaxUp,TEdenseAvgDown,TEdenseMaxDown,CG_up_ave,CG_down_ave,CG_body_ave,CHG_up_ave,CHG_down_ave,CHG_body_ave,CHH_up_ave,CHH_down_ave,CHH_body_ave,CG_up_max,CG_down_max,CHG_up_max,CHG_down_max,CHH_up_max,CHH_down_max,summit_fold_enrichment,upstream_distance,downstream_distance,Ka,Ks,omega,location
0,-0.1775473080997016,0.0011663133958049,0.62496568236789,-0.1686572578838599,-0.0434801770376416,-0.3797782645111297,-0.1570247682019946,-0.0020584372266058,0.6895680866673899,5.444423318019136,0.144120879092348,46.72489082969432,41.76470588235294,14.75,302,0.0,1.0,0.0,0.0,0.42044999999999993,1.0,0.06,1.0,0.8999056176470587,0.3291156771428572,0.01041666875,0.3232603722222222,0.1577778333333333,0.0049683829268292,0.0368964626760563,0.0143339682432432,0.0058683839416058,1.0,1.0,0.757143,0.683333,0.401732,0.511111,4.45679,21689.0,161.0,0.0189,0.3565,0.053,1.0
0,-0.0458288413760174,-0.0028667935150619,1.9821367027368235,-0.2812991045753669,0.0669452866704009,-0.3820835094270534,0.1467861198879534,0.0485617022352383,2.075713436892629,3.0697370160017425,0.4497922499443638,47.43589743589743,30.58823529411765,8.13,1811,0.0,0.0,1.0,0.0,0.0,0.0,0.04545,0.91,0.0739742972972972,0.1014245333333333,0.0,0.0091619911764705,0.0166666771428571,0.0138889,0.0056143212121212,0.0040896955631399,0.0,0.944444,0.766667,0.144841,0.288889,0.138889,0.0833333,4.209,54.0,349.0,0.0193,0.1909,0.1013,1.0
0,-0.0846780092396624,-0.1675198116093425,0.1121678093083431,-0.1720751350848029,0.1465675282153297,-0.2644333636346524,-0.2359331326937781,0.0656005523273509,0.3193276304719631,0.0695644676974767,1.0,44.96969696969697,36.47058823529412,8.13,676,0.0,0.0,1.0,0.0,0.24804999999999996,1.0,0.04575,0.96,0.6797052857142857,0.1254480677419354,0.0,0.338889,0.01218435,0.0,0.0431960953125,0.0038492852071005,0.0034391566666666,1.0,0.766667,0.527778,0.288889,0.614815,0.111111,7.34659,224296.0,1669.0,0.1552,0.4965,0.3126,1.0
0,-0.2185325755583806,0.0069816948339383,-0.1961223384755517,0.5547513046762956,0.5304037104290946,0.6213595052767116,-0.3113407073363379,0.1813475059894565,-0.3875376260299671,0.1670736299386005,0.970439238923362,43.570402298850574,37.64705882352941,8.12,0,0.0,1.0,0.0,0.0,0.13795,1.0,0.067,1.0,0.0,0.0596967871794871,0.1119637705035971,0.0123456666666666,0.0054727370967741,0.0047503030837004,0.0041740129629629,0.0057922453488372,0.0044309335802469,0.0,0.819048,0.111111,0.127273,0.111111,0.194444,7.34659,199100.0,22160.0,0.1915,0.3122,0.6134,1.0
0,-0.198168260315032,-0.1147888643162233,0.813241871590694,-0.157758216797367,-0.0787088338734272,-0.2123719192368631,-0.2045249856993208,-0.1004308932056422,0.6118916851222229,0.7840050158770419,0.7725642126852302,49.46236559139785,36.47058823529412,8.04,195,0.0,1.0,0.0,0.0,0.11599999999999998,1.0,0.0525,0.98,0.0,0.0017361104166666,0.0043560613636363,0.0,0.004468604347826,0.0,0.0,0.002703617704918,0.0030436196428571,0.0,0.0833333,0.0,0.0666667,0.0,0.134921,4.54561,217371.0,8434.0,0.0883,0.3673,0.2404,1.0
0,-0.4012192935135285,-0.3332628115334868,-0.0142214049721006,0.3621871382593179,0.0615260971782473,1.2282460329560592,-0.584287873019098,-0.1926493512217312,-0.1806636535313666,0.2058783476287354,0.9209892620404528,50.20576131687243,41.17647058823529,8.04,2608,0.0,0.0,1.0,0.0,0.0,0.0,0.0,0.0,0.0427299615384615,0.0694444444444444,0.0025641038461538,0.0076078874999999,0.0182367108695652,0.0,0.0040582756944444,0.0119018108280254,0.0038986368421052,0.688889,1.0,0.0833333,0.288889,0.111111,0.588889,4.54561,222676.0,3628.0,0.1065,0.466,0.2285,1.0
0,-0.291419033248024,-0.3005479068627568,1.5938399396787442,-0.2183239898940854,-0.0879762999422005,-0.1905892665048464,-0.6415656974291372,-0.3275050072268241,1.0058315604478545,1.4962062793694473,0.7381018959177073,52.85714285714286,39.41176470588236,8.03,92,0.0,0.0,1.0,0.0,0.10645000000000002,1.0,0.9259000000000001,1.0,0.1691876055555555,0.8714983488372093,0.0041152222222222,0.244479449090909,0.5166543273504272,0.0031746,0.0439553578740157,0.0680193596330275,0.0024509794117647,1.0,1.0,1.0,0.952381,0.694444,0.948864,5.78532,61755.0,884.0,0.1717,0.5949,0.2886,1.0
0,-0.2059947625430828,-0.4197805421370034,-0.1715015583890309,0.0377270435714112,0.1430657127028103,0.0871265273356477,-0.2432994058503012,-0.4558762767284565,-0.3457108411956173,2.0734138175541945,0.7548334989714737,42.58600237247924,30.0,8.01,286,0.0,1.0,0.0,0.0,0.0,0.0,0.556,1.0,0.0163120489361702,0.0,0.0017006785714285,0.001657075510204,0.2073410448275862,0.0,0.003426925,0.0371908204819277,0.004551179144385,0.683333,0.0,0.0555557,0.888889,0.125,0.403175,4.53947,36320.0,77507.0,0.1107,0.4652,0.238,1.0
0,-0.1611991574866723,0.0204401490506751,0.2660661965244665,-0.1744086622482367,-0.102177122790597,-0.0785191752727665,-0.1761177118019225,0.1580433386695862,0.1378387377342661,3.461246691665844,0.1594023381892056,47.24249797242498,44.70588235294118,8.01,2211,0.0,0.0,1.0,0.0,0.0,0.0,0.0,0.0,0.7162036666666667,0.1365079047619047,0.2063492142857142,0.403671936,0.0050505,0.0050793628571428,0.0221675923076923,0.0047694638095238,0.0037800179487179,1.0,1.0,0.952381,0.111111,0.295238,0.133333,3.24248,37929.0,73794.0,0.0403,0.3759,0.1071,1.0
0,-0.2256964672214959,-0.1194176043949016,0.3892251622323771,0.0318750902276898,0.1303588451224028,-0.1931648201081373,-0.057404407490462,0.3564085763954588,0.7139935789113679,2.848906268913776,0.2264696769914867,49.06181015452539,42.35294117647059,8.0,609,0.0,1.0,0.0,0.0,0.0,0.0,0.3715,1.0,0.003472225,0.0032051307692307,0.291666635,0.001190475,0.0078125,0.0068783095238095,0.0024605751824817,0.0591527466101694,0.0022169576530612,0.0833333,0.0416667,0.0333333,0.125,0.0833333,0.444444,4.54561,19248.0,2165.0,0.0485,0.4656,0.1042,1.0
0,-0.2696763421546868,0.0822014457207273,-0.0301434615282862,0.3128768618986614,0.0566671073551445,-0.2066051317087195,-0.046990308824088,0.3028997469130859,0.0822184503150931,3.579070614522217,0.1445951437389295,45.64393939393939,32.35294117647059,8.0,382,0.0,0.0,1.0,0.0,0.32755,1.0,0.20085,1.0,0.0,0.1863636636363636,0.1693423714285714,0.0,0.0877247533333333,0.0047296263157894,0.0011415520547945,0.0120630606557377,0.0029100513833992,0.0,1.0,0.0,0.292063,0.0833333,0.658333,4.95884,19125.0,1918.0,0.1123,0.2978,0.3772,1.0
0,0.723056480312836,0.5586525637081025,0.450034928942554,-0.1203145265689443,-0.1927487757227932,-0.3716312780407775,0.8115586236889797,0.6652454378542926,0.8838048400736872,8.591158790818369,0.0880264511990299,51.51515151515152,42.94117647058823,8.0,2679,0.0,0.0,1.0,0.0,0.0,0.0,0.0,0.0,0.1539682,0.0181405857142857,0.0277777545454545,0.0,0.0054502795918367,0.034188,0.0074074111111111,0.0023919120253164,0.0076628275862068,0.722222,0.833333,0.0,0.114286,0.0666667,0.111111,4.55976,77.0,126448.0,0.0048,0.4453,0.0109,1.0
0,0.3142924987051511,0.0663407273695717,0.9962097990643852,-0.2739934502296776,-0.1489101259099711,-0.1752588138630626,0.1580908518653249,0.1450688794290238,1.2834472562761132,3.5717301690891032,0.3667677870366385,43.66197183098591,42.94117647058823,8.0,1042,0.0,0.0,1.0,0.0,0.035,1.0,0.0,0.0,0.0019157137931034,0.0339505888888888,0.0320512692307692,0.0178042466666666,0.0296296,0.0,0.0024531051948051,0.0063492,0.0026915757894736,0.0555557,0.111111,0.114286,0.111111,0.0666667,0.111111,4.55976,124811.0,2920.0,0.0841,0.3887,0.2164,1.0
0,-0.0136307331829325,0.1230393896124137,-0.1080577151415756,0.0104813286607763,-0.0089899750497295,-0.2498497693566622,-0.0643627726180643,0.2028710362580779,-0.3220090379059542,0.8332275586104961,0.4087619979566157,43.30855018587361,42.35294117647059,8.0,502,0.0,1.0,0.0,0.0,0.15,1.0,0.0,0.0,0.0,0.0858585454545454,0.0,0.0,0.0047619071428571,0.0,0.0024691333333333,0.0092287242857142,0.001504628125,0.0,0.944444,0.0,0.0666667,0.111111,0.194444,4.55976,45434.0,79709.0,0.0864,0.4053,0.2131,1.0
0,-0.0205359936357216,0.0076092258963801,-0.2142553024200859,0.0197404224185217,-0.2210935196222786,-0.2308862272931233,0.0205129420611006,0.1602783065115463,-0.0488436683028438,4.88657342481523,0.0465540394193629,45.28039010797632,53.52941176470589,8.01,0,1.0,0.0,0.0,0.0,0.0,0.0,0.0,0.0,0.015873,0.0015360967741935,0.2513553636363636,0.0,0.0048048027027027,0.0052016283783783,0.0056216964285714,0.0034884193877551,0.0029210756410256,0.111111,0.047619,0.0,0.111111,0.0833333,0.111111,4.55976,61632.0,60494.0,0.0306,0.4424,0.0691,1.0
0,-0.3954410822767712,0.0921554575475795,-0.2144632659802682,-0.3885813593471481,0.0313962661205963,-0.3243566506097273,-0.3524655868255616,0.0946420347875831,-0.0972025676955121,4.413168100679688,0.1806018929300841,43.92873886544773,57.647058823529406,8.01,0,0.0,1.0,0.0,0.0,0.23000000000000007,1.0,0.0,0.0,0.2222222499999999,0.0198412857142857,0.2007716305555555,0.0557634657142857,0.0,0.0099807681818181,0.0094629352272727,0.0043747573170731,0.0111118259090909,1.0,0.0833333,0.430556,0.0,0.166667,0.111111,4.44848,110802.0,13931.0,0.0446,0.3514,0.127,1.0
0,-0.3469982767428777,0.2729584430749108,-0.333568604777764,-0.1507517977893544,0.0066988884632309,-0.2939079919191935,-0.3705810902227465,0.8284353380965752,-0.330411243581563,2.55595435784292,0.3032973530110285,44.5601327901011,34.705882352941174,7.23,4798,0.0,1.0,0.0,0.0,0.0,0.0,0.0,0.0,0.0661375714285714,0.0,0.2178093909774436,0.0039215705882352,0.00520833125,0.0057502330396475,0.0035011848275862,0.0028508789473684,0.0034470003631961,0.925926,0.0,0.0666667,0.0833333,0.15,0.0666667,5.34297,13183.0,29045.0,0.0648,0.2986,0.2169,1.0
0,-0.2538628932227795,-0.1503600791089075,-0.256751471679745,-0.3828767113546719,0.0442613902180575,-0.1714112396775489,-0.4880283921786222,-0.1091807999081561,-0.2370253750580069,0.4540473060105566,0.8301830727325156,40.516039051603904,28.823529411764703,7.23,2262,0.0,1.0,0.0,0.0,0.0,0.0,0.0,0.0,0.0,0.0,0.0,0.0051466969696969,0.004629638095238,0.0069444392857142,0.0028933611814345,0.0067073182926829,0.0013211390243902,0.0,0.0,0.122222,0.0555557,0.0666667,0.111111,5.34297,26509.0,21872.0,0.0388,0.3518,0.1103,1.0
0,-0.2246705420208802,-0.0416020070008048,-0.2999029360208926,0.12968108089021,0.2675478005769842,-0.0578844475564333,-0.2490925291613427,-0.1050605872525252,-0.3662134797967559,1.1808343233618532,0.7273818131907677,41.29213483146067,33.52941176470588,7.23,254,0.0,1.0,0.0,0.0,0.0,0.0,0.21525,1.0,0.0,0.001333332,0.038833334,0.0031565681818181,0.0086370525,0.0031537999999999,0.0033003303630363,0.0036253845070422,0.0027453438395415,0.0,0.0333333,0.0833333,0.122222,0.111111,0.111111,5.00904,19246.0,26770.0,0.1129,0.3506,0.3221,1.0
0,0.1929430122610765,0.2949835927676117,-0.0692033697264711,-0.1472670944489176,-0.2639859516543111,-0.2477655343171818,0.1791413304046046,0.1795458935863786,0.2639819006822391,4.210507387557345,0.3366146863046478,47.56235827664399,38.23529411764706,7.23,3847,0.0,1.0,0.0,0.0,0.0,0.0,0.0,0.0,0.1148148092592592,0.079306886,0.0339418,0.0066727753846153,0.0026371316455696,0.0023107168141592,0.0038738609065155,0.0033554461038961,0.0040044876315789,1.0,1.0,0.0833333,0.111111,0.152778,0.111111,5.00904,260.0,46318.0,0.0421,0.3491,0.1205,1.0
0,0.4858221386348987,0.7086115757084948,0.7040845809790541,-0.3382860615809905,-0.3865015658660876,-0.199482726704555,0.5702379763059405,1.053241839474681,0.8115186850258842,6.133489891147904,0.1140563145842958,54.65116279069767,40.0,7.23,4567,0.0,1.0,0.0,0.0,0.0,0.0,0.0,0.0,0.0,0.0285947647058823,0.3439394272727272,0.0,0.0090608462962962,0.0023148208333333,0.0042107583333333,0.0034453886287625,0.0045797141509433,0.0,0.747222,0.0,0.111111,0.111111,0.152778,3.89097,20398.0,883.0,0.0668,0.4465,0.1496,1.0
0,-0.2667819806176537,0.4458118953666475,0.1519238200239321,0.005170162318649,-0.0223466961676816,-0.3488056457897664,-0.0918786202545949,0.4565741945549421,0.2176909253702275,4.480284957700168,0.1499255202182269,45.59686888454012,37.05882352941177,7.23,598,0.0,1.0,0.0,0.0,0.23975000000000007,1.0,0.0,0.0,0.0,0.00260416875,0.3849206045454545,0.0,0.0021367576923076,0.0083333354166666,0.0,0.00515873,0.0015916016260162,0.0,0.0416667,0.0,0.0555557,0.0,0.111111,3.89097,7996.0,11550.0,0.0313,0.4469,0.0701,1.0
0,-0.1890523847281842,0.0643701155717134,0.0539875129804725,-0.2676149171452542,-0.023143040279732,-0.0770716928829343,-0.1769155192525126,0.2252333628594817,-0.0131796387218168,2.272304577421153,0.4684979982831847,47.21649484536082,37.64705882352941,7.23,8273,0.0,1.0,0.0,0.0,0.0,0.0,0.0,0.0,0.111111,0.0,0.0285947647058823,0.0,0.0006277457627118,0.0034832444444444,0.00641025,0.0040018762541806,0.005326494076655,0.111111,0.0,0.0,0.037037,0.111111,0.111111,4.86195,15671.0,4278.0,0.0351,0.4863,0.0721,1.0
0,-0.1867140557887924,0.8758330769176457,-0.0065464827948539,-0.215566501964777,0.1254990551915863,-0.2432839351178363,-0.1269570422869365,0.5047200814539843,0.1791729961130048,4.337451302988296,0.2263623010220269,46.75052410901468,43.52941176470589,7.23,8178,0.0,1.0,0.0,0.0,0.0,0.0,0.0,0.0,0.000744046875,0.0373931538461538,0.0470835626506024,0.0010482207547169,0.002166668,0.0019536141791044,0.0034133952631578,0.0051596294915254,0.0038427050847457,0.047619,0.822222,0.0555557,0.0666667,0.111111,0.166667,4.86195,463.0,18911.0,0.0385,0.2902,0.1325,1.0
0,0.7478491285931869,0.1499628700403599,0.9813565068238728,0.0284321523595615,0.1007479922230734,0.5566743271834703,0.7639800363654916,0.1094154239825922,0.7361149385906611,2.664515438795218,0.4669849472841461,50.821744627054365,33.52941176470588,7.23,2275,0.0,1.0,0.0,0.0,0.0,0.0,0.0,0.0,0.0308641444444444,0.0007326,0.0023143632653061,0.0,0.0010288092592592,0.0013418076271186,0.0025907712643678,0.0038678899122807,0.0024635488479262,0.194444,0.047619,0.0,0.0555557,0.0666667,0.111111,6.34478,67508.0,123.0,0.0781,0.5977,0.1307,1.0
0,-0.086278360257913,0.8200366886666484,0.2863805333068168,0.043890059731755,-0.1417131277012099,-0.229269106826559,-0.123289258890359,0.9879246436228758,0.2858223415188101,3.152717607349424,0.2242000732498132,46.03629417382999,36.47058823529412,7.23,350,0.0,1.0,0.0,0.0,0.07629999999999999,0.94,0.19749999999999995,1.0,0.078285714,0.4835273333333333,0.0019841321428571,0.0180555575,0.329442225,0.0076312564102564,0.0033712113636363,0.0549907437956204,0.0041772413793103,1.0,0.9,0.416667,0.777778,0.194444,0.52381,4.53947,19580.0,49918.0,0.1704,0.564,0.3022,1.0
0,0.4539058636683659,0.1342607481527761,-0.0050755279768148,-0.2049557287834179,-0.1317563130194487,-0.2662786686824701,0.593593602810711,0.475698343132926,-0.0395388103140542,4.644207498931968,0.2230414202536222,47.641144624903326,35.88235294117647,7.23,1065,0.0,1.0,0.0,0.0,0.3906,1.0,0.0,0.0,0.0,0.0,0.1877192631578947,0.0,0.00925925,0.0042989452380952,0.0,0.007564478125,0.0037860088888888,0.0,0.0,0.0,0.111111,0.0,0.111111,4.54561,15756.0,19304.0,0.0662,0.4628,0.143,1.0
0,-0.1235910497915044,0.715942754384691,0.4518418957313994,-0.1929073385566896,0.0037650892109471,-0.323563177415426,-0.1581563318938241,0.7882927611221352,0.6528899331945517,1.4757399968928169,0.2677134082771443,45.26445264452644,54.11764705882353,7.23,1988,0.0,1.0,0.0,0.0,0.028300000000000006,0.94,0.0,0.0,0.0,0.1587719105263157,0.0,0.0,0.0053104617647058,0.010101,0.0,0.0027343757812499,0.00661375,0.0,1.0,0.0,0.0833333,0.0,0.0833333,3.64647,17405.0,18401.0,0.0788,0.3125,0.2521,1.0
0,0.4356796494622581,-0.0394623326520385,1.069377838505306,-0.1664044184500677,0.0088181433149154,-0.5739014156612686,0.4333390512251817,-0.0525570312156513,1.3580367413575047,1.4876441045746187,0.5305975090606682,49.60629921259843,34.11764705882353,7.23,402,0.0,0.0,0.0,1.0,0.0771,1.0,0.0,0.0,0.7890974365384614,0.0890070914893617,0.0032051307692307,0.3982384634146341,0.003126506060606,0.00416666875,0.0685115684210526,0.0026636232876712,0.0,1.0,1.0,1.0,0.0555557,0.722222,0.111111,4.02482,73082.0,1576.0,0.1738,0.6462,0.2689,1.0
0,-0.2072708119373552,-0.1228113551847555,0.0522686329135875,-0.042779382722247,0.4433527032903177,0.7384819174535662,-0.2791324598288113,-0.0196653952804477,0.0018924589521277,0.193028767092112,0.7964529564471288,52.925170068027214,27.058823529411764,7.23,14,0.0,1.0,0.0,0.0,0.13175,1.0,0.1613,1.0,0.0040304999999999,0.00416666875,0.0,0.0047258181818181,0.0,0.0078502478260869,0.0053020865546218,0.0104427719298245,0.0027777797297297,0.137037,0.0666667,0.108333,0.0,0.111111,0.166667,4.02482,49783.0,24241.0,0.0811,0.4057,0.1998,1.0
0,-0.0747021905049617,0.4004905339720036,0.5773418816316719,-0.0341074353496144,0.0193241263077664,-0.0722787189405758,-0.0845386029459937,0.7287889629656842,0.8296077222096973,8.908815424950163,0.1404618965933808,56.102003642987256,27.647058823529413,7.23,448,0.0,0.0,0.0,1.0,0.0,0.0,0.087,0.98,0.3758241538461538,0.0,0.0481481599999999,0.15469416,0.0022927777777777,0.0,0.01752538,0.00290763003663,0.0033950666666666,1.0,0.0,0.57672,0.103175,0.253571,0.111111,4.34117,747.0,6433.0,0.0097,0.7683,0.0126,1.0
0,0.0526719670030596,-0.1917384995488211,-0.2279482738758194,0.2539652218065407,0.2178177303033713,0.8194671131871955,-0.2727403355511462,-0.2126502233781047,0.2191755713909196,2.1678007237602377,0.7253105908893647,44.27425237053246,40.588235294117645,7.23,191,0.0,1.0,0.0,0.0,0.0,0.0,0.06545,1.0,0.001984125,0.0032467514285714,0.0046174835820895,0.0050841799999999,0.0035273333333333,0.0017857142857142,0.0043264059322033,0.0038594585034013,0.00322378,0.111111,0.0833333,0.0666667,0.047619,0.152778,0.0833333,4.53947,40662.0,1435.0,0.0589,0.3833,0.1537,1.0
0,0.1583133297091579,-0.0490732130755936,0.5180411417195814,-0.1871404351375389,-0.1656316190993328,-0.1376992116859544,-0.1048161210882203,-0.3650971647544686,-0.1115933797790401,0.7064557170304466,0.5330324102489609,49.42528735632184,28.235294117647054,7.23,1419,0.0,1.0,0.0,0.0,0.0,0.0,0.25299999999999995,1.0,0.0299457951219512,0.0,0.0,0.0046957666666666,0.0,0.0,0.0014591968468468,0.0042162678571428,0.002777785,1.0,0.0,0.0833333,0.0,0.0833333,0.111111,4.00723,40017.0,3484.0,0.3462,0.4735,0.7312,1.0
0,0.1447395953439249,-0.0566167671702086,0.1190072777218805,-0.0805222842297151,-0.2283968592023245,-0.1622317918860503,-0.268226017598494,0.3103988810633571,-0.0203933831341484,1.121090824757583,0.6681306304805041,47.151277013752456,33.52941176470588,7.23,0,0.0,1.0,0.0,0.0,0.0395,0.92,0.0,0.0,0.0014880964285714,0.0084541,0.0,0.0,0.0,0.0,0.0046460467153284,0.0020370377777777,0.0055068263157894,0.0416667,0.111111,0.0,0.0,0.166667,0.111111,4.00723,980.0,40756.0,0.0506,0.6398,0.0791,1.0
0,-0.2450778143864999,0.0916142750254383,0.050367773269114,0.0402194103591038,-0.0172502081389311,-0.2471489965428119,-0.5006486099322893,0.0097955883339879,0.2903892279029409,5.312981533712348,0.1436708006982211,49.79625101874491,46.47058823529412,7.23,0,0.0,1.0,0.0,0.0,0.048,0.94,0.784,1.0,0.8807345833333332,0.8753940428571427,0.2234224315789473,0.4742698566666667,0.2686023831460674,0.0304328963636363,0.0527408524934383,0.0460818360986546,0.0238499977917981,0.980392,1.0,0.885281,0.828947,0.882576,0.459406,7.01265,14471.0,63808.0,0.014,0.6285,0.0222,1.0
0,-0.2683195870478135,-0.0190514171432761,1.8501710516632692,-0.070024157806439,0.0845306528777072,-0.3721016270713191,-0.1546193976412021,0.1553273562526712,1.381015824225003,2.3067522335489787,0.5213822423387984,53.16537467700259,32.94117647058823,7.23,1851,0.0,0.0,0.0,1.0,0.0,0.0,0.07665,1.0,0.0080808045454545,0.0043747609756097,0.0233276761904761,0.0,0.0011655,0.0037878772727272,0.0035103761538461,0.0044227293233082,0.0015432111111111,0.111111,0.0666667,0.0,0.030303,0.111111,0.197619,7.01265,28715.0,50991.0,0.0522,0.5588,0.0933,1.0
0,-0.1505366152520335,-0.1402255836821507,-0.4310868459024072,0.2246178358635066,0.5399739279096852,0.8390669927251306,-0.2839638381321314,-0.1223550395837288,-0.2818344692763083,0.3343123037475454,0.7716878969360559,41.62541254125413,37.05882352941177,7.23,0,0.0,1.0,0.0,0.0,0.031049999999999994,0.91,0.31705,1.0,0.0452287146341463,0.0555555,0.0014520209090909,0.0151171714285714,0.522222,0.0015734991304347,0.0051019004694835,0.0384687058823529,0.0030610448330683,0.888889,0.111111,0.555556,0.933333,0.163781,0.487301,5.00904,61809.0,6281.0,0.0813,0.365,0.2227,1.0
0,-0.4211105831056933,-0.439307838514438,-0.266757249686492,0.0413314763381697,0.4645874044833268,0.1252646574451993,-0.3379734231957673,-0.1838830525224339,-0.314390663275664,0.4983394632560032,0.955630357617222,47.42547425474256,32.35294117647059,7.23,935,0.0,1.0,0.0,0.0,0.0,0.0,0.3814999999999999,1.0,0.0292929303030303,0.3712006666666666,0.0042087575757575,0.0132996636363636,0.0422817049999999,0.0011904771428571,0.0028936412765957,0.0402283144144144,0.0029387403614457,0.9,0.962963,0.0833333,0.258333,0.111111,0.35,5.00904,28199.0,47303.0,0.2498,0.3524,0.7087,1.0
0,-0.0237823510520883,-0.0521653784742456,-0.0899357038336557,0.093604198238935,0.1303965568901756,-0.1145899845749877,0.0119761870528439,0.1766912141979443,0.4166672996853424,5.235237277210803,0.1813828188639603,46.95970695970696,42.35294117647059,7.23,176,0.0,1.0,0.0,0.0,0.0,0.0,0.2518,1.0,0.0,0.0,0.1565656363636363,0.0,0.0,0.0023809535714285,0.0017527760869565,0.0,0.0017676754545454,0.0,0.0,0.0,0.0,0.047619,0.0,6.34478,32266.0,41851.0,0.0276,0.4701,0.0587,1.0
0,0.1645009543255613,0.310055435501706,0.3678140578038029,-0.2698089948232333,-0.1470111493185527,-0.2070215206836773,-0.1055413862479428,0.6801829323276767,0.6658825995104054,3.211968653442186,0.4161431569404856,46.66666666666666,39.41176470588236,2.99,0,0.0,1.0,0.0,0.0,0.065,1.0,0.0,0.0,0.3848015999999999,0.0555555,0.0,0.180839,0.0,0.003761571875,0.0306371627659574,0.0035461,0.0018671557575757,1.0,0.111111,1.0,0.0,0.502645,0.111111,5.00904,17007.0,3048.0,0.0673,0.5043,0.1334,1.0
0,-0.1754853975552284,0.3521300221018819,0.1291092583795135,0.0179097331840075,-0.2364082319404692,-0.2986205880785677,-0.2178380752969243,0.2940980613610567,0.164158465135756,3.4247249543025498,0.2082313138383055,46.44444444444444,51.76470588235295,2.99,518,0.0,1.0,0.0,0.0,0.0048,0.39,0.10744999999999999,1.0,0.0,0.0324184361111111,0.0,0.0023809535714285,0.0061461790697674,0.0,0.0031734,0.0029341877192982,0.0037730901639344,0.0,0.604762,0.0666667,0.0833333,0.0833333,0.114286,12.0217,5080.0,4059.0,0.0455,0.5053,0.09,1.0
0,-0.1334769932921309,-0.0614869791461164,0.3103239992904133,0.0366675829555804,-0.1501010250459324,-0.0603841077770842,-0.0507485948279793,-0.0036031313858534,0.9784414888344076,5.816742823995512,0.3372414810364084,46.76328502415459,45.88235294117647,2.99,920,0.0,1.0,0.0,0.0,0.19200000000000003,1.0,0.3385,1.0,0.004894175,0.0,0.0,0.0,0.111111,0.0,0.004219900609756,0.0,0.0015723264150943,0.111111,0.0,0.0,0.111111,0.114286,0.0,12.0217,82.0,801.0,0.054,0.6106,0.0884,1.0
0,0.3440107258537562,0.223595113617238,3.33136698329975e-05,-0.3892053671516982,-0.1604331532389698,-0.326476047680891,0.2630755697064235,0.3289825206563322,0.2579516672942792,0.1940725319547389,0.778585130313683,42.73504273504273,40.0,2.99,216,0.0,1.0,0.0,0.0,0.1765,1.0,0.06145,1.0,0.2281045294117647,0.00629628,0.0,0.003761571875,0.0019047628571428,0.0198412857142857,0.0048693785714285,0.0022590361445783,0.004040406060606,1.0,0.12037,0.0833333,0.0666667,0.0833333,0.111111,5.00904,16811.0,8299.0,0.0997,0.4115,0.2422,1.0
0,-0.0573419688912686,0.1214654389895235,0.168451670961029,-0.1651709635769413,-0.193152974285287,-0.070523642478542,-0.4034406294841199,0.1814879815000218,0.1487617111470472,2.7542869371087013,0.2805744419666265,45.57291666666667,37.05882352941177,2.99,949,0.0,0.0,1.0,0.0,0.053450000000000004,1.0,0.1205,1.0,0.003188775,0.0,0.3571428571428571,0.00520833125,0.0008210172413793,0.0133219857142857,0.003160924137931,0.0047925515320334,0.002455106060606,0.047619,0.0,0.0833333,0.047619,0.152778,0.233333,4.53947,980.0,21657.0,0.0801,0.4158,0.1926,1.0
0,0.2369765051603302,0.0699412437451138,1.4698214930541078,0.1019743234604002,-0.1022783596061635,-0.20525675596064,0.1485241638984205,0.2693509408121023,1.6455904156153836,3.382740682703064,0.4394718328163405,46.81528662420382,42.35294117647059,3.0,0,0.0,1.0,0.0,0.0,0.115,1.0,0.13299999999999998,1.0,0.0,0.0534190367346938,0.0497588909090909,0.0,0.0314562295081967,0.0096176903225806,0.0051504666666666,0.032545092419825,0.0039934091549295,0.0,0.952381,0.0,0.724206,0.0833333,0.702381,5.08398,3592.0,40140.0,0.029,0.4426,0.0656,1.0
0,-0.0856155793707577,-0.2650477262662992,0.4962512686004874,-0.4709627449298724,0.4072883893702619,-0.1795516383841943,-0.1382057307426044,0.1137014478181174,0.7202953974609361,6.988877324096952,0.2141838823430245,51.53153153153153,27.647058823529413,3.0,1174,0.0,0.0,0.0,1.0,0.0,0.0,0.17194999999999996,1.0,0.0104166625,0.0,0.0,0.0,0.0222222,0.0,0.0,0.0,0.0,0.0833333,0.0,0.0,0.111111,0.0,0.0,4.05163,9656.0,33892.0,0.1023,0.3044,0.336,1.0
0,-0.3078790480937223,-0.042711529188946,-0.08967360791607,-0.1670091189164067,0.3986650763353974,0.0809062878484054,-0.2815393241855671,0.016858179595124,0.2165962161688178,2.4001584210684914,0.5238926783055188,43.282051282051285,30.58823529411765,3.0,271,0.0,1.0,0.0,0.0,0.18294999999999997,1.0,0.0,0.0,0.62365085,0.0442295071428571,0.0018518527777777,0.1253969,0.0062459232876712,0.0076131666666666,0.0150367737864077,0.0023202171830985,0.0033160610759493,1.0,1.0,0.416667,0.111111,0.133333,0.0833333,4.00723,22539.0,57200.0,0.0775,0.3812,0.2032,1.0
0,-0.3918482234945673,0.8106133193558952,0.4963973977386188,0.1244783598982887,-0.199719870137078,-0.3478615724044712,-0.2769988230017854,1.1388270955419677,0.6370239984988256,7.222845459904959,0.2380838987955036,46.89922480620155,33.52941176470588,3.65,423,0.0,0.0,1.0,0.0,0.0,0.0,0.099,1.0,0.7902446666666666,0.0033068821428571,0.0,0.0046296416666666,0.0024509794117647,0.0,0.0045527209302325,0.0042435799999999,0.0,1.0,0.0555557,0.0555557,0.0833333,0.111111,0.166667,7.34659,452.0,6950.0,0.0696,0.4506,0.1545,1.0
0,0.8845082519857647,-0.2369450932701568,0.0778312285825715,-0.2743163849949964,0.0564634690672847,0.0073521296464445,0.7875266645481567,-0.2919210731844351,-0.1595050775473976,1.4872687445903403,0.5301758375602503,47.82096584216725,30.0,3.65,1032,0.0,1.0,0.0,0.0,0.15795,1.0,0.0,0.0,0.026406037037037,0.0023809535714285,0.00818451875,0.0138211219512195,0.0016420344827586,0.0,0.0061196006289308,0.0051242683098591,0.0017595094339622,0.675926,0.0666667,0.194444,0.047619,0.177778,0.114286,5.67691,6476.0,17.0,0.1069,0.4091,0.2612,1.0
0,0.0725016876326507,-0.1649467699357445,0.4837828197789762,-0.1518033747335823,0.0123647444019712,-0.2153335508392243,-0.2464885894115596,-0.0407330090515208,0.3746452470236197,1.868253339061216,0.6192963725307701,46.56222802436902,38.82352941176471,3.65,2408,0.0,1.0,0.0,0.0,0.0,0.0,0.0,0.0,0.0018518566666666,0.49880954,0.0,0.0030193260869565,0.0037878818181818,0.0026455,0.0043870356275303,0.0028549416666666,0.0041113103321033,0.0555557,0.861111,0.0833333,0.0416667,0.111111,0.0666667,8.43044,2021.0,15960.0,0.0623,0.4083,0.1525,1.0
0,0.2319013886986221,0.2729286224071913,0.2216644367839746,-0.2472722209534835,-0.1597246313625459,-0.2015768169362075,0.0436380150105029,0.7326752384091396,-0.1044251109098127,3.2498763642031063,0.3683072086362815,45.7097288676236,31.76470588235294,3.65,0,0.0,1.0,0.0,0.0,0.13499999999999998,1.0,0.0,0.0,0.1674263871794871,0.0,0.0609693904761904,0.0698919890909091,0.0,0.0030817319148936,0.0341275434108526,0.0038485184549356,0.0030647148717948,1.0,0.0,0.885714,0.0,0.595238,0.111111,8.43044,11189.0,4637.0,0.075,0.5606,0.1337,1.0
0,0.4152704273351088,0.0040899621836171,1.464587246708553,-0.0330116847776865,-0.0005012145202426,0.3022881835014181,0.4301659350992386,0.0190902453179716,2.1592206819578825,2.787251037121077,0.6458743551668384,50.59952038369304,37.05882352941177,3.65,1173,0.0,1.0,0.0,0.0,0.42455,1.0,0.0,0.0,0.0,0.0,0.0031746047619047,0.0061728333333333,0.0,0.0119047571428571,0.0134341958333333,0.0010234430656934,0.0034090909090909,0.0,0.0,0.037037,0.0,0.366667,0.0555557,4.02482,70992.0,1175.0,0.0887,0.2127,0.4172,1.0
0,-0.3350689429688774,-0.3333012715180458,-0.0237529961531724,0.50548583526553,0.244904635254634,0.5037967446380379,-0.3900371431596569,-0.2680216753115591,-0.137664538515659,1.0520852709147082,0.5872542689215232,44.75583864118896,38.82352941176471,3.65,461,0.0,0.0,0.0,1.0,0.12100000000000001,1.0,0.22764999999999996,1.0,0.004166665,0.0,0.0016260170731707,0.001443,0.0,0.0021786470588235,0.0027695523316062,0.0055555566666666,0.0029280152263374,0.0833333,0.0,0.047619,0.0,0.0833333,0.111111,4.54561,62292.0,6261.0,0.0928,0.3549,0.2614,1.0
0,-0.0411987468632846,-0.101682145530202,0.8122587542183076,-0.0111273327802664,-0.0271765200277893,0.6944124489018215,-0.0756080321781144,-0.1105158895022842,0.2130460585078492,2.852719380625372,0.4055826214750093,50.877192982456144,40.588235294117645,3.65,147,0.0,1.0,0.0,0.0,0.6515000000000001,1.0,0.37979999999999997,1.0,0.0,0.7769841428571428,0.0,0.111111,0.2708332499999999,0.0,0.0,0.0597421210526315,0.02777775,0.0,1.0,0.111111,0.611111,0.0,0.354545,4.45679,173.0,25720.0,0.065,0.3526,0.1844,1.0
0,-0.0169981008975188,-0.1124226847206633,0.72257772458897,0.4277397891435917,0.0179242549558628,0.429271183615614,-0.3217472412872494,-0.2839775633754995,0.6386340889675463,4.087468202733786,0.5209334993563053,44.4954128440367,31.76470588235294,3.65,146,0.0,1.0,0.0,0.0,0.0535,1.0,0.118,1.0,0.001984125,0.0012531315789473,0.0672416469387755,0.0,0.0043859631578947,0.0029606448275862,0.0009950253731343,0.0037999027272727,0.0026397514492753,0.047619,0.047619,0.0,0.0833333,0.0666667,0.0833333,4.25421,34712.0,27620.0,0.038,0.4231,0.0898,1.0
0,-0.1853518905460194,-0.2107558439886264,0.4604895724468879,0.0435500430863153,0.105630998458293,-0.2970862452032857,0.0305297747653639,0.0942518158503218,0.4995106603604848,6.231680398407434,0.090594738916266,46.15384615384615,42.94117647058823,3.65,1279,0.0,0.0,0.0,1.0,0.07214999999999999,0.95,0.0,0.0,0.1422679181818182,0.3220574054054054,0.0066137619047619,0.0270202127272727,0.0638112051282051,0.0052287558823529,0.0115346094086021,0.0107695565022421,0.0015014089655172,0.888889,1.0,0.555556,0.577778,0.412699,0.194444,4.95884,7302.0,34608.0,0.0677,0.6592,0.1027,1.0
0,-0.0941478370766838,0.6732900080537061,0.0410809964482926,-0.1664732693543666,-0.2031523874436086,-0.3681582813579228,-0.0019965682962084,0.904276922242669,0.502831521095544,5.768974544731437,0.1435466391044353,48.08743169398907,34.11764705882353,3.65,2835,0.0,0.0,0.0,1.0,0.0,0.0,0.0,0.0,0.0,0.0,0.2114658181818182,0.0,0.0173382076923076,0.0072184357142857,0.0024509794117647,0.0021786470588235,0.0032768164772727,0.0,0.0,0.0,0.111111,0.0833333,0.111111,5.78532,2075.0,61871.0,0.0883,0.3905,0.226,1.0
0,0.0193452662376197,1.1994554396019717,1.4180703534744097,-0.2754673544130412,-0.1850249872378291,-0.2834825496273536,0.0664148990522608,1.4154898175329325,1.0515966130312804,3.606335274799714,0.2228196982169351,48.83040935672515,35.88235294117647,3.65,448,0.0,0.0,0.0,1.0,0.0344,0.94,0.0,0.0,0.0015432138888888,0.048611075,0.0,0.0,0.0,0.0,0.0008250821782178,0.0030864185185185,0.0,0.0555557,0.111111,0.0,0.0,0.0833333,0.0833333,3.84905,635.0,4944.0,0.1663,0.2145,0.7752,1.0
0,0.1414727730785431,0.3034027732174786,1.3137675835600873,-0.0700508008331936,-0.153439038341875,-0.4577931088174035,-0.0564648860299531,0.6863906909995299,1.634211128385968,4.6623568033354434,0.2266898746978376,45.038167938931295,38.82352941176471,3.65,3724,0.0,0.0,0.0,1.0,0.0,0.0,0.0,0.0,0.0,0.0037825042553191,0.0,0.0115740777777777,0.0007558571428571,0.0027777766666666,0.0038872939655172,0.0039239156424581,0.0059218527472527,0.0,0.111111,0.111111,0.037037,0.111111,0.15,6.67872,161.0,736.0,0.0579,0.3071,0.1886,1.0
0,0.113054137960717,-0.0019831143114165,0.8420226174667802,-0.2909959092155476,-0.0217278164370074,-0.2234328700704635,0.2186578069692369,-0.0071761853733431,0.8011112376258559,1.5565927113563722,0.5427237066104222,50.588235294117645,33.52941176470588,3.65,235,0.0,0.0,0.0,1.0,0.44705,1.0,0.0,0.0,0.8885686190476191,0.0037037133333333,0.00520833125,0.5572356,0.0,0.0,0.0605449923076923,0.0048044712643678,0.0019841261904761,1.0,0.0555557,0.833333,0.0,0.316667,0.111111,4.02482,33561.0,2440.0,0.0488,0.417,0.117,1.0
0,0.1187013181690004,0.6070506740013124,0.3906956973216366,-0.3368039269392221,-0.1627107188075,-0.2548234180578603,-0.1984487638212916,0.4624333858434659,0.2516284097716523,0.8558202196997288,0.6711212316586324,49.89451476793249,37.05882352941177,3.65,3399,0.0,1.0,0.0,0.0,0.0,0.0,0.0,0.0,0.0,0.1399222916666666,0.0,0.0,0.0077973597402597,0.0,0.0014880946428571,0.0037408060975609,0.0,0.0,1.0,0.0,0.111111,0.0833333,0.111111,5.78532,2313.0,15929.0,0.0468,0.5524,0.0846,1.0
0,-0.1616780178401103,-0.0728405701013593,0.0360836519970765,-0.3021045961188096,0.1961197421071741,-0.3825992205208127,0.1769316217354782,-0.0949672046316219,0.1539000764743927,1.047891371587075,0.7932310965051586,44.36363636363637,37.64705882352941,3.65,1631,0.0,1.0,0.0,0.0,0.06625,1.0,0.0,0.0,0.0,0.0394290291666666,0.0,0.0075757545454545,0.0,0.0,0.0045925919999999,0.0030268186206896,0.0045019137931034,0.0,0.87963,0.0833333,0.0,0.111111,0.111111,13.0235,208.0,1570.0,0.1227,0.3761,0.3261,1.0
0,0.007160176898831,0.3501417012503712,0.0517511685484387,-0.0940599305858802,-0.0632296303982205,-0.3209574205646289,-9.55421926316289e-05,0.5821104144409668,0.2419796163784209,5.057340903793191,0.1609611712483175,48.93333333333334,41.17647058823529,3.65,0,0.0,0.0,0.0,1.0,0.0,0.0,0.0797,1.0,0.0,0.7048502222222222,0.1627732830188679,0.0,0.2047379454545454,0.1139900295774648,0.0,0.0770085013157894,0.0260572596091205,0.0,1.0,0.0,0.657408,0.0,0.373016,4.54561,904.0,10094.0,0.0756,0.5238,0.1443,1.0
0,-0.1746395456964947,0.4686329770556747,0.1080721110940981,-0.4733263598603835,-0.242624691458561,-0.0582959377358941,-0.3351764097959646,0.2923696412142451,0.073415454224769,1.709125880019132,0.8319437484616987,46.464646464646464,34.11764705882353,3.65,663,0.0,1.0,0.0,0.0,0.18545,1.0,0.0,0.0,0.1616161818181818,0.3334795,0.0,0.0364583125,0.0061844849056603,0.003125,0.0097222199999999,0.003533178313253,0.0052083339285714,0.888889,1.0,0.361111,0.111111,0.111111,0.111111,4.23665,6113.0,24375.0,0.0208,0.2645,0.0787,1.0
0,-0.1104104244891349,-0.0605772058401351,-0.0127439569048215,-0.0682517819603049,-0.1344277133437836,-0.1735967711135308,-0.2345689749095053,0.1728243310730153,0.0341332849195625,2.6491431110491983,0.3615953099027469,42.531272994849154,35.88235294117647,3.64,172,0.0,0.0,0.0,1.0,0.2027,1.0,0.7432000000000001,1.0,0.0,0.942857,0.0689655172413793,0.0,0.2028619428571428,0.00060606,0.0,0.0558286771428571,0.0022492311881188,0.0,1.0,0.0,0.577441,0.0,0.522222,14.03,676.0,12594.0,0.0531,0.299,0.1776,1.0
0,-0.3443679722234878,-0.0854109187375999,-0.0178397516537213,1.012346151327232,0.9883597876746644,1.591918740106097,-0.1987807213065757,-0.1304447421436457,-0.1684551446522814,1.0813548767698855,0.5973718662110397,54.34173669467787,54.11764705882353,3.64,1442,0.0,1.0,0.0,0.0,0.06535,1.0,0.0,0.0,0.0,0.0009469704545454,0.002459490625,0.0,0.0013550170731707,0.0032163789473684,0.00260416875,0.0033837441441441,0.00434027578125,0.0,0.0416667,0.0,0.0555557,0.0416667,0.0833333,4.13237,43047.0,12407.0,0.0667,0.369,0.1809,1.0
0,-0.3401892260972302,0.3823662705318148,0.2541295440855598,0.3299493558863814,-0.3069227052197782,-0.2075129789913742,-0.167935543882648,0.4676868134565327,0.097943433048762,0.3091572332653732,0.8904275543534684,45.41666666666666,41.17647058823529,3.64,0,0.0,1.0,0.0,0.0,0.0,0.0,0.0,0.0,0.0,0.0010683769230769,0.0016339882352941,0.0,0.0022583585365853,0.0048732921052631,0.0,0.0030602659663865,0.0024417580645161,0.0,0.0416667,0.0,0.0555557,0.0,0.138889,4.55976,45454.0,8772.0,0.0928,0.54,0.1718,1.0
0,0.014666324026725,-0.0004589489732961,0.029068829150263,-0.2392419430904015,0.3566167658712473,-0.0812682687984213,0.1305194587728215,-0.0655489250357362,0.4033053680615882,4.245327583531056,0.1836132632517124,44.44444444444444,35.294117647058826,3.64,5573,0.0,1.0,0.0,0.0,0.0,0.0,0.0,0.0,0.0042735153846153,0.0052083339285714,0.1792929727272727,0.00925925,0.0062865486842105,0.0,0.0,0.0033668356401384,0.0014172346938775,0.0555557,0.111111,0.111111,0.111111,0.0,0.111111,4.55976,52361.0,2883.0,0.0351,0.4671,0.075,1.0
0,0.1989618555618141,0.1914574423817926,0.3485078454712015,0.11606418872464,0.0117844832497088,-0.1631806596708836,-0.2398830268670585,0.4118889742521362,0.1961531246216544,4.796555073292392,0.0888753631627362,48.55769230769231,41.17647058823529,3.63,4125,0.0,0.0,0.0,1.0,0.0,0.0,0.0,0.0,0.0,0.001683506060606,0.3083333333333333,0.013888925,0.0,0.0,0.0,0.0060446627906976,0.0074074,0.0,0.0555557,0.0555557,0.0,0.0,0.111111,6.26879,680.0,34214.0,0.0887,0.4196,0.2114,1.0
0,0.3636204837029286,-0.1285719692817145,0.6335068612231259,0.0110891008493525,-0.15954540331908,0.040137879351271,0.6276730713778076,0.1763514901925164,0.3560961950026159,3.378881573341068,0.3973497383560197,50.31055900621118,30.58823529411765,3.63,2835,0.0,0.0,0.0,1.0,0.0,0.0,0.0,0.0,0.0,0.0,0.0092592555555555,0.0,0.0185185666666666,0.0,0.0071300612903225,0.0,0.0,0.0,0.0,0.0,0.0555557,0.0833333,0.0,3.64647,1959.0,655.0,0.0905,0.4298,0.2105,1.0
0,-0.1671374414250481,-0.2587337900746392,-0.2100993565154614,-0.0955361414418007,-0.1890019525831657,-0.1134773507037918,-0.3800857842075594,-0.0082001213684425,-0.1319741353558583,0.5868148364201834,0.7123421060635583,41.28862590401052,31.76470588235294,3.62,472,0.0,0.0,0.0,1.0,0.3636,1.0,0.16299999999999998,1.0,0.0,0.0,0.0010288092592592,0.0222222333333333,0.0,0.0026455,0.0037037055555555,0.0037286603773584,0.0032016577272727,0.0,0.0,0.0666667,0.0,0.0666667,0.0833333,7.29293,21022.0,152.0,0.0336,0.4373,0.0769,1.0
0,-0.2122608086445131,-0.1398786439510372,0.0144764008266684,0.2993021103616884,-0.0473425335726544,0.1760462946763756,-0.4523859191428748,-0.0367829234465524,-0.2067077162241185,1.5414655276759188,0.95745193160941,45.08196721311475,35.294117647058826,3.62,276,0.0,0.0,0.0,1.0,0.0,0.0,0.24349999999999997,1.0,0.0068181818181818,0.0,0.1261860909090909,0.0137426842105263,0.0416667,0.0,0.0013535753521126,0.0013661196721311,0.0031944449999999,0.0833333,0.0,0.111111,0.416667,0.095238,0.0833333,4.55976,20368.0,4194.0,0.1351,0.3318,0.4072,1.0
0,-0.2130271344408003,-0.1582233801999202,-0.1850230982303263,0.1612902934588339,0.4711262927733335,0.8391812088968477,-0.2038135331987415,0.0250542043849732,0.0525537550699412,0.1234337610381708,0.8840834151264263,48.39181286549707,31.76470588235294,3.62,1430,0.0,0.0,1.0,0.0,0.22450000000000003,1.0,0.13345,1.0,0.0011574083333333,0.0028735620689655,0.0,0.0094697136363636,0.0118686818181818,0.0119047571428571,0.0024806398550724,0.0057250873239436,0.004166665,0.0416667,0.0833333,0.166667,0.111111,0.0666667,0.194444,6.34478,2416.0,9118.0,0.1276,0.5525,0.231,1.0
0,0.0345230823804423,-0.0839419577455671,0.1480768375656541,-0.1610917032217117,-0.0635089166561958,-0.117564619786004,-0.4207764719596866,0.1536469705952465,0.6459146865351111,1.226522057042775,0.8734228915042976,48.48484848484848,35.294117647058826,3.62,856,0.0,1.0,0.0,0.0,0.0,0.0,0.04150000000000001,0.96,0.0052681965517241,0.0,0.0,0.0037878787878787,0.0012820519230769,0.0027950282608695,0.0027360089068825,0.0026685855704697,0.0030406514767932,0.111111,0.0,0.0833333,0.0666667,0.0833333,0.0833333,3.64647,9045.0,256.0,0.0415,0.3319,0.1249,1.0
0,0.0855545203282286,-0.2052412828086174,1.76378458833406,-0.0029385634403474,-0.1775083028663501,-0.2310086168348239,-0.0088154051595521,-0.2455152890608992,1.7202607020123264,2.344024789315658,0.4942517511846621,54.72636815920397,35.88235294117647,3.6,476,0.0,1.0,0.0,0.0,0.0347,0.97,0.5093000000000001,1.0,0.0723045266666666,0.4585702857142856,0.0069444416666666,0.1148233548387096,0.1227513333333333,0.0185185,0.0056878307692307,0.0472236849056603,0.0065359411764705,1.0,0.904762,1.0,0.368254,0.3,0.353968,5.96276,153.0,185.0,0.0336,0.4728,0.071,1.0
0,0.4944281152357755,-0.0274665652067546,1.2667334712049416,-0.1188793067812292,0.2202641101917174,-0.2901934406631849,0.377916742740805,0.0194863651497993,1.1732257023261718,0.8543582332789572,0.3704292416684624,50.43731778425656,37.64705882352941,3.6,735,0.0,0.0,1.0,0.0,0.5883999999999999,1.0,0.0,0.0,0.1403893913043478,0.0050505068181818,0.0,0.0,0.0039021166666666,0.0076389,0.0110729248484848,0.0041575743902439,0.0037037055555555,1.0,0.0833333,0.0,0.111111,0.244444,0.138889,10.352,483.0,4960.0,0.1487,0.59,0.252,1.0
0,-0.3756174832522993,-0.0078698341940983,0.3371887630689928,-0.1143995859864419,0.2600762440615323,-0.4600969085878155,-0.1125325592486999,0.1191280070209377,0.9074437712998836,4.070979180136879,0.1916498823023834,44.35028248587571,42.35294117647059,3.59,645,0.0,1.0,0.0,0.0,0.3273,1.0,0.1522,1.0,0.0674603111111111,0.1225044466666666,0.0031939585365853,0.0161125513513513,0.0150251025641025,0.0041928679245283,0.0027675160550458,0.0035022533568904,0.002740248372093,1.0,0.952381,0.161905,0.511905,0.133333,0.111111,352.078,74831.0,5633.0,0.1082,0.4613,0.2345,1.0
0,0.2068190729833766,-0.0651254128349191,1.9601942572353332,0.1564777224337656,0.0637426549128455,0.0192009897561018,0.0442868790628383,-0.1340470865224073,2.557145143530151,6.155999737482594,0.2878270150524226,55.68039950062422,45.88235294117647,3.59,806,0.0,0.0,0.0,1.0,0.26424999999999993,1.0,0.1105,1.0,0.19597476,0.01306879,0.0,0.0700933581818181,0.0035735967213114,0.0,0.0284177809716599,0.0530306066420664,0.0089605709677419,0.962963,0.655556,0.75,0.0666667,0.579365,0.822222,19.0343,226.0,174.0,0.106,1.0575,0.1002,1.0
0,-0.2391008977428391,0.361425196632054,-0.1867272407640294,0.2579179398986116,-0.0528022109831786,0.5176117597617182,-0.2666886934130944,0.3594102074492649,-0.14811566335277,0.1332043698043547,0.9509038249082148,45.846645367412144,41.76470588235294,3.59,638,0.0,1.0,0.0,0.0,0.11049999999999999,1.0,0.0,0.0,0.0127920307692307,0.0025584842105263,0.0053333333333333,0.0035735967213114,0.0007507527027027,0.0020847211538461,0.0579168449799196,0.0045834374603174,0.0023764358369098,0.655556,0.0555557,0.0666667,0.0555557,0.822222,0.111111,4.91051,1835.0,73938.0,0.0696,0.6551,0.1063,1.0
0,-0.0675465790746695,-0.1238798180278853,0.224237111041916,-0.0658235635525709,0.0867989798667929,-0.2843306318873596,-0.1577624250657609,-0.0089800005359896,0.246590090433601,5.764920562107926,0.1328708705707489,45.8974358974359,37.05882352941177,3.58,477,0.0,1.0,0.0,0.0,0.2213,1.0,0.31105,1.0,0.7471673243243242,0.3802083375,0.5117554774193548,0.3148801641025641,0.132936465,0.047947104054054,0.0304243597222222,0.0209165279569892,0.0064709454545454,1.0,1.0,0.888889,0.634921,0.45,0.228571,4.91051,65990.0,10469.0,0.0392,0.3419,0.1148,1.0
0,-0.1955644081421759,0.0915755811251981,1.6503622440244117,-0.2237054637290165,-0.0678314171066931,-0.1467638733439129,-0.0751059028205015,0.1676412426246388,1.7435292483773008,8.699415905095629,0.1328224156982925,54.6485260770975,46.47058823529412,3.58,1702,0.0,0.0,0.0,1.0,0.0,0.0,0.037000000000000005,0.98,0.0019841321428571,0.0020202,0.0123456666666666,0.0018518566666666,0.0051587309523809,0.0,0.0021836904347826,0.0023175936974789,0.0,0.0555557,0.111111,0.0555557,0.0833333,0.111111,0.0833333,9.35021,64.0,7276.0,0.013,0.9919,0.0131,1.0
0,0.0199983877842368,0.5189991449712941,1.043659573083534,-0.1606532361151121,-0.1621938700891159,-0.0544234841243965,-0.0493603723773817,0.6923282749468018,0.8843831729545164,1.6933428949954243,0.562119185870043,50.44052863436124,38.23529411764706,3.58,270,0.0,0.0,0.0,1.0,0.0,0.0,0.3035,1.0,0.0046296305555555,0.4345494576271186,0.0,0.0,0.12428892,0.0042735105263157,0.0025755444444444,0.0839601142857142,0.001635144680851,0.111111,1.0,0.0,0.933333,0.111111,0.608333,4.91051,526.0,962.0,0.1038,0.4057,0.2558,1.0
0,0.3720444860129227,0.7648277068957006,0.0111341808286879,-0.2055146861363949,0.02689926342978,-0.3970061686551078,0.3604365821217944,0.8046126750408724,-0.2214604601745372,3.930467614011496,0.142322687873789,47.34195402298851,25.882352941176475,3.57,0,0.0,1.0,0.0,0.0,0.030500000000000003,0.96,0.3035,1.0,0.0899282,0.4530515918367347,0.3272368208955223,0.0465171089552238,0.1348353976190476,0.0101473897959183,0.0090151727272727,0.0834942760233918,0.0031503835680751,0.952381,1.0,0.779762,0.933333,0.277778,0.608333,4.91051,48500.0,2409.0,0.0642,0.5057,0.1269,1.0
0,-0.1041895760264538,-0.3157250013844513,-0.2727711812269316,-0.0161442013611425,-0.0854288074816096,-0.1196864338188773,-0.4630035484298289,-0.4876906951895129,-0.556630449317167,0.2674287752320253,1.0,45.19774011299435,31.76470588235294,3.57,0,0.0,0.0,1.0,0.0,0.28575,1.0,0.185,1.0,0.6126435365853657,0.471911652173913,0.1262740342105263,0.1544853279069768,0.1285525476190476,0.0030612244897959,0.0170860104247104,0.0254394785234899,0.002314470157068,1.0,1.0,0.833333,0.666667,0.444444,0.4,4.91051,38587.0,12628.0,0.2767,0.3678,0.7524,1.0
0,-0.5830674997156067,0.0100936792841371,-0.2829064165616987,0.0991470906302256,0.1124925475965161,0.6870641820016736,-0.5349247979237319,-0.2899418627624484,-0.5043214495202006,0.040087876917414,1.0,51.1326860841424,35.294117647058826,3.57,430,0.0,0.0,0.0,1.0,0.12430000000000002,1.0,0.42394999999999994,1.0,0.6418192307692308,0.5732864613636365,0.0,0.1927045384615385,0.1501863795454545,0.0,0.0322813716535433,0.019478043548387,0.0013071901960784,1.0,1.0,0.713889,0.805556,0.286111,0.513889,4.91051,28867.0,23056.0,0.0685,0.3858,0.1776,1.0
0,-0.2333188371824012,0.1086718314133407,0.5576179767584757,-0.0841609225347765,0.1681657122931458,-0.2296408749552341,-0.1042275739674643,0.0960583458429418,0.5111693688504598,3.576523294151001,0.3162182108405706,47.364152473641525,37.05882352941177,3.4,546,0.0,0.0,1.0,0.0,0.254,1.0,0.46320000000000006,1.0,0.4075670586206896,0.0,0.0076389,0.281359954054054,0.0,0.0,0.0559647420765027,0.0,0.0011261256756756,1.0,0.0,0.933333,0.0,0.755556,0.0,4.95884,14763.0,25836.0,0.0659,0.4784,0.1377,1.0
0,-0.1098450463450135,0.0085755360385905,0.3984938785778195,0.1664968737610651,-0.1635089621996595,-0.2793549815261593,0.0862516539760858,0.165864042277223,0.233886770884602,2.59901824573677,0.2292482717817149,46.41460234680574,38.82352941176471,2.93,2934,0.0,0.0,1.0,0.0,0.0,0.0,0.0,0.0,0.158682425,0.3578704,0.0330532294117647,0.0036175744186046,0.1106933894736842,0.0013513531531531,0.003718565730337,0.0232312031007751,0.0033134313043478,0.916667,1.0,0.0666667,0.592857,0.111111,0.25,4.13237,1891.0,7083.0,0.2185,0.4478,0.4879,1.0
0,-0.1844271070690031,0.2135352316151653,-0.0196886675860477,-0.0222986858700665,-0.2350419184572776,-0.2593902124980868,-0.1459642340183884,0.335329024501764,-0.3125359369572697,5.03566644272334,0.2481372391246812,51.2280701754386,34.11764705882353,2.71,605,0.0,1.0,0.0,0.0,0.10895000000000002,1.0,0.11950000000000001,1.0,0.0055555533333333,0.0074074111111111,0.0,0.0032407466666666,0.0071895529411764,0.0,0.0029749122580645,0.0036028623762376,0.0,0.0833333,0.0666667,0.0555557,0.0666667,0.0833333,0.111111,4.25421,32993.0,41857.0,0.0391,0.3522,0.111,1.0
0,-0.2464224683021929,-0.0460783307116334,0.0002442068082832,-0.0150080553338041,0.4913361073538437,-0.3022578937553324,-0.4011259119133473,0.0289360970960709,0.2741363925492812,2.329349229358263,0.3515482539759346,49.06832298136646,21.764705882352946,2.67,23,0.0,1.0,0.0,0.0,0.50985,1.0,0.0,0.0,0.4434316923076923,0.0052203051724137,0.0383838181818181,0.3672670642857142,0.0026570086956521,0.0031746017857142,0.0583668837349397,0.00209554180602,0.0041337786885245,1.0,0.111111,1.0,0.0666667,0.85,0.0833333,4.25421,51179.0,23504.0,0.0803,0.4947,0.1623,1.0
0,-0.0882409576507735,0.555895047368537,0.2500152226303639,-0.0957164592196622,-0.1620703061395374,-0.2000539951192464,-0.3791447968783338,0.9379759118613086,0.1057431387811114,1.0139923290930968,0.437583301529865,44.75394614670381,30.0,2.09,0,0.0,1.0,0.0,0.0,0.11510000000000002,1.0,0.0,0.0,0.1794191818181818,0.0085714314285714,0.0277777666666666,0.0092592666666666,0.0,0.0104166625,0.0021706666666666,0.0052229578034682,0.0030864166666666,1.0,0.111111,0.0833333,0.0,0.047619,0.111111,4.6751,12445.0,24221.0,0.1644,0.3851,0.4269,1.0
0,-0.0543573443174854,0.3440788282538957,0.1443020281367084,-0.0273263900013745,-0.2156598468761111,-0.3911089347936224,-0.1714502674550745,0.689950611104025,0.2328988112476175,1.306425983145989,0.5148136952098523,45.751633986928105,30.0,1.46,158,0.0,1.0,0.0,0.0,0.0,0.0,0.6293,1.0,0.0,0.8815319047619047,0.0,0.002898552173913,0.242172488235294,0.0,0.0021284265151515,0.0712096598765432,0.005940359090909,0.0,1.0,0.0666667,0.716667,0.0833333,0.512626,3.81299,782.0,10307.0,0.0763,0.5204,0.1466,1.0
0,-0.3780954147192487,0.3665552540501401,0.0391094950547652,-0.2732048887504793,-0.227199008386611,-0.4176957328236019,-0.3829985838109553,0.716072918031006,-0.1570332326021196,4.879881928248484,0.3021607690786457,48.25646794150732,33.52941176470588,1.45,2722,0.0,1.0,0.0,0.0,0.0,0.0,0.0,0.0,0.0,0.0909353849056603,0.1771086078431372,0.0,0.0027407426666666,0.002416668,0.00267857,0.0043440286956521,0.0051693895522388,0.0,1.0,0.0,0.0833333,0.0833333,0.111111,3.81299,790.0,850.0,0.0421,0.4497,0.0935,1.0
0,0.0529803810906746,-0.0329553163710837,2.1774666170715777,-0.0289689940251116,-0.0799501502183268,-0.4876866329245168,-0.1683583881066037,0.0731355626334954,1.709060568221987,1.829039124667379,0.4244591996613473,51.85185185185185,40.588235294117645,1.42,1315,0.0,1.0,0.0,0.0,0.09050000000000001,1.0,0.17149999999999999,1.0,0.0049130809523809,0.46875,0.0,0.0034870021276595,0.177778,0.0,0.0020143940677966,0.108878875,0.0,0.0555557,1.0,0.0666667,0.177778,0.177778,0.25,4.54561,6628.0,58785.0,0.0867,0.4055,0.2139,1.0
0,-0.2392450159471768,-0.1114612404392046,-0.1968202769951296,0.3044495933500613,0.5911357766449677,0.9355479126951902,-0.2438540208998294,-0.0508700091959791,-0.2037708782284181,3.5613048596346246,0.5892886383581699,46.89655172413793,40.588235294117645,1.17,1854,0.0,1.0,0.0,0.0,0.09249999999999999,1.0,0.0,0.0,0.334523829787234,0.1927702051282051,0.0,0.1862304731707317,0.0651061428571428,0.0035273333333333,0.0141277701492537,0.0072123186991869,0.004201504961832,1.0,1.0,0.777778,0.888889,0.31746,0.222222,4.44848,1343.0,84.0,0.0532,0.2671,0.1991,1.0
0,0.1456072254058803,0.0108977891075017,1.0371386193514105,-0.0869321817492946,0.1075289618684038,0.2355566071795871,0.1365378424766294,0.0347319489606978,1.5628087679474234,3.196638206399211,0.5967517760306419,50.47619047619048,47.647058823529406,1.05,288,0.0,1.0,0.0,0.0,0.5234000000000001,1.0,0.10545,1.0,0.3371290130434782,0.0061053076923076,0.0,0.1434155826086956,0.0092378588235294,0.0,0.0594487873134328,0.0057574469964664,0.0063492095238095,1.0,0.133333,0.891667,0.222222,0.366667,0.111111,5.00904,235.0,1458.0,0.0213,0.4847,0.044,1.0
0,-0.1459066614413738,0.127586866783585,1.0141060823481718,-0.3994875088566652,0.0940155308396392,-0.1041799397346137,-0.0304316887454167,0.0587773752484703,1.002495765119401,2.882029457521396,0.567911796745574,47.18706047819972,42.35294117647059,1.03,191,0.0,0.0,1.0,0.0,0.4599000000000001,1.0,0.84085,1.0,0.4163742710526316,0.838053896875,0.0026748975308641,0.347019709375,0.2832387619047619,0.0050639641791044,0.0468829282485875,0.0980748653846153,0.0045906605809128,1.0,1.0,1.0,0.822222,0.416667,0.666667,5.67691,3482.0,675.0,0.0228,0.3826,0.0597,1.0
0,0.0158892264212897,-0.1501596382185001,0.1854314646920973,0.3056355909587667,0.037381499038631,0.7436589398505826,-0.1938667777775287,-0.0669221755366134,0.217499537174347,1.3214684639885856,0.719229745869185,53.29218106995884,35.88235294117647,0.9,175,0.0,1.0,0.0,0.0,0.5784499999999999,1.0,0.40790000000000004,1.0,0.43483064,0.4566551041666666,0.0111111,0.2723308222222222,0.0991319666666666,0.0,0.0584572390804597,0.0197971787878787,0.0,1.0,1.0,1.0,0.722222,0.616667,0.305556,6.99047,10267.0,10819.0,0.059,0.346,0.1705,1.0
0,-0.2941431161189363,-0.1294776496912695,0.5199853873862382,-0.0036506896840533,0.0708747571939824,-0.3169863101541154,-0.3401460481030286,-0.1528497527217773,0.6237844436538849,3.27405703485008,0.1764336799334307,46.49330181245075,39.41176470588236,0.88,101,0.0,0.0,0.0,1.0,0.6115999999999999,1.0,0.22000000000000003,1.0,0.561901788888889,0.5199388199999999,0.1229296086956521,0.3599262483870967,0.0983216207792207,0.0049795225806451,0.0606827583941605,0.0195544727828746,0.0041617788177339,1.0,1.0,1.0,1.0,0.577778,0.5,6.99047,3479.0,16417.0,0.0345,0.3073,0.1124,1.0
0,0.7895794979077746,-0.0632990980336546,0.2567310850345739,-0.306437329012468,0.046362536818535,0.117463942993239,0.1156717240670055,0.0541121533226583,-0.1401182162194771,2.0285977788193232,0.6042793922918562,41.2962962962963,43.52941176470589,0.17,3062,0.0,1.0,0.0,0.0,0.0,0.0,0.0,0.0,0.0,0.0,0.0,0.0222222,0.0,0.0,0.007222225,0.0054794520547945,0.0029653843137254,0.0,0.0,0.111111,0.0,0.0833333,0.111111,8.01446,748.0,26.0,0.0304,0.2804,0.1083,1.0
0,-0.1217076848395175,0.0477615494557739,0.2334224445939381,-0.0518449075453256,-0.3489467075214152,-0.1659183341387748,-0.0751561070919322,-0.0336517252365602,0.1392181763142543,3.2921318621791285,0.0929497916392998,48.13780260707635,44.70588235294118,0.12,686,0.0,0.0,0.0,1.0,0.0,0.0,0.44885,1.0,0.0501253157894736,0.0,0.2820513076923077,0.0118629842105263,0.0,0.0061728333333333,0.0028632461538461,0.0053728787234042,0.0040322580645161,0.952381,0.0,0.111111,0.0,0.111111,0.0833333,4.55976,11140.0,6481.0,0.057,0.3838,0.1485,1.0
0,-0.2624721666712952,0.0938572733743819,0.525872248859221,0.0543594666249242,0.0436813422754008,-0.3923226152864145,-0.0772528182669717,0.1338250124996296,1.1878008692572986,4.618903214861159,0.2457816761737873,46.86147186147186,35.88235294117647,-0.03,393,0.0,1.0,0.0,0.0,0.6375,1.0,0.42140000000000005,1.0,0.212585019047619,0.388345037037037,0.0119488477777777,0.0432599409090909,0.1989892974358974,0.0046342453488372,0.0057484626506024,0.0870937326271186,0.0035514714776632,0.966667,1.0,0.194444,0.962963,0.111111,0.777778,15.9962,20585.0,4254.0,0.0835,0.4438,0.1881,1.0
0,1.0512250287856806,-0.0761431939699884,0.4755194850637134,-0.3091686581790244,-0.0670169327860169,-0.2896955583499319,1.00107014789972,-0.2134996652357445,0.34151712608676,2.613422459829153,0.4894375401042657,45.35679374389051,40.0,-0.42,341,0.0,1.0,0.0,0.0,0.66605,1.0,0.11399999999999999,1.0,0.8506351951219511,0.13186515,0.113905425,0.1853921634146342,0.1094877909090909,0.0047004239436619,0.0331729610576923,0.0603127488888888,0.0036575069852941,1.0,0.757937,0.768519,0.746032,0.333333,0.533333,7.01501,6118.0,6113.0,0.2124,0.3316,0.6406,1.0
0,-0.3737163869430365,0.2598464152464977,0.8772054826754816,0.1006965565392671,0.5321518112730335,0.2931877779920601,-0.1478665692384766,-0.1409038719079375,0.5570546140624606,3.9674525337962687,0.2695277541771199,43.55231143552312,36.47058823529412,1.6,178,0.0,0.0,0.0,1.0,0.0855,1.0,0.065,1.0,0.0039215705882352,0.3159638805555555,0.0,0.0098039176470588,0.136256724137931,0.0,0.0038341932432432,0.0062327331858407,0.0,0.0666667,0.962963,0.0833333,0.862471,0.111111,0.152778,3.81299,594.0,1651.0,0.1304,0.243,0.5367,1.0
0,-0.1069730307711671,0.6233134550327807,0.0834167058008794,-0.0543003402002041,-0.0672751449189977,-0.4210866951780549,-0.2013461540493322,0.8316492543851982,-0.0055690822020858,3.37095248084531,0.1596251977552099,47.16981132075472,42.35294117647059,1.62,6352,0.0,1.0,0.0,0.0,0.0,0.0,0.0,0.0,0.00444444,0.0,0.24370535,0.0,0.005698,0.0053373009999999,0.0051130769911504,0.0017028171945701,0.0024164806060606,0.111111,0.0,0.0,0.111111,0.111111,0.0833333,3.38932,16108.0,910.0,0.0955,0.2842,0.336,1.0
0,0.1716218891653622,0.0649987814706042,1.592094497025355,0.0469011036054571,-0.1981144171361152,-0.3345552578796719,0.1553946945505153,0.0511937032498535,1.9818595223196245,4.9119662561673385,0.2419600333850322,44.73684210526316,43.52941176470589,1.65,939,0.0,0.0,1.0,0.0,0.0,0.0,0.4675000000000001,1.0,0.0101826981132075,0.35814815,0.0,0.0018115934782608,0.0750440619047619,0.00833333,0.0050386933920704,0.0080726358490566,0.0017730489361702,0.353175,1.0,0.0833333,0.444444,0.114286,0.244444,4.6751,261.0,7131.0,0.0797,0.5364,0.1485,1.0
0,0.3870739640615078,-0.1953911448817544,0.0638832538624583,-0.2227954967422463,0.1047562740596916,-0.1303773820954215,0.2520907899199686,-0.3515083086002861,0.0023615517343465,0.735760809816266,0.8625827833283857,45.64896755162242,26.47058823529412,1.66,1727,0.0,0.0,0.0,1.0,0.079,1.0,0.0,0.0,0.0,0.0,0.10416675,0.006493506060606,0.004629625,0.0064102538461538,0.0033509711382113,0.0023809535714285,0.0,0.0,0.0,0.0833333,0.037037,0.111111,0.0666667,4.44848,13986.0,1626.0,0.06,0.3016,0.1989,1.0
0,0.2498176595253855,0.8177652296507446,1.2183452690447902,-0.3029721010793605,-0.0040049199144068,-0.1272615265329512,0.4500175838413403,1.273017312784226,0.8689121690555346,3.3039376015779136,0.3303876380078382,42.47787610619469,27.647058823529413,1.67,948,0.0,0.0,0.0,1.0,0.0,0.0,0.0354,0.92,0.0,0.0,0.0,0.0031862764705882,0.0039021214285714,0.0,0.0023050781725888,0.0036209913043478,0.0064814766666666,0.0,0.0,0.0666667,0.0666667,0.122222,0.111111,8.64661,658.0,2584.0,0.0255,0.2915,0.0873,1.0
0,0.5629002073913967,0.4517585773332659,0.2646368843327134,-0.0107383626328192,-0.1207081574796969,-0.2305487708228263,0.7844463957118383,0.3086405531341331,-0.137798609056651,2.2662763178129977,0.5134736719337794,45.748437924477045,33.52941176470588,1.68,0,0.0,0.0,1.0,0.0,0.046450000000000005,0.92,0.07800000000000001,1.0,0.15277775,0.214696548,0.1507134757575757,0.0026455095238095,0.0084010902439024,0.0019259266666666,0.0047675319148936,0.0020815538922155,0.0025606177165354,1.0,0.962963,0.0555557,0.0833333,0.111111,0.0666667,4.44848,22498.0,25617.0,0.0408,0.6104,0.0669,1.0
0,-0.1045508502504228,0.2573864770093713,0.1523698496628141,-0.2580311780227743,0.0001088712476321,-0.2213000018576132,-0.1347800887318841,0.1972646245726102,-0.0310733451882263,4.854236468014604,0.086054984073795,44.20600858369099,40.588235294117645,1.69,701,0.0,0.0,0.0,1.0,0.10345,1.0,0.0296,0.96,0.2272037166666667,0.002777775,0.1883208705882353,0.0058599726027397,0.0,0.0061224479591836,0.0019557839285714,0.003559026875,0.0030989621700879,1.0,0.0333333,0.0833333,0.0,0.111111,0.111111,5.26126,28163.0,20625.0,0.0363,0.2462,0.1476,1.0
0,-0.1332792585776372,0.1481402685472359,0.1323971413304284,-0.2779583029709634,-0.0413417309166321,-0.111588875193579,-0.2929572557436013,-0.2095026693422353,-0.0501366657774706,0.8339812274489101,0.8606980282588216,43.24324324324324,32.35294117647059,1.69,584,0.0,0.0,0.0,1.0,0.3516500000000001,1.0,0.0,0.0,0.0,0.1127571851851851,0.0,0.0,0.009090909090909,0.0,0.0037781502512562,0.0033799552447552,0.0,0.0,1.0,0.0,0.111111,0.111111,0.166667,5.26126,19238.0,32853.0,0.1481,0.1265,1.1706,1.0
0,-0.0778580454010386,1.2788269930336622,0.3066326200515145,-0.0631285243261472,-0.1990418366161536,-0.1765417424850158,-0.2485595349294045,1.339864673121286,0.1561863265368545,2.556599560399484,0.0849557778649164,49.81684981684982,48.8235294117647,1.69,0,0.0,0.0,1.0,0.0,0.0,0.0,0.030350000000000002,0.94,0.0014880964285714,0.00222222,0.0,0.0,0.0,0.0,0.001963881632653,0.0041963142857142,0.0013071901960784,0.0416667,0.0333333,0.0,0.0,0.0555557,0.111111,5.26126,14360.0,34272.0,0.0305,1.3962,0.0219,1.0
0,0.4724308047147959,0.3286341918264773,0.0242560123753413,-0.1201019340389196,-0.0601202935415322,-0.3168544322302669,0.4234260755951642,0.2420825700054388,-0.0809913379722868,3.0222018590423585,0.3607518899012786,46.33642930856553,25.882352941176475,1.7,1802,0.0,1.0,0.0,0.0,0.08200000000000002,1.0,0.0,0.0,0.0027777791666666,0.0019841321428571,0.0,0.0019607852941176,0.0,0.0120370291666666,0.0043505637540453,0.0021795805970149,0.0056513396551724,0.0666667,0.0555557,0.0666667,0.0,0.111111,0.0666667,4.95884,47057.0,1713.0,0.0833,0.3407,0.2444,1.0
0,-0.0521391408541834,-0.2607045458268723,-0.4778625587705362,0.1120040974845949,0.3712199657819422,0.7922841503910354,-0.060087979983109,-0.162069104619145,-0.348270271640555,2.28621061059318,0.5691528425218634,42.80821917808219,37.64705882352941,1.72,245,0.0,1.0,0.0,0.0,0.22950000000000004,1.0,0.2017,1.0,0.0037037055555555,0.7635529090909091,0.0013440870967741,0.002777775,0.4338460909090909,0.0022988517241379,0.0037851025641025,0.16058924,0.0047719493670886,0.0666667,1.0,0.0333333,0.87963,0.133333,0.776515,3.44388,8025.0,40724.0,0.0643,0.3543,0.1814,1.0
0,-0.0526467483805794,0.6001440292556104,1.2520311047185984,-0.4555381856270907,-0.2787783972851239,-0.2758457734083755,0.0638740328033406,0.6981105563332879,1.5980473528336794,5.283296703650963,0.2086554777460589,49.83660130718954,43.52941176470589,1.74,8216,0.0,0.0,1.0,0.0,0.0,0.0,0.0,0.0,0.0,0.0,0.1142857142857143,0.0014245,0.00444444,0.0021367576923076,0.007126090140845,0.0038548795918367,0.0015151522727272,0.0,0.0,0.037037,0.111111,0.111111,0.0666667,5.62029,9013.0,2681.0,0.0197,0.513,0.0385,1.0
0,0.4084357248401615,-0.1804728565422678,0.1414387482698317,-0.0206737413230504,0.539284105837621,0.5335682937251114,0.9097530735930692,0.1002887019838196,-0.0644802003467657,0.2110505753716729,0.7473415917465795,51.35135135135135,31.176470588235293,1.75,895,0.0,1.0,0.0,0.0,0.10350000000000001,1.0,0.0,0.0,0.0018100824561403,0.0,0.0238095714285714,0.00769674375,0.00416667,0.0,0.0052753112121212,0.004420634,0.0029761892857142,0.0555557,0.0,0.194444,0.0416667,0.222222,0.111111,4.54561,30289.0,7954.0,0.0794,0.5253,0.1511,1.0
0,-0.1600170961688523,0.0323888609745517,0.2971379462223452,0.3124703618548912,-0.0473482918854293,-0.1931296352084327,0.0485434286026355,0.1894530938268391,0.3098987183787424,3.7584352725452113,0.1219336956428555,47.20357941834452,44.70588235294118,1.75,761,0.0,1.0,0.0,0.0,0.0,0.0,0.0252,0.91,0.0055836054054054,0.0089466127272727,0.0940659184615384,0.0032929196428571,0.0041847070588235,0.0029654648648648,0.0022238474025974,0.0024336134796238,0.0029843008174386,0.0666667,0.25,0.047619,0.0833333,0.0666667,0.0833333,4.54561,19508.0,16494.0,0.1284,0.5407,0.2374,1.0
0,0.2270514394056781,0.0753297906376938,-0.0070688578650433,-0.058946838496609,0.1658041704750645,-0.1941285999752573,0.288759066857751,0.4253457736181316,1.0704328972871004,2.239396499981295,0.5208736371633031,43.80952380952381,34.11764705882353,1.75,5297,0.0,1.0,0.0,0.0,0.0,0.0,0.0,0.0,0.0025396822222222,0.0054366684210526,0.1022270551020408,0.0032896239130434,0.0029634711538461,0.0040880509433962,0.0042332249999999,0.0025306791245791,0.0032475812260536,0.0666667,0.0666667,0.0666667,0.047619,0.111111,0.0666667,4.6751,15815.0,21030.0,0.067,0.5647,0.1186,1.0
0,0.4118705407822244,-0.2887087037903068,-0.2862977345436366,0.2165302236010131,0.5042470363654399,0.6010325214775213,0.7016312875064499,-0.218923847685792,-0.0465945413134537,0.4258074090033827,0.6903385747425875,43.66812227074236,33.52941176470588,1.81,8731,0.0,1.0,0.0,0.0,0.0,0.0,0.0,0.0,0.004580688372093,0.0007309947368421,0.0150226785714285,0.0045948175438596,0.0047281361702127,0.004582693548387,0.0028584616129032,0.0037881616129032,0.0033519085106382,0.0833333,0.0416667,0.0833333,0.0833334,0.111111,0.111111,5.08398,3576.0,37545.0,0.0626,0.4719,0.1327,1.0
0,-0.0260716894130479,-0.2649494286568997,0.1218291674487793,0.1551352904981886,0.2935754034799246,0.1608985841128636,-0.1310661920163396,-0.124986342563821,0.1936117389347806,6.188278814587696,0.3763877744914466,44.57142857142857,37.64705882352941,1.82,849,0.0,0.0,1.0,0.0,0.0,0.0,0.04789999999999999,0.95,0.00520833125,0.2347883666666667,0.0,0.0018518566666666,0.0336420111111111,0.0,0.0015576327102803,0.0230256580246913,0.0059523785714285,0.0833333,0.888889,0.0555557,0.0833333,0.111111,0.422222,4.10714,15143.0,26619.0,0.0849,0.7053,0.1204,1.0
0,-0.1263051294976924,-0.0048719579640745,0.3781036357752174,-0.0273642232544803,-0.0462829513933307,0.1006060010186866,-0.2274686458560083,0.1395297033251566,0.5638784267230513,3.6051654240797055,0.3814590107049814,53.688745288099085,40.588235294117645,1.83,1200,0.0,0.0,1.0,0.0,0.0,0.0,0.09144999999999999,1.0,0.0032372578947368,0.0036036054054054,0.0069444416666666,0.0059309405405405,0.0043422758620689,0.0036100923076923,0.0026987308823529,0.002319903076923,0.0020378121338912,0.047619,0.0666667,0.0666667,0.0555557,0.111111,0.095238,4.10714,36248.0,3068.0,0.0313,0.8274,0.0379,1.0
0,-0.0262589632258401,-0.1516675597084917,-0.1327636381511276,0.0707536216238778,0.3556832131785296,-0.1813944455816647,-0.1679081203889522,-0.0730294007490961,-0.0216418198151962,1.3175437354496429,0.6704537844742833,43.88185654008439,27.058823529411764,1.86,5595,0.0,0.0,0.0,1.0,0.0,0.0,0.0,0.0,0.0,0.0062433866666666,0.0017701514705882,0.0053288,0.0035403078431372,0.0039389797979797,0.0046402995967741,0.002800435395189,0.0021468762025316,0.0,0.0666667,0.0833333,0.0833333,0.111111,0.125,9.68414,3449.0,15791.0,0.0578,0.3744,0.1543,1.0
0,0.3194865708193782,0.0964123413568404,0.0338512434878652,-0.0377458046437049,-0.1993708958301505,-0.0764430527684359,0.4517283752080471,0.0709445414944779,-0.0746030380153169,1.236437737005754,0.8633162667379024,45.91836734693878,34.705882352941174,1.89,548,0.0,0.0,0.0,1.0,0.0,0.0,0.13399999999999998,1.0,0.0007390975609756,0.13476331625,0.0,0.0045716140350877,0.0245994478873239,0.0,0.0025223467032967,0.0082405416666666,0.0086296339999999,0.030303,1.0,0.0833333,0.488889,0.152778,0.277778,4.6751,24651.0,21986.0,0.1584,0.3337,0.4748,1.0
0,0.0355164020938367,-0.28456183903057,-0.018504772769818,0.4256326277968814,0.0199185112349318,-0.1659586655609958,0.034537298431119,-0.0260311476177115,0.5183182412980252,0.8214312241189223,0.8176061411557811,42.45880861850444,21.176470588235293,1.91,821,0.0,0.0,0.0,1.0,0.2748,1.0,0.08045,1.0,0.0,0.0017636666666666,0.006512,0.0064635491525423,0.002015619047619,0.0089839142857142,0.0031420088825214,0.0026705123893805,0.0021903612903225,0.0,0.047619,0.177778,0.047619,0.0833333,0.111111,4.6751,45623.0,4.0,0.0734,0.2898,0.2532,1.0
0,-0.1291926432892655,-0.1916883216459937,-0.4640215165942935,0.3937859045691297,0.3097783458420164,0.233167331382143,-0.0296502814841454,0.0441758065091114,-0.1259098767177092,1.743894793794882,0.6671171373253029,42.91539245667686,33.52941176470588,1.98,226,0.0,1.0,0.0,0.0,0.0,0.0,0.4985000000000001,1.0,0.006431875,0.2618140485714286,0.002906976744186,0.0014005588235294,0.0269002268292682,0.0020408160714285,0.00292114251497,0.0091403293859649,0.004397900990099,0.111111,1.0,0.047619,0.5,0.111111,0.166667,100.473,43241.0,2371.0,0.1494,0.2855,0.5233,1.0
0,0.1381683624854574,0.2102451595154912,0.3204782312827253,-0.0504324876550817,-0.2892304371382502,-0.1877157461862016,0.259658886314745,0.4402865858623541,0.0252367426040937,5.142183400632232,0.0513316466452865,50.46620046620046,34.705882352941174,2.03,17124,0.0,1.0,0.0,0.0,0.0,0.0,0.0,0.0,0.0059565931034482,0.0,0.0855555333333333,0.0013661196721311,0.0,0.0,0.0036675293877551,0.0034297509090909,0.0054722209999999,0.0833333,0.0,0.0833333,0.0,0.111111,0.0833333,4.23665,58326.0,43756.0,0.1032,0.4105,0.2513,1.0
0,-0.0015592968091971,0.750063175048705,1.3248316999743723,-0.1363546404461578,-0.2725030603500025,-0.218692121441621,-0.0210703939708227,0.6105194908801999,1.2843108300702315,5.485709756452967,0.1874100301469687,51.13056163384391,36.47058823529412,2.07,6059,0.0,1.0,0.0,0.0,0.0,0.0,0.0,0.0,0.0,0.002222228,0.0,0.0,0.0053732337837837,0.0,0.0033333349999999,0.0021830564285714,0.0086419777777777,0.0,0.0555557,0.0,0.0666667,0.0666667,0.0833333,4.23665,448.0,2828.0,0.025,1.1553,0.0217,1.0
0,0.1087025379216022,0.0771789726025418,1.3092174408266408,0.2013807619387422,-0.2456637848000891,0.0234346847432746,0.066888481656238,0.1924936798849935,1.7730473059315195,5.11497860440975,0.4532080303356677,52.53390435403284,38.23529411764706,2.1,0,0.0,1.0,0.0,0.0,0.0,0.0,0.0,0.0,0.0064102538461538,0.0,0.0079365142857142,0.0028218666666666,0.0,0.001221,0.0007183913793103,0.0054376311827956,0.0034734425742574,0.0833333,0.0,0.047619,0.0,0.0416667,0.111111,7.56578,165.0,39201.0,0.0401,0.8063,0.0497,1.0
0,1.173768837778832,-0.0600194056371308,0.272031079055563,0.0069056101422259,0.1714478398938925,0.0578833615742567,1.670692483055396,0.0253983825547505,0.0448987864870683,0.0,,43.81625441696113,41.76470588235294,2.11,958,0.0,1.0,0.0,0.0,0.22790000000000002,1.0,0.079,1.0,0.0,0.01215278125,0.0,0.0,0.00132275,0.0,0.0036135166666666,0.0036928178947368,0.008754203030303,0.0,0.277778,0.0,0.047619,0.0833333,0.0833333,7.56578,38011.0,2254.0,0.1959,0.4317,0.4538,1.0
0,-0.1219188481523904,-0.3291857510755315,-0.1345840060002572,0.6964311826666447,0.8128062135136227,0.8501370114637326,-0.149444464508086,-0.1914177128763499,-0.0483612847261805,0.9662946380560048,0.8706446008747377,44.68864468864469,29.411764705882355,2.11,1910,0.0,1.0,0.0,0.0,0.0,0.0,0.06325,1.0,0.0026455095238095,0.0,0.0,0.0,0.0,0.005291,0.0039007106382978,0.0,0.0022895636363636,0.0555557,0.0,0.0,0.0,0.111111,0.0,7.56578,33830.0,7144.0,0.0199,0.2932,0.068,1.0
0,-0.2417925806582266,-0.3054159442478892,0.1210454573900052,0.0962846477544195,0.1721594231407723,0.3479733523605666,-0.2319986853649763,-0.252671564741464,-0.2862340182381828,0.7949419432837941,0.4612704661844077,42.71457085828344,39.41176470588236,2.13,997,0.0,0.0,0.0,1.0,0.17750000000000005,1.0,0.21525,1.0,0.0119047571428571,0.2131001,0.0036231869565217,0.0,0.0327105291666666,0.0,0.0,0.0091377243589743,0.0014007615384615,0.0833333,0.888889,0.0,0.205556,0.0,0.214815,3.67481,37336.0,2649.0,0.096,0.3263,0.2942,1.0
0,0.0458121482728947,0.1247402379203187,0.3740639218994211,-0.0291502048688257,-0.0984062093772253,-0.2130624711516752,-0.1431260344240657,0.3603547027663877,0.4290710065037946,4.202265700414297,0.2084339320125464,48.31184775936157,46.47058823529412,2.19,784,0.0,0.0,0.0,1.0,0.10499999999999998,1.0,0.26265,1.0,0.0092592555555555,0.0200854615384615,0.1756766153846154,0.0079365285714285,0.0063745594594594,0.0010470573170731,0.0,0.0838229942307692,0.0029623478405315,0.0833333,0.111111,0.0555557,0.0833333,0.0,0.916667,4.91051,9364.0,16240.0,0.0451,0.402,0.1122,1.0
0,-0.0263485160705952,0.1373993027247756,0.1440933939658982,0.0444445611703078,-0.0496336480036292,-0.2301455218010517,0.0065636262287214,0.1061949199024721,0.142873994689852,1.8116749533611705,0.391974978478375,44.49093444909344,44.11764705882353,2.23,201,0.0,1.0,0.0,0.0,0.8061000000000001,1.0,0.31179999999999997,1.0,0.02777775,0.4625,0.0,0.0,0.0,0.0,0.0,0.0443357514285714,0.0029239771929824,0.111111,0.925,0.0,0.0,0.0,0.29697,4.53947,19561.0,33738.0,0.1178,0.479,0.246,1.0
0,0.4614575193858835,0.2654661849290294,0.4666427919450896,-0.224397334512272,0.0131701750974108,-0.0913311529141106,0.3031637132328772,0.5074149305670448,0.6813985990356366,3.20761966623981,0.3410878016842386,46.92144373673036,30.0,2.24,964,0.0,0.0,0.0,1.0,0.09444999999999998,1.0,0.0,0.0,0.006105,0.3464781249999999,0.0,0.0,0.00555557,0.0023148208333333,0.0035034773584905,0.0012254897058823,0.0026440823529411,0.111111,1.0,0.0,0.0555557,0.111111,0.0833333,3.6733,736.0,6927.0,0.0871,0.537,0.1622,1.0
0,0.238947863039998,0.2574045803712042,1.1362556451749488,-0.1742911954332236,0.0092933315571733,0.1122015320045507,-0.0218321899706363,0.5291640342101324,1.0284865904898006,2.7702559290341853,0.4477246783689896,46.85314685314685,27.647058823529413,2.25,826,0.0,0.0,0.0,1.0,0.09450000000000001,1.0,0.0,0.0,0.0056689285714285,0.0,0.0185185,0.0,0.0,0.0,0.0034385981481481,0.0042192358974358,0.00925925,0.111111,0.0,0.0,0.0,0.111111,0.111111,3.6733,1239.0,64744.0,0.1369,0.261,0.5246,1.0
0,-0.4176944595437116,-0.0598695081859169,-0.1303452082440744,-0.0471993447466894,0.1013538659783301,-0.4290707682813533,-0.3694191401007136,-0.0637981146404058,0.0038291399636309,2.548386046120167,0.4267094908640318,43.66872005475702,39.41176470588236,2.25,2024,0.0,0.0,0.0,1.0,0.013300000000000003,0.68,0.0,0.0,0.001666668,0.0282044548387096,0.0,0.0074074,0.0053288,0.0024154565217391,0.0058148153333333,0.0043990908571428,0.0043735239361702,0.0416667,0.365079,0.111111,0.0833333,0.166667,0.111111,3.6733,53262.0,10356.0,0.0184,0.3718,0.0494,1.0
0,-0.119107190665388,0.0335515770750502,1.5480622168831368,0.1648960183759229,0.3274839110798883,0.4530219566449273,-0.2310488239026267,0.1361752261667721,1.4598053118341494,2.53064308682312,0.6472183960428806,54.78547854785478,22.94117647058824,2.26,832,0.0,1.0,0.0,0.0,0.0,0.0,0.2108,1.0,0.0111111,0.0078703666666666,0.0111111166666666,0.001302084375,0.0265151363636363,0.0,0.0017730489361702,0.0028713185714285,0.0138889,0.111111,0.111111,0.0416667,0.583333,0.0833333,0.166667,3.6733,20955.0,44548.0,0.0782,0.4063,0.1924,1.0
0,-0.0929280084472217,0.0105526546380161,0.7280413047480417,0.1429216762697934,0.0404038749664241,0.3293731765721534,-0.042870751929164,0.1146595687411714,0.6710641850504176,0.6747753598695538,0.821593582919968,51.344086021505376,34.705882352941174,2.28,675,0.0,1.0,0.0,0.0,0.4340499999999999,1.0,0.036699999999999997,0.98,0.1304203692307692,0.1366468175,0.0,0.01777777,0.0333333181818181,0.0,0.0407919755244755,0.0157400603092783,0.0185185,0.95773,1.0,0.111111,0.422222,0.311111,0.333333,7.34659,64803.0,865.0,0.2776,0.6313,0.4397,1.0
0,-0.1581200813328551,-0.0435206972808095,0.7578068806543362,0.1386016053471374,0.2822285532668454,0.0454550867385253,0.0868491961086975,-0.1764941213274569,0.385688267362255,0.9818648226579434,0.8529517985872065,61.00278551532033,28.823529411764703,2.29,1049,0.0,0.0,0.0,1.0,0.0,0.0,0.08444999999999998,0.98,0.0,0.0,0.0,0.0066244428571428,0.0,0.0,0.003017247266881,0.0072016407407407,0.0063492035714285,0.0,0.0,0.0833333,0.0,0.116667,0.111111,7.34659,11244.0,21497.0,0.3588,0.7813,0.4592,1.0
0,0.0410561880294302,-0.2132954143698247,-0.1936956002776157,0.4721379131390142,1.0795889100550855,1.6542848829723014,-0.1002753309738831,-0.1915351272100302,-0.1934569696436143,0.2088849161666746,0.9926429210505254,47.82608695652174,45.88235294117647,2.31,184,0.0,1.0,0.0,0.0,0.20085,1.0,0.1547,1.0,0.2381410384615385,0.08834325,0.0,0.1135683615384615,0.0169172894736842,0.0,0.0570829168539326,0.001929892,0.0018037532467532,1.0,0.888889,0.822222,0.296296,0.722222,0.130952,7.01265,3174.0,1820.0,0.066,0.2175,0.3032,1.0
0,-0.1505806383379112,-0.3547547529299511,0.4320073425890592,0.6985623370183716,0.5027175602268499,0.670670892422742,-0.1626945312375696,-0.1236792048079645,0.4199336880706873,5.189209511027594,0.533308741915407,50.04284490145673,38.82352941176471,2.31,637,0.0,1.0,0.0,0.0,0.27295,1.0,0.15499999999999997,1.0,0.2161616363636364,0.1116071428571428,0.0463799591836734,0.0570458499999999,0.0200892812499999,0.0040404022727272,0.0100044016835016,0.0020441393518518,0.0020717013793103,1.0,0.888889,0.513889,0.296296,0.361111,0.130952,7.01265,27862.0,169.0,0.0225,0.3022,0.0744,1.0
0,-0.3731144778359077,-0.2497602775129819,-0.098936691014109,0.934094880406884,1.089923814409007,1.3526959114923272,-0.4199565172509977,-0.1896258815914472,-0.1831872670466512,1.318966351963357,0.7293241315857927,45.664739884393065,37.05882352941177,2.32,2416,0.0,1.0,0.0,0.0,0.0,0.0,0.0,0.0,0.0080120897959183,0.0,0.0099616793103448,0.0,0.0064713019230769,0.0,0.0043420889502762,0.0030758910447761,0.0054568637305699,0.21164,0.0,0.0,0.111111,0.222222,0.111111,5.67691,9065.0,18659.0,0.0608,0.3077,0.1976,1.0
0,-0.031632006100416,-0.1706794306519093,0.635731677699427,0.1340151069544737,0.1552637637936913,0.0089830443855098,-0.1865722470879948,0.1171839751980528,0.8536245546947345,3.4773133776246485,0.5280720696664173,44.51345755693582,31.176470588235293,2.33,874,0.0,1.0,0.0,0.0,0.0,0.0,0.22650000000000006,1.0,0.0,0.0,0.0,0.0034013571428571,0.0,0.006105,0.0035014047058823,0.0032879831168831,0.0028180333333333,0.0,0.0,0.047619,0.0,0.0833333,0.0833333,5.67691,6812.0,6004.0,0.0693,0.2585,0.2679,1.0
0,-0.1289225071705721,0.1046719345183797,0.7749306727341477,0.112035647333556,0.01797248470613,0.1834869015859503,-0.0940661554088714,-0.0276613153051251,0.0522604267607825,0.7286454646050279,0.7970685805418762,48.05725971370144,32.35294117647059,2.33,380,0.0,1.0,0.0,0.0,0.0,0.0,0.22649999999999998,1.0,0.0079103425,0.0,0.0,0.0008841724137931,0.0,0.0,0.0042551876923076,0.0033302235294117,0.0032051269230769,0.133333,0.0,0.051282,0.0,0.111111,0.0666667,5.67691,3168.0,10421.0,0.0882,0.2887,0.3056,1.0
0,0.065039310895851,-0.102677497992065,0.6018564047629176,0.0819735615770225,0.0059705595870646,-0.0372334634622881,0.1323065903765534,-0.0445353314082483,1.3084574711507315,1.22507570078304,0.8662494024977241,47.40061162079511,34.705882352941174,2.34,970,0.0,1.0,0.0,0.0,0.06524999999999999,0.92,0.0,0.0,0.006060609090909,0.0027874560975609,0.0,0.0,0.0103615555555555,0.04166665,0.0038398705882352,0.0030508083333333,0.0095238142857142,0.0666667,0.0666667,0.0,0.0833333,0.111111,0.0925927,3.89097,4722.0,1356.0,0.0368,0.2735,0.1344,1.0
0,0.004022128851982,-0.1540333593199301,1.3755391785073183,0.4050901100981919,0.1596963104796429,-0.3359189014219953,0.2250372061989467,-0.1074531561808177,1.5247355284457191,0.5597018006560375,0.3597643263246894,53.65296803652968,37.05882352941177,2.34,382,0.0,1.0,0.0,0.0,0.0,0.0,0.47179999999999994,1.0,0.0026920444444444,0.0,0.0,0.0015394086206896,0.0,0.0,0.0020482266106442,0.0012919930232558,0.0,0.0666667,0.0,0.047619,0.0,0.0787037,0.0555557,3.89097,21030.0,5395.0,0.0469,0.5259,0.0892,1.0
0,-0.0408105103558337,-0.1878868391211032,0.0472183129799768,0.4238349335125886,0.3470107192431547,1.1128281890390412,-0.0994273880256931,-0.1345280020450855,0.4161458157486554,0.0558560535294459,0.8530695831008874,47.50750750750751,32.35294117647059,2.34,1301,0.0,0.0,0.0,1.0,0.04815,0.99,0.0959,1.0,0.0126262727272727,0.0029100571428571,0.0040981218181818,0.002898552173913,0.0019841321428571,0.0015015054054054,0.0044048932038834,0.0024606995215311,0.0056134229166666,0.166667,0.0666667,0.0666667,0.0555557,0.0833333,0.0833333,5.00904,11757.0,13441.0,0.1186,0.5692,0.2083,1.0
0,-0.0530899169823728,0.7577281585735784,0.0010028029330656,0.0308973619182923,-0.1102141474330474,-0.2000425167279214,-0.1315481893510942,0.7505274956503141,0.2213979239159219,3.5323704058787,0.1983239855402327,46.227034120734906,40.0,2.35,0,0.0,0.0,0.0,1.0,0.039299999999999995,0.97,0.39790000000000014,1.0,0.0040650414634146,0.1845938529411764,0.2769390193181818,0.0,0.193631758490566,0.0079951075949367,0.0048138015384615,0.0725016852941176,0.0023628308578745,0.111111,0.952381,0.0,0.962963,0.166667,0.64127,5.67691,510.0,13326.0,0.0639,0.5306,0.1204,1.0
0,-0.0329207144712164,0.9285223848022444,0.2575270957159495,0.0336947679803335,-0.1630691866167344,-0.0931810377874617,-0.1132458962356112,1.024748145708292,0.0963830799270931,4.513717027323388,0.3066353859677085,49.05303030303031,47.647058823529406,2.35,0,0.0,1.0,0.0,0.0,0.0,0.0,0.38799999999999996,1.0,0.0,0.2188071212121212,0.1504614418604651,0.0,0.205249664,0.0072274362068965,0.0020774991596638,0.0762878958083832,0.0075956708994708,0.0,0.952381,0.0,0.962963,0.0833333,0.64127,5.67691,8637.0,7815.0,0.0729,0.6889,0.1058,1.0
0,-0.1246763348869298,0.7235174634396877,-0.2878431495322647,0.3687004145202112,-0.3170670398295918,-0.1335040129173093,-0.2177683403621815,0.8075038423567591,0.0181112003508024,1.7207245714407022,0.5259200506991419,39.71631205673759,32.94117647058823,2.35,3030,0.0,1.0,0.0,0.0,0.0,0.0,0.0,0.0,0.0021929815789473,0.0057870354166666,0.0,0.0,0.0072016499999999,0.0,0.0038226321100917,0.0036870929629629,0.0065656519230769,0.0833333,0.111111,0.0,0.0666667,0.0666667,0.0969697,5.34297,13130.0,4963.0,0.1229,0.3372,0.3645,1.0
0,-0.0435630103506428,-0.0775099161042789,1.3553947468367291,0.5445129821722942,0.3895023061637954,0.2925200909015817,-0.1848419403456685,-0.0595327539518362,0.911201145483061,4.034622983196184,0.2189252515194125,51.293103448275865,34.705882352941174,2.36,3088,0.0,1.0,0.0,0.0,0.0,0.0,0.0,0.0,0.0051490487804878,0.0017543868421052,0.007070709090909,0.0020964339622641,0.0012566125,0.0036549736842105,0.0030116857142857,0.0033388679738562,0.00197619,0.111111,0.0666667,0.111111,0.037037,0.122222,0.095238,6.01085,17656.0,178.0,0.055,0.349,0.1576,1.0
0,-0.239602022251833,-0.2431377762227571,-0.4634140692646267,0.925575830654338,0.3081328917802658,0.7267830419518646,-0.2314427936904133,-0.0314952116814446,-0.2362622231393472,1.7450045991601677,0.5635406394508807,40.15151515151515,34.705882352941174,2.36,371,0.0,0.0,0.0,1.0,0.07995000000000001,1.0,0.05795000000000001,1.0,0.0574561578947368,0.0031179119047619,0.0,0.0101307176470588,0.0060334516129032,0.0039682642857142,0.0067415741573033,0.0030632594936708,0.0055948555555555,0.625,0.0833333,0.111111,0.0833333,0.111111,0.0833333,4.00723,14767.0,3228.0,0.0977,0.4006,0.2439,1.0
0,-0.1165547797158185,0.0299286106379767,1.729888947100293,-0.0708946480247358,0.2765694653048639,-0.0692871507473049,0.0545294809863929,0.2494579664859964,1.898579262777144,4.641410325050754,0.3586098484605457,58.179959100204506,34.705882352941174,2.37,741,0.0,0.0,0.0,1.0,0.0,0.0,0.4357,1.0,0.0,0.361904735,0.0,0.0078125,0.316228,0.00260416875,0.0011261256756756,0.0317331204347826,0.0024344573033707,0.0,1.0,0.0833333,0.958333,0.0833333,0.818783,7.01265,106.0,126.0,0.0734,0.595,0.1233,1.0
0,-0.0836731903009595,0.2270046217429455,0.5303600741256579,-0.3086909699957285,-0.089594576767117,-0.3619749082361487,-0.3290162532703998,-0.2671182499007073,0.7754008060501899,2.458235462988612,0.182446231885855,43.48561759729272,34.705882352941174,2.38,3268,0.0,0.0,1.0,0.0,0.0,0.0,0.0,0.0,0.350788115625,0.0,0.01111114,0.288237,0.0025641038461538,0.0,0.0373196954918032,0.0034691546391752,0.0,1.0,0.0,0.875758,0.0666667,0.666667,0.0833333,3.64647,1863.0,9400.0,0.0241,0.2872,0.0838,1.0
0,0.4481295344987376,0.2261939479549144,-0.0269151164144156,-0.0373067220419889,-0.0025150148738594,0.030899863924678,1.0988426284557054,0.4431031474972869,0.1735958476214168,4.690332003856239,0.3187295175559647,46.0960960960961,44.70588235294118,2.4,593,0.0,0.0,0.0,1.0,0.0,0.0,0.04135,0.99,0.0,0.0,0.00651041875,0.0,0.0,0.0029279297297297,0.0,0.0048765455555555,0.0041461807909604,0.0,0.0,0.0,0.0,0.0,0.111111,5.00904,38876.0,522.0,0.1597,0.3687,0.4333,1.0
0,0.7447284399958914,-0.0692750152166676,2.2103022487341404,-0.1647381214591475,0.1021128775348538,-0.1996374305864956,0.871226135416439,-0.0673394483638812,1.5450770092756128,4.81856647558384,0.284078255459544,49.122807017543856,37.05882352941177,2.4,555,0.0,1.0,0.0,0.0,0.0,0.0,0.09450000000000001,1.0,0.0,0.0750065098360655,0.0,0.0,0.0057870277777777,0.0,0.0026666679999999,0.0139875535911602,0.0,0.0,0.861111,0.0,0.208333,0.0666667,0.177778,8.3484,36953.0,2796.0,0.1085,0.5881,0.1845,1.0
0,1.1164978070915437,1.042402834653038,1.4221421541352293,-0.0757027496334615,-0.0236141655141315,-0.2083631289575485,0.8061597078187962,1.0636279255377308,1.729064055368043,6.17530436884434,0.2998844825944328,50.3800217155266,31.76470588235294,2.4,246,0.0,1.0,0.0,0.0,0.0,0.0,0.09449999999999999,1.0,0.0045351428571428,0.1045800229166666,0.0,0.0021367512820512,0.009920619047619,0.0,0.0047158963768115,0.0145586449367088,0.0054012305555555,0.111111,0.861111,0.0833333,0.208333,0.111111,0.177778,8.3484,478.0,38737.0,0.0621,0.5825,0.1065,1.0
0,1.2985981702502318,-0.0105402020985904,0.6366564006356091,-0.250740801796138,-0.0207639360405605,-0.1846802089153457,1.0795340841787304,0.0119719006893986,0.6197235280893201,5.17459867103898,0.3491098654070282,49.69249692496925,39.41176470588236,2.41,1793,0.0,1.0,0.0,0.0,0.0,0.0,0.127,1.0,0.0,0.0,0.00396825,0.0040123481481481,0.0,0.0032051269230769,0.0031746017647058,0.0059587822580645,0.0029495373134328,0.0,0.0,0.0666667,0.0,0.111111,0.111111,5.00904,1084.0,228.0,0.0495,0.44,0.1126,1.0
0,-0.15555616706121,-0.0547222432804878,-0.2940161465391566,0.6822813504952705,0.6637449080223198,1.0797080108365815,-0.1112544562888269,-0.1765853294582249,-0.1269330584147296,0.4652893700194616,0.7660549063082682,46.92460317460318,32.35294117647059,2.43,1159,0.0,0.0,0.0,1.0,0.061000000000000006,1.0,0.0,0.0,0.0,0.0638053684210526,0.0025720203703703,0.008592592,0.0136943666666666,0.0033772340425531,0.0279702580838323,0.0056986175965665,0.0042431354166666,0.0,0.791667,0.0833333,0.5,0.414815,0.111111,4.3233,3183.0,18828.0,0.0736,0.5296,0.139,1.0
0,-0.2004440350604572,0.1324010413342989,2.1989080704828075,0.4745900921823255,0.2075760741512644,-0.28592699944711,0.187957567304746,-0.0650651330388425,2.1089174178583368,6.580019122566829,0.1876448553373914,54.24610051993067,45.88235294117647,2.44,1093,0.0,1.0,0.0,0.0,0.0,0.0,0.1075,1.0,0.1905796956521739,0.00814816,0.0,0.0088624476190476,0.0039682523809523,0.0,0.0043503873015873,0.0052699079754601,0.0029239842105263,1.0,0.0666667,0.0555557,0.0833333,0.0833333,0.111111,7.01265,42035.0,221.0,0.0631,0.7701,0.082,1.0
0,-0.3319357087276178,-0.2299489060678594,0.2913913675839314,0.8593462082463178,0.877392009058244,1.1557904241409749,-0.1291820313508264,-0.1238102530480302,0.2384563384779579,1.756431266874939,0.6846623358536073,53.17185697808535,38.82352941176471,2.44,604,0.0,1.0,0.0,0.0,0.27099999999999996,1.0,0.13,1.0,0.0111111272727272,0.0115384615384615,0.013888875,0.0,0.0077160466666666,0.00555557,0.0038759697674418,0.0079560533039647,0.0,0.0666667,0.0833333,0.0,0.0416667,0.111111,0.333333,3.89097,2524.0,10824.0,0.0772,0.3555,0.2173,1.0
0,0.1468198296487796,0.1697266811146096,0.4583855566072637,0.0142819461753226,0.1368180904763211,-0.2761628614787312,-0.0368570530779872,0.4433750119343086,0.3584503625388446,4.447547911156311,0.2236872085847623,46.646545942320586,37.05882352941177,2.44,1653,0.0,0.0,0.0,1.0,0.061599999999999995,0.99,0.0,0.0,0.0012254911764705,0.0058802272727272,0.0845253448275862,0.0037895054054054,0.0051547227272727,0.003054171641791,0.0040249472049689,0.0044729785498489,0.002827917400881,0.0416667,0.111111,0.0555557,0.111111,0.114286,0.111111,3.67481,8177.0,1704.0,0.1054,0.6056,0.1741,1.0
0,0.0942373263567235,0.289049011671889,1.2128037201310309,0.2830808306738852,-0.0190931297892873,-0.0361882964374194,0.0848594637825273,0.2921901609796635,0.2494306093295096,4.181929846468093,0.3098321763980015,50.696150696150696,36.47058823529412,2.44,2840,0.0,0.0,0.0,1.0,0.0,0.0,0.0,0.0,0.0,0.0213064615384615,0.0055555533333333,0.0030864277777777,0.0087007648148148,0.0,0.0029299835616438,0.0018292937984496,0.0035580528089887,0.0,0.783333,0.0555557,0.111111,0.111111,0.0666667,5.00904,1177.0,27015.0,0.0746,0.8255,0.0903,1.0
0,-0.0405222683351343,-0.1580840710487644,0.5560368476419227,0.5023334849845329,0.8441329416630851,1.4753531875050616,-0.1071266068585365,-0.0190179080344118,0.056357195054617,1.600508490543156,0.652959830185728,53.84615384615385,35.88235294117647,2.44,1851,0.0,1.0,0.0,0.0,0.09335,1.0,0.0,0.0,0.08472217,0.00396825,0.0,0.0,0.0206349285714285,0.0,0.0047204039215686,0.0021367512820512,0.0,0.583333,0.047619,0.0,0.177778,0.111111,0.0833333,4.34117,36109.0,12215.0,0.0453,0.422,0.1073,1.0
0,1.1691574125405368,0.1716152925892073,0.492389090187676,-0.0793652063820593,0.3653093115147575,-0.1989712873745806,0.9553220595855088,0.3933098786125818,0.4630025315157405,5.858088308010521,0.1362370563606392,50.300054555373706,35.88235294117647,2.43,7090,0.0,0.0,1.0,0.0,0.0,0.0,0.0,0.0,0.0058479684210526,0.0,0.2941176294117647,0.0029239842105263,0.0113636363636363,0.0,0.005348011392405,0.0028257439560439,0.0024565404761904,0.0555557,0.0,0.0555557,0.0833333,0.111111,0.095238,4.87215,42884.0,63134.0,0.0755,0.846,0.0892,1.0
0,-0.0950523778757692,-0.1077166653627575,0.5249639656512455,-0.0152544331796067,0.1110992039242932,-0.2620507830840252,-0.4206602528518026,0.065990018231742,0.6339711770872348,0.8162655408303828,0.7134191471420777,48.70967741935484,35.294117647058826,2.42,565,0.0,0.0,0.0,1.0,0.32949999999999996,1.0,0.0,0.0,0.0,0.0553376862745098,0.0,0.0,0.0017901244444444,0.0,0.0,0.0033010803333333,0.0034722208333333,0.0,0.933333,0.0,0.0666667,0.0,0.114286,4.87215,34983.0,22234.0,0.0222,0.7439,0.0299,1.0
0,-0.1251371879811079,-0.1653233425245652,0.1355483491744262,-0.0536805976675343,0.0029354276227775,-0.2333646782975426,-0.0430465189942834,0.0495277941336817,0.5106089369661625,6.696292089643743,0.1749981723525504,47.18954248366013,42.35294117647059,2.41,672,0.0,0.0,0.0,1.0,0.129,1.0,0.4849000000000001,1.0,0.2511359999999999,0.1447955777777777,0.0,0.3416783647058824,0.0702753129032258,0.0035294129411764,0.1144680170731707,0.040682195625,0.0029312376175548,1.0,1.0,1.0,0.754762,0.888889,0.838095,4.34117,15.0,9683.0,0.082,0.3546,0.2312,1.0
0,0.1651968106977285,0.3483135318564399,0.3179641594249905,-0.2002676521788813,-0.1930967007549613,-0.0432044987746808,-0.0478509786054262,0.3697994325620525,0.1165598183276873,2.8647315737433647,0.3855208095908834,45.79533941236069,30.58823529411765,2.38,0,0.0,1.0,0.0,0.0,0.0,0.0,0.0814,1.0,0.0041152222222222,0.0,0.0,0.01333332,0.0042087575757575,0.0,0.0105072478260869,0.0042693904255319,0.0,0.037037,0.0,0.0333333,0.0833333,0.111111,0.111111,5.34297,701.0,4459.0,0.1021,0.6055,0.1686,1.0
0,0.69169792825634,0.3452553805016499,2.9421431116148664,-0.3194567979929391,-0.2050196889408199,-0.4717799958093408,0.2460790112594041,0.2436407005412499,2.7819507416104514,6.592334875618769,0.2797395354431404,54.7112462006079,28.235294117647054,2.38,1330,0.0,1.0,0.0,0.0,0.0,0.0,0.11249999999999999,1.0,0.1840245225352112,0.0262806621212121,0.0,0.0766961032258064,0.0277777619047619,0.0,0.0077425695488721,0.0103922888446215,0.0058201142857142,1.0,0.666667,0.958333,0.638889,0.533333,0.4,6.66426,343.0,95.0,0.1266,0.4264,0.297,1.0
0,-0.2507069128727924,0.030510638586195,-0.4115544787343668,0.4462060610558743,0.254309910730059,0.0332670500399975,-0.3092548512071502,-0.1495423177907718,-0.3611569646571863,2.382473458355158,0.7254051353941898,43.447669305189095,38.82352941176471,2.38,348,0.0,0.0,0.0,1.0,0.29445000000000005,1.0,0.0554,1.0,0.505344,0.0054787548387096,0.0040755620253164,0.0401895,0.0046176068181818,0.0023034103448275,0.0229760690265486,0.0082271783699059,0.003107769503546,1.0,0.0666667,0.180952,0.0666667,0.888889,0.169312,4.6751,8156.0,10864.0,0.0707,0.3478,0.2034,1.0
0,0.1214803965549322,-0.2025798282508088,0.9440657039374296,0.2309653796373088,-0.1642202011590137,-0.0513129898586221,0.029217243513834,-0.142899574457388,1.0438175044311409,2.858956402471532,0.5810410349251816,47.97507788161994,25.882352941176475,2.38,437,0.0,1.0,0.0,0.0,0.3671,1.0,0.0,0.0,0.0,0.0035842258064516,0.0061728555555555,0.0,0.0021604977777777,0.0,0.0057870354166666,0.004056631441048,0.0029761875,0.0,0.222222,0.0,0.0555557,0.111111,0.0833333,9.47026,3982.0,58597.0,0.0953,0.3848,0.2476,1.0
0,-0.2216175557327213,-0.144408806619807,-0.2296934554328361,0.5101650237430154,0.8994423140668036,0.7138854839420978,-0.1565949428178799,-0.1935287456699236,-0.3079544112500186,0.2680560350274489,0.9912566584866832,44.8901623686724,37.05882352941177,2.38,0,0.0,0.0,0.0,1.0,0.0,0.0,0.0002,0.04,0.0066239288461538,0.0028787872727272,0.0026729566037735,0.0045138895833333,0.0,0.0055009619047619,0.0047084294326241,0.0033992392982456,0.0020365464396284,0.111111,0.0833333,0.0833333,0.0,0.15873,0.111111,9.47026,33171.0,28330.0,0.136,0.4983,0.273,1.0
0,-0.2485803422468331,-0.0872087934222666,-0.1946856117803067,0.6731079340996897,0.91033568333133,0.7759309762339357,-0.2580228591348423,-0.2781659347923552,-0.2642155163082221,0.0352409138619047,0.9415906696010132,44.3075117370892,34.11764705882353,2.38,0,0.0,0.0,0.0,1.0,0.0,0.0,0.20379999999999998,1.0,0.0025252515151515,0.2785449525,0.0086127845070422,0.0051724137931034,0.0120346327272727,0.0034155321428571,0.0043218439688715,0.0122526920792079,0.0058881211356466,0.0833333,1.0,0.0833333,0.395238,0.15873,0.333333,7.56578,31617.0,29639.0,0.0773,0.4594,0.1682,1.0
0,1.7341934522332747,-0.0638820359284198,0.8798574691391486,-0.0600310962875694,0.0626662668767051,-0.1710949355878799,1.387018807640526,0.2519088039163483,0.9750729114295548,6.738649810724796,0.1705983362297121,55.427841634738186,41.76470588235294,2.39,0,0.0,1.0,0.0,0.0,0.0,0.0,0.0,0.0,0.0021164018518518,0.0,0.0,0.0049999975,0.013888875,0.0,0.0035744449438202,0.0012345685185185,0.0032051269230769,0.0666667,0.0,0.0833333,0.111111,0.111111,0.0666667,5.00904,7680.0,591.0,0.0354,1.3154,0.0269,1.0
0,-0.0310473747801722,-0.2869687397496322,0.9661186940425364,0.0126546251224608,0.4149471990104652,-0.0951378920821365,-0.1234865996322238,-0.2088911491815487,0.1745023339334906,0.714403198947964,0.889065843128656,48.58156028368794,32.94117647058823,2.4,342,0.0,1.0,0.0,0.0,0.0,0.0,0.48589999999999994,1.0,0.0008818365079365,0.0133333399999999,0.0069444625,0.0026664968253968,0.0,0.0,0.0041510815286624,0.0139371472972973,0.002777775,0.0555557,0.0666667,0.084656,0.0,0.111111,0.194444,8.41801,13707.0,39587.0,0.1204,0.3691,0.3263,1.0
0,-0.1869229807881206,-0.2744964653544938,-0.9845612231783444,-0.0268745903157866,0.7165764426475418,-0.3345688095346147,-0.2273079090345619,-0.3409908451482131,-1.2973420368578636,0.2567770499912831,1.0,41.53732446415373,31.76470588235294,2.4,0,0.0,0.0,1.0,0.0,0.0,0.0,0.39985,1.0,0.1537723222222222,0.364270423076923,0.6984620878475335,0.0722734763157894,0.1480564730769231,0.2288599554713115,0.0040960777777777,0.0402793649289099,0.0355603424041952,1.0,1.0,0.651515,0.933333,0.125,0.426587,237.611,48093.0,488.0,0.3883,0.8483,0.4577,1.0
0,-0.1142537889137907,0.2441573837093137,-0.1381608216879215,0.0028655592937963,-0.1415692044664253,-0.0315728841163987,0.6549134413002536,0.3178496363931408,0.0782093773300578,3.90761028736596,0.2984575608580228,45.776375744830005,37.05882352941177,2.4,0,0.0,1.0,0.0,0.0,0.0,0.0,0.12299999999999998,1.0,0.0,0.1976190599999999,0.0771879108108108,0.0073297863636363,0.0,0.0052304978723404,0.0065223869158878,0.002564103076923,0.0019326161057692,0.0,0.904762,0.0833333,0.0,0.111111,0.111111,3.89097,2168.0,190.0,0.0258,0.4344,0.0594,1.0
0,-0.1514350402636534,0.3194941061917337,0.0350606187551605,-0.0499525293535161,-0.0569595523515013,0.2798824003083181,-0.3889710837011865,-0.0243720613622159,0.1955380801194041,1.9119478909916336,0.6826848814416822,50.324675324675326,40.0,2.41,0,0.0,0.0,0.0,1.0,0.0,0.0,0.03125000000000001,0.93,0.0101851766666666,0.5974091176470588,0.0022675714285714,0.0089869205882352,0.2360582777777778,0.0,0.0052449931677018,0.0287298708108108,0.0012426914473684,0.222222,1.0,0.111111,0.572222,0.111111,0.47619,3.17749,37.0,6422.0,0.0564,0.4454,0.1266,1.0
0,0.1535539859971827,-0.2061913289532029,0.2797464534150777,-0.2219088513367183,0.1529581396071245,-0.128861504263649,0.3654476963157737,-0.1225669646094617,0.6499696550748304,3.750447630942464,0.2635569687951488,46.6011466011466,43.52941176470589,2.41,8298,0.0,0.0,0.0,1.0,0.0,0.0,0.0,0.0,0.0,0.0,0.0555555555555555,0.0055555636363636,0.010101,0.0089743615384615,0.0015909099999999,0.0028722591836734,0.0027500941860465,0.0,0.0,0.0666667,0.111111,0.0666667,0.074074,4.3233,5918.0,7549.0,0.0362,0.4608,0.0785,1.0
0,-0.2142979957237336,-0.188385262375765,0.520906615451499,0.6272894763233502,0.3214174991272623,0.7801943108443372,-0.0347072445730353,0.067500392281756,0.1159876239478709,2.5805794000617026,0.5205003176799353,50.26178010471204,33.52941176470588,2.41,4774,0.0,0.0,0.0,1.0,0.0,0.0,0.0,0.0,0.0012626272727272,0.0,0.0,0.0,0.0055555636363636,0.0,0.003137543877551,0.0033686657894736,0.0,0.0416667,0.0,0.0,0.0666667,0.113636,0.111111,4.3233,2394.0,12200.0,0.0282,0.2801,0.1005,1.0
0,0.1813383368593334,0.1019776464686919,-0.0394519360989521,-0.1750418671646474,0.1430169652945347,-0.2171328273112412,0.0403457742124972,0.2713361123847402,0.3666160103695607,3.621307762283916,0.2842019012913558,47.61904761904761,40.588235294117645,2.41,1342,0.0,1.0,0.0,0.0,0.0,0.0,0.1595,1.0,0.0286375375,0.0,0.0811508,0.0,0.01166668,0.0030555599999999,0.0129629583333333,0.0058574102564102,0.003710912562814,0.148148,0.0,0.0,0.166667,0.944444,0.111111,4.23665,869.0,21627.0,0.0311,0.2574,0.1209,1.0
0,-0.1375496639842874,0.7099163705057484,0.5989622042996412,-0.1861142765465597,-0.0720070115658958,-0.2059142414776028,0.1596923120637276,0.9255667836204876,0.6768814688305659,3.612449964232303,0.3281673056479697,51.4063435068821,32.35294117647059,2.41,0,0.0,1.0,0.0,0.0,0.0,0.0,0.0,0.0,0.0,0.0624236923076923,0.0,0.0035088981818181,0.003277782,0.0147059,0.0038879949438202,0.0041703766393442,0.0049382694444444,0.0,0.513889,0.0666667,0.0666667,0.133333,0.111111,4.23665,18356.0,3026.0,0.037,0.788,0.0469,1.0
0,0.3647248819254206,0.3148359227703766,0.1365305114372236,0.0750355080673968,-0.074360845568745,-0.100092326112153,0.4969255730408045,0.744623060330719,0.1450027727053434,5.37871201993616,0.202827854861899,47.16880341880342,32.94117647058823,2.41,1573,0.0,1.0,0.0,0.0,0.0,0.0,0.162,1.0,0.0,0.005291,0.079166725,0.0029690676923076,0.0,0.0,0.0036617925742574,0.00217865,0.0036853663366336,0.0,0.047619,0.0666667,0.0,0.133333,0.0833333,4.23665,8212.0,12203.0,0.0171,0.3764,0.0455,1.0
0,0.166515402488363,0.4364577115566544,-0.1860148431811062,0.3455066222398332,-0.2689734109184106,-0.2096220485548227,0.0593808951364877,0.6466674512525382,-0.0513149743862082,3.2213929284044625,0.2675322007536592,45.01677521215709,37.05882352941177,2.41,3932,0.0,1.0,0.0,0.0,0.0,0.0,0.0,0.0,0.2777777142857142,0.1417748999999999,0.2125869292134831,0.0032051307692307,0.0217893357142857,0.0047397467005076,0.0025193813953488,0.0032098761904761,0.0038816753846153,1.0,0.909091,0.0416667,0.238384,0.0666667,0.0833333,17.1584,12100.0,10373.0,0.0501,0.3387,0.1481,1.0
0,0.1777258281208062,-0.0560845265567725,1.6541725035486177,-0.1609487119830819,0.0323614058035285,-0.4207747300975203,0.6886467143720356,0.09959839032134,2.199101296236236,6.515996898336443,0.2969360554225898,51.77304964539007,42.35294117647059,2.41,354,0.0,0.0,0.0,1.0,0.11959999999999997,1.0,0.0,0.0,0.0582589375,0.0,0.0032679823529411,0.0378787727272727,0.0045584025641025,0.0111111,0.0312161523529411,0.0038217323076923,0.0042328037037037,0.861111,0.0,0.833333,0.111111,0.511905,0.111111,4.6751,114.0,1345.0,0.0305,0.3053,0.1,1.0
0,0.3277688412525156,0.0226419420693296,-0.0494998297584095,-0.3287394127403625,-0.0058312917089667,-0.3640081809067194,-0.1419388372305794,0.1138829341181486,0.2155484792737135,1.4871031736480718,0.7548399527580036,41.51651651651652,35.294117647058826,2.42,477,1.0,0.0,0.0,0.0,0.4968,1.0,0.0,0.0,0.0,0.0916493913043478,0.0194681851851851,0.0,0.002721088095238,0.0023148145833333,0.0064102538461538,0.0023053647619047,0.0017695076086956,0.0,0.952381,0.0,0.0666667,0.0833333,0.111111,14.4046,17328.0,34249.0,0.0779,0.3754,0.2076,1.0
0,0.8679849985484781,0.0964550043871039,0.3778596572031938,0.2404084344323463,0.1418258255873561,0.8743493957399494,1.1341011115959077,-0.1076319804758436,0.3103395393062015,0.3577148002334627,0.8575786485956979,48.51994851994852,35.88235294117647,2.42,3218,0.0,1.0,0.0,0.0,0.0,0.0,0.0,0.0,0.0067460296296296,0.0025252515151515,0.0232484862068965,0.0024176981481481,0.0,0.0069664833333333,0.0072558116104868,0.0029055128755364,0.0055266650485436,0.111111,0.0833333,0.0555557,0.0,0.133333,0.0833333,5.34297,17840.0,1170.0,0.0748,0.4656,0.1607,1.0
0,0.2189572723594391,0.473648264634064,-0.0220068546108769,0.3774122218564129,0.0126537464274637,0.5555073919245384,0.0440468463364997,0.6906654798454169,-0.1301985741452856,0.0416085965214457,0.8544820996854454,44.21681604780196,29.411764705882355,2.42,0,0.0,1.0,0.0,0.0,0.0,0.0,0.04375,0.92,0.0,0.1235827857142857,0.0690947,0.0026041671875,0.0,0.0055084745762711,0.0034542044827586,0.0026115837606837,0.0034162708860759,0.0,0.833333,0.111111,0.0,0.111111,0.111111,5.67691,9119.0,8224.0,0.0946,0.5495,0.1722,1.0
0,-0.270255125112101,-0.1996625248152286,-0.1267109204136886,0.9595039568610954,0.852435083117728,1.2217995727576174,-0.112857982146016,-0.0797492067830265,-0.0358878928799051,2.630075444839474,0.4141117130007894,47.00374531835206,38.82352941176471,2.42,1660,0.0,1.0,0.0,0.0,0.07185,1.0,0.0655,1.0,0.0014781951219512,0.004708540625,0.0027195,0.0043650766666666,0.0049189791666666,0.000777,0.0047276786713286,0.0025270026819923,0.0053668552447552,0.030303,0.0833333,0.0833333,0.111111,0.111111,0.111111,5.00904,8266.0,2934.0,0.0258,0.3118,0.0828,1.0
0,0.0411906786870492,0.046799374962497,0.5777078766063117,0.1907036581578043,-0.0575455574371949,0.3029011206145495,-0.2291770257438615,0.0411015206563528,0.4232638273746069,1.2335724351284791,0.4796294671957364,48.29931972789115,34.11764705882353,2.42,431,0.0,0.0,0.0,1.0,0.0,0.0,0.16585,1.0,0.00396825,0.0,0.0,0.0,0.0,0.0,0.007961,0.0029239842105263,0.0030864166666666,0.047619,0.0,0.0,0.0,0.111111,0.0555557,10.352,571.0,9127.0,0.1728,0.5025,0.3439,1.0
0,0.0029026285432549,-0.0765030057402349,0.1687284934840115,0.1073560375552623,0.0686247063989215,0.0098618604227543,0.2489720507529379,0.3949568224091011,0.4449132448522876,6.74783108923991,0.0719733729587081,51.07794361525705,41.76470588235294,2.42,7788,0.0,0.0,0.0,1.0,0.0,0.0,0.0,0.0,0.0710317307692307,0.0,0.0481481647058823,0.004815527027027,0.0019841261904761,0.0019561830985915,0.0028132248366013,0.0021230175,0.0028211321070234,0.944444,0.0,0.111111,0.0833333,0.111111,0.0666667,6.34478,6079.0,167.0,0.0147,0.3219,0.0456,1.0
0,-0.0706848749288016,-0.0851063926912197,0.0862864234427923,-0.1764388609882584,0.9015127905211802,0.3294270531747121,-0.3683138583054109,-0.1617893502762951,0.0499355145965903,0.6225591855177254,0.7287773317439573,45.0925925925926,28.823529411764703,2.42,0,1.0,0.0,0.0,0.0,0.0,0.0,0.13849999999999998,1.0,0.0,0.0015151522727272,0.2826457846153846,0.00079365,0.0018518507692307,0.0921802117647059,0.0037324685897435,0.0047634355212355,0.0080183471223021,0.0,0.0666667,0.0238095,0.0833333,0.111111,0.222222,4.6751,2285.0,7010.0,0.0368,0.3774,0.0976,1.0
0,0.3540575606056992,0.1618998000723842,0.181813604672941,-0.0606551877751042,0.0354448512916986,-0.1377041214586103,0.273215538334071,0.4685661664800454,0.1190721130454057,4.69774145250492,0.1494997170029972,44.72727272727273,31.76470588235294,2.42,4671,1.0,0.0,0.0,0.0,0.0,0.0,0.0,0.0,0.0,0.0,0.0,0.0,0.0,0.002083334375,0.0008802016460905,0.0033655556390977,0.0038762347826086,0.0,0.0,0.0,0.0,0.0833333,0.0833333,4.6751,1488.0,10188.0,0.057,0.6563,0.0868,1.0
0,0.624951930140004,0.0494091019578094,0.1176005515298318,0.0553811918493625,0.565028954894798,0.2699089695026611,0.6429058219487306,-0.1858337726700573,0.0804002350332427,0.0648877303135578,0.9635694112710212,46.66666666666666,27.647058823529413,2.42,134,0.0,0.0,0.0,1.0,0.0,0.0,0.031100000000000003,0.98,0.010090693877551,0.0032532513513513,0.001221,0.0016260170731707,0.00361690625,0.005366588095238,0.0036559768041237,0.0341816014925373,0.0027617074766355,0.133333,0.0833333,0.0666667,0.115741,0.122222,0.698413,6.35498,7942.0,546.0,0.0759,0.5971,0.1271,1.0
0,0.6131572136203916,-0.2217132284032894,0.1255413121573111,0.0750521436466158,0.2739864128623445,0.4933622745516836,0.0316834956582757,-0.080937320047902,-0.0269052564887397,1.5445459619352355,0.8269475824999603,48.77637130801688,40.588235294117645,2.42,0,0.0,0.0,0.0,1.0,0.05865000000000001,0.96,0.11984999999999997,0.99,0.0,0.0,0.00818451875,0.0,0.0,0.0042735,0.0,0.0038947694444444,0.0,0.0,0.0,0.0,0.0,0.0,0.0555557,5.67691,22905.0,740.0,0.0629,0.3902,0.1612,1.0
0,0.165389162535838,-0.0968995236829409,-0.0616540616375985,-0.1032928440956851,0.2007937049480039,-0.0202292863260352,0.6617942698545598,0.1188565356361988,-0.217004448710712,0.9122923723560212,0.7687866889785605,44.78041756659467,40.0,2.42,1274,0.0,0.0,0.0,1.0,0.0588,0.99,0.0,0.0,0.0,0.0106090061224489,0.002849,0.0,0.0,0.0064102615384615,0.0,0.0027356904040404,0.0037105297619047,0.0,0.166667,0.0,0.0,0.0,0.111111,5.67691,5984.0,17720.0,0.1016,0.3051,0.3329,1.0
0,0.4736273593752061,0.1408875481696641,1.549816847471122,-0.1661969922482491,0.0054778959616384,-0.5031126201641873,0.7262480013783317,0.0943532157727499,0.8716943213466001,2.221912251520024,0.6306085163305958,53.17460317460318,35.294117647058826,2.42,448,0.0,0.0,0.0,1.0,0.7592999999999998,1.0,0.0,0.0,0.0,0.0,0.0,0.0,0.0,0.0,0.0025252515151515,0.0063606230215827,0.0102564153846153,0.0,0.0,0.0,0.0,0.0833333,0.111111,4.6751,11235.0,535.0,0.0818,0.4072,0.201,1.0
0,-0.0137269810299499,-0.0612169895924656,0.0396747351096864,0.0272432258148082,0.3747124482667473,-0.0754214306763888,-0.0349501385822266,-0.0004555648462092,-0.3710433318996659,0.8213357995254867,0.918440420039166,48.565965583174,35.294117647058826,2.42,929,0.0,0.0,0.0,1.0,0.16799999999999998,1.0,0.11915,1.0,0.0,0.0017636666666666,0.812037,0.0,0.0,0.1933760230769231,0.0,0.0009009013513513,0.05899468,0.0,0.037037,0.0,0.0,0.0,0.0666667,3.67481,4659.0,5569.0,0.0266,0.542,0.0491,1.0
0,0.2706831618458375,0.2524111988160744,0.0401256226518556,-0.0913932386261489,-0.1497791135244739,-0.3134748187962722,0.1034702890541133,0.3605006512767635,-0.1291382833967901,0.2934792328119549,0.9648596184949996,47.6456009913259,33.52941176470588,2.42,1779,0.0,1.0,0.0,0.0,0.0,0.0,0.0845,1.0,0.0009578551724137,0.0021367538461538,0.0074515095238095,0.0,0.0,0.004098129090909,0.0035314364341085,0.0031747382022471,0.0027930399038461,0.0277778,0.0277778,0.0,0.0,0.111111,0.0555557,3.89097,8750.0,7396.0,0.0667,0.3703,0.1801,1.0
0,-0.1941851486422136,0.0878713545452176,0.1136612447524529,-0.1433048104846051,-0.2395747697108333,-0.1336532048776365,-0.1499272821671082,0.151278193972243,0.1737835308976067,3.7039171961455657,0.1885764713227465,47.08691499522445,49.41176470588236,2.42,7423,0.0,1.0,0.0,0.0,0.0,0.0,0.0,0.0,0.005847947368421,0.0092592555555555,0.2059934034482758,0.0,0.0,0.0043480641509433,0.0014334970198675,0.0031746035714285,0.0075160830985915,0.111111,0.0833333,0.0,0.0,0.0666667,0.111111,4.23665,11572.0,12897.0,0.0306,0.5201,0.0588,1.0
0,-0.1222209346490079,-0.1802312915875513,0.2484698724224849,-0.1172673731434759,0.0824582077696051,0.3009409605670221,0.0597567657558015,-0.159007718796794,0.1872609445985991,1.0210651107982158,0.8701945301613435,43.41085271317829,35.294117647058826,2.42,810,0.0,1.0,0.0,0.0,0.27685000000000004,1.0,0.0,0.0,0.0968983689655172,0.003072193548387,0.0033333349999999,0.0286616227272727,0.0023341041666666,0.0,0.0705063696629213,0.0033253354651162,0.0032574759036144,1.0,0.047619,0.588889,0.0416667,0.805556,0.111111,3.60115,2382.0,378.0,0.0823,0.1762,0.4672,1.0
0,-0.1102745695873347,-0.2109743414113364,-0.1560728678983483,0.0171787790379094,0.3920584597517667,0.7163822567391354,-0.093115988428419,0.0020381126820183,0.1271616818764109,5.046290772198907,0.2888878473400375,50.43572984749455,34.705882352941174,2.42,2347,0.0,1.0,0.0,0.0,0.0,0.0,0.0,0.0,0.0025589218181818,0.0259485146341463,0.0014367810344827,0.0034661510204081,0.0,0.0014124288135593,0.0019390139072847,0.0035516971731448,0.002547977118644,0.0666667,0.357143,0.0666667,0.0,0.0833333,0.111111,6.56681,34418.0,2378.0,0.0231,0.3278,0.0704,1.0
0,-0.2704158455599755,0.0460376687706663,0.2671164824723284,0.7133822041858737,0.3443014807542366,0.2936475336052925,-0.1899465783859899,-0.0249325775935652,-0.0198559607534252,3.0258471142840007,0.6926751913987822,50.750750750750754,35.88235294117647,2.42,5313,0.0,1.0,0.0,0.0,0.0,0.0,0.0,0.0,0.001443,0.0081300902439024,0.0037792857142857,0.0028400274509803,0.0056132727272727,0.0018518566666666,0.0038336762411347,0.0043966437499999,0.0052073703225806,0.047619,0.266667,0.0555557,0.111111,0.0833333,0.111111,3.45864,21031.0,15372.0,0.035,0.2842,0.1231,1.0
0,0.1818142649183147,0.5939564563689133,-0.2014676883996053,-0.0973004306044322,-0.18093652307854,-0.377459169926951,0.8012382430121325,0.7303295098221108,-0.0323551653520318,4.210210507643982,0.1820163568786668,44.55713319810683,44.11764705882353,2.42,1825,0.0,0.0,1.0,0.0,0.11100000000000002,1.0,0.0,0.0,0.25,0.0,0.0425127415094339,0.0,0.0039215705882352,0.0024890462365591,0.0072016407407407,0.0042079217821782,0.0027602705882352,1.0,0.0,0.0,0.0666667,0.111111,0.111111,4.3233,6211.0,10280.0,0.0312,0.3746,0.0833,1.0
0,0.5063200460867301,-0.193172482747272,-0.2451785490777895,-0.3902610325758823,-0.1041604628739811,-0.2089350909990964,-0.2793749635316777,-0.6099583060742705,-0.2941353363839011,0.0,,46.52014652014652,25.294117647058822,14.34,0,0.0,0.0,1.0,0.0,0.1805,1.0,0.24935000000000002,1.0,0.518340204347826,0.2199285799999999,0.4964871250000001,0.162698423076923,0.0325290986666666,0.1737664884615384,0.0197867711864406,0.0069230769230769,0.0184312584033613,1.0,1.0,0.933333,0.75,1.0,0.616667,9.11951,21845.0,460.0,0.1555,0.44,0.3534,1.0
0,-0.2172809218200637,0.1309942677686119,-0.3800883588118833,-0.161770307130651,0.0489602115170274,-0.4601748739427588,-0.5715934437289338,0.3988184644860021,-0.5465818496731669,2.357965470868491,0.3463339463931451,42.50764525993883,33.52941176470588,14.34,941,0.0,0.0,0.0,1.0,0.0,0.0,0.22045,1.0,0.0,0.5738184041666666,0.1621003845070422,0.10052905,0.2293530727272727,0.0024825202380952,0.0135501463414634,0.0239811675675675,0.0034908482470784,0.0,1.0,0.472222,0.933333,0.277778,1.0,9.11951,15154.0,6106.0,0.1021,0.3709,0.2754,1.0
0,-0.1401413532279088,0.2342869792556847,0.5953753061162435,-0.2827121765544658,-0.1434359530594862,-0.3842331029288887,-0.0818568012870164,0.2251619350127625,0.8997552639677815,2.0385587590709,0.1869667866703278,42.29128580134064,31.176470588235293,9.12,540,0.0,0.0,0.0,1.0,0.23440000000000005,1.0,0.0,0.0,0.2180158,0.0216048888888888,0.0,0.029166625,0.0,0.0,0.0165555459999999,0.0024613202531645,0.003845678,0.774603,0.194444,0.233333,0.0,0.122222,0.111111,7.71651,95231.0,81185.0,0.0636,0.5487,0.1159,1.0
1,-0.1476967325636036,0.0057679744899377,-0.0663180964045508,-0.0937748661770913,-0.015323941846514,-0.0433674220804132,-0.1570453861382224,0.0539862303474053,0.1931407957213975,2.9013093201267184,0.2240058329668585,45.99708879184862,40.0,3.94,200,0.0,1.0,0.0,0.0,0.5924999999999999,1.0,0.18109999999999996,1.0,0.9444445,0.0,0.0,0.279365,0.008878788,0.01666666,0.0519842333333333,0.0073639070588235,0.0087301714285714,1.0,0.0,0.457143,0.0833333,0.114286,0.122222,5.78532,9666.0,6767.0,0.0318,0.4015,0.0792,0.0
1,0.0047064644065399,0.0646877492989373,1.35285614338837,-0.0922755489790353,-0.2690839532795331,-0.5010839003024409,-0.020756761167295,-0.1347688375314789,0.9553748994694669,0.4593619958270464,0.855404235926639,48.29059829059829,30.0,4.34,324,0.0,1.0,0.0,0.0,0.27195,1.0,0.26999999999999996,1.0,0.2716048722222222,0.3969400116666667,0.0,0.1516694034482758,0.1779100425925925,0.0,0.0747110198198197,0.0148933135514018,0.0029761892857142,1.0,1.0,0.888889,0.904762,0.877778,0.361111,6.77864,7810.0,1284.0,0.031,0.218,0.1423,0.0
1,0.3503883560729441,-0.2987548895223233,-0.1322247301346868,-0.0997123655387471,0.0239310306993597,-0.3178879079158876,0.5235363598016098,-0.0509956355215636,-0.1573470939912735,0.0251104263683193,1.0,46.05855855855856,32.35294117647059,4.27,671,0.0,0.0,1.0,0.0,0.16140000000000002,1.0,0.035800000000000005,0.95,0.6684684842105263,0.560325093023256,0.0,0.1387781684210526,0.0955075985294117,0.0111111095238095,0.0277727847533632,0.0171671732057416,0.0038956621951219,1.0,1.0,0.851852,0.857143,0.412699,0.420996,3.64647,28853.0,3879.0,0.1675,0.3429,0.4883,0.0
1,-0.2934523278190877,-0.2139493100547553,-0.0392083090993908,-0.2555940361335079,-0.1893630485738658,-0.3532423283322664,-0.2157034573224251,-0.0704096842021708,-0.0367820583986605,2.46841323241046,0.1398104114546173,45.27732015376167,37.05882352941177,4.0,355,0.0,1.0,0.0,0.0,0.43170000000000003,1.0,0.0,0.0,0.3405830230769231,0.0034391595238095,0.1186873180952381,0.1862103361111111,0.0025864535714285,0.0041392255319148,0.0599829158730158,0.0033619621700879,0.0024454242962962,1.0,0.0555557,1.0,0.0555557,1.0,0.111111,4.3233,11846.0,901.0,0.1244,0.2637,0.4717,0.0
1,-0.3571216192700382,-0.0378541296168697,0.7574210791604732,-0.3421675672633071,0.1691781540610016,-0.2981910231904646,-0.2296787510398724,0.034603549997292,1.0355998221225131,1.9587701289624504,0.5327384757081155,49.61597542242704,37.05882352941177,3.33,643,0.0,0.0,0.0,1.0,0.28245000000000003,1.0,0.0,0.0,0.0406613666666666,0.0389957307692307,0.0056267794871794,0.0061728428571428,0.0034113035087719,0.001190475,0.0097858767857142,0.0027247101796407,0.0054687489583333,0.666667,1.0,0.0555557,0.111111,0.15,0.111111,3.64647,11.0,1414.0,0.0752,0.4032,0.1866,0.0
1,0.1206325579011216,-0.1817109025442227,-0.2733906378197053,0.4890286875227508,0.5167184116414218,0.9680770272615014,-0.0875336515644602,-0.193836560229384,-0.2319798146527567,0.4957161105136024,1.0,50.29940119760479,47.05882352941176,3.32,1247,0.0,0.0,1.0,0.0,0.08610000000000001,1.0,0.0,0.0,0.25,0.0022148372093023,0.0,0.1777775,0.0,0.0031746,0.0075757545454545,0.0017205656716417,0.0030555599999999,0.25,0.047619,0.222222,0.0,0.0833333,0.0666667,4.05163,11593.0,95702.0,0.1273,0.4457,0.2856,0.0
1,-0.1986920273561094,0.0529523018877832,1.085109428553158,0.7992858502355187,0.1209695740544283,0.4651357684332025,-0.2820034415873418,-0.1713617701651978,0.2858033221539567,0.7315343352874244,0.7605940169882119,52.38095238095239,50.588235294117645,3.32,1549,0.0,0.0,0.0,1.0,0.09299999999999999,1.0,0.0,0.0,0.00238095,0.00132275,0.0,0.0,0.001287,0.0,0.0013071901960784,0.0027777811023622,0.0,0.047619,0.047619,0.0,0.047619,0.0666667,0.0666667,4.05163,94643.0,12985.0,0.1435,0.845,0.1699,0.0
1,-0.2915063288708486,-0.1656145883013463,-0.1671997796629025,0.1211264402458323,0.0224580270067636,0.2617213420983428,-0.2642474563579865,-0.1884607931916822,-0.6406580177919237,2.5278000513309395,0.6551764758533354,42.99175500588928,27.058823529411764,3.26,717,0.0,1.0,0.0,0.0,0.0,0.0,0.374,1.0,0.1288888666666666,0.0020703913043478,0.0128205128205128,0.1761904285714285,0.0,0.0059523766666666,0.016494849484536,0.0068474425,0.0039458688461538,1.0,0.047619,0.583333,0.0,0.344445,0.111111,4.75563,19200.0,751.0,0.1163,0.4222,0.2754,0.0
1,-0.070715863383981,-0.1831926117193558,-0.1001471403263637,0.3741786111718367,-0.1108667912906882,-0.1614289391783586,0.0558709583672479,-0.1440762093038449,-0.3871264566469098,0.0,,45.77417173766058,37.64705882352941,3.38,0,0.0,0.0,1.0,0.0,0.0,0.0,0.5474499999999999,1.0,0.5671811111111111,0.0,0.0,0.0858023666666666,0.0,0.0036687641509433,0.0347222136363636,0.0088122586206896,0.002832078245614,0.966667,0.0,0.294444,0.0,0.25,0.111111,4.34117,44174.0,54225.0,0.1115,0.389,0.2867,0.0
1,-0.1837560665233256,0.0720879135447585,0.4113997297192037,-0.1606318250184558,-0.1523812138898084,-0.271934949698845,-0.2389039470527681,0.1853677386347218,0.8515609242874689,2.1414663645795744,0.2331220149822795,48.5663082437276,35.88235294117647,3.88,0,0.0,0.0,1.0,0.0,0.0466,0.95,0.52345,1.0,0.0,0.699857825,0.1049382222222222,0.01875,0.2750832481481481,0.003472225,0.00771329375,0.0460968177142857,0.0026440898395721,0.0,1.0,0.0833333,0.888889,0.111111,0.6,3.38932,39361.0,29447.0,0.081,0.4272,0.1896,0.0
1,-0.2474851526229211,0.1465589640079204,-0.0730403833119764,-0.2905476421282754,0.0907580904427095,-0.2957140284079186,-0.4134988538429224,0.061269388538208,-0.0456067144606983,2.061921676036284,0.3211237582474101,45.595238095238095,37.64705882352941,3.94,714,0.0,0.0,1.0,0.0,0.4959000000000001,1.0,0.0,0.0,0.6610574864864868,0.014888908,0.111111,0.4510204535714286,0.0029550851063829,0.00666666,0.1284923028037383,0.0062432625,0.0,1.0,0.316667,1.0,0.0833333,0.805556,0.111111,3.38932,14795.0,55572.0,0.1604,0.3709,0.4326,0.0
1,0.6717969171532248,0.2251535706679516,0.5695930389729935,-0.2624391732232648,-0.2004300356611915,-0.1508406694454883,0.9114124799198458,0.0743888051912857,0.8363992603990658,7.720177309037831,0.0762624058335621,52.62379896526238,42.35294117647059,4.08,575,0.0,1.0,0.0,0.0,0.316,1.0,0.0,0.0,0.45665504375,0.0041928679245283,0.0071987464788732,0.2579211023255814,0.0009746614035087,0.0024861373493975,0.0661252391304347,0.0031235890784982,0.0045000411167512,1.0,0.111111,0.916667,0.0555557,0.833333,0.166667,4.66032,470.0,217.0,0.0019,0.5936,0.0033,0.0
1,0.4081486483234771,0.0985513236863465,0.9149215805722132,-0.1632798561703848,-0.0405342680297356,-0.288389179328746,0.5786958754197232,-0.0311150376932349,1.1545428099280457,4.062777012408617,0.2893134509234163,44.29012345679013,40.588235294117645,4.08,3010,0.0,1.0,0.0,0.0,0.0,0.0,0.0,0.0,0.0007751930232558,0.0068226070175438,0.010582,0.002849,0.003126506060606,0.0,0.005264549787234,0.0043156896995708,0.0034840192982456,0.0333333,0.111111,0.111111,0.0555557,0.111111,0.166667,3.84905,132.0,758.0,0.0572,0.3374,0.1695,0.0
1,-0.1261976280819503,0.424059513874482,-0.1849208142673146,-0.0183602096235419,0.0704329364889564,-0.4156489344617548,-0.0632842088269464,0.5982785936857367,-0.0577581058177123,3.537800384462296,0.1720218374490019,43.986254295532646,44.70588235294118,4.25,371,0.0,1.0,0.0,0.0,0.43250000000000005,1.0,0.27194999999999997,1.0,0.7014004705882354,0.3833334,0.2395833125,0.4775926666666666,0.0966088181818181,0.00444444,0.0419018970414201,0.0361634924528301,0.0,1.0,1.0,1.0,0.344444,0.571429,0.483333,5.00904,29496.0,45438.0,0.0623,0.4506,0.1383,0.0
1,-0.1908361967848491,0.0187234214155455,-0.2534633627977361,-0.1992055062179331,-0.0035221957252003,-0.3585039261135372,-0.3779391056028391,0.069913475631744,-0.1286739215602712,4.477251739756049,0.0967009297141365,45.74432010851136,30.58823529411765,4.36,498,0.0,1.0,0.0,0.0,0.20405,1.0,0.1075,1.0,0.8381332142857144,0.0116830029411764,0.2643495221518986,0.3161375555555555,0.0066849826923076,0.0030311333333333,0.0184486471698113,0.0051458026315789,0.0028839269751692,1.0,0.233333,0.555556,0.111111,0.188889,0.130952,3.81299,19667.0,52494.0,0.0245,0.3521,0.0695,0.0
1,-0.022520290897745,-0.2548761194425445,-0.0371516227756936,0.0617208868064991,0.1787987568356729,0.2156836716244976,-0.2037702366769564,-0.4835961940158926,-0.4823722049633222,0.2680193510570282,0.5963158637011652,44.52214452214452,47.05882352941176,4.62,330,0.0,1.0,0.0,0.0,0.27145,1.0,0.235,1.0,0.5083721960784313,0.7495859361702127,0.0433223913793103,0.2621659257142857,0.4604019500000003,0.0046986938053097,0.0244734867647058,0.0442544944915254,0.0021217469696969,1.0,1.0,0.833333,0.85,0.822222,0.666667,4.95884,23646.0,7140.0,0.0595,0.4632,0.1285,0.0
1,-0.0123363506689369,0.6395456635509297,-0.1840406998627075,-0.0499848473772069,-0.1366330344916967,-0.2426404580172784,-0.3836135825969771,0.7369012879814156,-0.2817941667023325,2.396533766002132,0.1626750116835163,44.23423423423423,38.23529411764706,7.37,1388,0.0,0.0,1.0,0.0,0.20295000000000002,1.0,0.0,0.0,0.8052778,0.0,0.1839523733333333,0.1314814615384615,0.0,0.0037518043636363,0.0397160999999999,0.0018152652482269,0.0029475039637599,1.0,0.0,0.958333,0.0,0.641667,0.111111,4.54561,8283.0,3067.0,0.0582,0.2447,0.2379,0.0
1,-0.0177922076788089,0.0239356959952984,0.1589058356828056,0.0205470653911008,0.3345276308015451,-0.0347176436049254,-0.2611567841506997,0.021970575066483,-0.2447496351375703,1.308054972925496,0.5659488668329831,41.82324286708421,29.411764705882355,7.34,9266,0.0,0.0,1.0,0.0,0.0,0.0,0.0,0.0,0.0024928788461538,0.010277785,0.0,0.0053221294117647,0.0023602019607843,0.0,0.0020960079295154,0.00151909609375,0.0030973697986577,0.0555557,0.0833333,0.0666667,0.0833333,0.0833333,0.111111,4.54561,11999.0,3543.0,0.0247,0.3312,0.0746,0.0
1,-0.0995963730572878,0.1013978418649471,-0.3051301269957903,0.5507077870230064,0.5433267450433138,0.4990456498706287,-0.0961246970794076,0.0393664817844889,-0.3630738778804113,1.040999557737852,0.5122503271517882,40.81424936386768,32.94117647058823,7.31,2861,0.0,0.0,1.0,0.0,0.0,0.0,0.0,0.0,0.0025793666666666,0.00270061875,0.0225,0.0077913365853658,0.0050264555555555,0.0033601666666666,0.0047471611570247,0.0018022492424242,0.0055657625490196,0.0666667,0.0555557,0.1,0.0666667,0.0833333,0.0833333,4.95884,5594.0,7788.0,0.1003,0.2943,0.3408,0.0
1,0.2165673219353449,-0.2113248666860021,-0.1169857923869442,-0.1591968194252886,-0.1127717046110327,-0.2376023854402096,0.4980278119039482,0.1351150770137156,0.0548802368959668,3.0340010653634133,0.3582829062527511,47.074610842726784,41.17647058823529,7.22,8413,0.0,0.0,1.0,0.0,0.0,0.0,0.0,0.0,0.0,0.0,0.1771242,0.00833333,0.0,0.0,0.0054263558139534,0.0026063511627906,0.0030151317757009,0.0,0.0,0.0833333,0.0,0.0833333,0.0833333,5.4697,3211.0,6484.0,0.0478,0.394,0.1212,0.0
1,0.0955290969662127,0.8837602193301233,-0.0455150817907958,-0.0397728189798977,-0.2055828425490954,-0.1433721902690904,0.4768102694091302,1.201173842696136,0.1228093907481692,5.358225201973545,0.1498688799010214,52.87356321839081,33.52941176470588,7.19,5723,0.0,0.0,0.0,1.0,0.0,0.0,0.0,0.0,0.0,0.0,0.0,0.0046685411764705,0.0104166625,0.0,0.0033791855263157,0.002604165625,0.0071428571428571,0.0,0.0,0.0555557,0.0833333,0.111111,0.0833333,5.4697,475.0,11495.0,0.0725,0.4064,0.1784,0.0
1,-0.163120581413961,0.5532293398168611,0.2466590224867976,0.0308872856486409,-0.1781418121742019,-0.1545547156535973,-0.1610970168148835,0.9142591438837566,0.2033764193753512,4.618030795161073,0.0754941375223942,45.26588845654994,37.64705882352941,7.18,1973,0.0,0.0,0.0,1.0,0.0,0.0,0.037000000000000005,1.0,0.0,0.0161249677419354,0.2819433231884058,0.0,0.0030284035087719,0.0034606045045045,0.0032051269230769,0.003430305732484,0.0037072821951219,0.0,0.277778,0.0,0.0833333,0.0833333,0.111111,5.4697,590.0,15588.0,0.0255,0.4963,0.0514,0.0
1,-0.0403935216536948,0.6375290964632094,0.1437382558536289,-0.325547028836929,-0.105765110887572,-0.1279596085879891,-0.0418664496577475,0.7646673319683127,0.1185615915349673,2.9767090752430594,0.1931576400266592,47.8319783197832,36.47058823529412,7.11,1561,0.0,0.0,0.0,1.0,0.05695,1.0,0.0,0.0,0.0026578069767441,0.0031746047619047,0.1680905882352941,0.0015360967741935,0.002020203030303,0.0,0.0043530538961038,0.0025041829059829,0.0012014386740331,0.0666667,0.0666667,0.047619,0.0666667,0.111111,0.111111,5.93131,12897.0,3798.0,0.0412,0.3837,0.1073,0.0
1,0.1000325638484175,0.9601122361837192,0.1105681601628951,-0.1698814679765086,0.2184748912396562,-0.3429722306367507,0.0016373286738477,0.5365393214755521,0.3397096185213287,4.057886118596958,0.2168990309585051,47.33475479744136,43.52941176470589,7.09,4636,0.0,0.0,0.0,1.0,0.0,0.0,0.0,0.0,0.002285714,0.0074074111111111,0.032258064516129,0.0030701736842105,0.0,0.0027210897959183,0.0021564322368421,0.0,0.0054344772486772,0.0666667,0.0666667,0.0833333,0.0,0.111111,0.0,5.93131,230.0,15972.0,0.0389,0.3771,0.1032,0.0
1,0.8267372108597204,0.3803053681912159,1.5013102855555922,0.1147878296728894,0.3340373628902685,0.2631733024113057,0.8773852498261909,0.2196056773935353,0.0016438220098735,2.0862849410066326,0.4422971297897227,50.0,32.94117647058823,7.07,8975,0.0,0.0,0.0,1.0,0.0,0.0,0.0,0.0,0.0016025634615384,0.002721088095238,0.0,0.0015015054054054,0.0037634387096774,0.0,0.0035564870292887,0.0030110259541984,0.0,0.0833333,0.0666667,0.0555557,0.0833333,0.116667,0.111111,5.18796,113.0,346.0,0.5715,1.2489,0.4576,0.0
1,-0.1818917967856083,0.0086502641535555,0.5716833118961275,-0.0731973172960351,-0.0174900478028954,-0.3429302305489456,-0.0813384991907026,0.1024009595321849,0.7935806737544224,2.235856766420109,0.2143619998539657,47.28434504792333,41.17647058823529,6.98,532,1.0,0.0,0.0,0.0,0.45880000000000015,1.0,0.0,0.0,0.4212482727272727,0.00260416875,0.015873,0.5704402473684211,0.0,0.003367,0.068004479113924,0.0007531,0.0006172833333333,1.0,0.0416667,1.0,0.0,0.588889,0.0555557,4.23665,8178.0,399.0,0.1823,0.3391,0.5377,0.0
1,0.5062745553925876,0.5071501993135414,-0.0076390307761939,-0.4156492470526866,-0.1198010648412121,-0.4867743317720071,0.3181823580518107,0.787413201575528,0.0956847129788398,3.381087173069503,0.2232849956560572,46.64948453608248,34.705882352941174,6.34,1399,0.0,1.0,0.0,0.0,0.0,0.0,0.0775,1.0,0.006060609090909,0.0,0.0,0.0,0.0,0.001683506060606,0.0059399,0.0,0.0032848333333333,0.0666667,0.0,0.0,0.0,0.111111,0.0,3.67481,594.0,14459.0,0.0689,0.3742,0.1842,0.0
1,0.0339348292578677,0.5477696945500115,0.6444740185580564,-0.4305639597918184,-0.0296733655520534,-0.4341104817617173,-0.1570426697902551,0.7696663499200685,0.5635291521739709,1.4115964999306652,0.2218755296238099,44.86301369863014,54.11764705882353,6.35,0,0.0,1.0,0.0,0.0,0.0725,1.0,0.0,0.0,0.0,0.0,0.0,0.0,0.0032679823529411,0.0,0.0,0.0023391842105263,0.0,0.0,0.0,0.0,0.0555557,0.0,0.177778,3.67481,12425.0,3076.0,0.0642,0.377,0.1702,0.0
1,-0.2796441062490868,0.3522525237876485,1.6379718599723432,-0.0822527273068418,-0.1606704046547704,-0.391292884202427,-0.1309189674529567,0.3369853697825298,1.6502545795592691,1.6179535363320598,0.1895796565640992,51.44356955380578,33.52941176470588,6.03,1493,0.0,0.0,1.0,0.0,0.0,0.0,0.27699999999999997,1.0,0.0,0.0,0.0,0.0,0.0081632642857142,0.0,0.0,0.0016991333333333,0.0,0.0,0.0,0.0,0.0666667,0.0,0.0892857,14.6932,46638.0,47275.0,0.1371,0.442,0.3101,0.0
1,0.0071380073185221,0.2515233525714191,0.957986263546338,0.0085324719217541,0.2800651410435453,-0.2883650121035618,-0.4247167879635682,-0.024616983834848,0.9417710303709916,1.0231291582818245,0.7780341723979161,53.03030303030303,28.235294117647054,5.97,1536,0.0,1.0,0.0,0.0,0.11345000000000001,1.0,0.0,0.0,0.0,0.0308641777777777,0.0,0.0,0.0,0.0,0.0021867638297872,0.001221,0.0,0.0,0.111111,0.0,0.0,0.0666667,0.047619,14.6932,30484.0,62538.0,0.0911,0.4006,0.2275,0.0
1,0.446032462360434,0.1395225551442058,0.4128362856125318,-0.0548862467478365,-0.0051905258920296,-0.1765104494853001,0.5489567551882363,0.5742920679318322,0.6060254752618455,8.22284583099998,0.1928257928332757,53.384094754653134,30.58823529411765,5.89,787,0.0,1.0,0.0,0.0,0.0,0.0,0.23620000000000005,1.0,0.037037,0.015873,0.0767704358974359,0.0,0.0,0.0035842387096774,0.0010256415384615,0.0,0.0036421813953488,0.222222,0.111111,0.0,0.0,0.0666667,0.0,14.6932,7886.0,85226.0,0.0078,0.446,0.0175,0.0
1,-0.316227812177963,-0.1548436698716107,0.0832085106566471,-0.1641672230612808,0.1927921271018152,0.6179351594531963,-0.55582594501598,-0.0504131069203324,0.2239130075697117,2.9960525539793856,0.5036457613873724,43.6980166346769,34.705882352941174,5.71,0,0.0,0.0,1.0,0.0,0.0,0.0,0.12944999999999998,1.0,0.24105552,0.5746712285714285,0.0162634419354838,0.1858219488372093,0.2040351892857142,0.0028677447368421,0.0297253486842105,0.03111852,0.002783486770428,1.0,1.0,1.0,0.722222,0.592592,1.0,3.60115,41588.0,1975.0,0.0746,0.4286,0.1739,0.0
1,-0.0682054553231528,0.436447161967141,0.4919549402380342,-0.2332623689479691,-0.3330398180025878,-0.1962048854661177,-0.1147036648054242,0.1781778431504324,-0.2671530514903469,0.2923900347202923,1.0,50.35971223021583,32.35294117647059,5.66,183,0.0,0.0,0.0,1.0,0.09390000000000001,1.0,0.071,1.0,0.0605290999999999,0.315925932,0.0,0.001666666,0.0266562956521739,0.0,0.0029472313513513,0.0100049525,0.0,0.933333,1.0,0.0833333,0.222222,0.194444,0.194444,4.44848,23101.0,22088.0,0.4101,0.4796,0.855,0.0
1,0.3970141444866107,-0.0021613399898084,0.0677787394655038,-0.2806551741884879,-0.0005336723757807,-0.2140417951337057,0.0983741487418512,0.0337602649238691,-0.0001889674254895,1.0842396038778963,0.6649197871938625,44.94163424124514,37.05882352941177,5.65,0,0.0,1.0,0.0,0.0,0.1255,1.0,0.09389999999999998,1.0,0.1970678888888889,0.0605290999999999,0.26327161,0.1164516875,0.0018518511111111,0.0238803678571428,0.0237139861111111,0.0015532885714285,0.0085424935960591,0.958333,0.933333,0.683333,0.0833333,0.273148,0.0666667,4.44848,19676.0,23851.0,0.0388,0.4874,0.0796,0.0
1,-0.2662776782821566,-0.0333469138442532,0.2774007569831968,0.1611262617760405,-0.3075311551718896,-0.1068191384812091,-0.161250191494678,0.0489009205664597,0.4275181015413752,6.464165010164436,0.1000401170190683,49.48453608247423,45.294117647058826,5.58,998,0.0,0.0,1.0,0.0,0.0,0.0,0.064,1.0,0.1027233352941176,0.3025373090909091,0.042666668,0.006590754347826,0.04410055,0.00555555,0.0056930937499999,0.0026668387096774,0.0046469373831775,0.877778,0.952381,0.111111,0.288889,0.166667,0.0972223,4.44848,8140.0,52460.0,0.0144,0.4437,0.0324,0.0
1,-0.0262034295164369,-0.3715955238230095,1.5339469358107296,0.3957705953080188,0.3779469135343834,-0.2237183381941746,-0.1262989058716695,-0.1737328598784344,1.7163636262678512,2.131684393596658,0.2709867531933598,52.59259259259259,34.705882352941174,5.55,694,0.0,0.0,0.0,1.0,0.0,0.0,0.21044999999999997,1.0,0.002898552173913,0.1481366304347826,0.0,0.0,0.0603259085106383,0.0047619028571428,0.0032117048780487,0.0043771950657894,0.0026143779411764,0.0666667,1.0,0.0,0.866667,0.166667,0.111111,4.44848,21399.0,38829.0,0.0466,0.5495,0.0848,0.0
1,0.49272159274994,-0.0358926241946392,-0.3391620768806163,0.0104719964534017,0.1195068650208025,0.2045206507572522,0.572024414797409,0.0093668199162751,-0.3149345413211591,0.0427032523714101,0.8775556589907272,40.52651093807935,28.235294117647054,5.3,0,0.0,0.0,0.0,1.0,0.31105,1.0,0.19650000000000006,1.0,0.7129630000000001,0.0982456157894736,0.1465908974747475,0.0,0.0019841321428571,0.0443610594017094,0.1234126666666666,0.006711691826923,0.0093581468148148,0.888889,0.911111,0.0,0.0555557,0.370238,0.133333,5.67691,115529.0,10233.0,0.0969,0.337,0.2876,0.0
1,0.0576866408092319,-0.0172241884596548,-0.1164196971268919,-0.152747878549516,0.2746502551723093,0.1840478808546745,0.1064939622698779,-0.1026531827732079,-0.2326816515353803,0.6949672905263617,0.7676911879831131,46.85714285714286,32.94117647058823,5.29,460,0.0,1.0,0.0,0.0,0.5817,1.0,0.23199999999999996,1.0,0.0,0.409091,0.0111111263157894,0.0,0.2778378818181818,0.0,0.0123456666666666,0.0165237705882352,0.0054466274509803,0.0,1.0,0.0,0.888889,0.111111,0.305556,5.67691,43297.0,97055.0,0.1666,0.2933,0.5679,0.0
1,-0.0564521233048458,0.0793224714124526,0.1520701821491186,-0.205349180643728,0.048746820132736,-0.1249035606007217,0.0640344509145825,0.2417633702281345,0.2440307259946914,5.475635645320965,0.0890067973555199,47.06314243759178,46.47058823529412,5.29,0,0.0,1.0,0.0,0.0,0.35960000000000003,1.0,0.13950000000000004,1.0,0.0,0.48333325,0.1062091764705882,0.0375,0.0,0.001287,0.0,0.0,0.0033956928571428,0.0,1.0,0.0833333,0.0,0.0,0.0,6.68519,66873.0,71982.0,0.0277,0.3732,0.0742,0.0
1,0.009700530797744,-0.0003982145935242,0.3048581063829322,0.2437902509179211,-0.0015516049421869,-0.2067101092743734,-0.0282736295809057,0.1164446672707139,0.3191863166241609,2.1818361761550262,0.420632953971115,45.96078431372549,34.705882352941174,5.31,462,0.0,1.0,0.0,0.0,0.1757,1.0,0.17165,1.0,0.1544583658536585,0.8874494117647058,0.0025077145833333,0.0898403034482758,0.417790829787234,0.0038194458333333,0.0607313942528735,0.0655099567999999,0.0059587649122807,1.0,1.0,1.0,1.0,0.756614,0.62963,6.68519,127464.0,11970.0,0.0585,0.5657,0.1035,0.0
1,0.0710685000874048,0.8117367402446751,0.6315945000898429,-0.3347411353897105,-0.0463072238849396,0.0315624863425072,-0.0684944094296831,0.946006120996372,0.6362437265591495,0.0785557267477062,0.9346220047661696,41.02564102564102,37.05882352941177,5.32,61,0.0,1.0,0.0,0.0,0.17045,1.0,0.2493,1.0,0.0053030386363636,0.0445473333333333,0.0,0.0029239771929824,0.033690809090909,0.001149424137931,0.0042857129166666,0.0146957544025157,0.0044165194444444,0.166667,0.611111,0.111111,0.883333,0.111111,0.412037,6.68519,788.0,2619.0,0.2178,0.5328,0.4087,0.0
1,-0.1655063159954829,-0.0587402437852244,0.2848266705684054,0.1334506231226594,0.0455592929456797,-0.3874269612194091,-0.1182309742487643,0.1939242578124422,1.4422252164428797,5.3318052501826045,0.3095367036331856,46.39175257731959,45.294117647058826,5.33,808,0.0,1.0,0.0,0.0,0.3469000000000001,1.0,0.30999999999999994,1.0,0.1162963333333333,0.27142856,0.00563446875,0.1520688230769231,0.0175606551724137,0.0065874833333333,0.085314196551724,0.0164593348314606,0.0033430238372093,1.0,1.0,0.888889,0.148148,0.766667,0.311111,4.34117,412.0,157.0,0.0314,0.6077,0.0516,0.0
1,-0.1628294911371388,0.5834217521830297,0.9289010803457024,-0.1421847908451263,-0.1189676130933368,-0.1414586427706946,-0.0884092030005402,1.0137588039468317,1.0954916106029426,3.2072864422151177,0.1865471707269045,44.65020576131688,39.41176470588236,5.33,1308,0.0,0.0,1.0,0.0,0.0,0.0,0.21625,1.0,0.1858215324324324,0.0227272795454545,0.0011574083333333,0.0053672322033898,0.002707109589041,0.0,0.0024637686956521,0.0154283147435897,0.0021641461538461,1.0,0.666667,0.111111,0.0833333,0.111111,0.47619,4.6751,10679.0,5782.0,0.0622,0.6195,0.1003,0.0
1,-0.1099594117724261,0.431311189212288,0.1981215346562518,0.0034216671944107,-0.0565246131880693,-0.1553571233759131,-0.0992077196050899,0.317751838666319,0.1424937682381791,3.9493883539408423,0.221059151686553,45.82787243337702,38.23529411764706,5.28,0,0.0,1.0,0.0,0.0,0.0,0.0,0.21,1.0,0.0,0.0,0.2588383363636363,0.0037878818181818,0.005847947368421,0.0078902175,0.009517306557377,0.0047814155737704,0.0006613773809523,0.0,0.0,0.0416667,0.222222,0.15,0.305555,4.02482,711.0,10992.0,0.0805,0.4356,0.1848,0.0
1,-0.000519398941454,0.2259882234766124,0.6908481311444449,0.0180387367103585,-0.0917166591131304,-0.5153162118981338,-0.0337463653236159,0.3505410806338843,1.3222609076792813,3.3154761795658176,0.4208541054180063,44.51682953311617,42.94117647058823,5.26,571,0.0,1.0,0.0,0.0,0.16344999999999998,1.0,0.0,0.0,0.0119047571428571,0.146164,0.016666675,0.0,0.0395006666666666,0.0173611249999999,0.00868055,0.0038931777027027,0.0035087736842105,0.0833333,0.944444,0.0,0.630556,0.111111,0.111111,3.45864,3010.0,57303.0,0.033,0.2961,0.1116,0.0
1,-0.3534821318933576,-0.0699882062521569,0.9803636202118706,-0.0193801140761415,0.1471923238465375,-0.0120454466646943,-0.265221541925018,-0.083502238112632,1.3242547527782385,5.8152408168841685,0.3784357059379976,50.82872928176796,34.11764705882353,5.18,1438,0.0,1.0,0.0,0.0,0.17750000000000005,1.0,0.0,0.0,0.1182966451612903,0.0092592555555555,0.0,0.0489858911111111,0.0,0.0,0.0524181126245847,0.0049180327868852,0.0,1.0,0.0833333,0.763889,0.0,0.690476,0.0833333,3.45864,32227.0,28515.0,0.1458,0.5271,0.2766,0.0
1,-0.1326384049779214,-0.0944398866992986,-0.3906639420457263,0.610072379511915,0.8438904129144508,0.7523302329926278,-0.3116438008436323,0.1047467516780379,-0.1020245672701037,1.160114236450304,0.8858654195446153,43.75,31.76470588235294,5.12,1943,1.0,0.0,0.0,0.0,0.03645,0.92,0.0,0.0,0.3791665555555555,0.0045695109090909,0.0012820519230769,0.048677225,0.0020061716666666,0.00218855,0.0068060537815126,0.0040355151098901,0.0017689337313432,1.0,0.0555557,0.206349,0.0833333,0.111111,0.111111,4.3233,44583.0,15236.0,0.0925,0.2926,0.316,0.0
1,-0.1971391704776211,0.0134681416591407,0.0625662913336911,-0.0021300372387617,-0.1372247925492692,-0.3365208715868665,-0.0661268940507497,0.2863358905307674,0.1809314486318062,7.692457912815243,0.1343843738524447,46.97754749568221,33.52941176470588,10.37,417,0.0,1.0,0.0,0.0,0.4101000000000001,1.0,0.28345000000000004,1.0,0.5622191333333334,0.2611881363636363,0.1462651764705882,0.3456156925925925,0.0997913615384615,0.0036375638888888,0.1044336547511311,0.0228241,0.0026936015151515,1.0,0.944444,1.0,0.613095,0.885714,0.344444,4.13237,51036.0,5773.0,0.0599,0.7968,0.0752,0.0
1,-0.2777684991446661,-0.2217278139316931,0.1233021834796798,-0.1114578451669036,0.2106303407003153,-0.1126659433112614,-0.3659458318097658,-0.021239996563914,0.0736238234613712,0.1898504510525442,0.8315803815021553,46.050870147255694,37.64705882352941,10.37,0,0.0,1.0,0.0,0.0,0.3572000000000001,1.0,0.0,0.0,0.24981417,0.0034769469387755,0.0357357486486486,0.0950400366666666,0.0060372746268656,0.006249984090909,0.0236433566115702,0.0043200911167512,0.0471630681818181,0.944444,0.0666667,0.613095,0.0833333,0.344444,0.133333,4.13237,54732.0,1630.0,0.0914,0.4581,0.1995,0.0
1,-0.0015198845475019,-0.2848927682509292,-0.0005212639759719,-0.3607644543604785,0.0075167234787921,-0.3091061639873848,-0.5054405505847713,-0.1856565742386316,-0.2609096499309503,0.6553200756378557,0.6079532902574005,43.66110080395795,37.64705882352941,10.32,0,0.0,1.0,0.0,0.0,0.68345,1.0,0.0,0.0,0.8153518823529413,0.0,0.0969806391304347,0.5961462380952381,0.0,0.0024801607142857,0.0599870775,0.002367425,0.0029164269076305,1.0,0.0,0.878633,0.0,0.533911,0.111111,3.81299,3382.0,13990.0,0.0973,0.3627,0.2683,0.0
1,0.1410021063410786,0.09686728867466,0.1575040918422343,-0.4041427277701322,-0.2606493265273993,-0.2852739541455,-0.0287032372621605,0.132302095431691,-0.4308181153042659,2.43606797079748,0.2447261477655456,46.218842416561046,36.47058823529412,10.32,1284,0.0,0.0,0.0,1.0,0.1375,1.0,0.0,0.0,0.0,0.1459258666666666,0.0326087260869565,0.0,0.0,0.0034188051282051,0.0034722229166666,0.0030689712230215,0.0014719353383458,0.0,0.933333,0.0,0.0,0.111111,0.111111,3.81299,10854.0,8609.0,0.0884,0.4478,0.1974,0.0
1,-0.2308616988690787,0.093901111906197,0.5871094199646956,0.0542305201841906,0.6612750359076464,0.3297370144421088,-0.265287538820413,0.1327812430641536,1.4048192797252577,1.3723718659095898,0.7752126692037916,47.34299516908212,35.294117647058826,10.19,348,0.0,0.0,1.0,0.0,0.5786,1.0,0.12895,1.0,0.0,0.72916675,0.0,0.0,0.0,0.0066666699999999,0.0019841321428571,0.034444452,0.0023809535714285,0.0,1.0,0.0,0.0,0.0555557,0.555556,3.67481,6859.0,14358.0,0.0928,0.2557,0.3629,0.0
1,-0.3375816304714409,-0.3563891910846546,-0.0501765766142874,0.3004429958682198,0.2181687899560259,0.4278143605898409,-0.2789186024344562,-0.3167228223970941,-0.0828176141965409,1.734305898242413,0.3128030329794439,45.336679213718114,40.0,3.51,618,0.0,1.0,0.0,0.0,0.33169999999999994,1.0,0.4313499999999999,1.0,0.6256376153846153,0.4959833157894736,0.0327549152542372,0.14379102,0.2898809833333333,0.0076958114754098,0.0204236445783132,0.0254552350253807,0.0042479590277777,1.0,1.0,0.644445,0.884259,0.511111,0.538624,4.54561,431.0,5048.0,0.0735,0.3677,0.1999,0.0
1,-0.1827988248143221,0.0085906210690438,1.1160897122796558,0.070955319938539,0.1415090673681861,0.4552713709741359,-0.377960413249115,-0.0966935406755594,1.0745936507476848,6.727927338981024,0.207706863925691,49.92025518341308,31.76470588235294,3.39,505,0.0,1.0,0.0,0.0,0.46575000000000005,1.0,0.26115,1.0,0.0294283608695652,0.1610588947368421,0.0203703533333333,0.0046913533333333,0.0308318733333333,0.0,0.0079295058823529,0.027642574778761,0.0034722208333333,0.518519,0.952381,0.037037,0.666667,0.311111,0.411111,5.61201,2.0,115.0,0.0738,0.3004,0.2457,0.0
1,-0.2253044931190007,-0.132976589120761,-0.3659719171818195,0.2373118982908713,0.140751095580851,0.6371736967075445,-0.0535410960323335,-0.3286928892720009,-0.2116604829873454,0.7695033335637487,0.7724963044440956,42.35294117647059,32.35294117647059,3.21,792,0.0,1.0,0.0,0.0,0.29145,1.0,0.19235,1.0,0.340571334375,0.0,0.004387975,0.0410000279999999,0.0,0.0069345893617021,0.0089320835748792,0.0045231347457627,0.0029720747747747,1.0,0.0,0.25,0.0,0.22619,0.111111,4.05163,33688.0,14662.0,0.0571,0.4249,0.1345,0.0
1,-0.309439119278563,0.2230194401083618,0.6507667444858176,-0.4176809716312782,-0.1644546620185456,-0.4240377836910156,-0.1185176866963552,0.1563102617892578,0.8051531850450979,7.050918635566893,0.1170113716746379,48.71794871794872,41.76470588235294,2.94,584,0.0,0.0,0.0,1.0,0.1815,1.0,0.0,0.0,0.0297619285714285,0.0,0.0,0.0035087736842105,0.0043859631578947,0.0,0.0129047599999999,0.003547379090909,0.004000002,0.305556,0.0,0.0666667,0.0833333,0.111111,0.111111,19.4221,21738.0,28303.0,0.0597,0.6234,0.0957,0.0
1,-0.2093899404948841,-0.0146369360099054,-0.3097235315168071,-0.1376279059707781,-0.193782171502375,-0.0499050350056297,-0.2587405239003909,-0.298354626083626,-0.2534615493590107,0.4488744478153402,0.7409716616793202,45.62841530054645,32.35294117647059,2.85,2214,0.0,0.0,1.0,0.0,0.0,0.0,0.0,0.0,0.7640407083333334,0.0666666933333333,0.0,0.250372600326087,0.0079525393939393,0.0,0.0315188723809523,0.0025584789473684,0.0,0.974359,0.888889,0.818287,0.0833333,0.51892,0.111111,5.00904,764.0,33399.0,0.1575,0.2442,0.6451,0.0
1,0.0222256952176329,1.3567000630563464,1.2931373297019484,-0.0282446553483298,-0.3939411273612009,-0.2149596371576358,-0.1732107843115432,1.8479189345979157,1.5424705932436182,2.5781073296469046,0.5867070824752971,49.235474006116206,34.705882352941174,2.69,712,0.0,0.0,0.0,1.0,0.05949999999999999,1.0,0.033,1.0,0.0064102538461538,0.0601851833333333,0.0111111166666666,0.0,0.0024691333333333,0.0,0.0047336078431372,0.0031775909604519,0.00347223125,0.0833333,1.0,0.0,0.111111,0.111111,0.111111,5.67691,253.0,220.0,0.1611,0.2089,0.7711,0.0
1,-0.0203798481219953,0.6132674724754686,1.3884253809950406,-0.1404363463175709,-0.2514395794957667,-0.3106579491644202,-0.0551262174001133,0.3762590946927309,1.4769103470768905,4.591442594935215,0.3029065871217103,46.10591900311526,35.88235294117647,2.66,1552,0.0,0.0,0.0,1.0,0.07730000000000001,1.0,0.15280000000000002,1.0,0.037037,0.0048309130434782,0.0018939409090909,0.0,0.0317386861111111,0.0041842122448979,0.003333332,0.0096276394308943,0.0026314077868852,0.111111,0.111111,0.0,0.888889,0.0833333,0.366667,12.9778,988.0,42.0,0.0513,0.3122,0.1644,0.0
1,-0.1648664918445075,-0.4198967168301609,0.345933436549895,-0.2114035670746888,0.0241111753338303,-0.1969232896945168,-0.1219955569632301,-0.2849440859304298,0.6661168479070001,2.967490645228424,0.5601688894377996,50.431372549019606,31.76470588235294,2.64,250,0.0,0.0,1.0,0.0,0.29164999999999996,1.0,0.09299999999999999,1.0,0.004629625,0.001984125,0.0,0.087206372,0.0,0.0154761928571428,0.0083892583892617,0.0012782983606557,0.0016260170731707,0.111111,0.047619,0.766667,0.0,0.194444,0.0666667,3.81299,49983.0,3423.0,0.0515,0.5447,0.0946,0.0
1,0.081297329647988,-0.1794391851475568,0.1944699332113218,-0.2456778295018374,-0.3158443377231987,-0.2989847825985488,-0.4684830650351381,-0.0966322221219721,-0.1641095969520584,0.1352137572603182,0.8436215448381233,50.0,30.0,0.78,2567,0.0,0.0,0.0,1.0,0.0,0.0,0.0,0.0,0.0029761875,0.1592010930232558,0.0086419925925925,0.0013071901960784,0.0055311881578947,0.0,0.0041540015957446,0.0036565229452054,0.0039417971428571,0.047619,1.0,0.0666667,0.0833333,0.111111,0.111111,3.67481,330.0,11336.0,0.0537,0.5622,0.0955,0.0
1,-0.066127207227826,-0.2846634731285825,-0.2045347006651351,-0.1607671610415378,0.2216788200981126,-0.2887682619572636,0.3493790811481737,-0.1939768502767109,-0.133158373340091,0.6766366162853971,0.7660828279795071,45.04181600955795,34.11764705882353,0.76,1608,0.0,1.0,0.0,0.0,0.05949999999999999,1.0,0.0,0.0,0.0089947142857142,0.0021706666666666,0.0162036916666666,0.0077266896551724,0.0024645985294117,0.0,0.0047241142857142,0.0018949844202898,0.0015954415384615,0.188889,0.047619,0.0833333,0.0555557,0.111111,0.0833333,4.05163,11395.0,35334.0,0.1129,0.4135,0.2731,0.0
1,-0.1686415509132862,0.3233565019768143,0.4362463153297428,-0.0477567608324601,-0.1300228077451526,-0.4253317963456917,-0.1013718366506751,0.47273716254245,0.8883698664785934,5.455193459741834,0.1573831074743379,48.738033072236725,37.05882352941177,0.76,611,0.0,0.0,0.0,1.0,0.53545,1.0,0.0,0.0,0.7574404375000001,0.0124149642857142,0.0,0.333163238095238,0.002507123076923,0.0,0.0526537803571428,0.0025467555555555,0.0041740129629629,1.0,0.347619,0.933333,0.0555557,0.746032,0.111111,4.05163,27456.0,18682.0,0.0649,0.4496,0.1443,0.0
1,0.0383739869308774,-0.0337996061912811,-0.22858742288224,0.0713053238955948,0.0057179259777164,-0.2176541662209486,-0.1813725557146965,-0.2144032799705948,-0.3864392573691281,0.1426331505179591,0.7241804046199775,45.11784511784512,33.52941176470588,0.75,967,0.0,1.0,0.0,0.0,0.0,0.0,0.4279,1.0,0.0,0.5366094444444444,0.0,0.0,0.2072528696969697,0.0052083333333333,0.0056582623529411,0.0279973389140271,0.0071526249999999,0.0,1.0,0.0,0.933333,0.111111,0.623737,22.3737,5746.0,40772.0,0.0255,0.2462,0.1035,0.0
1,0.05217053903283,-0.1498074762881767,-0.1010542689455491,-0.0389334350569496,-0.0164000027560915,-0.3207778449624109,-0.2480952434623964,-0.144593456116472,-0.2992029651653347,3.4962856907138757,0.2736615655313622,43.83661560904449,33.52941176470588,0.74,389,0.0,0.0,0.0,1.0,0.4451,1.0,0.0,0.0,0.2644781333333333,0.0,0.3185185296296296,0.1527015757575757,0.0,0.0153292180555555,0.0166575832061068,0.0050173333333333,0.0030894597701149,1.0,0.0,0.962963,0.0,0.455556,0.0833333,22.3737,545.0,44301.0,0.047,0.3323,0.1414,0.0
1,-0.3418554346668763,-0.0632305719970287,0.0837723817123086,0.6688207721164681,0.71015561960633,1.4709188650064011,-0.2832097281273782,-0.0433458922504816,-0.0942900267334597,1.669763043875954,0.5362304937307525,54.2830540037244,38.82352941176471,0.69,967,0.0,1.0,0.0,0.0,0.3095,1.0,0.2223,1.0,0.0,0.0,0.0,0.0,0.0,0.0,0.0,0.0003987236842105,0.0,0.0,0.0,0.0,0.0,0.0,0.030303,4.86195,7834.0,32027.0,0.0644,0.4611,0.1398,0.0
1,0.2136667552688903,-0.0833801106464892,0.6200220830280548,-0.0254606653526259,-0.0414353172877836,-0.2420976249579858,0.2633250572868854,-0.1089706146954457,0.7199525321059942,3.3030437689774046,0.3179573415466994,44.51219512195122,42.94117647058823,0.66,385,0.0,0.0,1.0,0.0,0.0,0.0,0.2645,1.0,0.1329365285714285,0.0,0.0,0.4030302727272727,0.0,0.0,0.0622654931818181,0.0,0.0028619509090909,0.888889,0.0,0.933333,0.0,0.477778,0.0,4.02482,4447.0,3577.0,0.0662,0.3659,0.1809,0.0
1,-0.2395861736277321,0.0297388335256635,0.3890213885020959,-0.0726231388261045,-0.006579648017787,-0.1964509704312834,-0.2737032277890248,0.1543720121576801,0.2451246508864869,1.291915060433825,0.3783294360664073,45.59043348281017,41.76470588235294,0.66,282,1.0,0.0,0.0,0.0,0.2645,1.0,0.0,0.0,0.0,0.0035460978723404,0.0,0.0,0.0022569458333333,0.005291,0.0038392024390243,0.0027871316498316,0.003450652173913,0.0,0.0833333,0.0,0.0666667,0.0833333,0.111111,4.02482,6862.0,1056.0,0.0366,0.8333,0.0439,0.0
1,-0.1618018364408617,-0.3187978092057496,-0.2602787245298054,0.0542229410845904,-0.2452042743001929,-0.2613524691914068,-0.3549582607152991,-0.5975758147925213,-0.6130167601172827,0.1061605422522424,1.0,50.78125,37.64705882352941,0.63,0,0.0,1.0,0.0,0.0,0.23379999999999998,1.0,0.5572500000000001,1.0,0.1260955999999999,0.4930079230769231,0.7182759722222223,0.137268525,0.2357141,0.179777708,0.0526506784313725,0.0269762222222222,0.0277025926315789,1.0,0.962963,0.944444,0.744444,0.888889,0.455556,4.05163,6981.0,50193.0,0.4982,1.0792,0.4616,0.0
1,-0.1254743557935417,-0.0997433520166164,0.8052129279134375,-0.0287591951393289,-0.1925884797670094,-0.1119505374036725,-0.3803003500915302,-0.1176693728656712,0.5679134397178086,1.8618387472019533,0.4433147691844084,45.90643274853801,30.0,0.63,578,0.0,0.0,1.0,0.0,0.6283,1.0,0.42029999999999995,1.0,0.4438366086956521,0.5015643083333332,0.0034013571428571,0.3290808387096774,0.3476683333333333,0.0,0.0534557292682926,0.0908816644859813,0.0030864185185185,1.0,1.0,1.0,1.0,0.84127,0.888889,4.05163,3409.0,55495.0,0.0785,0.3743,0.2098,0.0
1,-0.1360276608593397,-0.0787439825635601,-0.0731070525426576,0.0291303359977054,-0.1386138021186639,-0.2040805231016783,-0.427220076858937,0.0153911960518997,0.0033086962973337,2.6794934230797667,0.5400114165346818,41.03139013452915,47.05882352941176,0.04,0,0.0,0.0,1.0,0.0,0.33160000000000006,1.0,0.54545,1.0,0.1988500285714285,0.5899109606060607,0.0021164024390243,0.0503472275,0.3506141678571429,0.0023809514705882,0.0275198137254902,0.0385350751412429,0.0024115857894736,1.0,1.0,0.755556,1.0,0.233333,0.400794,12.6896,38636.0,797.0,0.0278,0.5435,0.0511,0.0
1,-0.4955255390582893,-0.487402700804223,-0.1441502053640339,0.3384828982511085,0.4482480085187091,0.4185087239256472,-0.3033836974229895,-0.32114898792813,-0.6782367529372488,0.0799073193563992,0.9412785218954248,44.44444444444444,35.294117647058826,0.04,1112,0.0,0.0,0.0,1.0,0.161,1.0,0.2045,1.0,0.1044360891304347,0.0073192222222222,0.0,0.019793656,0.0641025769230769,0.0019607823529411,0.0030901801033591,0.0479605715517241,0.0046296291666666,0.958333,0.0833333,0.166667,0.888889,0.12037,0.555555,12.6896,21022.0,52205.0,0.1186,0.347,0.3419,0.0
1,-0.4819730416567746,-0.1297073685188004,0.3165655795552625,-0.2580711760497524,0.7651299157969949,-0.0868052051658739,-0.4968956015366869,-0.1680824221320681,0.2996888537542004,0.0,,47.82608695652174,34.11764705882353,0.04,183,0.0,0.0,0.0,1.0,0.1048,1.0,0.7139,1.0,0.0585275382978723,0.8736407465517241,0.0,0.0047258303030303,0.2396473076923077,0.002083335,0.0067453571428571,0.0605896148325358,0.0039308188679245,1.0,1.0,0.0666667,0.833333,0.194444,0.611111,5.61201,48853.0,24504.0,0.3279,0.5606,0.5849,0.0
1,-0.0477803803036857,0.1856600948492527,0.6864629589558222,-0.1039326805213388,-0.0026024351342583,-0.0215557647432106,0.000532266255335,0.039142999455007,0.7154520319130959,1.4503935469495723,0.6602109582922313,48.36363636363637,35.88235294117647,0.03,1001,0.0,0.0,0.0,1.0,0.10045,1.0,0.09399999999999999,1.0,0.0851565675675675,0.0,0.0024801607142857,0.1452381102564102,0.0838624444444444,0.0035426724637681,0.0273851365517241,0.0389571580645161,0.0026679022364217,1.0,0.0,1.0,0.754762,0.722222,0.463889,8.01446,1269.0,89.0,0.0337,0.3222,0.1047,0.0
1,-0.0844367688195761,-0.2972596617572279,0.999619612923409,0.2448759626185202,0.0130634286981657,-0.154052116712157,-0.2760102022846579,0.0576824457810188,1.302562269412442,2.040548051288259,0.370170187711344,54.77386934673368,38.23529411764706,0.02,272,0.0,1.0,0.0,0.0,0.22949999999999998,1.0,0.24574999999999997,1.0,0.0,0.037222226,0.037037,0.0,0.0142063577777777,0.0,0.2047288675,0.0068919586065573,0.0,0.0,0.916667,0.0,0.226852,0.766667,0.140741,13.6793,233.0,67.0,0.0338,0.5138,0.0658,0.0
1,-0.4853353360718266,-0.0992960288746129,0.3761267466015304,0.1935447114954279,0.0091344588926005,0.1455637527043666,-0.3216632404810784,-0.183937357147471,0.4894232177610997,0.2928316912898303,0.7130261723101435,50.882352941176464,35.88235294117647,0.02,224,0.0,1.0,0.0,0.0,0.19949999999999998,1.0,0.48289999999999994,1.0,0.4214814333333333,0.7933584210526315,0.0028538821917808,0.15186502,0.0778473789473684,0.0065656575757575,0.0500915604395604,0.0267583205128205,0.0038317096774193,1.0,1.0,0.822222,0.37037,0.444444,1.0,4.05163,498.0,51375.0,0.1377,0.5431,0.2535,0.0
1,-0.2456243893775194,-0.2179132851691275,0.4496961542373247,-0.1248336960171584,0.0139377700939493,-0.2831843625754963,-0.3264633006870729,0.0070665763281067,0.891402516323683,3.911986561909079,0.367992253615094,44.28706326723324,43.52941176470589,0.02,768,0.0,1.0,0.0,0.0,0.21200000000000002,1.0,0.0378,0.94,0.1478245428571429,0.74999603125,0.0023045266666666,0.0494598749999999,0.5739669574468085,0.0028935208333333,0.0188484228699551,0.0873637447674418,0.0043587773809523,1.0,1.0,0.416667,0.958333,0.805556,0.658333,4.55976,1187.0,21740.0,0.0863,0.4606,0.1873,0.0
1,-0.2474017331922074,-0.1822421462479324,0.8632037429405057,-0.0200248775498224,-0.0480525557778441,0.1145186831561112,-0.0921103605338671,-0.0334857983334909,1.3709759624633595,5.484968547004467,0.3769791364787435,52.31638418079096,47.05882352941176,0.02,152,0.0,1.0,0.0,0.0,0.12145,1.0,0.25884999999999997,1.0,0.0,0.7442881227272728,0.0,0.0,0.2537222409090909,0.004629625,0.002959596,0.0913876309523809,0.0030864185185185,0.0,1.0,0.0,0.696429,0.0833333,0.793651,6.31351,174.0,98.0,0.1389,0.9252,0.1501,0.0
1,-0.2607170173976011,-0.1107856448551293,0.1150512623893153,0.0374790162396267,-0.1126094470104759,-0.1549454718120291,-0.1141272725301407,-0.4293795364360457,0.2938946822489686,2.95227988542813,0.2703870620747785,46.71957671957672,41.76470588235294,0.02,0,0.0,0.0,1.0,0.0,0.30824999999999997,1.0,0.3788000000000001,1.0,0.8876373846153847,0.2834859999999999,0.0645256604651162,0.5840211000000001,0.2884953357142857,0.0046884203703703,0.1240930983606556,0.0195191785276073,0.0047296686915887,1.0,1.0,1.0,1.0,0.638889,0.311111,4.209,5157.0,9231.0,0.0674,0.7529,0.0895,0.0
1,-0.0611841025971369,0.1138542949232106,0.1240353542812494,0.1108168970309276,-0.0538987004490653,-0.3074536501653283,0.0554713173716996,0.1037825345287185,0.0705964877839299,6.439408349386346,0.0759579452721912,45.35353535353535,47.05882352941176,0.02,184,0.0,1.0,0.0,0.0,0.8632000000000001,1.0,0.2766,1.0,0.5277243333333334,0.250656108,0.403609764516129,0.2066499666666666,0.0506058692307692,0.0086927226415094,0.1280722872727273,0.0073885066147859,0.0032092448412698,1.0,1.0,0.638889,0.291667,0.711111,0.182299,4.44848,14477.0,4980.0,0.0151,0.2625,0.0574,0.0
1,-0.0893510976918121,0.12011206364256,1.8634921099385988,-0.2681331069364489,-0.1658937265436625,-0.567603634078504,0.0440793727274155,0.0818217064932536,2.284602308659118,8.34950041612347,0.1298659485284407,52.15419501133787,37.64705882352941,0.02,554,0.0,0.0,1.0,0.0,0.24049999999999996,1.0,0.16994999999999996,1.0,0.2540831236842105,0.1340068868421052,0.0,0.1914294965517241,0.0811719,0.0,0.0209487308510638,0.0347086849420849,0.005847947368421,1.0,1.0,0.869048,0.933333,0.601852,0.722222,5.00904,58.0,21325.0,0.0087,0.7675,0.0114,0.0
1,0.017561825238763,0.4357355874756211,1.166677203573242,-0.0417518282454851,-0.1503994040702768,-0.3678021520798142,-0.0105388035487645,0.3330786335321078,1.3202103991292131,1.3150751986581417,0.7390621442468295,49.46452476572959,31.176470588235293,0.02,342,0.0,0.0,1.0,0.0,0.24040000000000003,1.0,0.16645,1.0,0.2062661558139534,0.0,0.0045454545454545,0.1611613,0.0,0.0,0.0220985815217391,0.0068713421052631,0.0026877965517241,1.0,0.0,0.869048,0.0,0.601852,0.111111,5.96276,1781.0,756.0,0.1249,0.4201,0.2973,0.0
1,-0.0222347604757546,-0.1055157055108262,-0.130302891093543,-0.1029516299517825,-0.0934947680301848,-0.5836290152424422,-0.0934628182773122,0.2220625873899166,-0.2690335731164256,1.5770983436575003,0.3168929715827309,47.18614718614719,33.52941176470588,0.02,1397,0.0,0.0,0.0,1.0,0.17689999999999997,1.0,0.009300000000000001,0.56,0.22314572,0.0,0.1191437952380952,0.072508144117647,0.0,0.0,0.0215458699633699,0.0066951538461538,0.0034883720930232,1.0,0.0,0.777778,0.0,0.777778,0.111111,5.96276,30069.0,3511.0,0.0712,0.4863,0.1465,0.0
1,-0.4341840171818837,0.3647229372076912,0.6019689987667854,-0.0957758456466023,-0.1251830863828878,-0.3336550141420521,-0.3323827424950664,0.1910992828347836,0.750292259907765,2.3007603970476795,0.2298086989229612,44.39461883408072,41.17647058823529,0.02,399,0.0,0.0,1.0,0.0,0.7766500000000001,1.0,0.17119999999999996,1.0,0.795333625,0.2770952,0.0522221999999999,0.2144244444444444,0.0219982129032258,0.0,0.0403542474358974,0.0140850194888178,0.0030144789473684,1.0,1.0,0.777778,0.555556,0.498413,0.777778,5.96276,25429.0,8438.0,0.2115,0.6144,0.3443,0.0
1,-0.2122159174764753,-0.3493901428411358,-0.2144073947359959,-0.1278720280103167,-0.4067266696076178,-0.1908666820759393,-0.3746375828875996,-0.4100538749036383,-0.541829951059208,1.6548953636016046,0.9458711495063729,50.62893081761006,34.705882352941174,0.02,1239,0.0,1.0,0.0,0.0,0.034499999999999996,1.0,0.18200000000000002,1.0,0.2525613272727273,0.0795344388888888,0.0675926,0.038694603125,0.0050192399999999,0.0,0.0115239557422969,0.0076397587155963,0.0010162597560975,1.0,0.952381,0.480556,0.0666667,0.27619,0.288889,5.96276,17424.0,16988.0,0.0623,0.4195,0.1484,0.0
1,-0.0803378888362972,0.1359170025843142,0.1643234295852253,-0.0984163767685801,0.0764307193181532,-0.3119456449632817,-0.0840149497550245,0.1005996294472598,0.3349746875216033,3.903503900093805,0.3427977287310487,46.1847389558233,35.88235294117647,0.02,209,0.0,0.0,0.0,1.0,0.6390000000000001,1.0,0.34525,1.0,0.891667,0.430219154347826,0.121133059574468,0.3322752857142857,0.16720458,0.0014531647887323,0.0602990253164556,0.0419066771084337,0.0055830078616352,0.891667,1.0,0.774603,1.0,0.394709,0.660318,4.6751,35865.0,9186.0,0.0761,0.4197,0.1813,0.0
1,-0.1102112440349188,0.0221492473515143,-0.1038188384147914,0.1531834768101321,0.1050588052618232,-0.1778636265117118,0.0901839836138736,-0.0619021872358173,-0.2130632724606874,0.5823564197488333,0.717617513751529,44.71337579617835,37.05882352941177,0.02,371,0.0,1.0,0.0,0.0,0.35275,1.0,0.3220000000000001,1.0,0.468647194117647,0.3460979071428571,0.0033333342857142,0.1731878149999999,0.1806878,0.0013162399999999,0.0493068563636363,0.0349740602649006,0.0031025329670329,1.0,1.0,0.72381,0.888889,0.483333,0.305556,5.83646,4215.0,19765.0,0.2007,0.3648,0.55,0.0
1,-0.0657707223403838,0.214340791407926,-0.1468762303991123,-0.0136660009092156,-0.0706355957174433,-0.2337770047152552,-0.1332043345701817,0.4869059957270498,-0.3354910021323867,4.803308220549235,0.2269052477568382,50.191570881226056,36.47058823529412,0.02,367,0.0,0.0,0.0,1.0,0.030500000000000003,0.93,0.14880000000000002,1.0,0.0100732538461538,0.5486526674418605,0.2198412208333333,0.0035947764705882,0.2120227432432432,0.0023712780487804,0.0031550061728395,0.042719631294964,0.002036,0.0833333,1.0,0.0666667,0.933333,0.111111,0.633333,4.53947,6717.0,18538.0,0.0602,0.3212,0.1873,0.0
1,0.011445236606541,-0.2245572604626481,0.2188587742450558,0.0295392240483356,0.2150108477391089,-0.0967382666469705,-0.1982063400400623,-0.0568103533985919,-0.0986942331281416,1.1698845216533156,0.4799732129891139,48.32285115303983,38.23529411764706,0.02,429,0.0,0.0,1.0,0.0,0.0625,1.0,0.809,1.0,0.145625,0.6068630909090909,0.0049019588235294,0.0277296818181818,0.2732086925925925,0.0032142857142857,0.0315171296052631,0.0290495322314049,0.0037032966257668,1.0,1.0,0.644445,0.850855,0.388889,0.28836,5.26126,11402.0,7973.0,0.0965,0.4913,0.1964,0.0
1,-0.3629241432301825,0.0565458130841871,0.1737998242248575,-0.1803106097261772,-0.0664897412203176,-0.2723060044225537,-0.4849690656884096,0.1472412838775064,0.1071862812645207,3.3719760010530706,0.2647077118749235,46.80365296803653,32.35294117647059,0.02,261,0.0,1.0,0.0,0.0,0.41595,1.0,0.5025000000000002,1.0,0.968254,0.6906866136363636,0.0,0.317361125,0.3537277636363636,0.00288066,0.0136574041666666,0.024523745703125,0.0030995277027027,1.0,1.0,0.916667,0.875,0.111111,0.355556,487.649,10263.0,12922.0,0.1136,0.4377,0.2596,0.0
1,-0.4187094020191691,0.5679478109649471,0.1153857657957534,-0.0113984708112228,-0.4331561367686406,-0.2781046674990624,-0.1591109851528839,1.2095231989614204,0.1801165592119496,4.638047092420028,0.0747001898735546,47.956989247311824,28.823529411764703,0.03,1036,0.0,0.0,1.0,0.0,0.0,0.0,0.5055,1.0,0.005847947368421,0.003663,0.0039682523809523,0.0,0.00779762,0.0041152222222222,0.0055990397260273,0.0067268205128205,0.002638887,0.111111,0.047619,0.0,0.0666667,0.111111,0.166667,2.96566,937.0,9487.0,0.0468,0.4841,0.0966,0.0
1,0.0332278928168173,0.5369367088604273,0.0881433477676029,-0.0375515896199647,-0.464151867730312,-0.2743352168377418,-0.1349386622521995,1.1877981732366876,-0.0333342140147501,4.755059674950585,0.2689498222968235,48.367420165052025,40.588235294117645,0.03,1461,0.0,1.0,0.0,0.0,0.0,0.0,0.14445,1.0,0.005847947368421,0.6090788571428571,0.32449574375,0.0048309130434782,0.0898084428571428,0.0030116957894736,0.0039173756410256,0.0234242848101265,0.0067427208333333,0.111111,1.0,0.111111,0.444444,0.111111,0.388889,2.96566,716.0,8715.0,0.0464,0.4113,0.1129,0.0
1,-0.0788965543474687,-0.1139484014206883,1.975742719491039,-0.4024381046409361,-0.2012578106749515,-0.5553985666936199,-0.0095864492575569,-0.0182016832212871,2.416870126474999,3.5669234552161444,0.2337098019434913,51.71957671957672,42.35294117647059,0.03,246,0.0,1.0,0.0,0.0,0.32375,1.0,0.0,0.0,0.0,0.003472225,0.0,0.005952375,0.0108058615384615,0.0,0.00071225,0.0026257224299065,0.0,0.0,0.0416667,0.047619,0.111111,0.037037,0.0833333,4.53947,5689.0,10399.0,0.1056,0.568,0.186,0.0
1,-0.3790029415088944,-0.178756011095738,-0.2771287204101821,0.1435709815504617,0.2716302178437815,0.7384066122909915,-0.6260325194383176,-0.3598803528229997,-0.3928992758370329,0.968541751386064,0.6614489327309154,45.81901489117984,37.05882352941177,0.04,0,0.0,0.0,0.0,1.0,0.45740000000000003,1.0,0.10335,1.0,0.752778,0.0546107160714285,0.112568624137931,0.3609659930232557,0.0250130049180327,0.0253527407407407,0.0276798450892857,0.0372796604240282,0.0161219038461538,1.0,0.638889,0.919048,0.722222,0.282828,0.805556,5.26126,9566.0,7562.0,0.0533,0.2851,0.1869,0.0
1,0.7356088637923465,-6.589211686155449e-05,0.8650354054361488,-0.3318748195665589,0.0376517376343615,-0.3730095487721375,1.2332244050825043,-0.0174463802007179,0.7617765986124434,3.2636070174392606,0.6592870927959568,50.0,46.47058823529412,0.04,288,0.0,0.0,1.0,0.0,0.29550000000000004,1.0,0.0,0.0,0.1978835641025641,0.00562865,0.0,0.0788800666666666,0.0022598881355932,0.0,0.0283045511312217,0.002848724090909,0.0,1.0,0.194444,0.958333,0.0666667,0.555556,0.111111,4.34117,2158.0,28321.0,0.0291,0.4054,0.0719,0.0
1,-0.1818785602358741,0.433160323856214,0.2523897478605245,-0.225661013434079,0.0868364856305153,-0.0202173293620607,-0.3547351434689452,0.1740093414259724,0.1999988800102893,4.398983603962885,0.270465651244144,46.52509652509653,34.11764705882353,0.04,0,0.0,1.0,0.0,0.0,0.17334999999999998,1.0,0.52685,1.0,0.7256733636363637,0.7207765714285713,0.0347811477777777,0.2772044468085106,0.4691271,0.0070404354838709,0.0386003081818181,0.1025252398601399,0.003174602425876,1.0,1.0,0.933333,0.952381,0.680556,0.558333,4.6751,307.0,5947.0,0.0289,0.3947,0.0732,0.0
1,-0.2295756171519541,-0.4461182313985727,0.293197439444277,0.2548057855310036,0.2738050780821344,0.6460477244707359,-0.126192221494875,-0.2805320557600983,0.2849830754437262,1.003914074165845,0.7546121075220997,52.72727272727272,36.47058823529412,0.06,878,0.0,1.0,0.0,0.0,0.31450000000000006,1.0,0.2254,1.0,0.2011791142857142,0.04615385,0.0,0.1593073636363636,0.0216798933333333,0.00444444,0.0139161735426008,0.0085762411764705,0.005555552173913,1.0,0.555555,0.849206,0.2,0.277778,0.206349,3.38932,12292.0,20889.0,0.0417,0.3468,0.1202,0.0
1,-0.3969982726274423,-0.278462250435705,0.2775788516521486,-0.0586024857057488,-0.2202871294955114,-0.4288935401979897,-0.1213876848580203,-0.4678328156196653,0.1742881435585987,4.932994170223097,0.4091789128209789,46.60831509846828,34.705882352941174,0.06,910,0.0,0.0,1.0,0.0,0.28600000000000003,1.0,0.0,0.0,0.0111111,0.0,0.2957778,0.020833325,0.0028911553571428,0.0079880408163265,0.0009009,0.0041881988372093,0.0045643820627802,0.111111,0.0,0.0833333,0.0666667,0.0333333,0.111111,12.3575,220.0,32580.0,0.0378,0.2644,0.1432,0.0
1,-0.1161409248896165,-0.3401355656244956,0.0875866092228353,-0.0120655366851621,-0.3302621614689028,-0.1405633153321329,-0.2532830778795221,-0.023157896408944,0.5489362027749499,2.862211870619149,0.4951744376715944,42.5414364640884,38.23529411764706,0.11,351,0.0,1.0,0.0,0.0,0.08625,0.99,0.3105,1.0,0.0,0.0,0.0,0.23028085,0.0,0.0,0.0694582764705882,0.0,0.0006802714285714,0.0,0.0,0.368254,0.0,0.261111,0.0,3.38932,1834.0,585.0,0.0103,0.3657,0.028,0.0
1,-0.1102643071270674,-0.2756005854962674,0.0822372050111791,0.0813491338112375,-0.2248293032650078,-0.2380497853165334,-0.1768395519167849,-0.0937487900960212,0.2151088950141255,3.164784277972242,0.2939218999172306,48.13780260707635,47.05882352941176,0.11,0,0.0,0.0,1.0,0.0,0.18244999999999997,1.0,0.11305,1.0,0.7353400942857142,0.111111,0.131623923076923,0.4290673902439023,0.0973543333333333,0.005050503030303,0.035618239647577,0.006666668,0.00246693,1.0,0.111111,1.0,0.180952,0.444444,0.111111,3.84905,38418.0,15237.0,0.0467,0.377,0.124,0.0
1,-0.229508996796936,-0.109648710858375,0.0261195936140146,0.2112033225855228,-0.0102121406548138,-0.2123946973656266,-0.0644659488806265,-0.118615194597314,-0.3974140024201366,0.2728794775544247,0.5254158437936075,46.26623376623377,40.588235294117645,0.12,484,0.0,0.0,1.0,0.0,0.39125000000000015,1.0,0.67165,1.0,0.6093915833333333,0.6728396666666666,0.544940157142857,0.1634038888888888,0.3765325384615384,0.1062165614583333,0.0303351022222222,0.0395490683333333,0.0178938666666666,1.0,0.814815,0.468254,0.722222,0.3,0.507071,4.44848,804.0,649.0,0.0949,0.4502,0.2108,0.0
1,-0.1785203778248585,-0.1602746020353817,0.8811895109437937,-0.0892728604416309,-0.3190826509065116,-0.5556496274609593,-0.1080885215666353,-0.1974435587944135,1.3161252410980313,5.24413705260802,0.4674117662667467,45.09803921568628,36.47058823529412,0.13,733,0.0,0.0,1.0,0.0,0.5115000000000001,1.0,0.41910000000000003,1.0,0.7256405263157895,0.0111111,0.0,0.4102280588235295,0.0231481666666666,0.0,0.0459112696428571,0.0047551617834394,0.006000002,1.0,0.111111,1.0,0.416667,0.453968,0.22619,27.9091,7937.0,11489.0,0.1288,0.2848,0.4521,0.0
1,-0.4892295461524477,-0.1701297259303644,-0.4351414662878491,0.4303352684651381,0.4278949100053218,0.3440176196991759,-0.3973207760275943,-0.1821198436955493,-0.3989238204074529,0.1258724708666241,0.8756297402395999,40.49382716049383,32.94117647058823,-0.07,527,0.0,1.0,0.0,0.0,0.16249999999999998,1.0,0.02795,0.91,0.10906085,0.0125661349206349,0.0,0.02293648,0.003555554,0.0,0.0177208611111111,0.0028940212121212,0.0031160961538461,0.793651,0.366667,0.236111,0.111111,0.447619,0.111111,5.71948,10704.0,34574.0,0.1656,0.3531,0.469,0.0
1,-0.0688177217209255,0.5885815915223441,0.0781323247725689,0.0201101112575646,-0.2653501311143927,-0.1606304361705598,-0.3890858372981846,0.6859342458822578,-0.1444426963042424,3.0746329484836523,0.1826375798062678,46.86971235194585,44.70588235294118,-0.08,926,0.0,0.0,0.0,1.0,0.0,0.0,0.3532999999999999,1.0,0.3703704111111111,0.0,0.230354516,0.00833333,0.0,0.0025006653631284,0.0,0.023809503076923,0.0026837608695652,0.933333,0.0,0.0833333,0.0,0.0,0.305556,3.44388,15001.0,440.0,0.1135,0.3119,0.3638,0.0
1,-0.0013546071145036,0.0635317452892693,1.4167391503529534,-0.1335578948739488,-0.1676529021737585,-0.2630317351102865,-0.0270481870445557,0.2228468773746031,2.125664780809056,3.5862634496826185,0.3248107844304316,45.50898203592814,31.76470588235294,-0.09,990,0.0,0.0,0.0,1.0,0.17360000000000003,1.0,0.0,0.0,0.2651515454545454,0.00444444,0.002525259090909,0.029166625,0.0,0.0117521307692307,0.0316038746268656,0.0016856608974358,0.0012437805970149,1.0,0.111111,0.233333,0.0,0.583333,0.074074,5.96276,52384.0,15060.0,0.0711,0.4469,0.1592,0.0
1,0.3504525353453521,-0.1830080508993837,-0.0450417542776008,0.0596761828515644,0.1937826057133938,-0.3317068845775788,0.2354543290218272,-0.2651390963571094,-0.2426163650498383,2.298311425254072,0.7774099010569231,43.898809523809526,34.11764705882353,-0.09,0,1.0,0.0,0.0,0.0,0.2645,1.0,0.0,0.0,0.0441116354838709,0.001984125,0.12425929,0.0059670749999999,0.00252525,0.0044270843749999,0.0042802376543209,0.0054760453551912,0.0051667963414634,0.755556,0.111111,0.111111,0.111111,0.111111,0.114286,6.31351,45971.0,1394.0,0.0524,0.3323,0.1576,0.0
1,0.1564524724633142,0.0723087783057773,0.6469925942168838,-0.201539990481886,0.0541661765041927,-0.8777758308832564,0.0167021132931274,0.079553148524555,0.1704957584461939,3.391346575448804,0.4377263826658882,41.37931034482759,34.705882352941174,-0.09,962,0.0,1.0,0.0,0.0,0.4054,1.0,0.0,0.0,0.0,0.0,0.0,0.0,0.0,0.0057017578947368,0.0,0.0054495555555555,0.0037878795454545,0.0,0.0,0.0,0.0,0.0,0.111111,6.34478,45839.0,3178.0,0.0345,0.5017,0.0687,0.0
1,-0.0143568516096112,0.5681153882179755,0.0482742065766176,0.0443956661389019,0.2514221158910898,-0.4552227866501178,-0.2981523130603279,0.43917802642484,-0.0215984463450958,3.753908011039599,0.2639762676029555,45.10793383795907,31.76470588235294,-0.09,1202,0.0,0.0,1.0,0.0,0.0,0.0,0.2325,1.0,0.0,0.7554232857142857,0.0689101320754716,0.0042516976190476,0.1774603199999999,0.0029028630434782,0.0026978343347639,0.0314055811475409,0.003738515497076,0.0,1.0,0.0833333,0.857143,0.111111,0.388889,4.75563,4059.0,8672.0,0.0405,0.5736,0.0706,0.0
1,-0.1574844125189657,0.3004156771237093,-0.0182231663516819,-0.3212895421660788,0.0280737417261407,-0.1836614954184192,-0.3789724389139371,0.1058525283268746,-0.142903821487293,4.819889744369082,0.1770974772959932,43.705293276108726,48.8235294117647,-0.09,839,0.0,0.0,1.0,0.0,0.2325,1.0,0.081,1.0,0.4551075387096774,0.0080246833333333,0.3214394424657534,0.1358224999999999,0.0041928830188679,0.0015939981012658,0.0153428984615384,0.0016346157692307,0.0036419325259515,1.0,0.111111,0.857143,0.0555557,0.357143,0.111111,3.17749,10771.0,2228.0,0.0418,0.2419,0.1726,0.0
1,-0.1172460161517499,-0.1197426884189572,-0.0593588353584707,-0.2078660943703549,-0.2101316589029517,-0.4158559327968159,-0.440209786590283,-0.3615457953256205,-0.4311716121806122,0.0564223094789165,0.9311566370412012,41.7989417989418,34.11764705882353,-0.09,703,0.0,0.0,1.0,0.0,0.3864,1.0,0.0,0.0,0.2941176647058823,0.1516129129032258,0.0222222333333333,0.0122968464285714,0.0024968853932584,0.0,0.0014278289719626,0.0028582909937888,0.0021164031746031,1.0,1.0,0.228571,0.0555557,0.111111,0.133333,3.17749,1046.0,15517.0,0.1296,0.3003,0.4316,0.0
1,-0.1143197736972994,0.0262595930643166,-0.0748342837209244,-0.3422153460554825,-0.0864164768818314,-0.2670646363347071,-0.3932473314431214,0.1995141476259869,-0.160600083886206,3.5466188501874534,0.4057595756500117,48.13084112149533,32.35294117647059,-0.09,0,0.0,0.0,1.0,0.0,0.0378,0.94,0.0,0.0,0.4419501214285714,0.0111111052631578,0.3217948961538461,0.2106943849999999,0.003898645614035,0.0116775051282051,0.0148431613095238,0.0015342963898916,0.0027202333333333,1.0,0.111111,0.65,0.0555557,0.344444,0.111111,3.17749,13680.0,345.0,0.0222,0.839,0.0264,0.0
1,-0.2128330619282172,0.3521948560298322,0.2460103042235753,0.0145831992580067,0.0453604124287888,0.0216302252807664,-0.3352179914153674,0.459817217628275,0.0080902604949718,2.9623974689065222,0.3216018242936281,46.46118721461187,36.47058823529412,-0.09,1051,0.0,1.0,0.0,0.0,0.42389999999999994,1.0,0.1332,1.0,0.0138888833333333,0.1013546793103448,0.22916675,0.0,0.0761831111111111,0.0,0.0071225076923076,0.0129781935251798,0.0031746,0.0833333,0.944444,0.0,1.0,0.111111,0.371429,4.34117,44136.0,24379.0,0.0907,0.3642,0.249,0.0
1,-0.2046399255230478,-0.191778040730735,0.2135177660596251,-0.0922681919200342,-0.063882510672024,0.0284704176782906,-0.3156109374973924,-0.1893227065031698,0.1187328848188673,3.5608234651171498,0.3546359375122115,44.937428896473264,36.47058823529412,-0.08,352,0.0,1.0,0.0,0.0,0.2598,1.0,0.44275,1.0,0.0136243166666666,0.7747505652173912,0.0,0.0028011176470588,0.3115407909090908,0.00444444,0.0061481506666666,0.05392674,0.0034694926605504,0.130952,1.0,0.047619,0.765152,0.166667,0.277778,4.3233,13483.0,5420.0,0.0616,0.3132,0.1968,0.0
1,-0.2462989604670722,0.0236045424007913,0.8896902466868933,-0.2024237018626835,-0.0233256169914275,-0.0641728644886012,-0.3316664268543277,-0.0617998825699496,0.8009298511190289,5.339944159670297,0.1333568983224048,52.38095238095239,35.294117647058826,-0.08,467,0.0,0.0,0.0,1.0,0.1015,1.0,0.172,1.0,0.0,0.0430169645833333,0.3333333333333333,0.0,0.0322962946666666,0.00151515,0.004285714,0.0299679778947368,0.0024105808,0.0,1.0,0.0,0.822222,0.111111,0.62963,4.54561,15817.0,2963.0,0.0232,0.7252,0.032,0.0
1,-0.468617801346057,-0.139228433216391,-0.2589831526742013,0.2558406655421607,-0.0618340025347853,0.249450522159104,-0.2425606175191042,-0.081973841516322,-0.3398969087927916,0.0374785522350641,1.0,51.35135135135135,25.882352941176475,-0.08,391,0.0,1.0,0.0,0.0,0.07495000000000002,1.0,0.20689999999999997,1.0,0.0847883702702702,0.0016025653846153,0.0,0.0087963,0.0211805625,0.0,0.0061685868020304,0.006554732247557,0.0038752453125,1.0,0.0416667,0.0833333,0.277778,0.166667,0.166667,5.79295,5568.0,5662.0,0.0771,0.5763,0.1337,0.0
1,-0.1398803418969703,-0.106600975121029,-0.0445682929057633,-0.1431735596774522,-0.030526416586213,-0.2567851100317021,-0.2958792445463591,-0.1476981292929405,-0.0916600730053621,2.707138940595565,0.4529470319121255,44.54954954954955,40.588235294117645,-0.08,0,0.0,0.0,1.0,0.0,0.0,0.0,0.0,0.0,0.0338739565217391,0.0,0.1333333333333333,0.00517196,0.001666665,0.0049603214285714,0.001867746124031,0.005737706557377,0.0026262681818181,0.592593,0.0,0.0666667,0.0333333,0.0666667,0.0833333,6.01085,28279.0,14825.0,0.1471,0.4771,0.3083,0.0
1,0.1248111509169181,0.2127210613592986,-0.1534177789543296,-0.0533964531529984,0.2443222985900114,-0.1146779251214553,0.165998610098703,0.3211502640955758,0.0473880890715635,0.5453176098659185,0.8870566118935649,42.12218649517685,31.76470588235294,-0.07,1037,0.0,0.0,1.0,0.0,0.40295000000000003,1.0,0.0,0.0,0.0,0.0077030764705882,0.3620517222222222,0.0,0.006052908,0.0066827782608695,0.0170940269230769,0.0016368122905027,0.0025850678160919,0.0,0.0833333,0.0,0.0666667,0.166667,0.0666667,6.01085,24767.0,19204.0,0.0699,0.519,0.1347,0.0
1,-0.3770850950608491,-0.1645981454022979,-0.2122938362485756,0.5620969824064678,0.5850547965879211,0.7986864855866496,-0.5023441807248344,-0.2373159384611731,-0.3266317151352557,0.3152176346015974,0.8861383468889255,43.82978723404256,29.411764705882355,-0.06,0,0.0,1.0,0.0,0.0,0.0,0.0,0.2859,1.0,0.0020334058823529,0.1720734229166666,0.009333336,0.0026709423076923,0.0834567355555555,0.0,0.0022530435643564,0.008216651091703,0.0022830163461538,0.0666667,1.0,0.0833333,0.551587,0.0833333,0.303571,4.95884,2500.0,3833.0,0.0705,0.3576,0.1972,0.0
1,-0.0547474947604252,-0.0202993394016112,0.6482338745729979,-0.337829190595155,0.1315263492258563,-0.4867891654461495,0.1209296218233473,-0.382338930324024,1.6508676844387662,7.043543173997241,0.3146785211429896,45.5026455026455,34.11764705882353,-0.05,581,0.0,0.0,0.0,1.0,0.07845,1.0,0.071,1.0,0.0432900681818181,0.1789272206896551,0.00833333,0.038541665625,0.0409722229166666,0.0,0.0058316418604651,0.0229255103960395,0.0030864185185185,0.694445,1.0,1.0,0.777778,0.240741,0.527778,4.65937,605.0,14358.0,0.1358,0.623,0.2179,0.0
1,-0.15567222126146,-0.2218082413896365,0.4646359477355627,-0.1460471574721601,0.0707225137279581,0.4205227122078638,-0.175615622856509,-0.1189990155186228,0.3586178878083081,3.25100122877638,0.5293088778121063,52.78227984873042,37.64705882352941,-0.05,408,0.0,1.0,0.0,0.0,0.23075000000000007,1.0,0.3767999999999999,1.0,0.0,0.0,0.0021367512820512,0.0648146666666666,0.0083333375,0.002833334,0.0119047571428571,0.0307631875,0.0023051763819095,0.0,0.0,0.194444,0.0666667,0.0833333,0.30101,4.65937,11534.0,25520.0,0.0246,0.5257,0.0467,0.0
1,0.071936551140278,-0.3296230510739338,-0.1252070227336686,-0.1199612155328531,0.5233323209360317,-0.1617148950233442,0.2276200491251318,-0.0638777425043846,-0.0627376279698403,1.6942568067124064,0.7382732848564434,43.5126582278481,34.705882352941174,-0.04,2050,0.0,0.0,0.0,1.0,0.0,0.0,0.0055,0.42,0.0047019703125,0.0,0.017013896875,0.0034466324324324,0.0081569583333333,0.0045554268292682,0.003191593594306,0.0011011027027027,0.0017304997706422,0.111111,0.0,0.0555557,0.111111,0.114286,0.0666667,5.96276,5220.0,31701.0,0.0572,0.3345,0.1709,0.0
1,-0.2158307054092645,0.044003946623587,-0.0078491267683331,0.3185055568046723,0.131808732735896,0.0205575110117089,-0.3283471808523011,-0.096571645789355,-0.2188481712250149,1.572913126408404,0.9047070348749134,45.11784511784512,38.82352941176471,-0.03,254,0.0,0.0,0.0,1.0,0.0,0.0,0.501,1.0,0.0,0.1290404272727272,0.0,0.0,0.0033333333333333,0.0,0.0030789843373493,0.0067285842553191,0.0044549245283018,0.0,0.944444,0.0,0.15,0.111111,0.194444,3.24248,1466.0,7240.0,0.1819,0.3366,0.5404,0.0
1,-0.0868714780040964,-0.099094362345356,-0.1339972227270631,0.0003503927904261,-0.042964860263158,0.0254692885649187,0.016210487096466,-0.1693941829631187,-0.4089114706857603,0.5235452572213432,0.7368156704775505,42.20532319391635,28.235294117647054,-0.03,263,0.0,1.0,0.0,0.0,0.29905000000000004,1.0,0.0,0.0,0.8925926666666667,0.6854761999999999,0.0050926,0.481498125,0.2743383333333333,0.005747124137931,0.0868015619999999,0.0498506354838709,0.0055815177570093,1.0,0.958333,0.8,0.383333,0.588889,0.933333,4.91051,7609.0,104.0,0.0637,0.3844,0.1657,0.0
1,-0.2694181574292019,-0.1752031528776905,-0.4993835954324797,0.0020989334826943,0.4807821246084123,0.4901820033880021,-0.3083114824531997,-0.2144672568691639,-0.3940217787202369,0.2351727662126188,0.7778306197751721,42.48756218905473,39.41176470588236,0.02,0,0.0,1.0,0.0,0.0,0.40689999999999993,1.0,0.16099999999999998,1.0,0.2046296083333333,0.0898310771929824,0.1048222760869565,0.0,0.0129629555555555,0.0769496456521739,0.0120703786407767,0.0028657820408163,0.0141490428571428,1.0,0.904762,0.0,0.233333,0.114286,0.111111,3.67481,3469.0,9400.0,0.1386,0.3404,0.4071,0.0
1,0.2450488546777109,-0.1310452725760132,0.3088652516484325,-0.3766692622536511,-0.1276439524563561,-0.1446505205488449,-0.1429741020679977,-0.0462237481970208,-0.0862725425307828,3.741778443414249,0.1431691534037639,48.42767295597484,40.588235294117645,0.05,731,0.0,0.0,0.0,1.0,0.0,0.0,0.6269500000000001,1.0,0.0065170903846153,0.0068027142857142,0.0524691111111111,0.0032051269230769,0.0031746047619047,0.0038314137931034,0.0029202282051282,0.0072296064935064,0.0010787475728155,0.122222,0.047619,0.0833333,0.0666667,0.111111,0.311111,5.26126,63458.0,7986.0,0.0713,0.31,0.2302,0.0
1,-0.1761340267619007,0.8762770967775161,0.3461704558928485,-0.2696236742143319,-0.1860089860194918,-0.1493843807524087,-0.521937793812292,0.980461446189848,-0.0392034752077669,1.829360700534242,0.3552088576392856,47.470238095238095,46.47058823529412,0.06,997,0.0,1.0,0.0,0.0,0.0,0.0,0.15965000000000001,1.0,0.0,0.6467758333333332,0.1989899090909091,0.0214285714285714,0.2143225813953488,0.0,0.0,0.029357108040201,0.0014705882352941,0.0,1.0,0.0833333,0.805556,0.0,0.644445,6.31351,868.0,23976.0,0.023,0.6101,0.0377,0.0
1,-0.5305287395131236,-0.0136280028750318,1.0455170101252682,0.0175094085375912,0.1335877668182385,-0.1699942812603253,-0.2839355257484989,-0.200578686630144,2.036269667265004,4.946752054443231,0.3878024178009401,51.46324054246967,39.41176470588236,0.08,0,0.0,1.0,0.0,0.0,0.5229999999999998,1.0,0.0,0.0,0.7543272452380952,0.0034920685714285,0.0014619921052631,0.2720332392857142,0.0035068302325581,0.0020576111111111,0.050720161235955,0.0021468219512195,0.0028298863636363,1.0,0.0666667,0.916667,0.0555557,0.579365,0.0666667,6.31351,1.0,25633.0,0.0336,0.8289,0.0406,0.0
1,0.963967652652514,-0.3474200044675751,-0.5349293213486055,-0.1743156424223299,0.115461106452879,-0.1398231245280472,1.936066486565952,-0.2275600185528466,-0.3047233250617317,0.0178183442976529,1.0,41.70040485829959,40.588235294117645,0.08,1011,0.0,1.0,0.0,0.0,0.2613,1.0,0.12194999999999999,1.0,0.0,0.0014619921052631,0.0058201142857142,0.0029761875,0.0018066829268292,0.0039682576923076,0.0014644742857142,0.0027058704697986,0.0026701147286821,0.0,0.0555557,0.047619,0.037037,0.047619,0.0833333,3.45864,24504.0,1277.0,0.185,0.4425,0.4181,0.0
1,-0.1485266548964648,-0.324884120223967,-0.3628055633352703,0.6104441469244323,0.6069545281080583,0.6457612526631598,-0.19638384290316,-0.4136388684395657,-0.4173833543894504,0.0736391925476696,1.0,45.74468085106383,34.11764705882353,0.08,589,0.0,0.0,0.0,1.0,0.22005000000000005,1.0,0.39224999999999993,1.0,0.0488887999999999,0.257468,0.002849,0.0,0.1011347210526315,0.0061728333333333,0.00417493125,0.0296093346666666,0.004263759574468,0.244444,1.0,0.0,0.822222,0.111111,0.611111,3.45864,16500.0,9911.0,0.0198,0.2412,0.082,0.0
1,-0.0401730625464531,-0.3468527731863575,-0.2274079921914341,0.1686729990026435,0.3608412057848652,0.6760212822277929,-0.0989678582785812,-0.2444009002198895,-0.2432984377571439,0.5533057471282418,0.9941615137284676,41.07843137254902,35.88235294117647,0.11,332,0.0,1.0,0.0,0.0,0.41804999999999987,1.0,0.2517,1.0,0.3223721022222222,0.0,0.0451447647058823,0.297734775,0.0583597733333333,0.004243825,0.0504382235576923,0.0747597385714285,0.0029552201219512,1.0,0.0,0.888889,0.661111,0.710318,0.52381,3.89097,5082.0,22557.0,0.1187,0.2874,0.4131,0.0
1,-0.440172593157313,-0.0433833903004544,-0.3621630074385937,-0.0326789620223734,0.1193413648119379,0.1725285584134648,-0.3752894735898775,-0.1347496459007408,-0.5275102854551512,0.3555767105070893,0.9849271568441564,44.766146993318486,49.41176470588236,0.16,1519,0.0,0.0,0.0,1.0,0.011650000000000002,0.93,0.12355,1.0,0.0,0.3023478875,0.0219652285714285,0.0122222314285714,0.1095390769230769,0.0034570451219512,0.0074066254437869,0.0107288914110429,0.0028876449411764,0.0,1.0,0.111111,0.861111,0.166667,0.952381,4.75563,2979.0,746.0,0.0634,0.3633,0.1745,0.0
1,-0.1905951614017676,0.0752668392380038,0.1463498539104003,0.1199706339018056,-0.0432773474924776,-0.0360072184379649,-0.1064839813223057,0.0506731094274761,0.2923929357190944,1.423127536074546,0.5521817974013343,46.132208157524616,44.11764705882353,0.17,1308,0.0,0.0,0.0,1.0,0.04159999999999999,0.97,0.0,0.0,0.0,0.0051656894736842,0.0,0.0051256571428571,0.0018004148148148,0.0,0.0042020992619926,0.0028603877394636,0.0031108261904761,0.0,0.111111,0.0833333,0.0555557,0.0833333,0.111111,7.01265,217.0,7504.0,0.1145,0.3432,0.3336,0.0
1,0.3383785695460508,0.0689891582196701,0.7856606872447511,0.0153212528590556,-0.193277967614616,-0.4654970656753671,0.5994154681143318,0.1572516228484612,0.3807664404149496,2.414542998075476,0.4531850354677781,44.52380952380952,33.52941176470588,0.19,1754,0.0,1.0,0.0,0.0,0.0,0.0,0.12535,1.0,0.0042735153846153,0.0092592555555555,0.0,0.0,0.0,0.01339285,0.0033408432432432,0.0026282061538461,0.0023391824561403,0.0555557,0.0833333,0.0,0.0,0.0833333,0.111111,11.0199,42304.0,31397.0,0.1029,0.554,0.1858,0.0
1,-0.2522265813174513,0.1639456122000866,0.3921137115226728,0.0915463511134864,-0.2459548224329992,-0.2256626675933284,-0.2721990049603011,0.2629520790293201,0.1531005072923649,2.111790698490644,0.3854133904539518,46.88346883468834,24.11764705882353,0.19,359,0.0,0.0,0.0,1.0,0.0,0.0,0.5509499999999998,1.0,0.0032679823529411,0.015873,0.0,0.0109126916666666,0.0,0.0,0.0026360551020408,0.0111111199999999,0.0178571714285714,0.0555557,0.047619,0.0833333,0.0,0.0833333,0.111111,11.0199,34042.0,40198.0,0.1482,0.3927,0.3774,0.0
1,-0.219438818520641,0.1665392725478063,-0.0862196449425893,-0.1824924619969978,0.3292005932157386,-0.1197408951582217,0.2523834596822826,0.300590096313773,0.1027734732352592,2.7590835422032978,0.4067107301441163,43.55828220858896,38.23529411764706,0.2,746,0.0,0.0,1.0,0.0,0.0,0.0,0.6058,1.0,0.0,0.0,0.0,0.0,0.0,0.0015432111111111,0.0027777765624999,0.0,0.0020833363636363,0.0,0.0,0.0,0.0,0.111111,0.0,4.23665,30179.0,41549.0,0.0234,0.3365,0.0695,0.0
1,-0.2135405590785343,0.1778046207251358,1.046298467682811,0.4805705963391036,0.2798833436929824,0.4305696559803514,-0.1093716877413057,0.3961439341702701,0.9330379740283494,2.812473781117223,0.4496170138601723,49.6045197740113,25.294117647058822,0.21,806,0.0,1.0,0.0,0.0,0.3870499999999999,1.0,0.11449999999999999,1.0,0.0,0.0,0.0,0.002083335,0.0,0.0,0.002921895522388,0.0021419,0.0,0.0,0.0,0.0416667,0.0,0.111111,0.111111,4.23665,61495.0,12229.0,0.0777,0.3813,0.2037,0.0
1,-0.2972428714127387,-0.3736296726340889,0.822507895658086,0.1975783671465726,0.0760969679501204,0.119141973884805,-0.0126875161404237,-0.3477230625007683,0.7095601115845217,0.1505412379339674,0.6381483576016435,50.63613231552163,32.35294117647059,0.23,383,0.0,1.0,0.0,0.0,0.0,0.0,0.09050000000000001,1.0,0.0,0.0,0.0,0.0095238142857142,0.010416675,0.0,0.0058730155555555,0.0010582,0.0,0.0,0.0,0.0666667,0.0416667,0.0833333,0.037037,4.23665,1995.0,2447.0,0.253,0.5709,0.4432,0.0
1,-0.0113162451375644,-0.298408408160441,0.2777144195179565,0.4967235240627607,0.4815566495990655,0.5559413688933356,-0.133453793711028,-0.3340260813490466,0.2166383208345876,2.767953853577452,0.5346551906788317,51.40562248995983,21.764705882352946,0.25,862,0.0,0.0,0.0,1.0,0.32945,1.0,0.12149999999999998,1.0,0.19027775,0.3646841463414634,0.0,0.0464647,0.2601973058823529,0.0039215705882352,0.0049886530612244,0.0125641942528735,0.004166665,0.933333,1.0,0.177778,1.0,0.133333,0.263889,4.34117,6708.0,2827.0,0.1631,0.7449,0.2189,0.0
1,0.0790348807335078,-0.1669151889955798,0.3012854067276311,0.3245030544979065,0.5106000884315905,1.0547726538468865,0.0920668622685632,-0.2513780376426909,-0.304506612650438,0.1433148354443443,0.8967595246288826,49.58123953098828,45.88235294117647,0.28,569,0.0,1.0,0.0,0.0,0.12344999999999999,1.0,0.0,0.0,0.4057189911764705,0.0027233137254901,0.0094276,0.1002525772727272,0.0009416220338983,0.0,0.0089202294117647,0.0021432908196721,0.0020715661016949,1.0,0.0833333,0.888889,0.0555557,0.277778,0.111111,4.95884,34819.0,27328.0,0.0621,0.2639,0.2351,0.0
1,-0.0459512887056381,-0.3077808160784651,0.2807608831840986,0.6092574076006381,0.3290633192711544,0.3687456759176143,-0.1314899199627557,-0.1563838914555982,0.1426558145353355,5.373688812328688,0.412453884492676,49.10485933503836,40.0,0.28,2226,0.0,0.0,0.0,1.0,0.0,0.0,0.0,0.0,0.0030864194444444,0.004476584090909,0.0046296312499999,0.0026455095238095,0.0,0.0019157137931034,0.0056633253164556,0.0019987701107011,0.0033434601156069,0.0833333,0.111111,0.0555557,0.0,0.114286,0.111111,4.95884,24265.0,36660.0,0.0313,0.2995,0.1045,0.0
1,-0.6019082941884492,-0.0884448317804258,-0.1418560760549305,1.3040268588344852,0.8261391135994055,1.5225051426903162,-0.2725118189500438,0.0557653434749622,-0.3630077009961835,1.8955642326708624,0.5018357519538307,45.57823129251701,38.23529411764706,0.3,752,0.0,1.0,0.0,0.0,0.5848,1.0,0.0,0.0,0.5684156666666667,0.0,0.0059466239130434,0.0685185388888888,0.007723587804878,0.0,0.0105263714285714,0.0035424631386861,0.0042067490654205,1.0,0.0,0.416667,0.0833333,0.177778,0.111111,4.54561,11081.0,3947.0,0.0676,0.3562,0.1897,0.0
1,-0.3440793539414634,-0.1769181989325989,0.4133711019262588,-0.0458964474469932,-0.1002572722827384,-0.212048030490874,-0.2799155700962386,-0.256434596984961,0.4798243667006795,1.8316230409453664,0.66067881205853,44.114411441144114,35.88235294117647,0.33,141,0.0,0.0,0.0,1.0,0.7453000000000002,1.0,0.0,0.0,0.3118479999999999,0.0,0.0133333399999999,0.1428571428571428,0.0,0.0039215705882352,0.0407918431818181,0.0026143779411764,0.0036585365853658,0.952381,0.0,1.0,0.0,0.430556,0.111111,4.65937,10689.0,20.0,0.0845,0.2085,0.4053,0.0
1,-0.1973670910965076,-0.1565901154914636,0.6701878088150879,-0.0123859708032442,0.1786834590159985,0.0913096066154899,-0.4724887168028016,-0.1321782164753687,-0.172306725975421,0.8820488516307738,0.7044070856372499,48.67424242424242,30.58823529411765,0.34,436,0.0,1.0,0.0,0.0,0.04100000000000001,0.95,0.5598999999999998,1.0,0.0036764705882352,0.0,0.0,0.0,0.0,0.0,0.0022811513618677,0.0088888933333333,0.0081481466666666,0.0833333,0.0,0.0,0.0,0.0666667,0.0666667,9.11951,1981.0,4358.0,0.1051,0.2209,0.4758,0.0
1,-0.0078368070208403,-0.10500834288826,0.7930432255224651,0.1130285979637015,0.2285694405969495,-0.4175355620054245,-0.1837525730416555,-0.1954622414035565,0.6765704560969373,0.6292459562075714,0.9188197266297252,46.18055555555556,36.47058823529412,0.34,410,0.0,0.0,0.0,1.0,0.42095,1.0,0.5982999999999999,1.0,0.1979215333333333,0.0591372642857142,0.0173912913043478,0.00185185,0.0365319696969696,0.0,0.0455791373205741,0.0313166023696682,0.002436649122807,1.0,0.683333,0.037037,0.833333,0.399074,0.555556,8.01446,4514.0,3784.0,0.0406,0.2862,0.142,0.0
1,0.0487140335815153,-0.1983834595698876,0.3967288810739399,0.2099506179942226,0.1685011444013681,0.2113082080766592,-0.1616301002773885,-0.2747214830631209,0.4024046917109632,0.2380729673404631,0.7671150058047747,51.53508771929825,40.588235294117645,0.37,961,0.0,0.0,0.0,1.0,0.13520000000000001,1.0,0.33149999999999996,1.0,0.2915520355555556,0.0089985882352941,0.0124999999999999,0.1960144782608695,0.0115740653846153,0.0,0.0330328047619047,0.0050129789808917,0.0,1.0,0.133333,1.0,0.111111,0.633333,0.0666667,6.34478,164.0,3710.0,0.0562,0.4288,0.1311,0.0
1,0.4186434406638633,0.2768128074761896,-0.2931489517411956,0.0159499746012939,0.1857809421400252,1.1153105299157695,0.5126871734984576,0.3996973976275992,-0.2109471570067194,0.3812886707222961,0.8317105383063522,47.06235011990408,31.76470588235294,0.38,1135,0.0,0.0,0.0,1.0,0.039450000000000006,0.98,0.0,0.0,0.0059082857142857,0.0,0.0111111,0.0,0.0007183913793103,0.0079966272727272,0.0030436427152317,0.0023711546296296,0.0020720134228187,0.111111,0.0,0.0,0.0416667,0.111111,0.111111,9.01627,1275.0,2026.0,0.1395,0.537,0.2598,0.0
1,-0.0672280277555654,-0.2443358615267696,-0.1247564826796952,-0.267330400698589,0.6607088528004648,-0.1926587895819966,0.3853612369366354,-0.0266699996940164,-0.2020020641872636,3.381474216774466,0.1868497125922174,45.52380952380952,42.94117647058823,0.38,0,0.0,1.0,0.0,0.0,0.039299999999999995,0.97,0.0366,0.93,0.0068965465517241,0.0,0.1787616628571428,0.0090996103448275,0.002285714,0.0056428167539267,0.0041054516279069,0.0035735387692307,0.0026361088590604,0.111111,0.0,0.111111,0.0666667,0.111111,0.111111,3.67481,156.0,92.0,0.0664,0.4048,0.164,0.0
1,0.0062657510411626,0.725356425575715,0.2145365451172775,-0.3536465694880202,0.0857612023850408,-0.1408327341688796,0.4821605068888558,0.7131766225908873,0.1249257116852014,5.769087741098666,0.2750471247720614,46.29981024667932,40.588235294117645,0.39,0,0.0,1.0,0.0,0.0,0.061200000000000004,1.0,0.036599999999999994,0.93,0.0664800589285714,0.0,0.3834344495652173,0.0036728383333333,0.0032312928571428,0.0709339867088607,0.0047662522088353,0.004381787368421,0.0292790614601018,0.958333,0.0,0.0833333,0.0666667,0.0833333,0.133333,4.3233,3423.0,161.0,0.0621,0.5341,0.1163,0.0
1,-0.1799298270472693,0.0698368789561774,-0.5750726635686398,0.0558839977316119,-0.1089895107998155,0.3932932695712848,-0.0148010040751006,0.2590364254764106,-0.2333412829438333,0.0426070237473573,1.0,42.5287356321839,35.294117647058826,0.4,62,0.0,1.0,0.0,0.0,0.0,0.0,0.2883,1.0,0.0026455015873015,0.09618060625,0.0026455,0.0,0.0493480714285714,0.0,0.0012372637554585,0.0080122113207547,0.002023234375,0.0833333,0.805556,0.0,0.456349,0.0833333,0.111111,5.40413,622.0,7985.0,0.1098,0.2969,0.37,0.0
1,0.1179593532719842,-0.117419272123798,1.3308707796541377,0.1103821316849371,0.1319763579216263,-0.0994023284975613,0.0023852888588087,-0.1686903233017573,0.9686503784605276,1.813804256826748,0.6533984939142427,50.33557046979866,34.705882352941174,0.41,310,0.0,1.0,0.0,0.0,0.12100000000000001,1.0,0.0,0.0,0.0026422780487804,0.144841269047619,0.0015777385542168,0.1113733035714285,0.092708315,0.0017636666666666,0.0646594414556962,0.0155359408560311,0.0032602858299595,0.0666667,1.0,0.925926,1.0,0.790476,0.75,5.26126,7205.0,29.0,0.0592,0.3178,0.1862,0.0
1,0.2043519913622142,-0.1588380571444366,0.1560974853690601,0.0441707459180917,-0.1230086391730073,-0.087730300230107,0.08846250476159,-0.1196661832998668,-0.2103377727222546,0.2170124104808426,0.9498104359575338,41.361256544502616,38.23529411764706,0.41,2256,0.0,0.0,1.0,0.0,0.0,0.0,0.0,0.0,0.005208334375,0.1351851844444444,0.0,0.0024509794117647,0.0953947184210526,0.0,0.0040523776315789,0.0157377223938223,0.0,0.111111,1.0,0.0833333,1.0,0.148148,0.75,4.13237,952.0,1291.0,0.1476,0.4401,0.3354,0.0
1,0.6460904970646133,-0.3116531615150841,0.9313971306697464,0.0393433828838121,0.0918220511223438,-0.1176010849903893,0.8120023491444552,-0.1646649766766144,0.9820516476291218,5.993132188438655,0.3971917803376951,54.865424430641816,33.52941176470588,0.44,0,0.0,1.0,0.0,0.0,0.0,0.0,0.0,0.0,0.0047101478260869,0.0,0.0020833325,0.001736115625,0.0,0.0,0.0041303946236559,0.0047358803278688,0.00132275,0.0666667,0.0,0.0555557,0.0,0.108333,0.111111,11.0199,902.0,129.0,0.0659,0.5651,0.1166,0.0
1,-0.0480217996912202,-0.0088240991517786,0.4798682873358167,-0.2180739489212988,-0.0762163604044553,-0.120229885821264,-0.1339336519614827,0.1659562649477985,0.6900363713842709,3.164202932975854,0.3495228620910117,44.67005076142132,39.41176470588236,0.47,1600,0.0,0.0,0.0,1.0,0.06000000000000001,1.0,0.11299999999999999,1.0,0.0339616571428571,0.006262396875,0.0,0.0522727272727272,0.0064183458333333,0.0039381895833333,0.0041505783783783,0.0033548827906976,0.000809419205298,0.791667,0.111111,0.555556,0.111111,0.0833333,0.111111,4.05163,971.0,29271.0,0.0071,0.3098,0.0229,0.0
1,0.1859822744159502,0.3339122350348434,0.6394332735972181,-0.0013643939829408,-0.2473837668041683,-0.3395800851408289,0.6126729569428966,0.3235993762980166,0.8458033055382099,4.534284643637704,0.2395155754072944,48.24561403508772,44.70588235294118,0.51,1531,0.0,0.0,1.0,0.0,0.17994999999999997,1.0,0.0,0.0,0.0037037,0.0,0.0024154652173913,0.0,0.0030864185185185,0.001736115625,0.0028935194444444,0.0034235951871657,0.0041207388888888,0.037037,0.0,0.0,0.0833333,0.111111,0.0666667,5.00904,16242.0,1018.0,0.1312,0.3645,0.36,0.0
1,0.1539936244137402,-0.305939607224483,0.6189315207951126,0.2105354191886429,-0.1104448353007406,-0.2479489611895554,-0.3010365617583514,-0.2294471628073961,0.2516273902677569,0.5017580842304556,0.9543680716064824,47.70992366412214,39.41176470588236,0.52,1184,0.0,0.0,1.0,0.0,0.17095000000000002,1.0,0.175,1.0,0.0,0.102285708,0.0096153846153846,0.0,0.0275388064516129,0.0,0.0,0.0297859503030303,0.0028735620689655,0.0,0.911111,0.0,0.444444,0.0,0.561111,5.26126,10730.0,6921.0,0.1301,0.6507,0.1999,0.0
1,0.0463711405787021,-0.0915024997858368,0.8095527597618002,-0.1089013920575759,0.2701708505214646,0.1063968543257017,-0.1390194687511247,-0.0775886540599286,-0.184665259166766,0.0,,48.14814814814815,25.882352941176475,0.52,0,0.0,1.0,0.0,0.0,0.35174999999999995,1.0,0.0,0.0,0.213095225,0.0048076923076923,0.0580499071428571,0.0651211052631578,0.0013717407407407,0.0130718823529411,0.0466598007407407,0.0012437805970149,0.0023569022727272,0.911111,0.0833333,0.444444,0.037037,0.561111,0.0833333,5.26126,5332.0,12530.0,0.0697,0.4936,0.1412,0.0
1,-0.2563474503215625,-0.0765376935079089,-0.0138131456265868,-0.1908358588376013,0.1661113065126511,-0.0268302373328035,-0.5003198158594179,-0.1793205254811345,-0.0978667339492848,6.0038257728838005,0.1583470358821893,49.84820886460231,37.05882352941177,0.54,0,0.0,1.0,0.0,0.0,0.22190000000000001,1.0,0.0189,0.82,0.3654656,0.0039682642857142,0.0475558196261682,0.2484578128205128,0.0042989458333333,0.0099371641666666,0.0122510168224299,0.0023927405940594,0.0093380789690721,1.0,0.0555557,1.0,0.0555557,0.333333,0.0666667,12.0217,250.0,223.0,0.0614,0.4581,0.134,0.0
1,-0.1675204100865071,-0.1386275807607662,-0.1818565408655082,-0.0520750459017269,0.7142722387340543,0.5017387574333068,-0.2205945980605745,-0.3082426551085225,-0.4022774524377835,0.4127743957563566,0.8743684874538122,46.93665628245067,34.11764705882353,0.69,0,0.0,0.0,0.0,1.0,0.48105000000000003,1.0,0.45704999999999985,1.0,0.0,0.125,0.001736115625,0.0260942727272727,0.0661375999999999,0.0036231869565217,0.0100217843137254,0.0027160533333333,0.0046243173076923,0.0,1.0,0.287037,0.555556,0.111111,0.0666667,5.34297,4612.0,39754.0,0.0731,0.4222,0.1731,0.0
1,-0.1286772082359331,0.0850279087770625,1.164602634776101,0.1450453416023541,0.3363298482053642,-0.2271652214478207,-0.1252065161131073,0.202007685147617,1.0477206594810826,5.403443265592572,0.1235796787070789,53.49369988545247,39.41176470588236,0.71,0,0.0,1.0,0.0,0.0,0.1245,1.0,0.3961,1.0,0.00185185,0.1397343347826087,0.237055919047619,0.0026666679999999,0.054636235,0.0026590692307692,0.0053322728,0.0141467253012048,0.0047218222222222,0.0333333,0.916667,0.0666667,1.0,0.111111,0.288889,8.3484,8.0,27.0,0.0497,0.6369,0.078,0.0
1,-0.3858505874630861,-0.2415307831198143,0.4153139744436742,1.003240691855657,0.9693307036449846,1.648517311527129,-0.2311613026778124,-0.0627561467249058,0.3421049962063899,1.4132300292064737,0.8061121445344007,53.93518518518518,40.0,0.72,230,0.0,1.0,0.0,0.0,0.0,0.0,0.11060000000000002,1.0,0.0022435903846153,0.7747037826086955,0.0,0.001619046,0.1462248708333333,0.0064102538461538,0.0035047418282548,0.0267023095092024,0.0053571425,0.0416667,1.0,0.047619,0.722222,0.111111,0.222222,3.84905,2409.0,27279.0,0.0986,0.3527,0.2795,0.0
1,-0.3531735876383455,0.3656616342727984,-0.0456130492158552,-0.0423354457308694,-0.1627894815837328,-0.4145788961334296,-0.3573461481584663,0.6558825814019011,-0.3939684131242937,2.700300586034447,0.3149502924935941,44.75524475524475,44.70588235294118,0.75,702,0.0,1.0,0.0,0.0,0.14730000000000001,1.0,0.1918,1.0,0.1592592857142857,0.039166665,0.1633333233333333,0.0076923076923076,0.0028735620689655,0.0,0.0072201623376623,0.0059870563106796,0.0109861851851851,0.592593,0.75,0.0666667,0.0833333,0.111111,0.111111,4.54561,27667.0,309.0,0.096,0.3867,0.2481,0.0
1,-0.1779593285782114,-0.1129270960945295,0.7817901021359643,-0.002205899563025,-0.1795352360054195,-0.3342587886404778,-0.2297723646741139,0.0059950238693781,0.612399629742354,2.5772196216205945,0.412059201625635,48.99387576552931,39.41176470588236,0.79,201,0.0,1.0,0.0,0.0,0.0761,1.0,0.51555,1.0,0.1792129675,0.1792592,0.0,0.0367494565217391,0.0141706956521739,0.0015873057142857,0.0252099120192307,0.0287780306569343,0.0040358629629629,1.0,0.896296,0.483333,0.177778,0.522222,0.305555,3.89097,2889.0,425.0,0.09,0.4502,0.1999,0.0
1,-0.0495410588828352,0.0879766000985113,0.3850747979331481,0.1916217827780459,0.9729014663454132,1.7164512350089205,0.0193555140010314,-0.0049176085704127,0.1734286936215586,1.0840693835902726,0.6272069233303703,53.84615384615385,37.05882352941177,0.83,1304,0.0,1.0,0.0,0.0,0.118,1.0,0.0,0.0,0.0,0.1951139966666666,0.002083335,0.0,0.0589718724137931,0.0,0.0055555510869565,0.0099564150943396,0.0012345711111111,0.0,1.0,0.0,0.458333,0.222222,0.302778,20.3701,34576.0,73077.0,0.0454,0.4624,0.0981,0.0
1,-0.2122140050778144,-0.0917869056245617,0.2605346056653047,-0.250230484360476,-0.1932178401718834,-0.3427204866529646,-0.5297982542272704,-0.3337748296430389,-0.1015943509284128,0.4735505228710878,0.7057642106660718,48.87525562372189,31.176470588235293,1.1,226,0.0,0.0,0.0,1.0,0.4879,1.0,0.0,0.0,0.0,0.0684684675675675,0.0467836315789473,0.0,0.0017543859649122,0.0076628275862068,0.0,0.0026282964426877,0.00069444625,0.0,0.933333,0.0,0.0666667,0.0,0.0833333,3.60115,1067.0,144.0,0.1026,0.892,0.115,0.0
1,-0.1323217060295173,-0.0057488568569672,0.1391097724620719,-0.1177031880019937,0.2583355656274874,-0.0938839668442149,-0.1115144476855039,-0.0233440995885541,0.2786485985091889,1.6615401112213637,0.7252700338193907,47.60233918128655,30.58823529411765,1.16,804,0.0,1.0,0.0,0.0,0.0,0.0,0.557,1.0,0.1755049999999999,0.0,0.0,0.0,0.0,0.0,0.0067328036363636,0.0,0.006060609090909,0.861111,0.0,0.0,0.0,0.111111,0.0,6.31351,10259.0,27191.0,0.0231,0.4976,0.0464,0.0
1,-0.1317489455028809,0.1774333126193822,-0.0459209129073149,0.1154516873606118,-0.1242564038406989,0.0384609903416052,-0.2056729237452282,0.1774249656236642,-0.0341967999003721,0.3474003577662169,0.992752617454032,40.921409214092144,50.0,1.22,1193,0.0,1.0,0.0,0.0,0.26995,1.0,0.0,0.0,0.0034722208333333,0.0020703913043478,0.0,0.0,0.0034722208333333,0.0049019588235294,0.002583976744186,0.0049474798507462,0.0034961698275862,0.0833333,0.047619,0.0,0.0833333,0.111111,0.111111,7.34659,36.0,4150.0,0.1601,0.311,0.5149,0.0
1,-0.2175144889127148,0.1309842654118312,0.0751227057397733,0.1698648409217163,0.0300611067038683,-0.243124099658681,-0.2987102186450496,-0.0014207388066918,0.1211123581712451,2.5581892526102425,0.6090284747070573,43.66053169734151,27.058823529411764,1.45,0,0.0,1.0,0.0,0.0,0.10990000000000003,1.0,0.4833,1.0,0.8113676363636365,0.6494649090909091,0.0831871421052631,0.3597535869565218,0.1120985139534883,0.0022988517241379,0.0490058124137931,0.0128874867692307,0.0033862454545454,1.0,1.0,0.958333,1.0,0.644444,0.316667,4.45679,650.0,16430.0,0.0893,0.5274,0.1693,0.0
1,-0.0670801434719783,0.294018592418608,2.9878915543561546,-0.1076580413332613,-0.0404767400036249,-0.6300261472782321,-0.1322388329608325,0.1217476260694811,2.393537001394877,5.667298348516372,0.3453469127634636,53.84615384615385,27.058823529411764,1.47,300,0.0,1.0,0.0,0.0,0.24489999999999998,1.0,0.19255000000000003,1.0,0.2937447096774193,0.0277777878787878,0.0120517296296296,0.0680868868421052,0.0016260170731707,0.0037037055555555,0.0249191057553956,0.031918743523316,0.0,1.0,0.805556,0.722222,0.0666667,0.885714,0.5,5.96276,18382.0,385.0,0.0948,0.4574,0.2072,0.0
1,-0.1784946375748898,-0.2225258073666562,-0.6236561916519433,0.572634805942869,0.611604819716212,0.3939084995139578,-0.0750640550239903,-0.2419841351626316,-0.3768350432557461,2.026762436915412,0.6991666515957622,42.85714285714285,37.64705882352941,1.49,303,0.0,1.0,0.0,0.0,0.09700000000000002,1.0,0.019799999999999998,0.84,0.0,0.0,0.0060897423076923,0.0035947705882352,0.0,0.0,0.0054055499999999,0.0024618187919463,0.0034139103053435,0.0,0.0,0.0611111,0.0,0.0833333,0.0833333,4.02482,17635.0,8524.0,0.0671,0.3322,0.202,0.0
1,0.4609688252338951,-0.1942758345969265,0.5828190284765119,-0.179562783461398,-0.1426287532651836,-0.136183150549226,0.4815012025718087,-0.1977419311156595,0.2228202808205865,2.5945161264229832,0.3934752219312211,45.84647739221872,35.294117647058826,1.55,0,0.0,0.0,1.0,0.0,0.07300000000000001,1.0,0.0,0.0,0.125,0.02486110875,0.006105,0.0,0.0,0.0046296277777777,0.0114069516129032,0.002168552688172,0.0028819475,1.0,0.944444,0.0,0.0,0.316667,0.084656,4.00723,946.0,376.0,0.1158,0.3273,0.3538,0.0
1,0.6213808704973973,0.5509838718490124,0.4590574476840513,-0.3264828376859081,-0.1772177370724548,-0.1716480565202556,0.3903768418447323,0.9185809596776474,0.6478257885298813,3.3655379380940595,0.4325770562563505,47.75828460038986,37.05882352941177,1.55,1885,0.0,0.0,0.0,1.0,0.05199999999999999,0.97,0.0,0.0,0.0031862764705882,0.0420187845070422,0.0497200720930232,0.005468753125,0.0021428571428571,0.0,0.0032272625592417,0.0018985363636363,0.001713004347826,0.0666667,0.944444,0.0666667,0.0833333,0.177778,0.084656,4.209,599.0,2091.0,0.0801,0.4064,0.197,0.0
1,-0.2154702266744874,-0.0876542055063374,-0.2986344779412996,0.0465722489509323,0.2598460687440808,0.3411853753390653,-0.5200271531921115,-0.0374894510518128,-0.5899679636336779,0.0531464879276122,0.9631720852111768,43.44911639244364,37.05882352941177,1.56,0,0.0,0.0,0.0,1.0,0.4377499999999999,1.0,0.34595,1.0,0.0,0.0,0.0047491080645161,0.0,0.0,0.0057561032258064,0.0019607852941176,0.0,0.0026088127737226,0.0,0.0,0.0,0.0,0.0666667,0.0,4.209,4809.0,25088.0,0.1108,0.5559,0.1993,0.0
1,1.231367936582605,0.0740782303226141,1.452485489209932,-0.1794127155966781,-0.0546496129424257,-0.1252954371041982,0.9583197138398364,0.2382857357331211,1.4189191766158715,6.7261250793524185,0.1099054117313387,56.70650730411687,44.11764705882353,1.6,3109,0.0,1.0,0.0,0.0,0.0,0.0,0.0,0.0,0.0,0.0,0.0,0.0,0.0015948947368421,0.0,0.0,0.0020885526315789,0.0,0.0,0.0,0.0,0.030303,0.0,0.111111,4.55976,898.0,407.0,0.0297,1.4541,0.0204,0.0
1,0.0350268438667627,-0.2069760914031011,0.5278382514479952,-0.2198877999212427,-0.0872131176799966,-0.3924840791150026,0.5284899768592873,-0.4751021103398944,0.7038761725562251,1.6083850527614425,0.6536290212694967,47.61904761904761,30.58823529411765,1.64,1065,0.0,0.0,0.0,1.0,0.07189999999999999,1.0,0.0,0.0,0.0,0.0061728333333333,0.0046296416666666,0.0,0.0111111166666666,0.0,0.0019047628571428,0.0050170053571428,0.0,0.0,0.037037,0.0,0.0666667,0.0666667,0.0833333,4.65937,1207.0,26914.0,0.1018,0.4413,0.2307,0.0
1,-0.0265200967087278,-0.4654510154041149,-0.2671757839670129,0.0766960133378012,0.1215076738228064,0.3758786497710525,-0.0541169758999535,-0.3419953955296564,-0.341670797047798,0.1768853007412216,0.9403951781747066,41.78999295278365,32.35294117647059,1.69,0,0.0,1.0,0.0,0.0,0.1795,1.0,0.09425,1.0,0.776363435897436,0.3837013913043478,0.2977200078947367,0.4472536807692307,0.00625,0.012231179032258,0.0636954559322033,0.0093832625,0.0060598051515151,1.0,1.0,0.944444,0.0833333,0.7,0.133333,4.25421,13946.0,18902.0,0.4289,0.885,0.4846,0.0
1,-0.0302746171652981,-0.1251726146761048,-0.3392300899335366,-0.0307590138919611,-0.0163208357536664,-0.3781903223814837,-0.1480145798432016,-0.1710069953761118,-0.5412166414349837,0.130571271244353,0.8914137931043671,43.846429852888406,36.47058823529412,1.71,0,0.0,0.0,1.0,0.0,0.2747,1.0,0.7859999999999999,1.0,0.0026455,0.0,0.6650279801980197,0.0029239842105263,0.0,0.14122494,0.0064659209150326,0.0034722208333333,0.0170900005154639,0.047619,0.0,0.0555557,0.0,0.166667,0.0833333,4.95884,828.0,29101.0,0.0278,0.3801,0.0732,0.0
1,-0.0938429464940652,0.2834144519314687,0.0667656824267191,-0.1905106626233133,-0.0771630950547129,-0.3900478533453101,-0.0186002638237827,0.3169355456516162,0.4089839962047764,3.464141717801947,0.2803231747240536,49.943117178612056,38.82352941176471,1.79,0,0.0,1.0,0.0,0.0,0.07375,1.0,0.17895,1.0,0.0,0.0133333399999999,0.0370370388888888,0.0,0.0095238142857142,0.0008547,0.0031746047619047,0.0,0.0043137897959183,0.0,0.0666667,0.0,0.0666667,0.0666667,0.0,6.66426,264.0,17395.0,0.0167,0.4606,0.0362,0.0
1,-0.102382224118559,-0.3826650569613242,-0.0608655033523149,-0.3107512803037555,-0.182142055354282,-0.1529454379405046,0.0618354985691684,-0.2456362778377226,0.0164574130930018,0.613529985794597,0.4412831290351157,43.790849673202615,31.76470588235294,1.8,0,0.0,1.0,0.0,0.0,0.14400000000000002,1.0,0.08145,1.0,0.2214966878787878,0.0740740777777777,0.0,0.0077690953125,0.0017460314285714,0.0,0.0058249306338028,0.0050730168,0.0,1.0,1.0,0.111111,0.0333333,0.111111,0.111111,6.66426,15482.0,2585.0,0.0991,0.3066,0.3233,0.0
1,-0.1979700813569165,-0.1502459875851502,0.4307386888954814,0.1630205272804136,-0.0071134730149781,0.1916743827011014,-0.1321658602129464,-0.2097784846921755,0.2731916213793742,2.9106670100835434,0.6964238494123882,48.95833333333333,37.64705882352941,1.81,1097,0.0,0.0,0.0,1.0,0.13490000000000002,1.0,0.068,1.0,0.0022988517241379,0.0044802903225806,0.0123456666666666,0.0021164,0.0045219604651162,0.0,0.0049570479087452,0.0044708056338028,0.001666666,0.0666667,0.0833333,0.047619,0.111111,0.111111,0.111111,4.05163,2027.0,16841.0,0.0512,0.3279,0.1563,0.0
1,-0.0541967830579758,0.1057183349538732,0.2046157689782519,-0.3897799353438046,0.0043435438329586,-0.0506765683730196,-0.195618591827026,-0.0632350709832772,0.24282264147485,3.742812518397293,0.1877001509576901,46.32034632034632,43.52941176470589,1.81,321,0.0,1.0,0.0,0.0,0.29764999999999997,1.0,0.0,0.0,0.0,0.1879859739130434,0.0,0.00380952,0.0091435166666666,0.0,0.0024006708074534,0.0023194,0.0,0.0,0.952381,0.047619,0.111111,0.111111,0.0666667,5.61201,1082.0,1295.0,0.0313,0.2244,0.1396,0.0
1,0.1723132029063149,0.2277477259360314,0.0189677539046265,-0.2033428479932692,-0.1963855389691379,-0.2617775229238966,0.125749456034727,0.6630617135439242,-0.0933662532284068,2.7690345617861665,0.2383314769142831,48.96825396825397,34.705882352941174,1.82,1042,0.0,0.0,1.0,0.0,0.4759999999999999,1.0,0.0,0.0,0.0468750166666666,0.0,0.2400132461538461,0.0,0.0,0.0081275703703703,0.0283116569105691,0.0,0.002110445045045,0.559524,0.0,0.0,0.0,0.708333,0.0,5.78532,578.0,791.0,0.0378,0.5246,0.072,0.0
1,0.3538899477023703,-0.0059182128454956,-0.0795156646622274,-0.1658547574128825,0.0294541470891617,-0.1556311003074371,0.4358590432175331,0.1869289047302265,0.0117585654963755,5.198115721712184,0.1222193669162209,47.085455574419925,41.76470588235294,1.83,0,0.0,0.0,1.0,0.0,0.35045000000000004,1.0,0.0,0.0,0.5877585454545454,0.0024565404761904,0.007613174074074,0.31274565,0.0038314137931034,0.0040404022727272,0.037863439047619,0.0028994504672897,0.0034529333333333,1.0,0.0555557,0.888889,0.111111,0.622222,0.0833333,6.01085,12055.0,254.0,0.0143,0.3022,0.0474,0.0
1,-0.167969573514129,0.1899122349734699,-0.2672936033677602,0.0094712061990314,-0.1852291160370363,-0.3858440836937958,-0.3547359884290881,0.2744998708407393,-0.2240711901814219,2.5159664127498025,0.2809672887681065,44.907407407407405,40.588235294117645,1.86,0,0.0,1.0,0.0,0.0,0.33225,1.0,0.04635000000000001,0.99,0.0190972125,0.0,0.2674114876923077,0.0,0.0029239842105263,0.0030684658682634,0.0061728333333333,0.0040004756410256,0.0027304,0.111111,0.0,0.0,0.0555557,0.111111,0.111111,8.68233,22902.0,15914.0,0.0484,0.3069,0.1578,0.0
1,-0.0896364956558451,0.6064496172653107,1.0789649284623364,-0.1664994238800089,7.305174019153551e-05,-0.6424094218603364,0.005183344719344,0.5159293951123366,1.8827869705350568,6.762148418267337,0.346761014545713,52.51798561151079,41.76470588235294,1.88,749,0.0,1.0,0.0,0.0,0.22,1.0,0.0,0.0,0.3113408684210526,0.1618279354838709,0.0060185222222222,0.052008915625,0.0034661510204081,0.0,0.0080819668639053,0.0037845039408866,0.0046783605263157,1.0,1.0,0.355556,0.0666667,0.191667,0.111111,8.3484,19.0,6235.0,0.0347,0.2162,0.1606,0.0
1,-0.2081708316610005,0.2847988823054221,0.131496073617971,-0.3244994213943223,0.0598133700962738,-0.3306790519002355,-0.1461076002494389,0.1036459768739478,0.1408762399431284,3.0868759239126207,0.473118354288969,41.796585003711954,31.176470588235293,1.99,0,0.0,1.0,0.0,0.0,0.17725000000000002,1.0,0.11709999999999997,1.0,0.1626262727272727,0.0999398704545454,0.2273342764705882,0.0268817064516129,0.0101929529411764,0.0005878888888888,0.0344292285046729,0.0085694183486238,0.0045362582043343,0.944444,1.0,0.583333,0.130952,0.638889,0.194444,4.6751,2191.0,8841.0,0.0685,0.3423,0.2,0.0
1,-0.3005185223446606,0.1811744761378274,0.6147395700677512,-0.1815019893603121,0.065869332498469,-0.2355612464985964,-0.3477426180388603,-0.0349673479147522,0.7610805636518729,2.2279006834924746,0.384947358465594,50.44871794871795,34.705882352941174,2.0,305,0.0,1.0,0.0,0.0,0.25750000000000006,1.0,0.0,0.0,0.13037038,0.0012077326086956,0.0014619894736842,0.00818451875,0.0007183913793103,0.0084656238095238,0.0204575223529411,0.0032890818181818,0.0010582015873015,1.0,0.0555557,0.0833333,0.0416667,0.633333,0.111111,5.26126,852.0,10747.0,0.0666,0.5097,0.1306,0.0
1,-0.0170679171098549,-0.082896704605387,-0.3087348534841094,-0.279959216505594,0.0556539219297625,0.2052140692653397,0.7829777514138891,-0.0952510559602522,-0.44720024922632,0.0560825451301929,0.7828998298081935,43.17988064791134,27.058823529411764,2.02,0,0.0,1.0,0.0,0.0,0.8322500000000003,1.0,0.02955,1.0,0.0,0.1134921,0.0020219214285714,0.041666675,0.005,0.0051948051948051,0.005760364516129,0.0034173165094339,0.0033403457831325,0.0,0.916667,0.111111,0.0833333,0.0833333,0.0833333,4.02482,21351.0,1672.0,0.0934,0.4259,0.2193,0.0
1,-0.3061262008603037,-0.1490950113617795,-0.1457868591500968,0.975686498218846,0.6658158220990342,1.2843179292059277,-0.3119144375563926,-0.1751113385421346,-0.3322055840168056,2.8130388588487367,0.4782492642981928,46.87800192122959,36.47058823529412,2.03,2109,0.0,1.0,0.0,0.0,0.0,0.0,0.0,0.0,0.0689342642857142,0.0038888925,0.0025641038461538,0.00637755,0.0065079342857142,0.00138889,0.0016666674999999,0.00273082,0.0042781832116788,0.660318,0.0666667,0.047619,0.111111,0.0666667,0.0833333,4.87215,10931.0,5182.0,0.0279,0.2536,0.11,0.0
1,0.3682577021167556,-0.3054730984790664,0.8029943772626472,-0.1067171712603808,-0.0485787985033388,-0.2190143833985497,0.3092523039533497,-0.2338640407444288,0.3188629243926403,0.1997592752122658,0.8867174155406117,50.0,31.76470588235294,2.07,1925,0.0,1.0,0.0,0.0,0.04539999999999999,1.0,0.0,0.0,0.0039215705882352,0.2096172352941176,0.0115384615384615,0.0035714342857142,0.2555555714285714,0.002849,0.0065900133333333,0.01248757,0.0043650771428571,0.0666667,0.952381,0.0555557,0.75,0.111111,0.333333,17.5375,466.0,35625.0,0.0926,0.3804,0.2436,0.0
1,-0.0049505441677093,-0.2315366754033276,0.3795719868232737,-0.006315323143269,-0.199394450365188,-0.1594873371462252,-0.0022769490993255,-0.2172871080965751,0.9439298904885884,5.659504810393841,0.099030159818519,50.58043117744611,38.23529411764706,2.12,1283,0.0,0.0,0.0,1.0,0.08100000000000002,1.0,0.09580000000000002,1.0,0.8626417619047618,0.5476611666666666,0.0264957153846153,0.3706983320000001,0.1155832714285714,0.0,0.0454768745098039,0.0163409536231884,0.0031746,1.0,1.0,1.0,0.755556,0.805556,0.277778,5.00904,305.0,32908.0,0.0139,0.3585,0.0388,0.0
1,-0.3249122409504986,-0.3055986040902824,-0.0246535479775208,0.1365457446687282,0.3224732572289938,0.4749422339285187,-0.2013100150714692,-0.095997909349751,-0.3538114627950669,0.1023668719785329,0.8952648547650792,43.90476190476191,27.647058823529413,2.13,0,0.0,0.0,0.0,1.0,0.07339999999999999,1.0,0.09050000000000001,1.0,0.0,0.8192460675000002,0.2185385666666666,0.0264484174999999,0.1961858129032257,0.0423009795454545,0.005892204054054,0.0235427483193277,0.0155525881118881,0.0,1.0,0.707937,0.674074,0.111111,0.383333,3.64647,4119.0,13515.0,0.0427,0.2667,0.1599,0.0
1,0.0617842905280532,0.1766202701297851,0.2143548783114152,-0.1071329323290535,0.0557276098132575,-0.1776418980295447,-0.0135016096387032,0.2317496999609838,0.0187665727021148,4.006101430871219,0.3275471884551299,45.81560283687944,37.05882352941177,2.13,1967,0.0,0.0,0.0,1.0,0.04,1.0,0.0,0.0,0.00238095,0.0,0.0,0.0043859631578947,0.0,0.0,0.0034694899082568,0.0,0.0072222175,0.047619,0.0,0.0833333,0.0,0.111111,0.0,3.64647,553.0,14175.0,0.0344,0.5344,0.0644,0.0
1,-0.0109526405458584,0.0177760173331599,1.164346724697218,0.1879878790397867,-0.1318124106316422,-0.1594705295003643,-0.1920183275628304,0.0605034576913229,1.2261050781681768,2.7943207554853995,0.3847592642058015,48.732943469785575,38.82352941176471,2.39,3111,0.0,1.0,0.0,0.0,0.0,0.0,0.0,0.0,0.22290741,0.0053511257575757,0.00925925,0.1437943361702127,0.004883381632653,0.0099206428571428,0.0075505136518771,0.0043067786729857,0.0035714285714285,1.0,0.222222,0.958333,0.0833333,0.388889,0.166667,3.89097,272.0,6162.0,0.1024,0.558,0.1835,0.0
1,0.4193709980987989,0.0238293689672061,0.4894935317723233,-0.0830830128459025,-0.0922940974894128,-0.2169845454047022,0.6107242208897441,0.1165677751503516,0.6086673440852262,5.134801893940518,0.1512935130784451,48.99598393574297,40.588235294117645,2.38,344,0.0,1.0,0.0,0.0,0.2809,1.0,0.0,0.0,0.5735519903225808,0.0,0.026225,0.1903941769230769,0.0095238142857142,0.0,0.1223959654545455,0.01777777,0.0032500563380281,1.0,0.0,0.672222,0.0666667,0.75,0.111111,4.44848,29193.0,7877.0,0.0608,0.3535,0.1721,0.0
1,0.2105150221987846,-0.060704378716508,-0.2193883791165343,-0.0995432424833918,-0.0115667874621745,-0.2644153091049289,0.581569415447708,-0.0717971645645409,-0.0918630016524522,1.259738109692905,0.3686367408878803,44.32314410480349,40.588235294117645,2.37,2937,0.0,0.0,0.0,1.0,0.0,0.0,0.0,0.0,0.0059523785714285,0.0,0.0722221999999999,0.0079365,0.0065359411764705,0.0057692307692307,0.002349337735849,0.0022450561643835,0.0035121298850574,0.0833333,0.0,0.111111,0.111111,0.111111,0.0666667,3.60115,20443.0,16328.0,0.1035,0.3347,0.3093,0.0
1,0.5180266449452585,-0.1406922381835142,1.8012173996222,-0.0224190030747028,-0.020235378497035,-0.4013737410350076,0.5121025157974746,-0.2220472690223015,0.90059680863885,4.914092433589679,0.359577515530542,51.91919191919192,40.0,2.36,1345,0.0,0.0,0.0,1.0,0.0,0.0,0.044649999999999995,0.92,0.0474254926829268,0.0064285725,0.0,0.0890361681818182,0.0073251864864864,0.0,0.0057515529209621,0.0032607736170212,0.0,1.0,0.111111,1.0,0.0833333,0.166667,0.111111,8.01446,1355.0,1257.0,0.1403,0.5793,0.2422,0.0
1,-0.1922773530298086,-0.1796590989117251,0.1125079734579071,-0.0421012866174962,-0.0825027251765259,-0.133399051741444,-0.2649270790277437,-0.2039148749312769,-0.0034206366866267,1.2680653958136707,0.4711751796316982,47.21603563474388,35.88235294117647,2.35,502,0.0,1.0,0.0,0.0,0.6093500000000001,1.0,0.0,0.0,0.8703704999999999,0.04861113,0.7532275333333334,0.4240334384615384,0.0932759857142857,0.292923275,0.0523912609375,0.0057122931740614,0.0463677564814814,1.0,1.0,0.756614,1.0,0.625,0.166667,4.55976,31415.0,714.0,0.1006,0.7322,0.1374,0.0
1,0.820937838731693,-0.4798959945118651,-0.3197175786546171,-0.1012705999188954,0.2952898770432931,0.5681142842460974,0.97191777995358,-0.3735068159707694,-0.0815731499542226,0.3435899566321938,0.9938894959365692,46.8671679197995,35.294117647058826,2.33,0,0.0,1.0,0.0,0.0,0.74815,1.0,0.0,0.0,0.8282436086956521,0.256016335483871,0.0279342144230769,0.4096826,0.0811508357142857,0.0052194744897959,0.0741698918918918,0.0178980463917525,0.0068631329411764,1.0,1.0,0.805556,0.777778,0.833333,0.411111,3.84905,70360.0,379.0,0.0557,0.3636,0.1533,0.0
1,-0.0212323848880449,0.2169013243181935,0.0967648331787798,-0.2487074101348818,-0.163653247524965,-0.3313496033433317,-0.1199042939459708,-0.0251591487006818,0.2076023396148525,4.783492566831798,0.1325534470040074,46.97406340057637,47.05882352941176,2.24,4968,0.0,0.0,1.0,0.0,0.0,0.0,0.0,0.0,0.9351853333333334,0.0034722208333333,0.0765079499999999,0.33915343,0.0048152149253731,0.0048611075,0.068100364516129,0.0041762884848484,0.0030397352941176,1.0,0.0833333,0.916667,0.166667,0.694445,0.111111,3.45864,33925.0,910.0,0.0243,0.5157,0.0471,0.0
1,-0.3236307918767923,-0.0504336832889302,0.1607966417375784,0.2604395483973095,0.060724860594247,0.9023158369819604,-0.0831484577699991,-0.0389193587691976,-0.3695361085802673,0.6828969653379119,0.9353902767150352,43.730886850152906,34.11764705882353,2.22,1017,0.0,1.0,0.0,0.0,0.0,0.0,0.39209999999999995,1.0,0.0,0.569733,0.0,0.0,0.1655011648648648,0.0013888899999999,0.0,0.0294650118644067,0.0021043775510204,0.0,1.0,0.0,0.711111,0.0,0.244444,4.75563,15645.0,21006.0,0.0963,0.2009,0.4792,0.0
1,-0.2018123663167445,-0.1098512868521867,0.0829069719564987,-0.1819728227068344,0.3720321552731198,0.4525724478872822,-0.5921300562337609,-0.1150869992058239,-0.1315943338703454,1.7097298124357354,0.6661298521222438,50.98039215686274,37.05882352941177,2.21,328,0.0,1.0,0.0,0.0,0.466,1.0,0.2368,1.0,0.1506991428571428,0.1182288095238095,0.02311112,0.1173159363636363,0.0312036925,0.0031746027777777,0.0710307869565216,0.0045527344827586,0.0040660224637681,1.0,0.916667,0.444444,0.694444,0.666667,0.0833333,4.75563,3365.0,32389.0,0.0237,0.3048,0.0777,0.0
1,-0.1395682050590732,-0.0449412590944729,0.0792554409152588,-0.0434520285250995,-0.0167521635789409,0.4840485871362771,-0.167280736451687,-0.0832241821470089,-0.2465275169943085,3.759718715802353,0.6223640022384871,50.401606425702816,38.23529411764706,2.2,815,0.0,0.0,0.0,1.0,0.14200000000000002,1.0,0.0,0.0,0.1131886886363636,0.0754262222222222,0.0023148166666666,0.0615789523809523,0.0021885509090909,0.002083334375,0.0304403826714801,0.0019675304182509,0.0009419601010101,1.0,1.0,0.888889,0.0833333,0.767677,0.0833333,4.53947,14330.0,8687.0,0.0157,0.3079,0.0512,0.0
1,0.199968229333942,-0.0466374526500991,0.1417465107399336,-0.2844270206413423,0.0111490290370747,-0.329442266587039,0.3308571664045214,0.0612086042697236,0.0040718016593369,3.553278096901644,0.1552405755965596,45.52450384771162,42.94117647058823,2.15,269,0.0,1.0,0.0,0.0,0.44555,1.0,0.0392,0.93,0.5019221250000001,0.0,0.15732805,0.1863996878787878,0.0,0.0049543038961038,0.0268470457894736,0.0,0.0028650032608695,1.0,0.0,0.655556,0.0,0.309524,0.0,9.01627,6896.0,1002.0,0.086,0.4999,0.172,0.0
1,0.2636981141362228,-0.1916658288412436,0.440130973891918,-0.3474863750300729,0.0142185003659142,-0.219563729335429,0.0463466613931371,-0.0926437604299445,0.6034359350487203,6.069240503896778,0.116932489533872,52.47863247863248,40.588235294117645,0.12,209,0.0,0.0,0.0,1.0,0.4929500000000001,1.0,0.0,0.0,0.8524470454545455,0.0010131702127659,0.0467171818181818,0.4158730666666666,0.0010521897727272,0.0031175635135135,0.1108287254098361,0.0030068670926517,0.0032948545454545,1.0,0.047619,0.916667,0.0555557,0.555556,0.111111,6.31351,54.0,2195.0,0.0291,0.8226,0.0353,0.0
1,-0.2066609636423212,0.0591431963292009,-0.3931009370626422,-0.307123351362616,0.1577919004229013,-0.4599182751175747,-0.4008161700952698,0.4464884526766887,-0.3060496918690421,2.9574639999444714,0.358703420281245,42.47894103489772,39.41176470588236,0.12,798,1.0,0.0,0.0,0.0,0.2931,1.0,0.04085,0.98,0.4328321210526316,0.8945603200000001,0.5334474450980391,0.2859127272727272,0.1478945958333333,0.0121896527472527,0.0526895864864864,0.0515700452173913,0.0109704579113924,1.0,1.0,0.904762,0.777778,0.555556,0.622222,4.55976,8818.0,15492.0,0.0977,0.3327,0.2936,0.0
1,-0.0400015270376844,-0.0360529702689852,0.1110448741538253,-0.1695833089992054,-0.1782887421435444,-0.3373852826877445,-0.4636189525590546,-0.2359758089741935,0.2301244700576165,0.7316882573331389,0.6722336226143378,42.68798105387803,34.705882352941174,3.11,812,0.0,1.0,0.0,0.0,0.41700000000000004,1.0,0.0,0.0,0.5857869750000001,0.0383141724137931,0.00396825,0.3632542824999999,0.0042328023809523,0.0038986315789473,0.0749934650224214,0.0032823380090497,0.004758264678899,1.0,1.0,1.0,0.111111,0.958333,0.111111,5.34297,65995.0,7458.0,0.0822,0.6351,0.1294,0.0
