WGD,H3K27ac_down,H3K27ac_up,H3K27ac_genebody,H3K27me3_down,H3K27me3_up,H3K27me3_genebody,H3K4me3_down,H3K4me3_up,H3K4me3_genebody,avg_expression,tau,gene_cds_gc,promoter_gc,rec_rate,te_dist,TEGroup_1,TEGroup_2,TEGroup_3,TEGroup_4,TEdenseAvgUp,TEdenseMaxUp,TEdenseAvgDown,TEdenseMaxDown,CG_up_ave,CG_down_ave,CG_body_ave,CHG_up_ave,CHG_down_ave,CHG_body_ave,CHH_up_ave,CHH_down_ave,CHH_body_ave,CG_up_max,CG_down_max,CHG_up_max,CHG_down_max,CHH_up_max,CHH_down_max,summit_fold_enrichment,upstream_distance,downstream_distance,Ka,Ks,omega,location
0,-0.0458288413760174,-0.0028667935150619,1.9821367027368235,-0.2812991045753669,0.0669452866704009,-0.3820835094270534,0.1467861198879534,0.0485617022352383,2.075713436892629,3.0697370160017425,0.4497922499443638,47.43589743589743,30.58823529411765,8.13,1811,0.0,0.0,1.0,0.0,0.0,0.0,0.04545,0.91,0.0739742972972972,0.1014245333333333,0.0,0.0091619911764705,0.0166666771428571,0.0138889,0.0056143212121212,0.0040896955631399,0.0,0.944444,0.766667,0.144841,0.288889,0.138889,0.0833333,4.209,54.0,349.0,0.0193,0.1909,0.1013,1.0
0,-0.1409939773671318,-0.3194790162012499,-0.315673053096536,0.283927914650228,0.1881662490402431,0.4311134480709285,-0.0366103455317438,-0.3836385636928504,-0.3306057798401357,0.2012015738635916,0.9962169694686056,44.25566343042071,35.294117647058826,8.02,1459,0.0,0.0,0.0,1.0,0.2733,1.0,0.0,0.0,0.6320488222222223,0.0,0.003367,0.2655322545454545,0.0,0.0044444466666666,0.0287239566502463,0.0063492159999999,0.0023901825581395,1.0,0.0,1.0,0.0,0.640476,0.0555557,4.53947,106208.0,7628.0,0.2605,0.5475,0.4758,1.0
0,0.0746810752970089,0.1804713456894095,0.2832947391314243,-0.0447733372266728,-0.075463975645263,-0.0777435710632307,-0.0305002858957445,0.1574823658607869,0.169599729584155,3.3949042477346056,0.3095086004773157,45.62458249832999,40.0,8.02,453,0.0,0.0,0.0,1.0,0.25050000000000006,1.0,0.33990000000000004,1.0,0.0,0.0,0.0133333399999999,0.0,0.0,0.0,0.0,0.0,0.0,0.0,0.0,0.0,0.0,0.0,0.0,8.01446,2792.0,62058.0,0.0362,0.3268,0.1106,1.0
0,-0.1143268058866703,0.1591039650016527,0.3336574149117236,-0.1109407469112925,-0.0272546846584402,-0.2350891363747297,0.3690415136803268,0.1093074856898508,0.3652975858320591,6.130698380964754,0.0948348448819131,49.1062039957939,35.294117647058826,8.02,0,0.0,1.0,0.0,0.0,0.33995,1.0,0.0,0.0,0.0,0.0,0.0,0.0,0.0,0.0,0.0,0.0,0.0,0.0,0.0,0.0,0.0,0.0,0.0,8.01446,8311.0,56601.0,0.0212,0.675,0.0314,1.0
0,0.0710931534715601,-0.0131917145714496,-0.0907603046442693,-0.3590868863325124,-0.0286281283970698,-0.0087965871505784,-0.0848021950142319,-0.0134067781872624,-0.0696493296874541,1.883386362013412,0.4618978720406276,44.71544715447154,34.705882352941174,8.02,4142,0.0,1.0,0.0,0.0,0.0,0.0,0.0,0.0,0.0,0.037037,0.0,0.004357294117647,0.0,0.0077577702702702,0.0075977524390243,0.005291,0.0023718509174311,0.0,0.111111,0.037037,0.0,0.111111,0.111111,8.01446,21191.0,44472.0,0.0316,0.2955,0.107,1.0
0,0.01739949174493,-0.1222763553954588,0.1078454732312151,-0.1941471175448417,-0.0400407276206662,-0.3948607320953774,0.0416882781675492,-0.0465142969076445,-0.0830252251185822,0.7536041361850188,0.8584576978254349,46.46074646074646,34.11764705882353,8.02,3555,0.0,1.0,0.0,0.0,0.0,0.0,0.0,0.0,0.0,0.3444444545454545,0.0555555,0.0064412347826086,0.0106837512820512,0.0,0.0023342672268907,0.0022923436893203,0.0079365,0.0,1.0,0.0555557,0.222222,0.111111,0.0833333,8.01446,23762.0,42530.0,0.1065,0.3026,0.352,1.0
0,-0.2665723285032745,0.1467514894870607,0.2235261431079498,-0.3331334065819787,0.1095042603207338,-0.2689080385231884,-0.0848511507548744,0.2300769636382666,0.6081290645166347,2.5048527187968803,0.1986385366978953,47.152428810720274,44.70588235294118,8.07,856,0.0,0.0,0.0,1.0,0.1465,1.0,0.09045,1.0,0.0798342592592592,0.3788638157894737,0.1182539628571428,0.100251536,0.0347290408163265,0.0039293470588235,0.0521011476923076,0.0191445545045045,0.0045183960227272,0.625,1.0,0.488889,0.42963,0.444444,0.244444,7.68053,300.0,132715.0,0.1107,0.3852,0.2873,1.0
0,-0.1413074218283371,-0.6294848306447853,-0.493567952146796,0.3381074820493442,1.647006941166158,1.0012130256096756,0.204195713224193,-0.375089107430489,-0.4389843790450682,0.3156980439956944,0.8945784546899109,45.11904761904762,32.94117647058823,8.07,0,0.0,1.0,0.0,0.0,0.15810000000000002,1.0,0.0425,0.94,0.0573172383333333,0.6437724444444444,0.3365709463414634,0.0460062292682926,0.2153864785714286,0.1502108410714285,0.0142211635451505,0.0360873972677595,0.0374691795640326,0.916667,1.0,0.888889,0.755556,0.511111,0.416667,5.58183,14832.0,8876.0,0.0364,0.3291,0.1105,1.0
0,0.1238641294561931,0.1916590642965035,0.2870217790107529,-0.0559918769704009,0.1200096945505651,-0.2351713264515194,-0.3581990135656219,0.2576075172051353,0.1778867328449069,2.9871086997711096,0.1650425317470449,43.96433470507544,47.647058823529406,8.1,1151,0.0,1.0,0.0,0.0,0.27294999999999997,1.0,0.0,0.0,0.9608465,0.0061728355555555,0.5109999800000001,0.210015864,0.0015664157894736,0.005186559047619,0.0161724446153846,0.0037542938992042,0.0073511579896907,1.0,0.111111,0.783333,0.047619,0.466667,0.111111,5.67691,12835.0,38197.0,0.051,0.3899,0.1308,1.0
0,-0.1036368471343893,-0.1266923874844268,-0.0146724822030723,-0.16175766062506,-0.068128758495716,-0.1081854183379,-0.0092075562456792,-0.1876959470988088,-0.0430325449238072,4.7624356836817,0.0703344274776089,47.33727810650888,42.94117647058823,8.11,0,0.0,1.0,0.0,0.0,0.18699999999999994,1.0,0.0,0.0,0.0,0.0069444375,0.0046296416666666,0.0,0.0027924759259259,0.0038759697674418,0.0,0.0027999891791044,0.004945534117647,0.0,0.111111,0.0,0.095238,0.0,0.166667,4.25421,6192.0,4726.0,0.0633,0.3631,0.1743,1.0
0,1.1745846734783805,-0.3500737720268878,0.0661608540530048,-0.2493435347507365,0.0536401841481201,-0.2478047830185077,1.3369265074936945,-0.1103308105366038,0.0341353779852387,0.1907802338408586,0.8250154007673238,42.0235878336437,26.47058823529412,8.11,1060,0.0,1.0,0.0,0.0,0.231,1.0,0.0,0.0,0.0,0.0018115956521739,0.0044117647058823,0.0,0.004742543902439,0.0045454545454545,0.0034283755555555,0.0028761227722772,0.0025013544871794,0.0,0.0416667,0.0,0.111111,0.0833333,0.111111,10.352,20759.0,5506.0,0.6057,1.7437,0.3474,1.0
0,-0.2979734778463263,-0.4023175592534705,0.254696982723802,-0.0943674410231274,0.3394379090959105,-0.2722664157474506,-0.4318099683601443,-0.3352435409499636,0.0997805201823698,1.531172413853175,0.4942327048531647,43.1661750245821,36.47058823529412,8.1,0,0.0,1.0,0.0,0.0,0.0,0.0,0.25630000000000003,1.0,0.0,0.3201550093023255,0.0,0.012770559090909,0.113819273611111,0.0163194375,0.0026455047619047,0.0070183494163424,0.0026268732394366,0.0,1.0,0.0833333,1.0,0.111111,0.194444,4.44848,58478.0,14040.0,0.0977,0.4821,0.2027,1.0
0,-0.2002291176963281,-0.2579732796470703,-0.2188810239440532,0.6898761528982866,0.1790418242033909,0.6846026782286729,-0.0345490727767547,-0.3309865354534381,-0.2462481167869598,0.4869249466734291,1.0,46.94092827004219,38.23529411764706,8.1,821,0.0,0.0,1.0,0.0,0.196,1.0,0.5375000000000001,1.0,0.0595238166666666,0.1454365,0.0,0.00740741,0.031894176,0.0,0.0080639502283105,0.008119375409836,0.0036231869565217,1.0,1.0,0.0833333,0.261905,0.166667,0.111111,4.44848,28009.0,44404.0,0.0473,0.3237,0.1461,1.0
0,0.2831007040602554,-0.0368071319377692,0.3006864371122005,-0.2041258166896766,-0.0149453278793489,-0.3003304622753338,0.5239716150008884,-0.081282475662579,0.3044429511477188,3.3755127894192536,0.1692483160504225,47.23865877712032,30.0,8.1,541,0.0,1.0,0.0,0.0,0.5239499999999999,1.0,0.0,0.0,0.0,0.0318007827586206,0.0104166625,0.0,0.0047407419999999,0.0022675714285714,0.0,0.0044206502262443,0.0040509229166666,0.0,0.866667,0.0,0.0833333,0.0,0.111111,6.66426,66066.0,6326.0,0.029,0.648,0.0448,1.0
0,-0.1989233864559318,0.3579173423558996,0.3556090141252773,-0.1981968736980019,-0.2244460778202914,-0.2215320490343502,-0.297192455794917,0.4349822755902952,0.5635163633006649,5.252634976354515,0.1033884104356262,51.225490196078425,46.47058823529412,8.1,2390,0.0,1.0,0.0,0.0,0.0,0.0,0.0,0.0,0.0059523785714285,0.0621773151515151,0.002777785,0.0048589033333333,0.0007122525641025,0.0043402812499999,0.0052247008064516,0.0034067217630853,0.0034737346405228,0.0833333,0.866667,0.047619,0.0555557,0.111111,0.111111,6.66426,68044.0,4555.0,0.02,0.4289,0.0465,1.0
0,0.3021540201602927,-0.1919017696681073,1.3823792802344026,-0.0770054927398499,-0.1303060278064296,-0.1137933823671369,0.4651016070426655,-0.0416188789967998,1.4157529412847438,1.8942663437511056,0.3847471169657668,43.04635761589404,31.176470588235293,8.08,476,0.0,1.0,0.0,0.0,0.0,0.0,0.22995,1.0,0.0030555599999999,0.0,0.0138888785714285,0.0,0.003685898076923,0.0028011176470588,0.0037791218867924,0.0050174645631067,0.00636243,0.0666667,0.0,0.0,0.0833333,0.111111,0.111111,4.75563,43001.0,35916.0,0.0364,0.5148,0.0706,1.0
0,-0.2784527578443886,-0.130705957604326,-0.0630530243492394,-0.1672106316450468,0.1335357371996359,-0.1380965257852479,-0.4132431854096081,0.0301285867266752,-0.062741350491708,0.0,,40.8062930186824,51.76470588235295,8.06,410,0.0,1.0,0.0,0.0,0.1193,1.0,0.11149999999999999,1.0,0.0,0.3209582777777778,0.0,0.00809523,0.0026455095238095,0.0,0.0013888875,0.0022975647540983,0.0,0.0,1.0,0.047619,0.0555557,0.0333333,0.0833333,7.01265,11300.0,7732.0,0.1648,0.4215,0.3908,1.0
0,-0.2014460067696497,-0.1052270315659715,-0.0132225922117087,-0.2863912095071404,-0.1980051138233358,-0.2556787687197576,-0.2713487157568913,0.2478912598521449,0.2355053799165245,3.237642530032824,0.3295329338001838,45.24524524524524,35.88235294117647,8.05,3907,0.0,0.0,0.0,1.0,0.0,0.0,0.0,0.0,0.0031249999999999,0.0276292352941176,0.0250677390243902,0.0039201509090909,0.0011608016129032,0.0011337897959183,0.0036625049180327,0.004014193877551,0.0039080205357142,0.0833333,0.939394,0.0833333,0.0416667,0.0972223,0.111111,3.44388,16615.0,31689.0,0.0358,0.3372,0.1062,1.0
0,-0.062208492019041,0.3533364056405816,0.4374044736053532,-0.1940479092495368,0.1442283895912722,-0.4765751586204604,0.3810742684095288,0.7531460441051234,0.8601129281343625,4.307534395402345,0.240056355778346,46.63271080928127,41.76470588235294,8.05,7751,0.0,0.0,0.0,1.0,0.0,0.0,0.0,0.0,0.1554419043478261,0.0026785714285714,0.1351285,0.2087463235294117,0.0020996031746031,0.0031926409090909,0.0264517987551867,0.0037283563636363,0.00282896749226,1.0,0.0833333,0.932692,0.047619,0.577778,0.0972223,3.44388,12174.0,35533.0,0.0643,0.5635,0.114,1.0
0,-0.2257820851773425,0.0504898521049019,0.5258060866060872,0.0766116660497705,-0.3790093053105699,-0.4034331789946551,-0.2504764675556857,-0.1079995647072173,0.3488611042333402,2.438807433506752,0.4090327899499643,51.66093928980528,40.588235294117645,8.0,6380,0.0,0.0,0.0,1.0,0.0,0.0,0.0,0.0,0.0,0.0069444416666666,0.0,0.0058201142857142,0.0,0.0222222333333333,0.0021939127388535,0.0019005859649122,0.0111111,0.0,0.0833333,0.0666667,0.0,0.111111,0.0666667,3.67481,38251.0,8292.0,0.3248,1.3693,0.2372,1.0
0,0.1844062148056454,0.4757530296148772,1.820956987347874,0.1417201904053736,-0.3711524920440016,-0.2804154263213242,0.1832786430435162,0.0536963307736143,2.572749823226129,3.630349605081116,0.5308897701203174,52.88065843621399,37.64705882352941,8.0,294,0.0,1.0,0.0,0.0,0.0,0.0,0.5133500000000001,1.0,0.0,0.0,0.0,0.0018115956521739,0.3905555699999999,0.0,0.0012605042016806,0.0692037245901639,0.0045454545454545,0.0,0.0,0.0416667,0.933333,0.0833333,0.777778,3.45864,3225.0,7475.0,0.0279,0.5481,0.051,1.0
0,-0.179053763115003,0.8529314523178237,-0.2494240116601718,-0.1004053004887277,0.1697175978926918,-0.3619804797928218,-0.2082085829808954,1.3566349508592266,-0.2748527367473502,2.587208128406957,0.3311298558607108,44.20428636570907,45.294117647058826,8.0,480,0.0,0.0,0.0,1.0,0.084,1.0,0.13049999999999998,1.0,0.0,0.0025193813953488,0.3799504379310345,0.0,0.0052525218181818,0.0055667164556962,0.0016025653846153,0.0031983435897435,0.0028658805168986,0.0,0.0666667,0.0,0.111111,0.0416667,0.111111,4.54561,15797.0,17116.0,0.0723,0.3002,0.241,1.0
0,0.1320148252790015,0.7902686707035103,0.3378353669698617,-0.1810745676471203,-0.2708542600540854,-0.1667290955953523,0.0316582509770251,1.2792308957146623,0.3897609939547323,2.7162114479691546,0.3297954571229337,45.00624219725344,44.70588235294118,11.53,2235,0.0,0.0,0.0,1.0,0.0,0.0,0.0,0.0,0.0,0.0,0.3066666999999999,0.0,0.0053763419354838,0.008547,0.0015649436619718,0.0041142864,0.0,0.0,0.0,0.0,0.0833333,0.111111,0.111111,4.6751,1733.0,34874.0,0.0303,0.5074,0.0598,1.0
0,-0.0673695293691533,-0.0220972121570844,0.1207479391281105,-0.3849538767739245,-0.0997513011749513,-0.2730526341227596,0.8983272021380895,0.2017336057577223,0.4931741233389314,2.717341557471589,0.2342963900596023,43.7979251240415,44.70588235294118,11.53,0,0.0,0.0,1.0,0.0,0.0,0.0,0.0,0.0,0.0,0.0,0.0134251325301204,0.0043650802631578,0.0030864185185185,0.0023783598039215,0.0042355497925311,0.0040268907216494,0.0034567690072639,0.0,0.0,0.0666667,0.0833333,0.138889,0.0833333,4.10714,13816.0,20526.0,0.054,0.2784,0.1938,1.0
0,0.0080879206365067,0.1469898595589173,0.576540600045582,-0.1072453000660602,0.0938402335582254,-0.202064748865565,0.2165236671733209,0.177351416604393,1.2898917154104972,7.130262917392058,0.2400969736773026,50.470809792843696,44.70588235294118,11.53,887,0.0,0.0,1.0,0.0,0.49875,1.0,0.0,0.0,0.0,0.0,0.0338983169491525,0.0,0.0036816583333333,0.0045207974683544,0.0030146418604651,0.0043809763948497,0.0040705005347593,0.0,0.0,0.0,0.0666667,0.111111,0.138889,4.10714,9277.0,27038.0,0.0653,0.3999,0.1634,1.0
0,-0.4423080814730679,-0.2745448179331181,-0.1625643183884499,0.3262983030846661,0.7012716414756879,0.7697396248712745,-0.3370989727532304,-0.1462059032186536,-0.0238554360341678,5.503953391325838,0.0960155686799795,44.85219164118247,40.588235294117645,11.53,354,0.0,1.0,0.0,0.0,0.2643,1.0,0.2327,1.0,0.2061927085714286,0.4746913333333332,0.1352258692307692,0.1194934390243902,0.2513932,0.0059027843749999,0.0130223690677966,0.0586152666666666,0.00358535,1.0,1.0,0.727778,0.962963,0.509259,0.7,4.66032,29599.0,30775.0,0.0836,0.6713,0.1246,1.0
0,-0.2576206469600632,0.0034718687419503,1.0236229815695257,0.1919566415944836,-0.2119949882850621,-0.2960797630323303,-0.1601433546064652,-0.2160730713765322,1.1378145868971492,1.0427567495561398,0.8166615454277532,48.78048780487805,37.64705882352941,11.53,659,0.0,0.0,0.0,1.0,0.2395,1.0,0.23234999999999995,1.0,0.0048780487804878,0.7965111875,0.0,0.005925928,0.1984683157894737,0.002777785,0.0021061028688524,0.0793316744444444,0.0026398751773049,0.0833333,1.0,0.111111,0.962963,0.111111,0.7,5.00904,27246.0,33458.0,0.0254,0.4933,0.0516,1.0
0,0.6401878594333464,0.9665577682853062,0.3544814271819325,-0.2072980559181829,-0.368801832872776,-0.2051594005245165,0.8169727517059118,1.2848528168063036,0.9806300367237066,7.13535703546668,0.1876000522409345,49.53703703703704,41.17647058823529,11.53,5212,0.0,0.0,0.0,1.0,0.0,0.0,0.0,0.0,0.001443,0.0111111,0.0,0.0020576185185185,0.0,0.0,0.0032828272727272,0.0,0.0032679705882352,0.047619,0.111111,0.0555557,0.0,0.111111,0.0,4.6751,114.0,37851.0,0.0119,0.4164,0.0286,1.0
0,-0.1239559961319602,-0.0388288097533564,0.7924779067414605,0.3223336048311628,0.2451383026821395,0.3946049259133403,0.3599539690289489,0.068529391408523,0.8748966594479424,1.467185825356149,0.5429267156965556,45.913978494623656,21.176470588235293,11.53,838,1.0,0.0,0.0,0.0,0.38549999999999995,1.0,0.0,0.0,0.3247165192307693,0.0013888883333333,0.026620375,0.2312650540540539,0.005569006779661,0.0,0.0330928055749128,0.0026171005714285,0.002274487804878,1.0,0.0833333,0.958333,0.0944444,0.595238,0.095238,3.89097,4869.0,1276.0,0.1011,0.3455,0.2926,1.0
0,0.2615606974008476,-0.1064512554290472,0.0234458293012771,-0.2839412406461642,0.3282618636962066,-0.3161054638934132,0.320839399761383,0.3722831905471515,0.3400215347138925,2.2631424728063805,0.2360472787676493,45.85537918871252,39.41176470588236,11.53,3798,1.0,0.0,0.0,0.0,0.0,0.0,0.0,0.0,0.0012820507692307,0.0368551578125,0.079332021875,0.0058673464285714,0.0021407424,0.0039682571428571,0.0026861736070381,0.0028711940652818,0.0045752999999999,0.0833333,1.0,0.0944444,0.0666667,0.095238,0.111111,3.89097,754.0,81575.0,0.1567,0.3346,0.4684,1.0
0,-0.0035149047137216,0.1036843627639789,0.578802947734355,-0.3011439572829816,0.1257372605092808,-0.243053249462329,0.5189324768699748,0.1967205401421421,0.7385410072995525,2.298959033842739,0.5566621597404622,45.63540397888753,35.294117647058826,11.53,1757,1.0,0.0,0.0,0.0,0.044800000000000006,0.95,0.0,0.0,0.0289091954545454,0.04096809375,0.0290943035294117,0.00630512,0.0038888939999999,0.0016620670807453,0.0040492401360544,0.0039416681372549,0.0032605080898876,0.242063,1.0,0.0833333,0.0833333,0.111111,0.111111,3.89097,78463.0,2186.0,0.1,0.3223,0.3103,1.0
0,0.2308972185753125,-0.0160321971496845,-0.0168563696486761,-0.0185171310803174,0.2741474089653011,-0.3225925796029338,0.4967898110017709,0.0536523344073176,0.4299247536619701,4.440954121486028,0.2202887382904517,44.57364341085272,44.11764705882353,11.53,1633,0.0,0.0,0.0,1.0,0.20700000000000002,1.0,0.0,0.0,0.0,0.002525259090909,0.0211060909090909,0.0070145848484848,0.0030525065934065,0.001068378021978,0.0202699018987341,0.0031698800595238,0.0023856101587301,0.0,0.0555557,0.111111,0.111111,0.472222,0.111111,3.89097,13767.0,67568.0,0.057,0.438,0.1301,1.0
0,-0.0143693796435975,0.0499980773104226,-0.2966302511800621,-0.1287607605000337,0.5059781527036817,-0.0182980542012429,-0.0665957120539297,0.3080133469701375,-0.2674658162065818,2.298807195213361,0.5289789279230867,43.49514563106796,34.705882352941174,11.53,0,0.0,1.0,0.0,0.0,0.1255,1.0,0.56045,1.0,0.0479969914285714,0.20833325,0.0210437575757575,0.1071150625,0.26736125,0.00441799,0.0278526826530612,0.0427350115384615,0.0041449890756302,0.666667,0.833333,0.809524,0.805556,0.583333,0.444444,3.89097,47435.0,33695.0,0.046,0.3093,0.1488,1.0
0,-0.3056735891353078,0.3183387865227962,0.1976215558663613,-0.0997735196994214,-0.1049663618829936,-0.2008830503250967,-0.1717564458686285,0.321538404442606,0.503015959124115,0.9688708289710712,0.7411404737646548,47.78554778554778,40.588235294117645,11.52,281,0.0,1.0,0.0,0.0,0.14945,1.0,0.0,0.0,0.297759747368421,0.0025584842105263,0.00694445,0.041539447368421,0.0040163571428571,0.0036702391304347,0.0343359611111111,0.0026093043927648,0.0026739923076923,1.0,0.0555557,0.45,0.0666667,0.355556,0.0833333,4.00723,72920.0,9256.0,0.1856,0.4894,0.3792,1.0
0,-0.1230353794882576,0.2931800463988775,0.1838460291429862,-0.0410882741756987,-0.0034434827269239,-0.0308555940546227,0.1026755835386854,0.8757647315612413,0.3408869327861433,7.459885665221784,0.1587850818179415,51.598173515981735,42.35294117647059,11.52,1309,0.0,1.0,0.0,0.0,0.0,0.0,0.19820000000000002,1.0,0.0015649436619718,0.3073300433962264,0.0,0.0022064617021276,0.0728950826086956,0.0,0.0029094431999999,0.0063333533057851,0.0065359411764705,0.111111,1.0,0.0666667,0.77381,0.111111,0.133333,4.00723,1598.0,21164.0,0.0342,0.6751,0.0507,1.0
0,-0.3885391225417097,0.2328641364767395,0.6301176683125748,-0.1749229557760785,-0.0837180649081686,-0.0374260106182861,-0.3520242427946439,0.1178522144344293,0.3513831539723678,7.249266603930407,0.0280579740723376,48.72773536895674,34.11764705882353,11.52,6583,0.0,0.0,0.0,1.0,0.0,0.0,0.0,0.0,0.0,0.7360484368421053,0.0,0.0,0.4041170437499999,0.0,0.0,0.03525513553719,0.0035014,0.0,1.0,0.0,0.861111,0.0,0.494444,5.61201,16764.0,6503.0,0.0237,0.7456,0.0318,1.0
0,0.0108900483581697,0.1084974219997627,0.0658921330315367,-0.0581720678045495,-0.0401421123418491,-0.3053695121090759,0.0133509479243832,0.3311314342993167,0.0533725289717282,1.8171331273346567,0.3613507397314618,47.90419161676647,37.05882352941177,11.52,443,0.0,1.0,0.0,0.0,0.0,0.0,0.22125,1.0,0.0708486038461538,0.717798468,0.0,0.0,0.2074995589743589,0.0,0.0028325120689655,0.0665284995575221,0.0016339862745098,0.972222,1.0,0.0,0.791667,0.111111,0.944444,5.34297,3801.0,19558.0,0.1255,0.5778,0.2171,1.0
0,-0.271139477651806,0.6294793319235248,-0.005206756107509,0.6908909312517318,-0.3279558174630658,-0.1984984531243095,-0.0258884231553066,0.5770382418230311,0.1567435511704189,4.287726701158383,0.2231861637697034,47.88732394366197,35.294117647058826,11.52,927,0.0,1.0,0.0,0.0,0.126,1.0,0.0,0.0,0.0092592555555555,0.0021164018518518,0.0033965542372881,0.00416667,0.0017636666666666,0.002007475,0.0,0.0041067996575342,0.0033597858181818,0.0833333,0.0666667,0.0416667,0.084656,0.0,0.133333,5.34297,3491.0,18283.0,0.0523,0.4618,0.1132,1.0
0,-0.2597863706180335,0.4399101771097461,0.2387063223583639,-0.2079090866328686,-0.1298286092722397,-0.3248046417870994,-0.0547509859492198,1.0053727110088384,0.3951945565626356,3.1126378281088525,0.1581484459630754,44.734931009440814,43.52941176470589,11.52,11308,0.0,0.0,0.0,1.0,0.0,0.0,0.0,0.0,0.0,0.1787878636363636,0.0064102538461538,0.0,0.0038647326086956,0.0,0.0018675783216783,0.0022111661691542,0.0035947682352941,0.0,1.0,0.0,0.111111,0.152778,0.111111,3.81299,1546.0,11472.0,0.0588,0.4029,0.1458,1.0
0,0.16850957574477,0.4423153930626068,0.341063196590048,-0.2027112283639296,0.0136122272425709,-0.3839002921421476,0.498508690344326,0.724478854257528,0.7224664162528893,5.59498593637083,0.1715636178488796,47.22222222222222,40.588235294117645,11.52,14998,0.0,0.0,0.0,1.0,0.0,0.0,0.0,0.0,0.0063492,0.0,0.046527775,0.0,0.0,0.004216265625,0.0041621617977528,0.0026182715686274,0.0024124163179916,0.047619,0.0,0.0,0.0,0.0833333,0.152778,3.81299,11405.0,982.0,0.0795,0.2998,0.2652,1.0
0,0.6776549626427889,-0.2942362659107046,0.1915050631120201,-0.1028873798719112,-0.0666047524380741,-0.0426963866796524,1.1222911275822005,-0.1348068417779893,0.2041752639062153,1.2263920433126865,0.6782506934363669,44.333333333333336,35.88235294117647,11.52,12295,0.0,0.0,0.0,1.0,0.0,0.0,0.0,0.0,0.0020703913043478,0.0045351428571428,0.0,0.0025641038461538,0.0,0.0047619071428571,0.0024165289655172,0.0039925076530612,0.0031249999999999,0.047619,0.047619,0.0666667,0.0,0.111111,0.0833333,3.81299,8702.0,4758.0,0.1446,0.3983,0.3631,1.0
0,0.0856275713616807,0.1989061470505989,-0.4273599553209117,0.0074183184612203,0.0244133782512811,-0.1620822609215152,0.0543897514444901,0.3683611484301006,-0.2752082065265701,0.0306426858373453,1.0,42.83995186522262,31.76470588235294,11.52,9080,0.0,0.0,0.0,1.0,0.0,0.0,0.0,0.0,0.01083334,0.0,0.0049953352941176,0.0,0.0063492095238095,0.0,0.0066335044776119,0.0024417556451612,0.002688693877551,0.0666667,0.0,0.0,0.0666667,0.111111,0.111111,6.01085,5487.0,6892.0,0.1074,0.39,0.2754,1.0
0,0.0787651301107437,0.3251754969017034,0.3161444843502161,-0.0632791500263996,-0.152038160486289,-0.2659037763637085,0.4144951216726223,0.5248476228231618,0.8300303730839266,3.673327620699439,0.2822337968952046,46.81933842239186,42.35294117647059,11.52,4252,0.0,0.0,0.0,1.0,0.0,0.0,0.0,0.0,0.0108024611111111,0.0,0.0,0.0,0.0,0.0,0.0019191909090909,0.0066666699999999,0.0010466978260869,0.111111,0.0,0.0,0.0,0.111111,0.0666667,6.01085,12037.0,659.0,0.0521,0.3241,0.1609,1.0
0,-0.3326031003466915,-0.0275794728892401,-0.1042694669108831,-0.0673937945640917,0.0466119713282552,-0.150766938417263,-0.1297461893691541,0.1827861753522582,0.0156268228081621,2.15498431935451,0.7258679170569781,45.74468085106383,29.411764705882355,11.52,561,0.0,0.0,0.0,1.0,0.0,0.0,0.18369999999999997,1.0,0.00555557,0.0049603214285714,0.0422222,0.0123456666666666,0.0031746047619047,0.0,0.0,0.0019479037344398,0.0043360414634146,0.0555557,0.0833333,0.111111,0.0666667,0.0,0.0833333,4.6751,1096.0,28219.0,0.1302,0.3887,0.3349,1.0
0,-0.1965220693100058,-0.015579626293474,-0.3356350924877537,0.0283951227962297,-0.3583399141103395,-0.1726869807291222,-0.1093066705165494,0.1838745725857463,0.0156960020533971,0.5240991834036339,0.9682643233648628,42.28915662650603,36.47058823529412,11.52,0,0.0,0.0,0.0,1.0,0.0,0.0,0.0,0.0,0.0744611790697674,0.023888885,0.0096244183098591,0.0016260170731707,0.00925925,0.0018691598130841,0.0026997511235955,0.0013550121951219,0.0023074291878172,0.944444,0.422222,0.0666667,0.111111,0.0833333,0.111111,4.6751,24165.0,2300.0,0.0399,0.4129,0.0967,1.0
0,0.1720907039481793,0.4614748127311645,0.1855445857800452,-0.0556600643753099,-0.3307344212865846,-0.2312060972613536,0.3536722410657505,0.6408850281462255,0.2981661703461236,2.090549344949061,0.3057562008616893,48.86943836615609,38.23529411764706,9.05,2860,0.0,1.0,0.0,0.0,0.0,0.0,0.0,0.0,0.0138888833333333,0.0065079228571428,0.005952375,0.0,0.0056349175,0.0039682523809523,0.0,0.0019674934131736,0.0032578851851851,0.0833333,0.144444,0.0,0.111111,0.0,0.0666667,8.64661,25171.0,34760.0,0.0986,0.4803,0.2053,1.0
0,0.2326222361698196,0.2303070403274708,-0.0864289876883447,-0.1719988414590705,-0.0419447007492286,-0.1999564943017442,1.077287259171229,0.3923698501534785,0.047834301514651,2.0523012290590588,0.4184349866441586,45.87458745874587,44.70588235294118,9.05,9493,0.0,1.0,0.0,0.0,0.0,0.0,0.0,0.0,0.011779447368421,0.0,0.153935225,0.0040277766666666,0.0,0.0016025653846153,0.0043230436440677,0.0012077326086956,0.0031210977528089,0.4,0.0,0.111111,0.0,0.111111,0.0555557,5.00904,18066.0,41264.0,0.0624,0.3638,0.1716,1.0
0,0.1591847266612445,0.5448688889167665,2.149910328560101,-0.116137429406881,0.0661866497466222,-0.224066749319696,0.2975920309567805,0.5220053007851286,2.2894483356230504,5.914044847688933,0.1649743137946621,54.81481481481482,45.294117647058826,9.05,2170,0.0,0.0,0.0,1.0,0.0,0.0,0.0,0.0,0.0,0.0051851844444444,0.0,0.0,0.0022675714285714,0.0092592555555555,0.0031746,0.0048242974842767,0.0041887138888888,0.0,0.0833333,0.0,0.111111,0.047619,0.111111,5.00904,172.0,13575.0,0.0318,1.3845,0.023,1.0
0,-0.1092243588017511,0.6287719542169887,0.6141843782220451,0.0260665159562037,-0.2025233004291088,0.1115544763349551,0.2452828330182027,1.0446643130573612,0.1264627872899698,0.5366923179348138,0.8734994628328481,51.53508771929825,30.0,9.05,296,0.0,0.0,0.0,1.0,0.0,0.0,0.08650000000000002,1.0,0.0042857142857142,0.1140768526315789,0.0,0.0058922515151515,0.0095959527272727,0.0,0.0041830955414012,0.0078804593220338,0.00614035,0.0833333,0.958333,0.111111,0.244444,0.111111,0.305556,5.00904,2041.0,11701.0,0.073,0.4593,0.159,1.0
0,0.0929117154688344,0.1433540989230063,0.3274328853157456,-0.0386738534650044,0.017536042777603,-0.0927020518507567,0.1689854349169612,0.4046406779011093,0.1852504137757052,7.084878723992069,0.1555798458390143,46.81933842239186,39.41176470588236,2.87,325,0.0,1.0,0.0,0.0,0.4345000000000001,1.0,0.1085,1.0,0.0,0.076093,0.1611112,0.0,0.0039723895833333,0.0,0.004292934090909,0.0035751616487455,0.0040404045454545,0.0,0.731481,0.0,0.0666667,0.0666667,0.111111,3.67481,5646.0,723.0,0.0467,0.7036,0.0664,1.0
0,-0.3904799243625352,-0.0525509457841676,-0.039145750185881,-0.2264778134443813,0.3212191202327309,-0.3097892275972924,-0.1203277240071591,0.0212174914120598,0.0633154078896578,4.181252675093282,0.3632225748527381,46.455026455026456,36.47058823529412,6.69,0,0.0,1.0,0.0,0.0,0.0,0.0,0.0737,1.0,0.0014991166666666,0.0010893274509803,0.0592592666666666,0.0053896508474576,0.0065924258064516,0.0,0.0032897368563685,0.0086735614973262,0.0007716069444444,0.047619,0.0555557,0.111111,0.111111,0.111111,0.194444,4.02482,51363.0,17880.0,0.0449,0.3221,0.1395,1.0
0,-0.2554097230850621,-0.2818980471755926,-0.1390307021342454,0.1733986054749858,0.2420254335168181,-0.0581045843704,-0.0619547697668546,-0.155164440263705,-0.0431442567505393,1.7100364117243287,0.7762240996004618,41.66666666666667,43.52941176470589,6.72,1224,0.0,0.0,0.0,1.0,0.0,0.0,0.15445,1.0,0.001443,0.0,0.0092592833333333,0.0,0.0,0.0,0.0014539282157676,0.005492068,0.006172837037037,0.047619,0.0,0.0,0.0,0.111111,0.111111,3.89097,52566.0,21168.0,0.2003,0.3543,0.5654,1.0
0,0.2288017452025431,0.8727795184611302,0.2811723086679352,0.0918127069619359,-0.1684841666320333,-0.113623681909036,-0.2616530115385501,1.3420348578958992,0.1183737414842404,3.621220437589531,0.2729360290007003,46.27192982456141,32.35294117647059,6.75,0,0.0,1.0,0.0,0.0,0.0189,0.82,0.0,0.0,0.0,0.0033333314285714,0.015873,0.0085470115384615,0.0064182173913043,0.0,0.0092700154471544,0.0023924825688073,0.0015360967741935,0.0,0.0833333,0.0833333,0.0666667,0.111111,0.0666667,4.23665,10333.0,859.0,0.0815,0.4518,0.1804,1.0
0,-0.1492152090274955,-0.1629131030531674,-0.1874311223671848,0.4208370534973191,0.0264787675533054,0.5435512703774859,-0.1530915969294489,-0.0844862458106203,-0.2785145004998508,0.2917224313286946,0.7428902428339843,44.71947194719472,36.47058823529412,6.76,1245,0.0,0.0,0.0,1.0,0.1295,1.0,0.22,1.0,0.0776137433962264,0.1177148867924528,0.0038408777777777,0.0405668771428571,0.0290211666666666,0.0063775464285714,0.0068463096866096,0.0101523366412213,0.0019689900497512,1.0,1.0,0.544444,0.458333,0.311111,0.287037,4.91051,3256.0,4014.0,0.041,0.4834,0.0848,1.0
0,-0.2096269224730405,-0.0705638633436084,1.5282480011832384,0.0891065999475508,0.0383737243816108,-0.252558228357945,-0.1006122256474046,0.199612364066558,1.2364866912969794,6.303289242898034,0.20184776254205,51.03305785123967,31.176470588235293,6.77,339,0.0,1.0,0.0,0.0,0.1215,1.0,0.13,1.0,0.00786705,0.1322685283333333,0.0,0.0055026533333333,0.02325398,0.0041989697674418,0.0549935891304347,0.0404052091999999,0.0051670545454545,0.155952,1.0,0.114286,0.619048,0.794444,0.714286,8.01446,26728.0,351.0,0.167,0.5139,0.325,1.0
0,-0.1197927824688803,-0.108001213515632,-0.0823115696177977,0.492235230041185,-0.0766545619504089,0.6783852259050007,-0.1059830743327327,0.0688323661201678,0.0111621920160475,0.678155347977162,0.9828789898517416,46.51384909264566,32.94117647058823,6.81,847,0.0,1.0,0.0,0.0,0.0,0.0,0.1457,1.0,0.0033261666666666,0.078306909090909,0.068229146875,0.0084686159090909,0.0045787564102564,0.00944444,0.0041289110047846,0.0134754946564885,0.0054421775510204,0.047619,0.866667,0.0833333,0.0555557,0.111111,0.333333,4.34117,837.0,10085.0,0.0273,0.4136,0.066,1.0
0,-0.1319085901771086,0.267078409500839,-0.1131118425920721,0.2842531222452006,-0.3665629683413347,-0.389004006460785,0.0289086462961496,0.6752727293836224,-0.0321935345615372,2.141650943249197,0.1372568299612907,44.720873786407765,40.588235294117645,6.81,3363,0.0,1.0,0.0,0.0,0.0,0.0,0.0,0.0,0.0017094025641025,0.0344897272727272,0.1331179188571429,0.0074074,0.0079991649122807,0.0038590052631578,0.0018707471428571,0.0046052779026217,0.0035962785297549,0.0666667,0.933333,0.111111,0.0833333,0.0833333,0.111111,4.34117,41072.0,632.0,0.1154,0.2859,0.4037,1.0
0,-0.3837154700440666,0.3590270911198615,0.1875876989311397,-0.217505573600634,-0.4334968870237716,-0.3583329789336727,-0.3934550380756949,0.6410365378066867,0.4465293537578337,5.454435725471979,0.1805903143129396,48.56512141280353,34.11764705882353,6.82,2920,0.0,1.0,0.0,0.0,0.0,0.0,0.0,0.0,0.09965277625,0.3275336153846154,0.006060609090909,0.0048818720930232,0.142685285,0.0,0.0039846678832116,0.0234638005434782,0.0,1.0,1.0,0.111111,0.566667,0.111111,0.311111,4.34117,8868.0,38805.0,0.0401,0.4222,0.0949,1.0
0,0.0934740352591643,0.0681277976034943,0.4511119568965305,-0.4287085303099696,-0.210486906110362,-0.2892986271077805,0.0132737803175267,0.0903309372300143,0.5267228708765945,4.698511229370758,0.2031937932372414,46.17117117117117,31.76470588235294,6.83,387,0.0,0.0,1.0,0.0,0.0,0.0,0.09149999999999998,1.0,0.002469137037037,0.01641415,0.006060609090909,0.0,0.004629625,0.0029629644444444,0.0030770686868686,0.0051058188888888,0.0015151512987012,0.0666667,0.277778,0.0,0.111111,0.0666667,0.111111,4.34117,20134.0,26746.0,0.1065,0.6286,0.1694,1.0
0,0.8156579564488358,-0.2293709393922905,0.0531765672268455,-0.2066932743251736,0.0256911577292408,-0.1691581974711751,1.355148833758926,-0.0054989038309088,0.2402341624666337,2.545740229847113,0.5398137076317002,47.09141274238228,40.0,11.38,0,0.0,0.0,1.0,0.0,0.37345,1.0,0.13,1.0,0.1977994902439024,0.0037825042553191,0.0,0.247250473076923,0.0053030295454545,0.0075757545454545,0.0383203442857142,0.0038093680473372,0.0075075027027027,1.0,0.111111,0.944444,0.0833333,0.716667,0.111111,3.38932,1132.0,592.0,0.0449,0.6388,0.0702,1.0
0,-0.3726844235649242,-0.5372462781375816,-0.4200828807698951,0.6694216558248157,0.4458719008156513,0.697983075989455,-0.2401842061725389,-0.1304290222834944,-0.283776135003106,2.4841653115326694,0.4140814429049011,44.16924664602684,34.11764705882353,11.36,1812,0.0,1.0,0.0,0.0,0.0,0.0,0.11525,1.0,0.0027950282608695,0.0011223333333333,0.0086370056338028,0.0034858372549019,0.0021367576923076,0.0051081589041095,0.0047463596958174,0.0047445971962616,0.0038506765765765,0.047619,0.037037,0.111111,0.0555557,0.111111,0.111111,6.34478,14288.0,8415.0,0.0622,0.4368,0.1425,1.0
0,-0.1513271899852284,0.137788943705288,-0.4558988683676171,-0.2769811161020784,0.0186053055859532,-0.3538747498324908,-0.2567341827395065,0.043337213315971,-0.2625088911457238,3.0055664737219843,0.2525714579272163,42.70408933152256,41.17647058823529,11.35,256,0.0,0.0,1.0,0.0,0.48604999999999987,1.0,0.0027,0.28,0.2949275521739131,0.0370370392156862,0.175789936491228,0.1876795571428571,0.0051165747252747,0.0041851883886255,0.0444282575539567,0.0039742644886363,0.0033389313761467,1.0,1.0,0.771429,0.111111,0.916667,0.111111,5.00904,4950.0,18607.0,0.0992,0.417,0.2378,1.0
0,-0.2762021882999993,-0.3376841941399459,-0.0750070126739531,-0.0268289208387347,-0.0122085481491884,-0.2133055339776224,-0.2539969513569039,-0.0289837848386815,0.2069160913502081,4.753337860283858,0.2173983792343073,45.80818242790074,37.05882352941177,11.33,0,0.0,0.0,0.0,1.0,0.141,1.0,0.055749999999999994,0.97,0.0039215705882352,0.0074074,0.0,0.0,0.0,0.0,0.0011415520547945,0.005555554,0.0,0.0666667,0.111111,0.0,0.0,0.0833333,0.111111,3.60115,1908.0,30088.0,0.0443,0.3763,0.1177,1.0
0,-0.1186035712515509,0.897857324593937,-0.369525838097617,-0.2935099404643908,-0.1980356726600516,-0.2876614784943246,-0.1820690491089259,1.1237652583271704,-0.165561250852331,3.311236220542157,0.2486891945020165,43.32561728395062,50.0,11.27,165,0.0,0.0,1.0,0.0,0.0,0.0,0.42495000000000005,1.0,0.0018315,0.9112086315789474,0.1220760135338346,0.0055555533333333,0.4227562592592592,0.0024188171755725,0.0029914507692307,0.1375333229166666,0.0033208037894736,0.047619,1.0,0.0833333,0.933333,0.111111,0.722222,21.7058,891.0,68011.0,0.0487,0.3388,0.1436,1.0
0,0.2589920821725973,-0.2639676404555482,-0.1771932776261789,0.1594724317505889,-0.1872544452966718,0.3056954511363738,0.2538126584221405,-0.4212997974388191,-0.0521065552518507,0.2170222705354267,0.990819304909609,47.48538011695906,31.176470588235293,11.25,0,0.0,1.0,0.0,0.0,0.0,0.0,0.0,0.0,0.3777778,0.0162433666666666,0.0013888887499999,0.0092592555555555,0.0,0.0013654193548387,0.0035842258064516,0.0057901199999999,0.0021779251937984,1.0,0.292063,0.0833333,0.0,0.111111,0.111111,6.34478,6678.0,949.0,0.1084,0.4997,0.2169,1.0
0,-0.0181386088778351,-0.1016141806838163,0.1472265763117806,-0.0094543776107855,0.4598048584399416,-0.1698924770700029,-0.0500160971386544,0.1204385424414626,-0.0268795741462731,3.2015222469242546,0.5103124961374623,46.372819100091824,40.588235294117645,11.25,340,0.0,1.0,0.0,0.0,0.05065,0.91,0.19699999999999995,1.0,0.0086459742424242,0.0047619,0.0087719263157894,0.0011337857142857,0.0,0.0028935208333333,0.0038380331606217,0.0044025150943396,0.0042722538011695,0.292063,0.0333333,0.047619,0.0,0.111111,0.0833333,9.01627,193.0,5241.0,0.0474,0.3224,0.1472,1.0
0,-0.1620788373595911,-0.3038900769678655,0.4588204307923427,0.349537730241506,0.1724789527206342,0.5330039420711843,0.0958655713597818,-0.0576821487202976,1.3555020530182929,1.4590609515303754,0.4881920356005033,44.50651769087523,42.35294117647059,11.24,2443,0.0,0.0,0.0,1.0,0.0,0.0,0.0,0.0,0.0008771921052631,0.004987127027027,0.0475694375,0.0,0.0008984716981132,0.0037878772727272,0.0035001378181818,0.0029855346260387,0.0005120322580645,0.0333333,0.047619,0.0,0.047619,0.111111,0.111111,5.50765,7391.0,600.0,0.1248,0.3687,0.3386,1.0
0,-0.3388472859896434,-0.1634087108353377,1.5490805592037096,-0.1629183531971961,0.34992670422893,-0.0460425671581916,-0.1727480409980484,0.0957664354090977,1.8318815820590015,2.2851464647301705,0.510092253304778,55.55555555555556,40.0,11.24,4438,0.0,0.0,0.0,1.0,0.0,0.0,0.0,0.0,0.003861,0.0895833125,0.010582,0.00091575,0.0031144803030303,0.0185185,0.0030021671309192,0.0032505932624113,0.0,0.047619,1.0,0.047619,0.0833333,0.111111,0.166667,5.50765,1398.0,33001.0,0.048,0.7803,0.0615,1.0
0,-0.2707816482846776,0.3878380445331862,0.2260920255965888,-0.1518047375326336,-0.0831502658184546,-0.2429412283558145,0.0662143494569566,0.1633036347554086,0.1522354319007739,3.991783965522802,0.1439640099485129,46.29032258064516,40.0,11.2,0,0.0,0.0,0.0,1.0,0.155,1.0,0.0,0.0,0.142129625,0.0058305447368421,0.1291330753846153,0.0335835864864864,0.0045800267857142,0.0026496692913385,0.0024122815789473,0.0029672888888888,0.0026672544018058,0.944444,0.047619,0.888889,0.0833333,0.111111,0.111111,5.67691,6671.0,478.0,0.0479,0.4494,0.1067,1.0
0,-0.0650006324449449,0.2368656015535202,0.0776781406980288,-0.1077207925516863,-0.4961794062754848,-0.4951439568410688,-0.0753795317340402,0.6357512866715312,0.3091081969653056,4.414511739667965,0.2970927775055322,45.88235294117647,45.88235294117647,11.2,155,0.0,1.0,0.0,0.0,0.0898,1.0,0.1378,1.0,0.0520471063492063,0.3301955448979592,0.2520223076923077,0.0323945903225806,0.0271898904761904,0.0044042679012345,0.0124961724444444,0.005644655609756,0.0036459765895953,1.0,1.0,0.738095,0.888889,0.244444,0.111111,5.34297,666.0,7351.0,0.0673,0.5564,0.1209,1.0
0,0.1083037335135454,-0.4101938737130035,0.1490362571934886,-0.2893872923335074,-0.0782174971502168,-0.2451116588732409,0.3883090821090617,-0.2436091839578361,0.3975627679159162,0.3019961595884205,0.8179986681660999,45.010615711252655,32.35294117647059,11.18,0,0.0,0.0,0.0,1.0,0.6689,1.0,0.0,0.0,0.1820959119047619,0.0,0.1252469,0.0108777827586206,0.0,0.0749281914285714,0.0097465802955665,0.0,0.0657407280991735,1.0,0.0,0.111111,0.0,0.224747,0.0,5.34297,14189.0,23244.0,0.1721,0.4468,0.3852,1.0
0,0.1202406336919788,0.5964785847145115,1.6765545054775497,-0.2194721107350495,-0.2850504905538123,-0.1173475607328973,0.1045655327362296,0.7893511032247844,1.4928745462262991,0.6546064361499255,0.6648842264370668,53.48837209302325,48.8235294117647,11.17,765,0.0,0.0,0.0,1.0,0.06,1.0,0.037899999999999996,0.97,0.0,0.0019157137931034,0.0,0.0,0.0,0.0,0.0,0.0034313720588235,0.0,0.0,0.0555557,0.0,0.0,0.0,0.0833333,7.01265,24669.0,13750.0,0.126,0.5405,0.2331,1.0
0,0.9195241169580064,0.420834325469362,-0.489620279489325,-0.1326992506957441,-0.3172921321884658,-0.3440930300958909,0.9157457562628664,0.5810318246489332,-0.4449839689049179,4.492826593135898,0.2420577465529901,45.10623476140718,32.35294117647059,11.15,624,0.0,1.0,0.0,0.0,0.0,0.0,0.08,1.0,0.0,0.0,0.2955835146428573,0.0,0.0,0.0031561351598173,0.0,0.0,0.0034103803289057,0.0,0.0,0.0,0.0,0.0,0.0,8.3484,5151.0,1034.0,0.0349,0.3999,0.0872,1.0
0,-0.0185015062461673,0.0971966011138192,0.7477606470866591,-0.0429338089483168,-0.021435766277242,-0.4000149637455184,-0.2181255202863086,-0.3145428286367931,0.6163492485665263,5.493582624101972,0.2284475417358439,47.73218142548596,39.41176470588236,11.07,2193,0.0,1.0,0.0,0.0,0.0,0.0,0.0,0.0,0.002387153125,0.0,0.0029239842105263,0.0026455,0.0,0.0046296269230769,0.0066715361607142,0.0069444410714285,0.002222224,0.0833333,0.0,0.047619,0.0,0.111111,0.111111,5.93131,1106.0,15552.0,0.0621,0.5639,0.1102,1.0
0,0.1299480211952016,0.1001414582330722,0.3724431451385913,-0.2451241829720555,0.1554952440739263,-0.1148695855613671,-0.0824823412070188,0.0458229976677483,0.2666830760006032,3.5050595492767216,0.1924418209973895,47.28033472803347,51.76470588235295,11.07,5492,0.0,1.0,0.0,0.0,0.0,0.0,0.0,0.0,0.5856465333333335,0.0,0.0,0.15109125,0.0092592555555555,0.0,0.0468786374999999,0.0,0.0081018479166666,1.0,0.0,0.85,0.0833333,0.583333,0.0,5.93131,12259.0,4405.0,0.1574,0.4215,0.3734,1.0
0,-0.1137732948625926,-0.1563098314524784,0.1425877682750485,-0.1690354080507758,-0.0552568164673459,-0.3318076258416932,-0.1702632239267126,-0.0594005930139132,0.2833964001547985,1.22109058206199,0.5081894095541222,45.98425196850393,35.88235294117647,11.03,6972,0.0,1.0,0.0,0.0,0.0,0.0,0.0,0.0,0.0,0.2,0.0,0.0,0.0046296416666666,0.0059523785714285,0.0054278379310344,0.0061728355555555,0.0037878795454545,0.0,1.0,0.0,0.0555557,0.111111,0.111111,5.67691,5554.0,15572.0,0.1023,0.3627,0.2819,1.0
0,-0.3367133018182129,1.0278626106250852,0.1667281848297666,0.0268027052277014,0.0256296533674868,-0.4243822784509982,-0.1747062202966727,0.9747244467635529,0.0390287471927642,2.641453113414078,0.5866070833722021,41.88596491228071,48.8235294117647,11.01,6720,0.0,0.0,0.0,1.0,0.0,0.0,0.0,0.0,0.0,0.04166665,0.0,0.0039682523809523,0.0,0.0055555533333333,0.0048937489795918,0.002222228,0.0029868612903225,0.0,0.0833333,0.0833333,0.0,0.0833333,0.0555557,3.60115,1375.0,13680.0,0.1725,0.3296,0.5233,1.0
0,0.8025465860816254,0.8037903133888156,0.6290243344714058,-0.3743823856108248,-0.2973648159781801,-0.2309744186371122,0.7709753524381544,0.9926005567694334,0.6660718774133485,4.504845572754652,0.2036441407871943,49.195402298850574,44.11764705882353,11.0,5187,0.0,0.0,1.0,0.0,0.0,0.0,0.0,0.0,0.0,0.0,0.1203372499999999,0.0111111,0.0,0.002604165625,0.0,0.0005376346774193,0.005269991588785,0.0,0.0,0.111111,0.0,0.0,0.0666667,3.60115,45258.0,3567.0,0.063,0.4752,0.1326,1.0
0,0.316449796447987,0.7168784339088273,0.7307712303364774,-0.028832989882359,-0.153090889359374,-0.3181029068794024,0.6277303280851869,0.7949928620002742,0.8928284459672989,3.181794923409834,0.2923934897278794,47.43589743589743,35.294117647058826,11.0,3277,0.0,0.0,1.0,0.0,0.0,0.0,0.0,0.0,0.07701584,0.0,0.0,0.0023809514285714,0.0059523857142857,0.0111111,0.0033539118518518,0.0111111038461538,0.0,0.944444,0.0,0.0833333,0.0416667,0.0833333,0.111111,3.60115,5310.0,43348.0,0.0399,0.559,0.0713,1.0
0,-0.1550607991250606,0.3988038925695955,0.767351553274453,-0.1652891687172536,-0.3401609108864691,-0.0987709901821376,-0.2657301463433631,0.6143414954452917,0.9730212242669928,5.156465978247626,0.2839529472960888,50.700280112044815,47.05882352941176,10.99,2247,0.0,1.0,0.0,0.0,0.0,0.0,0.0,0.0,0.0,0.0037746780487804,0.0,0.0014054232142857,0.0031446547169811,0.00833333,0.0031472948387096,0.0023280819999999,0.0026004765957446,0.0,0.0833333,0.0416667,0.111111,0.0833333,0.0833333,3.60115,14768.0,34720.0,0.0179,0.4748,0.0376,1.0
0,0.7646493767063881,-0.1305160075316103,-0.1197686708600094,-0.1744180371184446,-0.238546485213712,-0.1810498342096641,1.0564915760717295,-0.2449706629324782,-0.3451766600049122,1.7292795933241825,0.6795910082046615,43.49593495934959,35.88235294117647,10.99,1262,0.0,1.0,0.0,0.0,0.0482,1.0,0.0,0.0,0.2493019125,0.0,0.0059523785714285,0.0868012042553191,0.0046296296296296,0.0021367576923076,0.0060809705454545,0.0043554618181818,0.0028069027522935,1.0,0.0,0.730159,0.0833333,0.145503,0.0833333,3.60115,33735.0,15751.0,0.2121,0.4544,0.4666,1.0
0,-0.0173392642505352,-0.2590354591722738,0.2423602383075459,-0.1186576727028849,-0.110135142422351,-0.2268202778592338,-0.2618146314955791,-0.1520672913735991,0.3710642439665214,4.00480477891495,0.1808743811694576,47.63157894736842,40.588235294117645,10.97,9072,0.0,1.0,0.0,0.0,0.0,0.0,0.0,0.0,0.0,0.0,0.2126942783783783,0.0,0.0,0.0056458853658536,0.0014492739130434,0.0023358579545454,0.0055953202453987,0.0,0.0,0.0,0.0,0.0333333,0.111111,3.67481,29715.0,18426.0,0.0583,0.3107,0.1875,1.0
0,0.0679996537888144,0.3930929639424527,0.1991159646885248,-0.1789314869208313,-0.0798273288288887,-0.4855593106243052,-0.0793963261503494,0.7088492680130865,0.4758157015439316,3.491766241476564,0.3503093454842512,45.13350559862187,29.411764705882355,10.95,0,0.0,1.0,0.0,0.0,0.048499999999999995,0.95,0.0,0.0,0.0,0.1897055217391304,0.42314815,0.0,0.0078244588235294,0.0030555599999999,0.0064102538461538,0.0045108335849056,0.0024853807017543,0.0,1.0,0.0,0.111111,0.0833333,0.084656,3.67481,48237.0,354.0,0.0719,0.484,0.1485,1.0
0,-0.3739956623335169,0.7969059362270206,0.1279672418062338,-0.2169882656723691,-0.1863056177067898,-0.1999122718467764,-0.4626998364089763,1.212927345903493,0.3321988157299415,4.841726214548905,0.2833025462579154,46.09250398724083,32.35294117647059,10.94,591,0.0,1.0,0.0,0.0,0.12795,1.0,0.44999999999999996,1.0,0.0,0.6343401138888888,0.00190476,0.0064644096774193,0.3791383342857143,0.0,0.0073639025862068,0.0511198337579617,0.0042240578512396,0.0,1.0,0.111111,0.944444,0.111111,0.533333,3.67481,6311.0,12614.0,0.0217,0.2832,0.0765,1.0
0,0.5457278008257087,-0.128836769112054,-0.1190732445600063,-0.3954963763688784,0.0749564751937626,-0.0229522023275207,0.932350794722913,-0.173053062316579,0.1056024575912341,1.967820251569104,0.4034958452528379,45.06437768240343,41.17647058823529,10.88,596,0.0,0.0,0.0,1.0,0.08700000000000001,1.0,0.0,0.0,0.0,0.0026455,0.0,0.0666667,0.0066666699999999,0.0109427545454545,0.0,0.0077777733333333,0.0081481466666666,0.0,0.037037,0.0666667,0.0666667,0.0,0.0833333,5.08398,53058.0,27733.0,0.0675,0.4684,0.1442,1.0
0,-0.2746920976525791,0.1742339301620524,0.0262328771154644,-0.0136829483496201,-0.0430707584811988,-0.1887685448244319,-0.1297737282643108,0.4696879123292995,0.3288780180308596,3.971999947874459,0.2031126085367368,49.60159362549801,36.47058823529412,10.88,1859,0.0,0.0,0.0,1.0,0.0435,1.0,0.094,1.0,0.0,0.0295815454545454,0.0074074,0.0,0.00848765,0.0,0.0053343704918032,0.0036151970588235,0.0019736842105263,0.0,0.603175,0.0,0.111111,0.111111,0.111111,5.08398,31408.0,48662.0,0.0465,0.5723,0.0812,1.0
0,-0.1724867034396277,0.1682720657711331,0.7285959173844692,-0.1239216432869967,-0.1910988950072203,-0.2956171897355734,0.0738177169048196,0.3557568368779865,0.8088640998638155,4.672292119050983,0.2059549465870832,49.10485933503836,40.588235294117645,10.85,4217,0.0,0.0,0.0,1.0,0.0,0.0,0.0,0.0,0.0047619,0.0012345666666666,0.0,0.0,0.0,0.0,0.0041284542553191,0.004506950777202,0.0,0.047619,0.037037,0.0,0.0,0.111111,0.111111,5.34297,25141.0,54562.0,0.0261,0.5399,0.0484,1.0
0,-0.0904505170745107,0.3524084746613929,0.3527097337486047,-0.2684701017776235,-0.4625356160514443,-0.6198716512205418,-0.3141818108810594,0.6072598981091881,0.6061663048814542,3.146779454801968,0.3876595051733827,48.64864864864865,37.05882352941177,10.84,1452,0.0,0.0,0.0,1.0,0.0,0.0,0.0725,1.0,0.0539538805555555,0.0037037055555555,0.0,0.002685188,0.0067049758620689,0.0,0.0028573748917748,0.0025106339869281,0.0,1.0,0.0666667,0.0555557,0.111111,0.114286,0.0833333,5.34297,18455.0,62409.0,0.1057,0.3077,0.3437,1.0
0,0.3591164538917842,0.3936327240199524,-0.0290569289853662,-0.1194518569388323,-0.497748793005297,-0.3113856656840233,0.5859364471151018,0.5308658448800233,0.3540282469340932,2.35641797998334,0.5743204354885896,42.17854217854218,36.47058823529412,10.84,527,0.0,0.0,0.0,1.0,0.0,0.0,0.40045000000000003,1.0,0.0657000931034482,0.1704248235294117,0.005582006,0.0,0.0120370466666666,0.0026250484536082,0.0019212983333333,0.020329678021978,0.0029225206806282,1.0,1.0,0.0,0.0833333,0.0666667,0.377778,5.34297,64746.0,15013.0,0.052,0.3807,0.1366,1.0
0,0.2438866271465772,-0.0161237783241007,-0.1862550880648427,-0.155821962234752,0.0035983728050291,0.20996257671589,0.5746473977729702,-0.010417381838986,-0.173470827410382,1.251419043188558,0.8822492210367299,43.4070434070434,36.47058823529412,10.82,216,0.0,1.0,0.0,0.0,0.3445000000000001,1.0,0.07845,1.0,0.0,0.002222228,0.0902084196078431,0.00416667,0.0121825539999999,0.0080349546511627,0.0038461538461538,0.0025405434782608,0.0055271727876106,0.0,0.0555557,0.0416667,0.214286,0.0833333,0.111111,5.34297,75369.0,3904.0,0.0747,0.2784,0.2684,1.0
0,-0.0994292046426943,-0.0114168159302405,0.1232313567368058,0.123262266238792,-0.0650031427182802,-0.3958755986631622,-0.0773596268449591,0.0816472639479417,-0.0667929915536352,3.2642791755581797,0.2364071082513807,48.72213159325721,36.47058823529412,10.74,0,0.0,1.0,0.0,0.0,0.13299999999999998,1.0,0.113,1.0,0.1456746166666666,0.114856731707317,0.286944425,0.0355403648148148,0.0128747888888888,0.00510582,0.0457002988505747,0.0078192930107526,0.0035803937853107,1.0,0.666667,0.392857,0.114286,0.857143,0.133333,6.70112,1979.0,11789.0,0.0391,0.3493,0.1118,1.0
0,-0.0557329620061354,0.2189243485603968,0.318326529984375,-0.1520865353102146,-0.2260502242870745,-0.0837317107292398,0.2910640306057767,0.4567222050287974,0.4434448865084058,5.625553383578588,0.4948978253134768,51.488095238095234,35.294117647058826,10.66,461,0.0,1.0,0.0,0.0,0.0,0.0,0.07195,1.0,0.0,0.0051282076923076,0.0,0.013888875,0.0,0.0,0.0022675795918367,0.0060111666666666,0.0030864185185185,0.0,0.0666667,0.111111,0.0,0.0555557,0.111111,4.23665,21536.0,2599.0,0.1925,0.3784,0.5087,1.0
0,-0.0709079165984877,0.0809677104964786,0.6672410862961561,-0.2255041645809587,0.024691447156896,-0.1600983132660416,-0.2421540677747684,0.1387037416727242,0.9023772414153808,5.632955640151442,0.2048109622886199,46.978557504873294,37.05882352941177,10.61,771,0.0,1.0,0.0,0.0,0.05115,0.97,0.045500000000000006,1.0,0.0,0.0315710967741935,0.0017361125,0.0,0.0242374784313725,0.0,0.0408119403846153,0.0059454929368029,0.0026918659793814,0.0,0.586111,0.0,0.311111,0.4,0.133333,10.0181,8442.0,5028.0,0.0113,0.3925,0.0288,1.0
0,0.4271694765797873,-0.2187636794087201,-0.0473269957209746,-0.054540078193605,-0.1762117166759329,-0.1305618089840449,0.5321997311769552,-0.1982511308394974,-0.1367735950606236,0.902652469394444,1.0,45.47053649956025,37.05882352941177,10.61,380,0.0,1.0,0.0,0.0,0.29090000000000005,1.0,0.051349999999999986,0.99,0.2802363917647059,0.00138889,0.0,0.0287622828571428,0.002020203030303,0.0021505387096774,0.0076163863057324,0.0116886164948453,0.0032674263157894,1.0,0.0416667,0.311111,0.0666667,0.133333,0.4,10.0181,3452.0,9524.0,0.0421,0.3757,0.1121,1.0
0,-0.2975024865922457,1.4964597596463576,0.6344189721956291,-0.1389239127038774,-0.2052433262380211,-0.2806389575394738,-0.2495339739620801,1.6392731993085352,0.7690527855242678,2.5894050991867026,0.1824279067933743,47.61904761904761,40.588235294117645,10.6,0,0.0,1.0,0.0,0.0,0.0,0.0,0.16699999999999998,1.0,0.0034825865671641,0.08884392,0.2644479620253165,0.0042007333333333,0.030537036,0.0112590796610169,0.0021418701863354,0.0057682093959731,0.0049451847457627,0.0833333,1.0,0.111111,0.311111,0.133333,0.133333,10.0181,660.0,11885.0,0.0475,0.5188,0.0916,1.0
0,-0.2114499162681342,1.3046803709273456,0.3006693430269226,-0.0236198914979024,-0.2914718075174598,-0.2276991012359518,-0.1781042335841415,1.4450441697817178,0.4732540317361915,5.004478782019898,0.1128684391732412,47.18954248366013,44.70588235294118,10.6,2541,0.0,1.0,0.0,0.0,0.0,0.0,0.0,0.0,0.0027322393442622,0.4711837435897435,0.0704081602040816,0.0065248695652173,0.1401411621621622,0.0010772788461538,0.0030991206521739,0.0963354329059829,0.003156475588865,0.0833333,1.0,0.111111,0.866667,0.133333,1.0,4.44848,365.0,4450.0,0.0258,0.3385,0.0762,1.0
0,-0.2065680617521697,0.3301700043315577,0.0667095301652835,-0.1591372173100853,-0.1862548206993413,-0.0277379168009418,-0.0508448630021062,1.2324998898124853,0.4159296095390006,3.2898416277070663,0.1199816713807149,47.247247247247245,41.76470588235294,10.58,5645,0.0,0.0,0.0,1.0,0.0,0.0,0.0,0.0,0.04277778,0.0189332898305084,0.0016953563380281,0.005208335,0.0023724078947368,0.0025917065789473,0.0024000008,0.0032718437837837,0.0036100167910447,1.0,0.905556,0.111111,0.0833333,0.0833333,0.0833333,3.17749,3891.0,24045.0,0.061,0.3723,0.1639,1.0
0,-0.2110188715467607,0.9499323972283186,0.3450890553296623,-0.1644420636159144,-0.0063045998807359,-0.3893487456201088,-0.1404105343690776,0.4593205339426927,0.9699838832113848,6.997221362326637,0.1123729984583505,49.58847736625515,40.0,10.48,4666,0.0,0.0,0.0,1.0,0.0,0.0,0.0,0.0,0.0018115934782608,0.0,0.0182539375,0.0,0.0,0.00338541875,0.003505447368421,0.002222225,0.002228874251497,0.0833333,0.0,0.0,0.0,0.222222,0.0555557,3.84905,107.0,15300.0,0.0336,0.5532,0.0608,1.0
0,-0.3947744428222283,-0.4073528702369658,-0.2160130600869552,0.0246114067946076,0.8125833515558888,0.3137461944840486,-0.2746347222614085,-0.3325616803777938,-0.149714059710241,0.0581885302751038,0.9881567782197942,45.73170731707317,33.52941176470588,10.47,0,0.0,1.0,0.0,0.0,0.0,0.0,0.0724,1.0,0.0054945051282051,0.136353,0.0388401578947368,0.0029629644444444,0.0691544925925926,0.009252558227848,0.0030607193430656,0.0145408735294117,0.0044167381656804,0.111111,1.0,0.0666667,0.738889,0.0972223,0.347619,4.55976,44311.0,8208.0,0.086,0.4069,0.2114,1.0
0,-0.0378287954311712,0.0528725049409693,0.5454918015580709,-0.0226609634673989,-0.1000209611315625,-0.1990240556797998,-0.068963310978515,0.3621237798189399,0.6307787007429574,5.037707347600565,0.2583605908442611,49.54710144927536,40.0,10.42,839,0.0,1.0,0.0,0.0,0.005750000000000001,0.43,0.099,1.0,0.0022675714285714,0.4576827216216217,0.0,0.0,0.2090695083333333,0.0,0.0108087714285714,0.0325386262948207,0.0066971472826086,0.047619,1.0,0.0,0.888889,0.166667,0.52381,5.67691,40231.0,13384.0,0.0404,0.5056,0.08,1.0
0,0.0927751100514517,0.0747735307872584,-0.0017624359129603,-0.0897191489899936,0.0230517917310924,-0.2537537243316339,-0.0375747242228006,0.2149488591465511,0.1384477832505268,2.7479215044591725,0.0973198997930949,46.08233731739708,40.588235294117645,10.41,320,0.0,1.0,0.0,0.0,0.423,1.0,0.11349999999999999,1.0,0.1577295086956522,0.0125104289473684,0.1059644242424242,0.252255,0.0069124516129032,0.0049886612244897,0.0579789051724137,0.0043827662790697,0.0010517805825242,0.916667,0.233333,0.952381,0.166667,0.370238,0.111111,5.67691,46650.0,6408.0,0.1263,0.403,0.3134,1.0
0,0.0040070676413089,-0.3174856380291624,-0.0063989876350426,0.0441978585633064,0.0419349488544141,-0.1964541893827267,0.2745418477250539,-0.2173053000959906,-0.2509204610647969,0.2700502086999761,0.897827102325736,47.44186046511628,42.94117647058823,10.39,0,0.0,1.0,0.0,0.0,0.0,0.0,0.0,0.0,0.0,0.0032051269230769,0.0,0.000805152173913,0.0,0.0,0.0028642047808764,0.003528527027027,0.004629625,0.0,0.0833333,0.037037,0.0,0.111111,0.111111,13.0235,14566.0,1774.0,0.1597,0.4462,0.3579,1.0
0,0.1894093335717526,0.2794889794584644,0.3250276804195424,-0.3547173551319088,-0.1326329190559261,-0.3524420314702113,0.0483046630735481,0.0702529815158986,0.536720115395659,6.53277046485373,0.05232177506549,48.72427983539095,38.82352941176471,10.24,1562,0.0,1.0,0.0,0.0,0.094,1.0,0.0,0.0,0.2867913809523809,0.0328924277777777,0.1187969771929824,0.0040404113636363,0.0027160533333333,0.0059243202020202,0.0025327093023255,0.0021717720930232,0.0025091749303621,1.0,0.966667,0.0666667,0.0666667,0.0833333,0.111111,4.45679,17479.0,2798.0,0.0085,0.4574,0.0185,1.0
0,-0.3597955392410419,0.0241275259430073,0.1405350327290878,0.0715383074859918,0.2141273014200646,-0.1687308957346312,-0.4494698043262947,0.3318493357542265,0.1660537354138779,3.318238103091331,0.1152790183267489,47.70704996577687,31.76470588235294,10.21,796,0.0,1.0,0.0,0.0,0.10550000000000001,1.0,0.15485,1.0,0.480486708,0.0933820931034482,0.2170024205128205,0.1664864428571428,0.0172514657894736,0.0022522513513513,0.0187538218487394,0.0036098346774193,0.002430552840909,1.0,0.888889,0.833333,0.6,0.25,0.111111,4.45679,23166.0,11158.0,0.0501,0.7033,0.0713,1.0
0,0.1781454992481723,0.3373096597870357,-0.1814398101242694,0.0268389058876617,0.1394849541919353,0.1484773698209574,0.5646849805026137,0.6325578673203448,-0.2815263070941068,0.1340053922807359,0.8961684124818564,46.7687074829932,35.88235294117647,10.21,573,0.0,1.0,0.0,0.0,0.10549999999999998,1.0,0.0,0.0,0.612713,0.0281481333333333,0.0084656047619047,0.2662882299999999,0.00444444,0.0032679705882352,0.0320926109375,0.0021421530973451,0.0041542656249999,1.0,0.422222,0.821429,0.111111,0.25,0.111111,4.45679,14886.0,20535.0,0.2894,0.5368,0.5391,1.0
0,-0.0271015244886589,-0.3975623997935004,-0.3156110515523597,-0.022258275086342,0.3688113699270131,-0.0885358607169597,-0.2349961213802819,-0.2536507501450596,-0.3705559968775863,0.2803040377157006,0.8197107312985965,45.27027027027027,32.35294117647059,10.17,226,0.0,1.0,0.0,0.0,0.0,0.0,0.21664999999999998,1.0,0.0986772655172413,0.1444444,0.0071428571428571,0.0660394064516129,0.0,0.0037878772727272,0.0156275360576923,0.0278425653061224,0.0047488901639344,1.0,0.722222,0.822222,0.0,0.47619,0.4,8.68233,15958.0,3166.0,0.1647,0.4276,0.3851,1.0
0,-0.0497591337048508,-0.2119902531366063,1.0296176464006397,0.0554038036399604,-0.0576315175923992,-0.3050353782064069,0.1713410430049316,0.0863342850245713,0.5542829985060636,2.966347769462964,0.480784691344614,58.60566448801743,42.94117647058823,10.15,7128,0.0,0.0,0.0,1.0,0.0,0.0,0.0,0.0,0.0072463782608695,0.0026748955555555,0.0,0.0087301613636363,0.0030701736842105,0.0555555,0.0019388523489932,0.005698590430622,0.0,0.111111,0.0833333,0.111111,0.0833333,0.0833333,0.240741,3.81299,3044.0,642.0,0.1183,0.7243,0.1634,1.0
0,1.5114398850218953,0.2318799500964256,2.4201458652617704,-0.1194614304663063,-0.2345892177109137,-0.3588138694330174,1.0721550352457103,0.2769728122198942,1.788547773422322,3.1721030304512787,0.5187310460105736,54.2063492063492,35.294117647058826,10.14,2776,0.0,1.0,0.0,0.0,0.0,0.0,0.0,0.0,0.0969697,0.0064516032258064,0.0,0.0035842258064516,0.00416666875,0.0,0.0049727195312499,0.0,0.0,1.0,0.133333,0.111111,0.0666667,0.0833333,0.0,8.01446,36727.0,325.0,0.1354,1.5171,0.0892,1.0
0,1.4399006535209344,0.6573683702701214,0.5224798469342937,-0.2515052153170104,-0.2561371707264356,-0.3184526219823307,1.217521273606642,1.245092514367219,0.7327712515307111,3.383262558026978,0.1974478488314958,50.3448275862069,41.76470588235294,10.14,0,0.0,1.0,0.0,0.0,0.0,0.0,0.0,0.0,0.0025062631578947,0.0037037055555555,0.192284,0.010582,0.0037037,0.013888885,0.0,0.0044633770642201,0.0055242276315789,0.047619,0.0666667,0.111111,0.111111,0.0,0.0833333,8.01446,32903.0,1874.0,0.079,0.4461,0.177,1.0
0,0.154039020565605,0.2088705933710465,1.88123981402498,0.1609704231425701,-0.0772625545239224,-0.1128036698601895,0.1164708638732313,0.0020763957889309,1.2890795306274268,3.429768001946332,0.6180780171036199,48.71794871794872,36.47058823529412,9.9,2603,0.0,1.0,0.0,0.0,0.0,0.0,0.0,0.0,0.0029914557692307,0.005291019047619,0.0,0.0049102121212121,0.0059523809523809,0.0055555583333333,0.0029123547826086,0.0063907029411764,0.0063492,0.0666667,0.0555557,0.0833333,0.0833333,0.111111,0.111111,5.61201,17441.0,19111.0,0.159,0.3958,0.4016,1.0
0,0.1462481985323544,1.1356570027103017,0.2980181190944359,-0.0753993752713565,-0.1257405266973259,-0.2743930371164056,0.4971442631660387,1.101520723556353,0.1704775915181757,2.4834203739435234,0.2427635028089527,42.02453987730061,34.705882352941174,9.87,1444,0.0,1.0,0.0,0.0,0.0,0.0,0.11945,1.0,0.0608565528301886,0.0,0.0865800909090909,0.0138888833333333,0.0,0.0,0.0024202415841584,0.0034113035087719,0.0024853828947368,0.738889,0.0,0.0833333,0.0,0.111111,0.111111,4.6751,993.0,29413.0,0.1002,0.3868,0.259,1.0
0,0.283262842059616,0.2793005737040835,0.873441898270865,0.0208041628802673,0.0287717315741812,-0.272989704330069,0.3137235801667316,0.2943172677654817,1.0529215120778648,5.284974519080473,0.098276840527905,49.14182475158085,43.52941176470589,9.81,763,0.0,0.0,1.0,0.0,0.28495000000000004,1.0,0.0,0.0,0.1491228052631579,0.0,0.0,0.07152776875,0.0041152222222222,0.0,0.0226306,0.0061024932584269,0.0015220684931506,1.0,0.0,0.588889,0.111111,0.611111,0.0833333,4.54561,70297.0,17765.0,0.0838,0.5123,0.1636,1.0
0,0.1646374337222425,-0.2172998287727388,-0.1594633389038052,0.3982946268242634,0.4643007784321726,1.0177609902546971,0.2741212865073629,-0.3226818409631102,-0.1626122671340387,0.2129893858775211,0.97848133349203,44.54976303317535,40.588235294117645,9.8,830,0.0,0.0,1.0,0.0,0.5555,1.0,0.17045,1.0,0.5145060000000001,0.0,0.004666668,0.2404842533333333,0.0016420344827586,0.0,0.0441734761363636,0.0016894099415204,0.0052180925287356,1.0,0.0,0.872054,0.047619,0.5,0.111111,4.54561,23560.0,64777.0,0.2003,0.3835,0.5221,1.0
0,0.283609602118553,-0.0530070355922338,0.7437552763745765,0.2986900562124757,0.1115094848903737,-0.0199541260386673,0.3310264597337433,-0.0759083501572509,0.469997080033565,3.519107094947586,0.4962121524970225,46.733668341708544,30.58823529411765,9.8,784,0.0,1.0,0.0,0.0,0.3456500000000001,1.0,0.1705,1.0,0.00208333125,0.0,0.0029239842105263,0.0043859631578947,0.00190476,0.0065359411764705,0.0032516253164556,0.0024933078313253,0.0027811325581395,0.0333333,0.0,0.0833333,0.047619,0.0555557,0.111111,4.54561,61843.0,27285.0,0.1316,0.3911,0.3364,1.0
0,0.3206148669734809,0.0407561525245969,0.4456192262367523,-0.1576410864291863,0.1016583928394964,-0.350639488940104,0.5073594969960731,-0.002437206902723,0.4534101099445484,2.6520888977637,0.1988429249941465,46.17414248021108,37.05882352941177,9.79,313,1.0,0.0,0.0,0.0,0.34354999999999997,1.0,0.0,0.0,0.00238095,0.1435896923076923,0.241666625,0.0049019588235294,0.002469137037037,0.0,0.0035188821917808,0.0037810726415094,0.0029411764705882,0.0333333,0.933333,0.0833333,0.0666667,0.0555557,0.111111,4.54561,30027.0,57555.0,0.1624,0.4776,0.3399,1.0
0,-0.3883809457658315,-0.0178189176975678,-0.0057635507137195,0.0451768920364187,0.0,-0.085987490142319,-0.1219418072263275,-0.0070021513820943,0.0714400373990687,3.130610123108104,0.1919935454068577,48.41954022988506,44.11764705882353,9.58,0,0.0,1.0,0.0,0.0,0.4261,1.0,0.0,0.0,0.8603115,0.275173625,0.0050505,0.2811446666666666,0.0096618260869565,0.00738705,0.0285052916666666,0.0049835567567567,0.00477922,0.939394,1.0,0.565656,0.111111,0.111111,0.152778,3.17749,42122.0,50057.0,0.0255,0.2636,0.0969,1.0
0,0.4838540471026399,0.6365338722770392,2.0363418626352865,-0.2566089422171342,-0.2810260264201588,-0.3835071112242838,-0.0273678841752645,0.6630417840355541,0.6865880952389976,5.24394723815365,0.2455690360120413,53.28798185941043,40.0,9.51,0,0.0,1.0,0.0,0.0,0.0,0.0,0.0,0.0,0.1925925999999999,0.0022222233333333,0.24916665,0.0063657375,0.0136875956521739,0.0065359411764705,0.0014245017094017,0.0082628407185628,0.0064236046875,1.0,0.0666667,0.111111,0.111111,0.111111,0.111111,4.10714,2414.0,567.0,0.0595,0.5731,0.1037,1.0
0,-0.3647101212572171,0.1518602220446648,1.074758249574593,0.5383919068897336,0.0630751409359185,-0.1441304807818191,-0.2717736410902282,0.1316201108117658,0.7479969946208921,3.2277799067086583,0.2923951306132762,54.35684647302904,51.17647058823529,9.49,1127,0.0,0.0,1.0,0.0,0.43550000000000005,1.0,0.0,0.0,0.3251983964285714,0.0071684516129032,0.0,0.1468891869565217,0.0072486799999999,0.0,0.032876725,0.0007936515384615,0.0,1.0,0.111111,0.833333,0.0666667,0.638889,0.0555557,4.00723,208.0,37541.0,0.0737,0.5278,0.1396,1.0
0,0.0105869142780589,-0.073723065451916,0.0203767561004707,0.0344207429162009,0.0711433077884471,-0.010905867448232,0.0453611553814274,0.0032957173477837,-0.0116877040124416,1.5449124920135546,0.8514407804376727,40.61302681992337,41.17647058823529,9.46,821,0.0,0.0,0.0,1.0,0.0,0.0,0.3151,1.0,0.0,0.763889,0.1111112,0.0,0.6298113750000001,0.0,0.0,0.1889607342857142,0.0106837692307692,0.0,0.855556,0.0,0.919048,0.0,0.518519,8.01446,24432.0,12998.0,0.1056,0.3573,0.2955,1.0
0,0.171822388339404,0.1246296471391409,0.8520709992781119,-0.1025266728678556,-0.1710474670472799,-0.1092644078503971,0.5163566720232657,0.3115312035280622,0.6169440396237416,7.086346559008911,0.1784541826742091,51.21412803532009,47.05882352941176,9.44,2839,0.0,1.0,0.0,0.0,0.0,0.0,0.0,0.0,0.1694294022727272,0.0024117139534883,0.0,0.1678191868421052,0.0025193813953488,0.010101,0.0164053881188118,0.0033820597122302,0.00407408,1.0,0.0666667,0.933333,0.0666667,0.486111,0.111111,5.34297,19.0,365.0,0.0225,0.4132,0.0545,1.0
0,-0.1767238275110508,0.4983506845189274,-0.1516709709873053,-0.1290633040580817,-0.0527981688960847,-0.2676374574379133,-0.1762341636652248,0.6860394278132146,-0.1121918125752652,3.233589329249777,0.193843365000939,45.28233151183971,34.11764705882353,9.43,1146,0.0,1.0,0.0,0.0,0.30039999999999994,1.0,0.0,0.0,0.23740738,0.0032900363636363,0.0625,0.3055675909090909,0.0032186977777777,0.0084844999999999,0.0530107550458715,0.0029295666666666,0.0004450373831775,0.933333,0.133333,1.0,0.0555557,0.866667,0.133333,4.02482,624.0,12917.0,0.028,0.2916,0.0961,1.0
0,0.307151646117811,-0.2342327071703596,-0.0910586684159019,-0.3632881740973071,-0.1152863691211902,-0.3069239038302156,0.6044501935288975,-0.3046305675429548,-0.3693236988418855,0.5883438221570984,0.8111616924872214,49.66996699669967,37.05882352941177,9.43,6264,0.0,1.0,0.0,0.0,0.0,0.0,0.0,0.0,0.0,0.0013060088607594,0.0078674782608695,0.003463203030303,0.0042644746478873,0.0053644962962962,0.0011315415841584,0.0026927448979591,0.0045815246753246,0.0,0.0555557,0.0666667,0.111111,0.0666667,0.0833333,4.02482,5742.0,11444.0,0.0745,0.3621,0.2057,1.0
0,-0.1498912195642456,-0.1564675478547096,-0.029473850299364,-0.0841148783438427,0.0578158280696615,0.1619684029895288,-0.168305877470909,-0.3312681799978941,-0.2697241949498389,0.9136920508664402,0.3811541964518198,42.57964257964258,34.705882352941174,9.42,1166,0.0,1.0,0.0,0.0,0.33045,1.0,0.0,0.0,0.3494858225806451,0.1294356377777777,0.0149064220588235,0.2827358637931034,0.0072736438202247,0.0032407383333333,0.0322074039215686,0.0042370251773049,0.0043495811715481,1.0,1.0,1.0,0.0833333,0.768519,0.111111,3.81299,3456.0,12874.0,0.0539,0.2926,0.1842,1.0
0,-0.0960902250466507,-0.1050279538651346,0.1126493587320937,0.1421618223978548,-0.0402685727453886,0.2140713773792723,-0.3463715302466569,-0.0268728011088876,0.3792250713864522,2.193530564658975,0.4155641547214606,49.935649935649934,36.47058823529412,9.41,122,0.0,1.0,0.0,0.0,0.11135000000000002,1.0,0.5107499999999999,1.0,0.597493075,0.6113168333333333,0.0233494434782608,0.3422031034482757,0.3670261543478261,0.0027458517241379,0.0835994128027681,0.0564959835341365,0.0034527934374999,1.0,1.0,0.822222,1.0,0.763468,0.768519,3.81299,10545.0,885.0,0.0849,0.3174,0.2675,1.0
0,-0.2352991087222758,-0.1752143963229297,0.4363437658117225,0.2807299969282119,-0.0823369709006093,-0.2171984822535161,-0.0886497530948908,0.2714329061972078,0.4129745576846034,3.6331854308980263,0.2985458058272677,51.81571815718157,40.0,9.39,0,0.0,0.0,0.0,1.0,0.10499999999999998,1.0,0.1159,1.0,0.0019841288461538,0.0063107345454545,0.0317870810344827,0.0034006727272727,0.0253123958333333,0.0047976031746031,0.0026140330855018,0.0063563423236514,0.0031129577160493,0.0555557,0.12963,0.0833333,0.533333,0.111111,0.166667,5.08398,345.0,11669.0,0.0477,0.6276,0.076,1.0
0,-0.1770737348653218,-0.1733439110095672,0.1767509481649711,-0.0062171534149784,0.1755191588506345,-0.0706599278093027,-0.1609343050926994,0.0356505784600896,-0.1086783505506051,1.099502590176101,0.8285928317459209,50.42016806722689,35.294117647058826,9.39,433,1.0,0.0,0.0,0.0,0.0,0.0,0.34385,1.0,0.00194805,0.605496512195122,0.0,0.0028565829787234,0.3159659928571429,0.0,0.0058906165289256,0.0338766707070706,0.01777777,0.047619,1.0,0.0555557,0.839394,0.111111,0.455556,5.08398,6180.0,8379.0,0.1872,0.4037,0.4636,1.0
0,-0.2621309970078697,0.3162457346695923,-0.4103819625123622,-0.1545659529493388,-0.2701813419587858,0.014040984380151,-0.2839970608397578,1.059840712962404,-0.1517043378216355,0.6843764542667714,0.8651330917045101,44.08945686900959,38.82352941176471,9.38,2544,0.0,1.0,0.0,0.0,0.0,0.0,0.0,0.0,0.0261517560975609,0.6290706382978722,0.0,0.0,0.1940605410714286,0.0051542696629213,0.0028592188235294,0.0414345949829351,0.0029368379213483,0.822222,1.0,0.0,0.642523,0.111111,0.5,6.34478,2182.0,10426.0,0.1231,0.3254,0.3781,1.0
0,0.2079782902094391,0.0310941958201263,-0.1880776752617737,-0.1560333736542398,-0.0472495490493043,-0.2884365745392772,0.0303704581405701,-0.0186712306776312,-0.2797766209854659,1.4750574366867562,0.5454813168432608,40.46406338426712,27.058823529411764,9.32,0,0.0,0.0,0.0,1.0,0.0,0.0,0.14495000000000002,1.0,0.0036375638888888,0.7066668,0.0356496906976744,0.001111114,0.2994709499999999,0.0047646604166666,0.003619096915167,0.1304928894736842,0.0046375080858085,0.0833333,1.0,0.0555557,0.952381,0.111111,0.777778,7.36576,14915.0,6045.0,0.1473,0.3667,0.4016,1.0
0,-0.0914593444996103,0.8364116269721442,-0.4093076088986164,-0.0880053144177689,-0.0855644839895818,-0.1232912503706303,0.0008906132528378,1.044680562444928,0.3025658078658201,4.648375524891883,0.2275134271927104,43.40044742729307,38.23529411764706,9.3,472,0.0,1.0,0.0,0.0,0.0,0.0,0.6446999999999999,1.0,0.0017879948275862,0.2525604285714286,0.0024009571428571,0.0043310614285714,0.2382193125,0.0066666685714285,0.0032036276978417,0.0341867247311828,0.0027119756345177,0.0666667,1.0,0.111111,0.777778,0.111111,0.388889,4.02482,82.0,23291.0,0.1149,0.3628,0.3168,1.0
0,0.0437145603643944,-0.1652543978025792,0.9786585584299102,-0.2117521355944666,-0.06588915192605,-0.214086994689058,-0.2379344907724404,0.4885770606983122,1.0689103659646704,5.945634323092274,0.1433622205471035,50.80645161290322,40.588235294117645,9.3,360,0.0,1.0,0.0,0.0,0.0,0.0,0.0664,1.0,0.001344536,0.052010473076923,0.0016260170731707,0.007878789090909,0.0101449347826086,0.0027847368421052,0.0035321905198776,0.0091731556603773,0.0023719853107344,0.047619,1.0,0.111111,0.138889,0.111111,0.111111,4.02482,641.0,6807.0,0.0637,0.4522,0.1409,1.0
0,0.2743203236628898,0.6286537699183478,0.2902886826258211,-0.3804024357207083,-0.2029298859492815,-0.2404103403221638,0.2667254875096298,0.5025552191521692,0.4039964022860533,5.139456083040678,0.2425873757306356,47.61904761904761,44.11764705882353,9.29,0,0.0,0.0,0.0,1.0,0.36,1.0,0.08800000000000001,1.0,0.0447772580645161,0.1528373811594202,0.0580952511111111,0.0,0.0305555416666666,0.0036484298507462,0.0220667898305084,0.0040817618243243,0.0025646797814207,0.761111,1.0,0.0,0.666667,0.361111,0.277778,3.84905,311.0,25445.0,0.0137,0.6251,0.0219,1.0
0,0.4424441176844828,-0.2971732975086287,-0.0165484379519658,-0.1552541375168009,0.4594105826471544,0.4091692956974865,0.7149230776217764,-0.4025857827790794,-0.0541744027279507,4.00736712041348,0.6426840819423567,51.90713101160862,32.35294117647059,9.24,2182,0.0,0.0,0.0,1.0,0.0,0.0,0.0,0.0,0.0,0.0845959727272727,0.0,0.004476584090909,0.0049242454545454,0.0129629666666666,0.0034902974025974,0.0028455341463414,0.0021121338709677,0.0,0.875,0.111111,0.0666667,0.111111,0.0666667,3.64647,14988.0,7973.0,0.1132,0.4783,0.2366,1.0
0,-0.0572885861302249,-0.1038305767504073,0.4431151985074435,0.3057394361415311,-0.0668260709343569,-0.2741084726555173,-0.0847491746280015,0.194981340681122,0.7690055838157052,7.15388464946567,0.112124871007808,49.67948717948718,48.23529411764706,9.24,456,0.0,0.0,0.0,1.0,0.035699999999999996,0.96,0.0,0.0,0.0,0.0,0.1516203916666666,0.0,0.01166667,0.0051587333333333,0.0045422754716981,0.0024801583333333,0.0023088064935064,0.0,0.0,0.0,0.111111,0.0833333,0.0833333,3.64647,6247.0,16869.0,0.0266,0.3275,0.0812,1.0
0,0.0167041548796729,-0.0781700357941788,0.31198655716604,0.1340151552117016,0.0972684227255354,-0.3525311933020397,-0.0223228818829388,0.0657962440952765,0.5760350639897678,4.424045525424522,0.1948646723414411,50.34013605442177,38.82352941176471,9.12,506,0.0,1.0,0.0,0.0,0.068,1.0,0.35230000000000006,1.0,0.7291001764705882,0.4916927208333333,0.020833325,0.19402017,0.1106627499999999,0.0,0.0265504295918367,0.1184491814285714,0.0035947764705882,1.0,1.0,0.457071,0.877778,0.328571,0.751323,5.50765,13175.0,796.0,0.0602,0.3441,0.1751,1.0
0,0.1179741352272655,0.2021881753693661,0.6795349702553273,-0.068283687649451,0.3100327938402876,-0.4479249763650072,-0.0568636229842555,0.3006879622266155,0.3130023092100517,1.3663742071595677,0.3943982872531812,52.81625115420129,40.0,9.1,0,0.0,1.0,0.0,0.0,0.3842999999999999,1.0,0.0,0.0,0.333099948,0.0018993333333333,0.232615535,0.2015444333333333,0.0016666674999999,0.0310386652173913,0.0483474781249999,0.0041086707692307,0.0015589559523809,1.0,0.074074,0.805556,0.0666667,0.333333,0.111111,5.08398,3632.0,9368.0,0.0451,0.4511,0.1,1.0
0,0.2432230489155041,0.2407566901384484,-0.110863351862102,-0.1706043086866325,-0.1095298630636243,-0.3539102527314869,0.6333169462456981,0.5807888868276765,-0.0060898203617917,1.611071610522132,0.3144232788763241,48.895582329317264,41.17647058823529,9.08,5213,0.0,0.0,0.0,1.0,0.0,0.0,0.0,0.0,0.0,0.0032407466666666,0.2178161137931034,0.0021505387096774,0.0040650414634146,0.0213293571428571,0.0041486336363636,0.003099527027027,0.0030078212560386,0.0,0.0555557,0.0666667,0.111111,0.111111,0.111111,8.68233,8237.0,1672.0,0.0099,0.4504,0.022,1.0
0,-0.2619225638861059,0.2323315176896743,0.4036949679307771,-0.263716769429367,-0.1703932611551472,-0.2254199807679635,0.011174592554536,0.6012413919828773,0.6933910630940392,4.247358975894218,0.0921589427872171,49.65034965034965,41.17647058823529,9.08,3516,0.0,0.0,0.0,1.0,0.0,0.0,0.0,0.0,0.0,0.2192528965517241,0.0020576185185185,0.0095238142857142,0.0163622465753424,0.0055555566666666,0.0037878772727272,0.0025441546762589,0.0050135487804878,0.0,1.0,0.0666667,0.933333,0.0833333,0.111111,8.68233,25.0,10687.0,0.0344,0.4073,0.0844,1.0
0,0.2386200598653455,0.0355476797342595,0.1366504469264353,-0.1869658452300179,-0.2646651156516429,-0.175880823503589,0.7545333535309822,0.6629264343367332,0.5683227061587193,5.971450050984831,0.0957887296947,47.045707915273134,36.47058823529412,9.06,183,0.0,0.0,1.0,0.0,0.0,0.0,0.2542,1.0,0.1586611239130434,0.1222797326086956,0.021190152173913,0.0637188571428571,0.059013228,0.0028129367088607,0.0143511217391304,0.0287675194805194,0.0035195573529411,1.0,1.0,0.755556,0.925926,0.6,0.544444,8.68233,374.0,999.0,0.0558,0.3171,0.1758,1.0
0,-0.181924807769435,-0.2846289462619517,-0.3530257053708031,0.4688981118437438,0.2664196951888001,0.1271380525020196,-0.2590857271889794,-0.0906643867686589,-0.3886743764002524,0.010184276134592,1.0,43.00847457627119,38.23529411764706,9.02,101,0.0,0.0,0.0,1.0,0.0,0.0,0.0432,0.91,0.002436649122807,0.0769129107692307,0.0749841469696969,0.00104166625,0.0086372978723404,0.0032879831168831,0.0027932563829787,0.0054685722826086,0.0035973564835164,0.0833333,1.0,0.0833333,0.166667,0.111111,0.166667,6.67872,13364.0,10360.0,0.1354,0.4101,0.3303,1.0
0,0.3224597369728126,0.5375068532106327,2.6314765517575647,-0.0812546845281018,-0.0783370651617171,-0.1284392024248812,0.3454025105695877,0.8767922953477744,2.610999419221918,6.390961729324407,0.243100110422454,56.875,50.588235294117645,9.0,775,0.0,0.0,0.0,1.0,0.07154999999999999,1.0,0.48364999999999997,1.0,0.0,0.4857304978723403,0.0277777142857142,0.0,0.4181505499999999,0.0,0.002168372330097,0.0919840788888888,0.0,0.0,1.0,0.0,0.966667,0.111111,0.941481,4.34117,139.0,13127.0,0.0452,0.6683,0.0676,1.0
0,0.174871329657786,-0.0239579807355384,0.2412938811891465,-0.0244710660340889,0.3675743208215963,0.0459202302854656,-0.2444959919907386,0.1684544571833899,0.0723159263171509,0.0561376853484972,0.9754588008962484,44.40344403444034,41.17647058823529,8.99,188,0.0,1.0,0.0,0.0,0.18100000000000005,1.0,0.7226499999999999,1.0,0.0266666571428571,0.854032775280899,0.0095238,0.0053763451612903,0.4105767945205479,0.0,0.0022142855,0.0794780786290322,0.0011947419354838,0.933333,1.0,0.111111,1.0,0.0833333,0.722222,4.87215,6318.0,6306.0,0.2777,0.3651,0.7606,1.0
0,0.4828881341619244,0.0178179362289614,0.5829730035643393,0.185366547182529,0.1533090632538731,-0.3676374899504671,0.8599955180060007,0.044876157456418,0.509995299604155,5.8873435499946005,0.0569855017904788,45.15503875968992,48.8235294117647,8.93,6078,0.0,0.0,1.0,0.0,0.0,0.0,0.0,0.0,0.004004,0.0807870583333333,0.0047892758620689,0.0046296277777777,0.00988095,0.0039682547619047,0.0026721789915966,0.002102329787234,0.0028209554404145,0.111111,0.916667,0.0833333,0.0833333,0.0833333,0.0833333,4.66032,3302.0,79119.0,0.0793,0.381,0.2081,1.0
0,0.3004445288802951,0.0083278870150685,0.1211373229047443,-0.3583405285279855,0.2316370605686373,-0.1833832232045854,-0.0619228733391756,0.2964383314385099,0.3402041477687966,5.114994332179292,0.1648757541237309,45.69444444444444,33.52941176470588,8.93,2476,0.0,1.0,0.0,0.0,0.0,0.0,0.0,0.0,0.0,0.0434782608695652,0.0,0.0,0.0096618260869565,0.0185185,0.0051230617977528,0.0022446707070707,0.003367,0.0,1.0,0.0,0.111111,0.111111,0.111111,4.66032,9332.0,72908.0,0.0326,0.3575,0.0911,1.0
0,-0.0197811013991735,0.2297990408192802,-0.0534390240894264,0.0077888717986799,-0.0643601978628851,0.3953301400653806,-0.0615567725409903,0.2318869561864298,-0.2898229431433258,0.0195139635356034,1.0,42.27430555555556,29.411764705882355,8.92,152,0.0,1.0,0.0,0.0,0.09295,1.0,0.07300000000000001,1.0,0.037037037037037,0.6844933076923077,0.00238095,0.0032679705882352,0.4608507894736842,0.0015873057142857,0.004138892,0.0597168254385964,0.0025352734848484,1.0,1.0,0.111111,1.0,0.111111,0.710823,4.66032,14185.0,68751.0,0.2319,0.8247,0.2812,1.0
0,-0.0517468797261118,-0.0416661478903791,0.1176101642546747,0.415189387972485,-0.0246452938771626,0.0291996223220304,-0.1870497393627513,-0.0346083168199324,-0.0802727408203233,1.7961470609966437,0.4414525447428005,48.90965732087228,36.47058823529412,8.92,133,0.0,1.0,0.0,0.0,0.253,1.0,0.1335,1.0,0.8716727692307693,0.001443,0.037037,0.7166971499999999,0.0013227547619047,0.0,0.1576495173076922,0.0037606742574257,0.0,1.0,0.047619,1.0,0.0555557,0.738889,0.111111,4.66032,67929.0,15764.0,0.0043,0.2254,0.0189,1.0
0,0.1194004678514484,-0.0677670908139468,1.380672117659506,-0.0533706166516743,0.3876776702559114,-0.2622414491913472,-0.0814060215783295,-0.0770749428371654,1.4441011664924503,2.9831043809395963,0.5630507753048818,54.13533834586466,40.588235294117645,8.89,501,0.0,0.0,0.0,1.0,0.0,0.0,0.13395,1.0,0.0,0.0,0.0,0.001287,0.0,0.0,0.0023471,0.2438596842105263,0.0,0.0,0.0,0.047619,0.0,0.111111,0.722222,4.66032,44054.0,39635.0,0.1114,0.6232,0.1788,1.0
0,-0.2247160316177618,0.094540134457327,0.0929262945653025,0.0223301003767509,0.1042599379553902,-0.0869115133391094,-0.0697242957057876,0.0617351155173871,-0.0225518950097625,0.0770170799884033,0.6332107853326145,44.690265486725664,39.41176470588236,8.87,0,0.0,1.0,0.0,0.0,0.31195,1.0,0.0,0.0,0.0052287558823529,0.0,0.8322398333333336,0.0,0.0,0.40805775,0.0037733249999999,0.0067950185185185,0.0644070895833333,0.111111,0.0,0.0,0.0,0.0833333,0.111111,3.45864,50306.0,31108.0,0.1505,0.7739,0.1944,1.0
0,-0.2868388320843267,0.0460730164944113,-0.2871483179717212,0.4425411228860547,0.0318464243122631,0.4680834714017646,-0.1233766593752468,-0.267910941818373,-0.3850635380831232,0.4022569133741644,0.932679187002028,42.349726775956285,43.52941176470589,8.86,984,0.0,1.0,0.0,0.0,0.065,1.0,0.3219000000000001,1.0,0.6768310302325582,0.244412969047619,0.0014367827586206,0.2253317603773585,0.1011475594594594,0.0055114666666666,0.0246033151898734,0.0177742536885245,0.006595671942446,1.0,1.0,0.822222,0.833333,0.394444,0.444445,3.45864,63369.0,19687.0,0.0802,0.3355,0.2391,1.0
0,-0.4489438986352464,-0.1479364764710531,-0.0813599813873968,0.6369525789148756,0.3284887242677446,1.0233255693796584,-0.3563871681736344,-0.2032042608565193,-0.1636690343572332,0.0161104776986447,1.0,47.72313296903461,33.52941176470588,8.85,1378,0.0,0.0,0.0,1.0,0.12399999999999999,1.0,0.19950000000000004,1.0,0.0566548147058823,0.0349779583333333,0.003756614,0.1344857924528301,0.1931761509803921,0.0016260170731707,0.019248203313253,0.0423889367499999,0.0042179052173913,0.488889,0.877778,0.962963,1.0,0.333333,0.420635,3.45864,69975.0,12504.0,0.0788,0.4089,0.1928,1.0
0,0.2885334011394093,-0.147890305043783,0.9042345293780844,0.0888515925703256,0.129797575886341,-0.2646685908668608,-0.1936174421065319,0.0207011646675566,1.8531968182126697,4.189727642613351,0.2577380552962463,45.66074950690335,39.41176470588236,8.83,752,0.0,0.0,0.0,1.0,0.0,0.0,0.24595,1.0,0.0008503392857142,0.1046570886792453,0.0324328403846153,0.0039021166666666,0.2412115514285714,0.0007092191489361,0.0042643012698412,0.0993009407942238,0.0043089606060606,0.047619,0.930556,0.111111,0.833333,0.138889,0.944444,5.34297,560.0,5902.0,0.1138,0.4304,0.2644,1.0
0,0.0463164087478277,-0.0916992775598009,-0.1136870453383687,0.0245659076603605,-0.1611535218133054,-0.203491192843829,-0.147469447240452,0.3705689149873131,-0.1622104200212661,1.6442844738569555,0.7939681816157943,45.04830917874396,34.705882352941174,8.8,0,0.0,1.0,0.0,0.0,0.0,0.0,0.0,0.0,0.009979425,0.5747863846153847,0.0069770208955223,0.0009337058823529,0.2383058555555555,0.0038095257142857,0.0038582489795918,0.0279037444444444,0.0025236295880149,0.0833333,1.0,0.047619,0.788095,0.0833333,0.5,4.45679,18721.0,12149.0,0.1091,0.3158,0.3454,1.0
0,-0.0794995934248945,0.2504122148442335,0.0048227319366667,-0.2608197038036002,-0.1962506404461607,-0.3722983355604165,-0.3588044995005962,0.0454086872444483,0.1849094090322474,3.704418055201042,0.2670739547851159,44.46122860020141,40.588235294117645,8.77,0,0.0,0.0,0.0,1.0,0.7104500000000001,1.0,0.0,0.0,0.0185185,0.0809413611111111,0.51997618,0.0,0.0019841295918367,0.0053571418181818,0.00555555,0.002547868465909,0.0029234877604166,0.111111,0.966667,0.0,0.0833333,0.111111,0.0833333,4.45679,34811.0,9152.0,0.0359,0.3092,0.1161,1.0
0,-0.1599299960110915,0.4124693470120856,-0.1652009433320025,0.1859887246626188,-0.0965122973177854,0.2861472525227744,-0.28040531013444,0.6444737721705299,-0.3954305979423614,0.9738100582651582,0.6882561513175697,38.55218855218856,34.11764705882353,8.73,3735,0.0,0.0,0.0,1.0,0.0,0.0,0.0,0.0,0.0,0.0011447826666666,0.0607448461538461,0.00744444,0.003,0.0,0.0042862632124352,0.0036431454819277,0.0054507301886792,0.0,0.0555557,0.111111,0.0833333,0.111111,0.111111,6.66426,38468.0,8522.0,0.2302,0.4269,0.5391,1.0
0,0.0982014363613756,0.4121170765745719,-0.0298267772899603,-0.0593709855103986,0.000803899143255,-0.438005763240478,0.4342950572441436,0.479309691155796,-0.1534654166256026,2.7627657351184585,0.2938543785340911,43.81598793363499,40.0,8.67,606,0.0,0.0,0.0,1.0,0.028499999999999998,1.0,0.0407,0.96,0.0,0.004629625,0.3239538181818182,0.0,0.0033333349999999,0.0066391923076923,0.00396825,0.0057062825581395,0.004430382278481,0.0,0.111111,0.0,0.0666667,0.111111,0.12037,11.0199,1391.0,603.0,0.0455,0.406,0.112,1.0
0,-0.1907186517808901,0.4608251881928661,0.3271327975954922,-0.0561811164149125,-0.3779849595927028,-0.2350846572843997,-0.2006131607631811,0.8929863349463426,0.3858228917399476,4.284961240927837,0.0714237886207251,43.78265412748171,42.94117647058823,8.55,2017,0.0,1.0,0.0,0.0,0.0,0.0,0.016,0.75,0.1028042233333333,0.0,0.1295454545454545,0.00416666875,0.0050505181818181,0.0049645404255319,0.0022749025862068,0.0033577512820512,0.0012855842975206,1.0,0.0,0.0666667,0.0555557,0.111111,0.0833333,7.36576,6230.0,31346.0,0.0529,0.2881,0.1835,1.0
0,-0.1311998887275307,0.1484417751208914,0.1096730416301644,-0.1001315229056673,0.0029545361789311,-0.1282264109820903,-0.0291769761526688,0.3392067475043554,0.2873354143165718,4.650752647368314,0.1102409732114832,45.94202898550724,44.11764705882353,8.34,803,0.0,1.0,0.0,0.0,0.18800000000000006,1.0,0.0,0.0,0.0,0.0037878772727272,0.38521165,0.0,0.0,0.0017543868421052,0.0,0.0070873,0.0024461022388059,0.0,0.0833333,0.0,0.0,0.0,0.111111,4.6751,25162.0,11264.0,0.0321,0.3385,0.0947,1.0
0,-0.1243770438712621,-0.0523514524297979,0.0785419802586439,-0.0209697930397014,0.2589588105064829,0.188344398343294,-0.0453059552645523,0.0667476049212657,0.1159447736095009,4.103518826125323,0.2336080571808193,44.79578392621871,26.47058823529412,8.23,0,0.0,0.0,0.0,1.0,0.0,0.0,0.04279999999999999,0.97,0.0073823783783783,0.0400326862745098,0.0350103568181818,0.0047410192982456,0.00555555,0.0034839949152542,0.0037247297687861,0.0037771797356828,0.0417290242857143,0.148148,1.0,0.0666667,0.111111,0.185185,0.305556,4.55976,6454.0,8824.0,0.1009,0.3337,0.3024,1.0
0,-0.148513891208344,-0.0887460164119546,-0.3289701722380303,0.1532869427294388,-0.0981552191622841,-0.2372562046192229,-0.3060579282293999,-0.1484082904828028,-0.5016009091330034,0.0772141795447064,0.5954747611310498,43.88240380458279,38.23529411764706,8.21,2774,0.0,1.0,0.0,0.0,0.0,0.0,0.0,0.0,0.4285210746031746,0.2199487291666666,0.8941890972222217,0.3726010022727273,0.2135613333333333,0.3978642517482517,0.0509632726872246,0.0358394290456431,0.0856676398876404,1.0,1.0,1.0,1.0,0.833333,0.877778,4.00723,31408.0,1041.0,0.0419,0.2714,0.1543,1.0
0,-0.3637724661086009,0.4956746766413266,-0.1115401255411094,0.3069303110577394,-0.1529960726453512,-0.1386010659735694,-0.5895702365226111,0.8432372845696632,-0.0874613764578619,5.233457717893919,0.1931032193382488,46.174318030605455,38.23529411764706,8.17,363,0.0,0.0,0.0,1.0,0.0,0.0,0.1355,1.0,0.0,0.1013198630434782,0.10550400625,0.0043735255319148,0.1596925879310345,0.0037201175182481,0.0032903454545454,0.0602698470588235,0.0025871799578059,0.0,1.0,0.0833333,0.888889,0.111111,0.805556,3.44388,28194.0,5353.0,0.0543,0.289,0.1879,1.0
0,-0.1508940484940132,-0.167823906027611,-0.3008995348473141,0.031266810855624,0.2298178782399589,0.762333404602938,0.113184233341201,-0.1842381371487665,-0.2535938113751781,1.4532917837495931,0.732385802242392,43.11224489795919,36.47058823529412,8.15,2868,0.0,0.0,0.0,1.0,0.0,0.0,0.0,0.0,0.0,0.0042989392857142,0.0,0.0050666142857142,0.0050751824561403,0.00729166875,0.0041861245791245,0.0026589278195488,0.0081336033112582,0.0,0.0833333,0.0833333,0.133333,0.166667,0.133333,4.66032,1328.0,33770.0,0.0686,0.379,0.1811,1.0
0,0.9440773967134444,-0.0503144983988109,0.1759260031597878,-0.3666295125908528,-0.0018099206134038,-0.5172010835085874,0.8189769566098274,0.3652137831849837,0.9339018817208852,5.135100348792537,0.0962975977961401,45.99483204134367,41.76470588235294,8.08,463,0.0,1.0,0.0,0.0,0.5174000000000002,1.0,0.0,0.0,0.6054792727272728,0.0648148333333333,0.091633625,0.2218049624999999,0.0,0.0,0.0601101865671641,0.0036625905405405,0.0029396832,1.0,1.0,0.722222,0.0,0.666667,0.111111,5.07439,5008.0,988.0,0.0208,0.3205,0.0649,1.0
0,-0.0468190978202288,0.1813060311097674,-0.1273232682514021,0.0015628576404452,-0.0827601776198947,-0.1917865596506898,0.0505286590042043,0.4650389452444649,-0.2436296398798211,3.2773571133085,0.2624577173965221,45.16782407407408,41.17647058823529,8.03,1532,0.0,1.0,0.0,0.0,0.1175,1.0,0.0,0.0,0.0881275,0.0,0.0952947883116882,0.023780487804878,0.0,0.0041985840796019,0.0132291412698412,0.0,0.0026816565853658,0.952381,0.0,0.383333,0.0,0.4,0.0,5.34297,8077.0,4676.0,0.0967,0.3197,0.3024,1.0
0,-0.2417056998889252,0.0588168389598504,0.3593403952039047,0.1444236027499272,-0.2838831419061395,-0.1758211818239191,0.0472624290558668,0.0196193476834531,0.3431574650419307,2.712561557351117,0.395469047981187,44.54148471615721,37.64705882352941,8.01,1184,0.0,0.0,0.0,1.0,0.0,0.0,0.06945,1.0,0.1661375666666666,0.0030154593749999,0.0,0.0044191924242424,0.0007002794117647,0.0042735044444444,0.0047149223938223,0.0047626649874055,0.0051563786666666,1.0,0.0666667,0.111111,0.047619,0.125,0.138889,4.6751,94.0,16667.0,0.1025,0.4931,0.2078,1.0
0,0.1876603892558841,-0.0438242259258143,2.447483835178576,0.0077306044024194,0.0697723562828884,-0.3634137288582414,0.0389053725270538,-0.0060073761237744,2.180314763632762,5.127487951744207,0.2840114897403363,55.85819282317337,42.35294117647059,7.91,1428,0.0,0.0,1.0,0.0,0.11699999999999999,1.0,0.24355000000000002,1.0,0.0306397181818181,0.043803423076923,0.0045584025641025,0.031684034375,0.0504208909090909,0.0074786269230769,0.0514814262443438,0.0028740360975609,0.0047979803030303,0.833333,1.0,0.85,0.888889,0.916667,0.138889,5.00904,71.0,358.0,0.0394,0.6061,0.065,1.0
0,-0.0682141956346514,-0.2045627964668389,-0.2322195492090593,0.0758499098689264,0.1110134680348797,0.795934898766521,-0.0368269175763597,-0.2839893681372546,-0.3181113915026698,0.0,,46.42857142857143,31.176470588235293,7.9,0,0.0,0.0,1.0,0.0,0.466,1.0,0.117,1.0,0.0017045454545454,0.0299470771428571,0.0042087575757575,0.0065534228070175,0.0307239121212121,0.0048309130434782,0.0030779946601941,0.0471975964444444,0.00289248515625,0.0416667,0.833333,0.111111,0.85,0.111111,0.916667,4.6751,4699.0,1429.0,0.1563,0.7238,0.2159,1.0
0,-0.3139509507609854,-0.2583017467821503,1.71466851392498,-0.2388779109167206,0.2390120224493359,-0.1314139358065357,-0.0504279772452154,-0.0569985846068003,1.8095205744968763,3.1133036208468026,0.3286806065333176,54.57079152731327,38.82352941176471,7.76,3530,0.0,0.0,1.0,0.0,0.0,0.0,0.0,0.0,0.0013888895833333,0.0032490083333333,0.00396825,0.0017094025641025,0.0,0.0,0.0039996864686468,0.0042083981549815,0.0015873023809523,0.0666667,0.0666667,0.0666667,0.0,0.133333,0.222222,5.00904,69.0,18713.0,0.0515,0.4612,0.1117,1.0
0,0.8297421473889395,-0.2079277568107089,-0.2370589967886755,-0.335085864652181,0.0583861458496984,-0.1949493204006667,0.7704865192085691,0.0754434603528498,-0.0042864117549853,2.589833566095333,0.531121214063774,44.27860696517413,30.58823529411765,7.72,1597,0.0,0.0,0.0,1.0,0.15475,1.0,0.0,0.0,0.0739270925925925,0.10801588,0.0035403029411764,0.0320430204081632,0.0136702367346938,0.0016049373333333,0.0247860706521739,0.0025629624,0.0032697623880597,1.0,1.0,0.85,0.177778,0.611111,0.111111,4.34117,21735.0,18335.0,0.0922,0.3321,0.2777,1.0
0,0.6719832435737413,-0.0382043413028684,0.4569436476004605,-0.330250510013999,-0.1171774542630989,-0.2530449207332759,0.3773313346246061,0.210231162995345,0.5765440267790082,7.371851135946363,0.1078797422507174,48.86621315192744,38.82352941176471,7.63,336,0.0,1.0,0.0,0.0,0.3650500000000001,1.0,0.0,0.0,0.0,0.0022096,0.0106837692307692,0.0,0.0024821049019607,0.0101851833333333,0.0,0.0028719201201201,0.0020943558333333,0.0,0.0555557,0.0,0.0833333,0.0,0.114286,4.95884,27337.0,28541.0,0.0459,1.0797,0.0425,1.0
0,0.0,0.0798594916094649,-0.0393173106024351,-0.0045649426335926,0.186904870136441,-0.0251621554461739,-0.0377351392605096,-0.209287562240975,-0.0178445056365898,0.1989635998892152,0.9951885980699032,42.82828282828282,31.176470588235293,7.46,0,0.0,0.0,1.0,0.0,0.11845,1.0,0.40015,1.0,0.017013875,0.03333332,0.1304326154929577,0.0,0.02777775,0.0436595098901098,0.0037882575949367,0.0059523821428571,0.0133373877030162,0.133333,0.0833333,0.0,0.111111,0.0833333,0.111111,3.85825,34436.0,28445.0,0.1326,0.7735,0.1714,1.0
0,-0.1687659913975952,-0.0853813344740456,0.2148062467573238,-0.1293094060115865,-0.0891567741679394,0.1840599505668413,-0.2666748673958427,-0.180275383704886,-0.3797249591447249,0.4356440128188604,0.7416434524566358,38.18181818181819,39.41176470588236,7.4,313,0.0,1.0,0.0,0.0,0.326,1.0,0.0843,1.0,0.0,0.0,0.0,0.0,0.0044444466666666,0.0,0.0,0.0,0.0026167456521739,0.0,0.0,0.0,0.0666667,0.0,0.0,4.91051,5972.0,1773.0,0.0921,0.5708,0.1613,1.0
0,0.5336466128070394,-0.106769392841211,0.0149697338672384,-0.2821379375932503,0.7015311975150449,-0.1344259904394155,0.3606667452800169,0.0543656910919749,0.0168721606450568,1.9685680181455807,0.468533359190965,44.776119402985074,42.35294117647059,7.37,445,0.0,0.0,0.0,1.0,0.1391,1.0,0.0,0.0,0.003333332,0.0032051269230769,0.0265130902439024,0.0326388375,0.0,0.0009746614035087,0.0078635252873563,0.0033901992125984,0.003508809574468,0.0833333,0.0833333,0.194444,0.0,0.111111,0.111111,11.5748,3945.0,2351.0,0.1436,0.4342,0.3308,1.0
0,-0.061292456789872,0.2047737010347955,-0.1346014652319855,-0.0183269617000789,-0.1077803608063826,0.1734507818398545,-0.0486945871364366,0.0567690969332994,0.2318511103909974,5.925086639031528,0.406082177655834,46.81933842239186,38.82352941176471,7.27,427,0.0,1.0,0.0,0.0,0.0,0.0,0.56755,1.0,0.0,0.8133973333333333,0.0,0.0033333349999999,0.6177743333333334,0.0057870388888888,0.0032929570175438,0.1308220869158878,0.0047382835714285,0.0,1.0,0.0666667,0.822222,0.0833333,0.460131,8.3484,313.0,4222.0,0.0403,0.3767,0.1069,1.0
0,0.3493910543878058,0.435033819705111,3.0551562304044486,-0.1522164939958355,0.3025979964895255,-0.4207217693884808,0.3016083576036122,0.5450950368742821,2.64158463126753,3.770357563149501,0.3596692932373962,58.3947583947584,48.8235294117647,7.24,665,0.0,1.0,0.0,0.0,0.48120000000000007,1.0,0.0,0.0,0.9463803333333334,0.0,0.0,0.3846154153846153,0.0029850746268656,0.0,0.0279074201388888,0.0032591037735849,0.0,1.0,0.0,1.0,0.111111,0.416667,0.0833333,3.81299,5874.0,792.0,0.1095,0.4449,0.2462,1.0
0,0.4938122526893567,0.2505814716424254,0.3361013712322555,-0.0784156986794315,-0.0540438149688037,-0.2853941088291337,0.9674760552440368,0.239606937747726,0.273126361322143,5.635407366787291,0.1049833811063934,49.34086629001883,46.47058823529412,1.62,2207,0.0,1.0,0.0,0.0,0.0,0.0,0.0,0.0,0.0031746047619047,0.0051954722222222,0.2775754411764706,0.0035087736842105,0.0025293585365853,0.0032193154929577,0.0038788783783783,0.0029335718232044,0.0044046939086294,0.0666667,0.15,0.0666667,0.0666667,0.111111,0.111111,4.95884,5074.0,95.0,0.0303,0.4398,0.0689,1.0
0,-0.0424982850611272,-0.180136674387411,-0.1990850628747845,0.2641685562431838,0.606388983826692,0.7482421949712481,0.042319954313018,-0.1006308923692974,-0.0501803376758805,0.2562641358739309,0.9639670252482512,47.00075930144267,37.05882352941177,7.22,0,0.0,0.0,1.0,0.0,0.12045,1.0,0.5579500000000001,1.0,0.0029439703703703,0.8963976025641028,0.2115763298701298,0.0038714634146341,0.2840765374999999,0.0952976016666666,0.0035610736111111,0.0521397451882845,0.01578,0.0666667,1.0,0.111111,0.916667,0.133333,0.619048,4.86195,52183.0,23835.0,0.8144,1.6639,0.4894,1.0
0,0.2431322123833235,-0.1976275988069007,1.906950705381971,-0.0336609686885399,0.3767234476356206,0.22251677789601,-0.0444486825894962,-0.2166481095985068,1.4044539271122063,3.131162940434522,0.5859887830931418,55.29761904761905,34.11764705882353,7.23,2200,0.0,1.0,0.0,0.0,0.0,0.0,0.0,0.0,0.0022263428571428,0.0,0.0055069653061224,0.0023890510204081,0.0037878772727272,0.0,0.0031666662857142,0.0024827043956043,0.0023809523809523,0.047619,0.0,0.047619,0.0833333,0.111111,0.0666667,7.68053,11237.0,793.0,0.035,0.4331,0.0808,1.0
0,-0.3099880651393979,0.3406960080396773,-0.1835718998976301,0.1001519955433631,0.3706333191026388,0.1647862919147455,-0.1877503962095669,0.1110441376496377,0.1080046862383349,2.3218318768629795,0.559322815585541,43.100775193798455,31.76470588235294,7.23,1826,0.0,0.0,0.0,1.0,0.0,0.0,0.048999999999999995,0.96,0.0030092575,0.0,0.00833333,0.0045502685714285,0.0,0.0,0.002941926506024,0.0029021537313432,0.0023660464788732,0.0833333,0.0,0.0666667,0.0,0.111111,0.111111,3.45864,2915.0,18005.0,0.0522,0.3859,0.1352,1.0
0,-0.2772765187827598,-0.1854344775105519,-0.0416791613116483,0.5905534470310445,0.7156531397415062,1.375792860008818,-0.1065893793689088,-0.0513084918488671,-0.0230231104184507,0.2715884714762852,0.9858469835139284,48.338692390139336,30.58823529411765,7.23,782,0.0,0.0,0.0,1.0,0.0,0.0,0.2145,1.0,0.0555555,0.6589153333333333,0.0,0.0117948699999999,0.2480159,0.0,0.0071728525773195,0.0311459157894736,0.003333334,0.111111,1.0,0.0666667,0.634921,0.148148,0.726984,3.45864,8818.0,12628.0,0.1821,0.4337,0.4199,1.0
0,0.2181056738060799,0.2374902101393262,-0.2021021510288228,-0.1024050342506706,-0.3259905332906277,-0.3662354040698409,0.5813878113908062,0.9059091223985822,-0.3476773343208961,2.633243654154817,0.3975885504316597,43.72484449323088,33.52941176470588,7.23,522,0.0,0.0,0.0,1.0,0.11099999999999997,1.0,0.064,1.0,0.0,0.0021367576923076,0.2848816469565217,0.0,0.005291,0.0038848009950248,0.0,0.0022417885416666,0.0028880854748603,0.0,0.0555557,0.0,0.111111,0.0,0.0555557,3.45864,7620.0,35028.0,0.0506,0.2231,0.2267,1.0
0,-0.3039923883242753,-0.0519290170769593,-0.0114572076777402,0.0522861473068726,0.1746121903133334,0.1285446509315793,-0.1744369505728011,-0.0875710410177573,-0.0912449751702712,3.678173519264021,0.6833216585864191,47.07771355170199,47.05882352941176,7.23,1196,0.0,0.0,0.0,1.0,0.28955,1.0,0.04279999999999999,0.97,0.2862040702702702,0.0,0.0031676394736842,0.016931203030303,0.0090277833333333,0.0044359416666666,0.0325912790697674,0.0033618050847457,0.0023685510971786,1.0,0.0,0.444444,0.0666667,0.536508,0.0833333,3.45864,22913.0,22371.0,0.0481,0.4377,0.11,1.0
0,0.3316881043466532,0.1650517728469291,0.8872365119110224,0.0003457789000746,0.0604509004125816,-0.1904692105497784,0.2498044338913025,0.0022522098173658,0.9131719208550468,3.229280332298778,0.3718207462089624,50.72094995759117,48.23529411764706,7.23,1535,0.0,1.0,0.0,0.0,0.0,0.0,0.256,1.0,0.0,0.2390873214285714,0.0,0.0,0.1287581176470588,0.002777785,0.0027777763636363,0.0212280652631579,0.0018414505617977,0.0,1.0,0.0,0.611111,0.111111,0.4,15.3477,27843.0,7795.0,0.0679,1.0814,0.0628,1.0
0,0.0547596848214319,0.1180674752138781,-0.2862680566828212,-0.0177691847916946,-0.2942970124972049,-0.0860552757253457,0.0476656678874984,0.0492102497258513,-0.0641544077844205,2.093099500201005,0.3232625167787021,43.62244897959184,38.82352941176471,7.23,0,0.0,1.0,0.0,0.0,0.0,0.0,0.8399500000000001,1.0,0.0,0.9295530714285716,0.1850912507246376,0.0253968142857142,0.4316592,0.0302053181818181,0.0061465744680851,0.0389256089285714,0.0074814604456824,0.0,1.0,0.111111,0.909091,0.0833333,0.361111,5.26126,5889.0,28971.0,0.1474,0.5052,0.2918,1.0
0,0.4206721045672911,1.2889759955773483,-0.1041711221774229,-0.3282842398200608,-0.3955300828310358,-0.2674329326794829,0.40961530795271,1.7009047206190036,0.0832051985399266,5.924973176248538,0.088537136807784,47.80361757105943,31.76470588235294,7.23,1008,0.0,1.0,0.0,0.0,0.076,1.0,0.0,0.0,0.0,0.1208255205882352,0.0833333,0.0,0.0177389793103448,0.0,0.0055555531249999,0.0355491602836879,0.0014124288135593,0.0,0.958333,0.0,0.220238,0.111111,0.933333,3.67481,21643.0,356.0,0.0154,0.3704,0.0415,1.0
0,-0.2633683125150304,0.0708197099895896,-0.1484231329844489,0.555311242754733,-0.0784040050324058,0.0591897191479448,-0.1860242736676331,0.0677884689315681,-0.3017089778626748,0.482306156201389,0.9920714200037816,47.45293466223699,39.41176470588236,7.23,0,0.0,1.0,0.0,0.0,0.086,1.0,0.0,0.0,0.25,0.0,0.0042735153846153,0.0,0.00694445,0.0,0.0,0.0013605428571428,0.0022918235294117,1.0,0.0,0.0,0.0416667,0.0,0.047619,3.67481,6694.0,13124.0,0.1085,0.4949,0.2193,1.0
0,0.0974170266471342,0.9133867310154252,1.3548681887357492,-0.1606855437946306,-0.0063868726137682,-0.207211553530576,0.269420490327994,0.554824890817166,2.088637463848344,3.3511663055525758,0.2805672126555716,49.06666666666666,38.23529411764706,7.23,2197,0.0,1.0,0.0,0.0,0.0,0.0,0.0,0.0,0.0053739253731343,0.0021367512820512,0.015873,0.0,0.0023935507936507,0.013888875,0.0050354436893203,0.0035266352348993,0.0,0.0833333,0.0833333,0.0,0.0555557,0.111111,0.122222,15.695,130.0,9859.0,0.1387,0.3859,0.3594,1.0
0,-0.4211105831056933,-0.439307838514438,-0.266757249686492,0.0413314763381697,0.4645874044833268,0.1252646574451993,-0.3379734231957673,-0.1838830525224339,-0.314390663275664,0.4983394632560032,0.955630357617222,47.42547425474256,32.35294117647059,7.23,935,0.0,1.0,0.0,0.0,0.0,0.0,0.3814999999999999,1.0,0.0292929303030303,0.3712006666666666,0.0042087575757575,0.0132996636363636,0.0422817049999999,0.0011904771428571,0.0028936412765957,0.0402283144144144,0.0029387403614457,0.9,0.962963,0.0833333,0.258333,0.111111,0.35,5.00904,28199.0,47303.0,0.2498,0.3524,0.7087,1.0
0,-0.1020823411499335,0.3009500056374729,0.0745708998799666,0.0461237161011976,-0.1338494450947286,-0.265333487264802,0.165717975267367,0.7215348384077142,0.0941938088374696,2.743793253528918,0.3857506033188105,45.82861457153643,35.88235294117647,2.99,0,0.0,1.0,0.0,0.0,0.06495000000000001,1.0,0.0,0.0,0.3537094782608695,0.0,0.5178272806451614,0.1489262352941176,0.0,0.0087301514285714,0.0299988885416666,0.0024952915254237,0.0069977787096774,1.0,0.0,1.0,0.0,0.502645,0.0833333,5.00904,6690.0,10755.0,0.164,0.4111,0.3988,1.0
0,0.0955038276204023,0.1170525425198591,0.3837026025949027,-0.1061757747923633,0.0262646946623465,-0.2701620100167107,0.1231228126639662,0.6296564337742289,0.605861239474706,3.397797530764863,0.2679623370442227,45.05146476642914,43.52941176470589,2.99,1620,0.0,1.0,0.0,0.0,0.0,0.0,0.128,1.0,0.0,0.0079365,0.0,0.0109788333333333,0.0011947419354838,0.0,0.0037871207207207,0.0019376144654088,0.0028126637362637,0.0,0.111111,0.0833333,0.037037,0.111111,0.0833333,5.00904,356.0,19368.0,0.0764,0.3919,0.1949,1.0
0,0.3854497468709553,0.1387883884986588,0.3207671368603285,0.0576287340280761,-0.3291394589792724,-0.1602638138594807,1.2020127953731463,0.3696368632724133,0.6264018309680711,2.095506100128872,0.2235941574469151,48.14814814814815,34.11764705882353,2.99,0,0.0,1.0,0.0,0.0,0.0,0.0,0.0,0.0,0.0392201454545454,0.0,0.0333332999999999,0.0,0.0094104285714285,0.0,0.0053587136363636,0.0030357141666666,0.008740734,0.68254,0.0,0.0,0.0833333,0.111111,0.111111,4.00723,225.0,569.0,0.0577,0.3319,0.1738,1.0
0,0.2814909653956465,-0.2540387777307032,-0.2578357610104256,0.1568021559202096,-0.2015706731224412,-0.3001929432728654,0.5328157405703104,-0.2537665925203918,-0.2653642915906711,0.9439005524016596,0.9925175840490256,51.26262626262626,35.294117647058826,3.03,590,0.0,0.0,0.0,1.0,0.0,0.0,0.29675000000000007,1.0,0.1954444159999999,0.0,0.0,0.0535331131578947,0.0050505181818181,0.0,0.017882384868421,0.0033670038961038,0.0,1.0,0.0,0.416667,0.0555557,0.35,0.0833333,4.34117,16902.0,15769.0,0.1831,0.2379,0.7699,1.0
0,-0.1098450463450135,0.0085755360385905,0.3984938785778195,0.1664968737610651,-0.1635089621996595,-0.2793549815261593,0.0862516539760858,0.165864042277223,0.233886770884602,2.59901824573677,0.2292482717817149,46.41460234680574,38.82352941176471,2.93,2934,0.0,0.0,1.0,0.0,0.0,0.0,0.0,0.0,0.158682425,0.3578704,0.0330532294117647,0.0036175744186046,0.1106933894736842,0.0013513531531531,0.003718565730337,0.0232312031007751,0.0033134313043478,0.916667,1.0,0.0666667,0.592857,0.111111,0.25,4.13237,1891.0,7083.0,0.2185,0.4478,0.4879,1.0
0,-0.2464224683021929,-0.0460783307116334,0.0002442068082832,-0.0150080553338041,0.4913361073538437,-0.3022578937553324,-0.4011259119133473,0.0289360970960709,0.2741363925492812,2.329349229358263,0.3515482539759346,49.06832298136646,21.764705882352946,2.67,23,0.0,1.0,0.0,0.0,0.50985,1.0,0.0,0.0,0.4434316923076923,0.0052203051724137,0.0383838181818181,0.3672670642857142,0.0026570086956521,0.0031746017857142,0.0583668837349397,0.00209554180602,0.0041337786885245,1.0,0.111111,1.0,0.0666667,0.85,0.0833333,4.25421,51179.0,23504.0,0.0803,0.4947,0.1623,1.0
0,-0.3631565970242191,-0.0458666264219665,-0.1531014024473424,0.1547923173425938,-0.079907372457888,-0.1208137231217479,-0.2537249782798765,-0.1225399901567514,-0.0563067250319705,0.4118274579463219,0.7791161909930395,47.24099099099099,41.76470588235294,2.64,0,0.0,0.0,1.0,0.0,0.0,0.0,0.0,0.0,0.0042735,0.0,0.0024943346938775,0.0042270565217391,0.0,0.0040584388888888,0.0026916430232558,0.0033033081081081,0.0024965178947368,0.111111,0.0,0.0972223,0.0,0.111111,0.0666667,4.25421,57997.0,15621.0,0.0555,0.4415,0.1257,1.0
0,-0.441993966427642,-0.0843853360447934,-0.2901326307836079,0.5657496013380644,0.2653051186296202,0.681079922328904,-0.3296324597573844,-0.1512414916102798,-0.2566859663398411,0.2359294538347593,1.0,44.99036608863199,32.94117647058823,2.6,0,0.0,1.0,0.0,0.0,0.5076499999999999,1.0,0.0,0.0,0.0,0.0034722204545454,0.0530701842105263,0.0,0.0,0.0062169357142857,0.0086934148148148,0.0026256966183574,0.0049168786982248,0.0,0.111111,0.0,0.0,0.111111,0.0833333,4.25421,66604.0,8281.0,0.1521,0.4558,0.3336,1.0
0,0.0221398695644954,-0.1414713999276,0.0679048044585159,-0.1744737898834937,-0.0425210899825384,0.026056280970923,-0.2890422667510327,0.0517142115732322,-0.0726232464427632,2.428039844397327,0.5642551117058424,49.43977591036415,28.823529411764703,2.3,0,0.0,0.0,0.0,1.0,0.2688,1.0,0.45539999999999997,1.0,0.00666666,0.0231481111111111,0.0930480329113924,0.0041666625,0.0037037133333333,0.0295441492307692,0.00413105,0.0053233691489361,0.0040624341333333,0.0333333,0.208333,0.0333333,0.0555557,0.037037,0.111111,4.6751,775.0,14140.0,0.059,0.4114,0.1433,1.0
0,-0.1475743342971816,0.7768064064448217,0.6761295864443702,-0.1668896832659635,-0.2126052411329212,-0.5467894157790454,-0.3806500301154144,0.8118090488341286,0.3990931487096052,4.793241347980478,0.2004603506026198,44.55128205128205,37.05882352941177,1.89,296,0.0,0.0,0.0,1.0,0.0,0.0,0.6279,1.0,0.1732804285714285,0.6388889133333333,0.0,0.0017006785714285,0.4007369035714285,0.0,0.0079164139240506,0.0832519223214285,0.0084291172413793,1.0,1.0,0.047619,1.0,0.177778,0.511111,5.78532,3245.0,22395.0,0.0208,0.2275,0.0915,1.0
0,-0.2392450159471768,-0.1114612404392046,-0.1968202769951296,0.3044495933500613,0.5911357766449677,0.9355479126951902,-0.2438540208998294,-0.0508700091959791,-0.2037708782284181,3.5613048596346246,0.5892886383581699,46.89655172413793,40.588235294117645,1.17,1854,0.0,1.0,0.0,0.0,0.09249999999999999,1.0,0.0,0.0,0.334523829787234,0.1927702051282051,0.0,0.1862304731707317,0.0651061428571428,0.0035273333333333,0.0141277701492537,0.0072123186991869,0.004201504961832,1.0,1.0,0.777778,0.888889,0.31746,0.222222,4.44848,1343.0,84.0,0.0532,0.2671,0.1991,1.0
0,0.7488041629782017,0.0457755757925368,-0.1832344720317865,0.024737268990464,-0.0020183873296382,-0.3279919529926289,0.6998794851887326,0.3359286979530674,-0.0328856812854926,5.053913506766573,0.2405959549163276,44.32404540763674,30.0,1.06,426,0.0,0.0,0.0,1.0,0.10545,1.0,0.0931,1.0,0.0071123571428571,0.1195802590909091,0.0365740799999999,0.0101384980392156,0.1125545029411764,0.0018518566666666,0.0043783258064516,0.0536528098214285,0.002560675,0.133333,0.962963,0.222222,0.919048,0.111111,0.896825,6.34478,691.0,1628.0,0.0864,0.6119,0.1412,1.0
0,-0.2627429674802546,-0.3784833475033635,-0.2562745106679239,-0.1537469731903159,0.3030479074775249,0.9673141195545838,-0.5021715583949369,-0.3437801047802069,0.0053928796736824,4.051841624903361,0.4780737764540328,48.5207100591716,42.94117647058823,0.83,856,0.0,1.0,0.0,0.0,0.1065,1.0,0.0,0.0,0.0851611630952381,0.0378464776119403,0.0072751261904761,0.0094131925925925,0.0047879245901639,0.0036231869565217,0.0105065791411042,0.0022429885304659,0.0014044943820224,1.0,0.944444,0.148148,0.111111,0.288889,0.130952,4.6751,14536.0,696.0,0.0748,0.4948,0.1513,1.0
0,-0.1048641915594759,-0.1625876678926087,0.0547593515352288,-0.28698870914311,-0.2492175641061947,-0.327383845784568,-0.3159272817351973,-0.495448559592181,-0.2784726279372898,0.8862228998364166,0.7695747047339353,46.72364672364672,40.0,0.71,1900,0.0,1.0,0.0,0.0,0.0735,1.0,0.0,0.0,0.180555625,0.4056217083333333,0.0,0.0,0.007160104347826,0.0,0.0022222233333333,0.0025409612903225,0.0,0.777778,0.952381,0.0,0.111111,0.0666667,0.0833333,3.45864,38470.0,9812.0,0.2243,0.9586,0.234,1.0
0,-0.0954121021186921,-0.1759336749964153,0.1272590084294745,-0.2211950632928621,-0.1536237734528047,-0.3889040510522462,-0.1697494506586996,-0.4022906242892003,-0.3536271321734017,0.043842916081141,0.9317544296852732,48.68686868686869,36.47058823529412,0.4,0,0.0,1.0,0.0,0.0,0.8328499999999999,1.0,0.0,0.0,0.7600383424242423,0.0,0.0,0.3847377862068964,0.000555556,0.0092499185185185,0.036643132034632,0.0036035615819209,0.0064119739884393,1.0,0.0,1.0,0.0277778,0.522222,0.194444,3.81299,35627.0,63289.0,0.1439,0.5004,0.2876,1.0
0,-0.0084806949711055,-0.3490733269209907,-0.0906207934400891,-0.0762747974231194,-0.2143813481430355,-0.1954607969149448,-0.3219480109975676,-0.185129141370981,-0.2058643051389843,1.773964780231713,0.3441671940767867,46.45786726323639,40.588235294117645,0.33,0,0.0,1.0,0.0,0.0,0.26525,1.0,0.0,0.0,0.2360040619047619,0.0744047428571428,0.6098803691275173,0.237777812,0.0015873,0.1996950717948718,0.0469690585106383,0.0014172321428571,0.028539344214876,1.0,0.822222,1.0,0.047619,0.642857,0.111111,3.81299,414.0,90082.0,0.1812,0.3859,0.4694,1.0
0,0.7895794979077746,-0.0632990980336546,0.2567310850345739,-0.306437329012468,0.046362536818535,0.117463942993239,0.1156717240670055,0.0541121533226583,-0.1401182162194771,2.0285977788193232,0.6042793922918562,41.2962962962963,43.52941176470589,0.17,3062,0.0,1.0,0.0,0.0,0.0,0.0,0.0,0.0,0.0,0.0,0.0,0.0222222,0.0,0.0,0.007222225,0.0054794520547945,0.0029653843137254,0.0,0.0,0.111111,0.0,0.0833333,0.111111,8.01446,748.0,26.0,0.0304,0.2804,0.1083,1.0
0,-0.2624721666712952,0.0938572733743819,0.525872248859221,0.0543594666249242,0.0436813422754008,-0.3923226152864145,-0.0772528182669717,0.1338250124996296,1.1878008692572986,4.618903214861159,0.2457816761737873,46.86147186147186,35.88235294117647,-0.03,393,0.0,1.0,0.0,0.0,0.6375,1.0,0.42140000000000005,1.0,0.212585019047619,0.388345037037037,0.0119488477777777,0.0432599409090909,0.1989892974358974,0.0046342453488372,0.0057484626506024,0.0870937326271186,0.0035514714776632,0.966667,1.0,0.194444,0.962963,0.111111,0.777778,15.9962,20585.0,4254.0,0.0835,0.4438,0.1881,1.0
0,-0.3043233140542188,-0.078073695694404,0.7619964707132971,-0.0307193498906871,-0.0052637134033036,-0.2818185759607469,-0.1035113334279149,-0.0941038744846774,1.1249263281857085,3.6764779209830136,0.219313567296584,50.049751243781095,39.41176470588236,-0.1,276,0.0,1.0,0.0,0.0,0.6457,1.0,0.0,0.0,0.7777024586206897,0.1333332857142857,0.0,0.2733445333333333,0.00541667,0.0,0.0548017830601092,0.0035714285714285,0.0,1.0,0.933333,0.777778,0.0666667,0.522222,0.111111,3.81299,22780.0,1827.0,0.0889,0.7004,0.1269,1.0
0,0.0092685733144728,0.3015053451962378,0.7210561321933486,-0.1073606694039233,-0.1022229559095384,-0.4612440927483109,-0.2083804073579528,0.2256934226127592,0.5813258068110294,5.392746955531587,0.1057420097452663,49.21465968586388,43.52941176470589,-0.22,479,0.0,0.0,1.0,0.0,0.36034999999999995,1.0,0.5349500000000001,1.0,0.5232142785714285,0.0,0.1103703422222222,0.344746068,0.013888925,0.0048148166666666,0.0299594284153005,0.00364583125,0.0014844821862348,1.0,0.0,0.944444,0.0555557,0.888889,0.0833333,4.34117,17877.0,9239.0,0.0325,0.3794,0.0857,1.0
0,1.0512250287856806,-0.0761431939699884,0.4755194850637134,-0.3091686581790244,-0.0670169327860169,-0.2896955583499319,1.00107014789972,-0.2134996652357445,0.34151712608676,2.613422459829153,0.4894375401042657,45.35679374389051,40.0,-0.42,341,0.0,1.0,0.0,0.0,0.66605,1.0,0.11399999999999999,1.0,0.8506351951219511,0.13186515,0.113905425,0.1853921634146342,0.1094877909090909,0.0047004239436619,0.0331729610576923,0.0603127488888888,0.0036575069852941,1.0,0.757937,0.768519,0.746032,0.333333,0.533333,7.01501,6118.0,6113.0,0.2124,0.3316,0.6406,1.0
0,0.3747764871407647,0.1660808940564485,0.3733283058676294,-0.2109901932537842,-0.1566044719001276,-0.1459248042092244,0.1504342892556886,0.2462181913474071,0.3905627335455565,5.725141350569428,0.1514464377165599,50.05807200929152,29.411764705882355,-0.56,2357,0.0,1.0,0.0,0.0,0.0,0.0,0.0,0.0,0.025132238095238,0.0,0.0,0.01215276875,0.0,0.0,0.0024509794117647,0.0118742461538461,0.0,0.305555,0.0,0.111111,0.0,0.0833333,0.0833333,4.54561,43026.0,17547.0,0.0585,0.5082,0.1152,1.0
0,-0.022214675986431,-0.1094670436706411,0.4724040333421712,0.00766179024383,-0.1984211787721644,-0.1454483909240798,0.0035299939444946,-0.3606873434151312,0.2227436623986334,1.272507761475542,0.5747581556399484,38.40579710144928,32.35294117647059,-0.66,63,0.0,1.0,0.0,0.0,0.22249999999999998,1.0,0.29535000000000006,1.0,0.040290171875,0.4343090952380952,0.02777775,0.0016025634615384,0.1685887222222222,0.0,0.0069053945392491,0.0276045739495798,0.0049145307692307,0.785185,1.0,0.0833333,0.644445,0.277778,0.461111,9.01627,10919.0,9023.0,0.1208,0.277,0.4362,1.0
0,-0.2172809218200637,0.1309942677686119,-0.3800883588118833,-0.161770307130651,0.0489602115170274,-0.4601748739427588,-0.5715934437289338,0.3988184644860021,-0.5465818496731669,2.357965470868491,0.3463339463931451,42.50764525993883,33.52941176470588,14.34,941,0.0,0.0,0.0,1.0,0.0,0.0,0.22045,1.0,0.0,0.5738184041666666,0.1621003845070422,0.10052905,0.2293530727272727,0.0024825202380952,0.0135501463414634,0.0239811675675675,0.0034908482470784,0.0,1.0,0.472222,0.933333,0.277778,1.0,9.11951,15154.0,6106.0,0.1021,0.3709,0.2754,1.0
0,-0.0177899549143458,-0.1382580282453115,-0.09649337144437,0.0299005069912552,-0.0630769681078706,-0.2432292453568389,-0.0437030039940929,-0.0464561145356904,0.55477650744439,3.507330166098184,0.4095879659525801,46.01889338731444,43.52941176470589,9.12,1331,0.0,1.0,0.0,0.0,0.0,0.0,0.06145,1.0,0.7337301428571428,0.0,0.0,0.303571,0.002849,0.00151515,0.0790307550561797,0.0033251086538461,0.0,1.0,0.0,0.337301,0.111111,0.933333,0.111111,4.00723,53544.0,182.0,0.125,0.8541,0.1464,1.0
0,0.3506438931311139,-0.3911858461305008,-0.3605155335027195,0.1859452785015092,0.1547963065622893,0.4302038204187645,0.6703388600465657,-0.2847319731742549,-0.3815839776499402,0.852659112724422,0.5245624934646934,41.23931623931624,27.058823529411764,9.12,0,0.0,1.0,0.0,0.0,0.0,0.0,0.31000000000000005,1.0,0.0038394047619047,0.1001592653061224,0.2870644682926829,0.0,0.0236111,0.0768173623188405,0.0038281460526315,0.0117797119496855,0.0175736967930029,0.113636,1.0,0.0,0.5,0.111111,0.273809,4.00723,20532.0,9193.0,0.0871,0.3424,0.2543,1.0
0,-0.4045395446891565,-0.0387928593208108,-0.0595886732387691,-0.145446913264881,-0.1405416438103605,-0.3251162326540694,-0.2942301675912567,0.5705628509341087,-0.1381730801823484,3.9555896309402714,0.114558543517317,46.807359307359306,40.588235294117645,9.12,2057,0.0,1.0,0.0,0.0,0.004,0.35,0.0,0.0,0.0052083375,0.0,0.1814953868421052,0.0,0.0,0.0100992116666666,0.0030864185185185,0.0027807162962962,0.0035410961783439,0.0416667,0.0,0.0,0.0,0.0833333,0.111111,11.6878,12695.0,19666.0,0.1119,0.3304,0.3388,1.0
0,0.6544371820399307,0.205626694490795,1.937800061816796,-0.0157788576393037,0.0209761620129529,-0.0622024458548968,1.214367939707926,0.1860330877503891,2.5766262756355944,2.5562609060043737,0.4633811449219663,56.22895622895623,37.05882352941177,9.12,710,0.0,1.0,0.0,0.0,0.56255,1.0,0.0,0.0,0.4038461538461538,0.0198368566666666,0.0,0.09672625,0.0015873057142857,0.0,0.0014814822222222,0.0059090789473684,0.0,1.0,0.288889,0.77381,0.0555557,0.0666667,0.111111,5.34297,16047.0,17277.0,0.0643,0.5148,0.1249,1.0
0,0.0376954324239467,0.6308667773265285,0.4602060551019642,-0.0631379042432848,-0.2401823229069783,-0.3159144079959727,-0.1205161653617936,0.6577193381088116,0.5891621511036479,2.076874043649147,0.6068211264718363,46.00550964187328,31.76470588235294,9.12,1237,0.0,1.0,0.0,0.0,0.0,0.0,0.14100000000000001,1.0,0.001984125,0.0743263642857142,0.0,0.0050505,0.00733425,0.0047700081632653,0.0032695172955974,0.004814425116279,0.0025579546762589,0.047619,0.837963,0.111111,0.111111,0.111111,0.227273,5.34297,1182.0,30863.0,0.0636,0.3567,0.1783,1.0
0,0.4866652175706966,0.1679839272185441,0.0230420365642978,-0.270195812908314,-0.2181049467231539,-0.3171837685155487,0.7014501520252028,0.4575191787389163,0.1244312560516097,4.037261414485284,0.3604876040568409,46.39316239316239,32.35294117647059,9.12,2171,0.0,1.0,0.0,0.0,0.0,0.0,0.0,0.0,0.0015432083333333,0.0705908527777777,0.057444446,0.009682532,0.0,0.0013605448979591,0.0021664294871794,0.0030487853658536,0.0041083080213903,0.037037,0.916667,0.111111,0.0,0.0833333,0.0833333,7.34659,154533.0,541.0,0.0227,0.5439,0.0418,1.0
0,0.0449112305512078,-0.2803163506021414,0.5649515700528522,-0.2646101932442991,0.126704464088371,-0.2823482811701351,0.0644982435996585,0.0609731287795066,0.6630038022543018,7.256509243296866,0.0803064423421712,49.91228070175438,46.47058823529412,9.12,0,0.0,1.0,0.0,0.0,0.36200000000000004,1.0,0.0,0.0,0.4260385266666666,0.0256568172413793,0.1323466405405405,0.0848754871794871,0.0029461257575757,0.00180461,0.0343355570833333,0.0044473913312693,0.0050435737254901,1.0,0.5,0.638889,0.111111,0.612699,0.122222,3.38932,47071.0,8116.0,0.0212,0.3968,0.0535,1.0
0,1.0293860646429205,0.1746380900185397,1.0912457819129835,-0.3322040058730213,-0.0532543497304262,-0.2031207443932132,0.903304089431616,0.0469766519472641,1.0470284970655117,1.890742607487019,0.5066630109076126,46.8013468013468,36.47058823529412,9.12,556,0.0,0.0,0.0,1.0,0.0,0.0,0.18844999999999998,1.0,0.0,0.0,0.0061728333333333,0.004166665,0.0,0.0,0.0017342734567901,0.0019047628571428,0.00148148,0.0,0.0,0.0833333,0.0,0.0833333,0.0666667,4.75563,15777.0,7602.0,0.066,0.4759,0.1387,1.0
0,0.1951957787643892,0.2427256130668201,2.28201980911881,-0.0910820266453611,0.1402275854448047,-0.4079729201142349,-0.0156761514849419,0.1000919909368982,1.449894343234103,1.7012063431811435,0.4837415337328107,54.59317585301837,32.35294117647059,9.12,838,0.0,0.0,0.0,1.0,0.3316000000000001,1.0,0.52985,1.0,0.0470121764705882,0.0111111,0.0,0.0035087736842105,0.0,0.0,0.0036634449275362,0.0061956744186046,0.02777775,0.660318,0.111111,0.0666667,0.0,0.111111,0.111111,5.67691,101.0,12940.0,0.2129,0.5284,0.4028,1.0
0,-0.0249447173157793,-0.0886378707737953,-0.0477383840764918,0.3538453464918627,0.7279892482706972,0.7072325182908653,-0.112843793687963,-0.1021402272373293,-0.0594626646148358,2.125083005072854,0.8161705761085429,48.02721088435374,34.11764705882353,9.12,759,0.0,1.0,0.0,0.0,0.1689,1.0,0.38295,1.0,0.3150266875,0.0037878818181818,0.005158735,0.0873876903225806,0.002777775,0.0,0.0172627644787644,0.0042952258426966,0.001126127027027,1.0,0.0416667,0.633333,0.0333333,0.525,0.111111,4.00723,14019.0,35306.0,0.0968,0.3453,0.2805,1.0
0,-0.1763829897020145,-0.1737640112237002,0.7271317516672376,0.380954047793252,0.0724066405939509,0.7139117629434449,0.0480814353702599,0.0248160727008607,1.1814591944297117,0.4289854060150246,0.8107544538996336,52.41864555848724,32.94117647058823,9.12,200,0.0,0.0,1.0,0.0,0.16060000000000002,1.0,0.11044999999999999,1.0,0.2387731875,0.0043560613636363,0.0023809535714285,0.1756614285714285,0.0,0.0104166625,0.0196998620689655,0.0046618543333333,0.0020576185185185,0.866667,0.0833333,0.540741,0.0,0.25,0.111111,9.32063,25265.0,1256.0,0.0986,0.4456,0.2213,1.0
0,-0.0072802824237723,0.7910577349728135,0.5694207675045693,0.1065702878997355,-0.2668115389481217,-0.2063189861835828,-0.1509923226906872,1.075747900084988,0.3411327267229816,3.206663027896485,0.1988454523087948,43.35443037974683,52.94117647058824,9.12,422,0.0,1.0,0.0,0.0,0.0,0.0,0.54455,1.0,0.0832502790697674,0.1777777833333333,0.1128787727272727,0.0045751666666666,0.1420634999999999,0.0039682523809523,0.0005175981366459,0.0228494612903225,0.0006802724489795,0.741667,1.0,0.0833333,0.933333,0.0833333,0.25,7.71651,53.0,176670.0,0.1225,0.2964,0.4134,1.0
0,0.0805840830456062,-0.010390303671598,-0.0314307678141766,-0.2288412474171987,-0.1906784097132074,-0.1979485763447054,-0.0959823029948174,0.0527723335695105,-0.1867136944194226,2.798243367073616,0.237711761358284,46.65127020785219,40.0,9.12,720,0.0,1.0,0.0,0.0,0.2702,1.0,0.0,0.0,0.1794785714285714,0.1138321914285714,0.0333333076923077,0.0042328095238095,0.0053343721311475,0.0042735,0.0127139745098039,0.0020133055147058,0.0023809557692307,0.805556,0.933333,0.0555557,0.111111,0.161905,0.111111,7.71651,9614.0,36380.0,0.0867,0.355,0.2442,1.0
0,-0.3230971079862949,-0.1220970653584517,-0.101338765814822,0.1861860000739419,-0.0989786166712208,-0.057153803951655,-0.1784484811693041,-0.2843730607567595,0.1486835159842076,4.315416852322672,0.5263971557948371,45.28478057889823,34.11764705882353,9.12,1069,0.0,0.0,0.0,1.0,0.0,0.0,0.2041,1.0,0.0065359411764705,0.0,0.0,0.0,0.00833333,0.0074428421052631,0.0033244552447552,0.0030701736842105,0.0016447368421052,0.111111,0.0,0.0,0.0833333,0.0833333,0.0833333,4.95884,5084.0,29782.0,0.0504,0.4114,0.1226,1.0
0,-0.1619841908956501,0.3493468946381375,0.2726950203969577,0.3569374906046562,-0.0442536412755321,-0.2915234812766263,-0.0968550473502642,0.4331367951234565,0.7169242363632014,6.1852437696915405,0.1610939724004543,46.99453551912568,45.88235294117647,9.12,2728,0.0,0.0,1.0,0.0,0.0,0.0,0.0,0.0,0.0007558571428571,0.1445970384615384,0.0037477952380952,0.0063221545454545,0.0599458333333333,0.0,0.0054359860262008,0.0075719054054054,0.0027721539568345,0.037037,0.952381,0.0666667,0.503704,0.111111,0.308333,3.81299,76.0,35350.0,0.0024,0.3127,0.0077,1.0
0,-0.1259025492788411,-0.0174053022144785,0.080338796325705,-0.2053837166234769,-0.2654664911412495,-0.2524915440000712,-0.0136275201305644,0.4869378320772242,0.3357390082340192,4.121234503847025,0.1595983769199437,44.801223241590215,40.588235294117645,9.12,220,0.0,1.0,0.0,0.0,0.2207,1.0,0.19510000000000005,1.0,0.1655037354166666,0.2931134375,0.1619304705035971,0.0956349117647058,0.1053487763636363,0.0042239438144329,0.0752209663366336,0.0284194388235294,0.0024371796829971,0.962963,1.0,1.0,0.85,0.766667,0.644445,6.31351,22575.0,17038.0,0.0599,0.4686,0.1278,1.0
0,-0.024187712914728,-0.055433054075477,2.0844654725031218,-0.0083901295085496,0.2413880317032536,-0.2364946510181107,0.0118472380615093,0.0737151743497793,1.7355749699746794,1.793064265645103,0.5111107364004177,51.9723865877712,30.0,9.12,225,0.0,1.0,0.0,0.0,0.46419999999999995,1.0,0.13634999999999997,1.0,0.6815915789473683,0.172685195,0.001221,0.258028612195122,0.0770030693877551,0.0046768678571428,0.0242732193396226,0.0254225644067796,0.0015360967741935,1.0,1.0,1.0,0.85,0.966667,0.644445,6.31351,13397.0,29930.0,0.1037,0.6983,0.1485,1.0
0,-0.029177108542497,-0.0327396801928924,0.4446899172329168,0.0590245521321099,0.0243467601146146,-0.6103387309589166,-0.2063131118232214,0.388832333072135,0.3173686427219426,5.141833275746068,0.1550359271523916,46.62921348314607,32.94117647058823,9.12,570,0.0,1.0,0.0,0.0,0.20950000000000002,1.0,0.15209999999999999,1.0,0.013777788,0.0358261925,0.0015873,0.0025641038461538,0.0120721224489795,0.001984125,0.0023639764705882,0.0069063784768211,0.0045013946564885,0.166667,0.875,0.0666667,0.274074,0.111111,0.141414,7.01501,33127.0,8209.0,0.0317,0.4466,0.0711,1.0
0,0.798102035282783,-0.1175107788473193,0.1583640847066394,0.1225880063634412,-0.0978678354909495,-0.3764030436607503,1.0016504969534163,-0.1161260800588945,0.3482294211809136,3.807570748048077,0.4089266256165395,45.885634588563455,33.52941176470588,9.12,178,0.0,1.0,0.0,0.0,0.111,1.0,0.0,0.0,0.0,0.0383156944444444,0.0731074346153846,0.0014367827586206,0.0054297243902439,0.0008960596774193,0.0059573261682242,0.0106162472081218,0.0038091332103321,0.0,0.822222,0.0416667,0.108333,0.0833333,0.305555,7.01501,25912.0,14137.0,0.0453,0.4256,0.1065,1.0
0,-0.0534906306981775,-0.0584683437060775,0.0872323712955966,-0.2253987334576208,-0.0893448752985599,-0.1490233892290076,-0.1494826111925187,0.1665102056429619,0.3317259670148401,4.293329577003422,0.3487471271322465,46.59863945578231,47.647058823529406,9.12,761,0.0,1.0,0.0,0.0,0.22440000000000002,1.0,0.0,0.0,0.0,0.0061728333333333,0.0026455,0.0422222,0.0,0.00380952,0.009523815,0.0066666722222222,0.0025106865384615,0.0,0.111111,0.422222,0.0,0.166667,0.166667,3.84905,14991.0,44087.0,0.1081,0.4535,0.2384,1.0
0,-0.0963959671155747,-0.1421522462882036,0.1740520719618984,0.063340330693324,0.1200169174558027,-0.2355860866578288,0.1027610343879065,0.1513379349565372,0.5376061914098998,4.109943256180804,0.3212746103934601,49.82307147912243,43.52941176470589,9.12,352,0.0,1.0,0.0,0.0,0.3464,1.0,0.23434999999999995,1.0,0.1991464471698113,0.1913207692307693,0.1403061357142857,0.0117511516129032,0.0825133958333333,0.0022135421875,0.0153294901886792,0.0144672960573476,0.0035239542944785,1.0,0.866667,0.15,0.952381,0.461111,0.388889,3.84905,35392.0,23514.0,0.0219,0.534,0.0411,1.0
0,-0.406460506113483,-0.2226530363653315,-0.0886717138771945,0.7994264791802126,0.4886707768245633,0.8276217843796398,-0.2666695492619245,-0.4039202196987198,-0.2180044714549133,0.4550150827502788,0.7733885082125411,43.93004115226338,32.94117647058823,9.12,527,0.0,0.0,1.0,0.0,0.0,0.0,0.065,1.0,0.004667606779661,0.0036231884057971,0.004879,0.0017070981132075,0.0045592723404255,0.0021563339622641,0.005020443030303,0.0043086422818791,0.0064778699658703,0.0666667,0.111111,0.0666667,0.047619,0.111111,0.0833333,5.34297,18425.0,40615.0,0.1289,0.3125,0.4125,1.0
0,-0.1575706071251725,0.4613363381700092,0.0331077097928801,0.3180853670970113,-0.1769552987932017,-0.3267125318628178,-0.1894835730432408,0.8008013510602991,0.3200517976814802,3.340322122238084,0.1562199359839798,44.11541381928626,40.0,9.12,0,0.0,1.0,0.0,0.0,0.14920000000000003,1.0,0.05550000000000001,1.0,0.1212253623188405,0.0165764659090909,0.2032914077922077,0.154791492063492,0.0058417868852459,0.012233443298969,0.0448658585271317,0.003832384592145,0.0127832195061728,1.0,0.555555,1.0,0.111111,0.944444,0.0925927,4.209,48244.0,8501.0,0.0032,0.3868,0.0083,1.0
0,-0.0360913776108514,-0.2604418155081582,0.0591035115781175,0.1219424211273316,0.1617573945714894,0.2609350379504299,-0.0945590671970556,-0.296472626711779,-0.2026690916842443,0.0257827101030688,1.0,45.7175925925926,35.294117647058826,9.12,444,0.0,1.0,0.0,0.0,0.0555,1.0,0.4879999999999999,1.0,0.018837519117647,0.5261905555555555,0.0039426516129032,0.0084992727272727,0.1555555705882353,0.0023148138888888,0.0040101972560975,0.0264860612244898,0.0024420023076923,0.555555,1.0,0.111111,0.777778,0.111111,0.295238,4.209,52460.0,6149.0,0.1026,0.4878,0.2103,1.0
0,0.0301354594556463,-0.3802687874245667,1.050746154363814,-0.0474546905630268,-0.0861341417019981,0.1058369079131088,0.3586844086108561,-0.2335787973748554,1.4664150907580626,1.721923192390047,0.6377223551784139,44.96969696969697,26.47058823529412,9.12,557,0.0,1.0,0.0,0.0,0.0,0.0,0.04435000000000001,0.95,0.0007558571428571,0.0057189647058823,0.0,0.001111114,0.0043859631578947,0.0064102538461538,0.0048959943502824,0.0018391698630136,0.0017849204819277,0.037037,0.0555557,0.0555557,0.0833333,0.0833333,0.0555557,4.209,1165.0,87938.0,0.0821,0.3313,0.2477,1.0
0,-0.2756444804489578,0.1062632679793736,0.4552584187545959,-0.0836766668196052,0.1291117902515334,-0.3361062182577471,-0.1958209405756278,0.208713427631249,0.6802590965405217,3.3768440952293384,0.3465514688018672,45.08076358296623,40.588235294117645,9.12,1697,0.0,0.0,0.0,1.0,0.0975,1.0,0.0,0.0,0.0,0.2930742051282051,0.0,0.0119047571428571,0.1234698272727272,0.0,0.013888875,0.0060464800813008,0.001443,0.0,1.0,0.0833333,0.85,0.222222,0.283333,4.209,70744.0,18246.0,0.1933,0.574,0.3368,1.0
0,-0.2566875064257942,-0.2545226455152746,0.5190765365772997,-0.0887343841573804,0.8403537584425613,0.786180922341164,-0.4668785733564713,-0.2219180403066334,0.0595365705986888,4.755403582032059,0.4183254667627881,58.42490842490843,37.05882352941177,9.12,1176,0.0,0.0,0.0,1.0,0.07800000000000001,1.0,0.0,0.0,0.0722916825,0.0446561133333333,0.02777775,0.013305448275862,0.0055555594594594,0.0,0.0082768573076923,0.0033769049019607,0.0,0.736111,0.555556,0.244444,0.0833333,0.194444,0.111111,4.209,34004.0,55038.0,0.3805,0.372,1.0229,1.0
0,-0.4338207419190339,0.1362632668858154,2.2610309405526503,-0.0369608153667148,0.0609540478164882,-0.5244335876339438,-0.1866033708754728,0.1863761121262396,2.458785091117629,5.169822667342948,0.2012509629310094,50.25817555938038,42.35294117647059,9.12,183,0.0,1.0,0.0,0.0,0.45309999999999995,1.0,0.18059999999999998,1.0,0.40293648,0.9084310645161288,0.0016666674999999,0.327798185,0.5730599696969696,0.0021862138888888,0.0894545224358974,0.0916438498269896,0.000843882278481,1.0,1.0,0.671429,0.944444,0.644444,0.952381,4.66032,45953.0,42438.0,0.0823,0.5792,0.1421,1.0
0,0.0119600512560555,0.1915253016784291,3.1590410537810607,-0.0764914814169788,-0.0490733751039822,-0.4358080555364204,0.0032063263441638,0.0573592515754741,2.586352225236961,3.744387442514937,0.3333112503317037,56.71406003159558,31.76470588235294,9.12,366,0.0,0.0,0.0,1.0,0.7447500000000001,1.0,0.1876,1.0,0.7332227163934425,0.0501751999999999,0.0,0.5752649615384615,0.0131901239130434,0.0059523785714285,0.0827210597510373,0.0113401697142857,0.0098566225806451,1.0,0.916667,1.0,0.295238,0.683333,0.5,4.66032,27375.0,62126.0,0.1471,0.9763,0.1507,1.0
0,-0.0742504128961883,0.2461959200982258,1.123719804576078,-0.0955433072626678,-0.0243200373328911,-0.215323107618528,-0.2610107321927434,0.0798661708335888,0.5163345637356687,2.310972031951986,0.3743120775999505,49.6124031007752,30.58823529411765,9.12,864,0.0,0.0,0.0,1.0,0.11124999999999996,1.0,0.15599999999999997,1.0,0.0024154652173913,0.0050905851851851,0.0064542588235294,0.0020833325,0.0123090272727272,0.0,0.0038662133333333,0.0051636486153846,0.0030496769841269,0.0555557,0.0833333,0.0833333,0.166667,0.111111,0.111111,4.66032,20216.0,68942.0,0.0508,0.3318,0.1532,1.0
0,-0.3959324840579095,-0.1805003866013112,-0.1665462062599738,0.5011086040238035,0.6448956659110665,0.8731660974643957,-0.3479074979823421,-0.133412688771982,-0.1116326727035428,1.046628327041068,0.5985512566645875,47.52931323283082,38.82352941176471,9.12,209,0.0,0.0,0.0,1.0,0.18115000000000003,1.0,0.61765,1.0,0.1086419629629629,0.523426605263158,0.0026275652542372,0.0556458902439024,0.2915915307692307,0.00262987,0.0086280034653465,0.0558238161616161,0.0026690789351851,1.0,1.0,1.0,0.875,0.527778,0.59127,4.66032,34875.0,55656.0,0.0714,0.3976,0.1797,1.0
0,-0.0539803500448726,0.2010517676468459,0.1332592900680597,-0.0795458058932354,0.2689198442721529,0.7610710302230305,-0.2817211193675561,-0.2522096619383656,0.0130362081073105,0.9154397331601356,0.9741075140664582,47.14828897338403,40.588235294117645,9.12,1242,0.0,0.0,1.0,0.0,0.2032,1.0,0.1623,1.0,0.4202968805555556,0.0201465192307692,0.0017636666666666,0.10266865,0.0369809393939393,0.0064814833333333,0.0117679789473684,0.0111623240875912,0.0020648349514563,1.0,1.0,0.866667,0.866667,0.311111,0.422222,4.10714,12065.0,81462.0,0.0651,0.4458,0.146,1.0
0,0.0777492672926663,-0.00555666654985,0.6855469957788829,0.0115787158374518,0.0454047519879736,-0.1240726301569537,-0.147324864351532,0.1560834629587092,0.971596128717856,2.3263454024549803,0.3833214335240152,42.50936329588015,38.82352941176471,9.12,501,0.0,0.0,0.0,1.0,0.0,0.0,0.34035000000000004,1.0,0.0287037,0.6919968076923078,0.003434348,0.0180001378378378,0.3995259892857143,0.0033950555555555,0.0047232221698113,0.0634972205882353,0.0065099506329113,0.861111,1.0,0.175,1.0,0.177778,0.75,4.23665,9245.0,67445.0,0.059,0.3613,0.1634,1.0
0,-0.0756425512964946,-0.1067282326364227,-0.1396671688474499,0.1019733025613018,-0.076728717663297,-0.2442449565144775,-0.2643860308441349,-0.0205801698020169,-0.0332368147682142,2.063529212105402,0.3114625826852675,45.99673202614379,30.0,9.12,0,0.0,1.0,0.0,0.0,0.0,0.0,0.2876,1.0,0.1415249642857143,0.206132975,0.0031676407894736,0.0335586777777777,0.1487037228571428,0.0007309960526315,0.0040736414999999,0.0125610369649805,0.0043449911111111,0.904762,1.0,0.47619,0.783333,0.111111,0.509259,4.23665,61864.0,13783.0,0.0892,0.3861,0.2311,1.0
0,-0.0927465576562626,0.0054549484201656,0.2528831109853807,-0.2041100950153347,0.152032557619414,-0.2365144157002548,-0.2660295812987664,0.0109626305927827,0.6045296244895055,3.994076546144148,0.4614611858859493,47.707847707847705,40.588235294117645,9.12,0,0.0,0.0,1.0,0.0,0.4025499999999998,1.0,0.1967,1.0,0.0,0.2369980170731707,0.0040229862068965,0.0,0.0403362903846153,0.0064102564102564,0.0031746,0.0115961957095709,0.002396311235955,0.0,1.0,0.0,0.7,0.111111,0.277778,4.23665,54872.0,19492.0,0.078,0.3862,0.202,1.0
0,0.2883748788708736,-0.0241257220904891,0.3177332814439975,-0.141374156208055,-0.0939291076458168,-0.1804951156062887,0.4998860738890446,0.2016508314652974,0.6508698888129087,5.859702894671431,0.3750557493102777,45.60606060606061,44.11764705882353,9.12,1236,0.0,1.0,0.0,0.0,0.2083,1.0,0.0,0.0,0.020833325,0.0074074111111111,0.0,0.01190475,0.0042735153846153,0.0,0.0,0.0019841261904761,0.0,0.0833333,0.0666667,0.047619,0.0555557,0.0,0.0833333,5.67691,23308.0,52606.0,0.11,0.3143,0.35,1.0
0,0.1354249787563439,-0.0128033552377523,0.1710240698277883,-0.2916688110443975,-0.0886606905375016,-0.1922746785885511,-0.2288007676949909,0.1892325324240525,0.4427034975183248,5.562702228048693,0.1304278724376812,46.63382594417077,40.0,9.12,285,0.0,1.0,0.0,0.0,0.20584999999999998,1.0,0.0625,1.0,0.020833325,0.0,0.0,0.01190475,0.0,0.0,0.0,0.0017473129032258,0.0032407383333333,0.0833333,0.0,0.047619,0.0,0.0,0.0666667,5.67691,56036.0,19537.0,0.0091,0.3472,0.0262,1.0
0,0.0646874145505878,0.7735067977446277,0.3706274658219385,-0.1189764631913156,-0.1526997700256415,-0.2801836840894462,0.2078319494164192,0.8235513933165644,0.0755302600697925,5.622282532041043,0.1792654576836631,51.09780439121756,40.588235294117645,9.12,0,0.0,1.0,0.0,0.0,0.14800000000000002,1.0,0.0,0.0,0.0,0.0,0.0,0.0,0.0,0.0,0.0037037055555555,0.0027033723214285,0.0,0.0,0.0,0.0,0.0,0.0666667,0.111111,5.67691,16990.0,58321.0,0.1813,0.4387,0.4133,1.0
0,-0.1773299219828209,-0.0911469042629569,0.1466353808082239,-0.1171094714228416,-0.0972025555309648,-0.2848124692998273,-0.0696469471081126,-0.0555254314635277,-0.0164147813227545,5.016635728989307,0.3304477254869778,39.92673992673993,33.52941176470588,9.12,393,0.0,0.0,1.0,0.0,0.0931,1.0,0.4932999999999999,1.0,0.0324786423076923,0.0126984111111111,0.0,0.005473448275862,0.004629635,0.000819,0.0055591944954128,0.0066451423728813,0.0032965574468085,1.0,0.0666667,0.111111,0.0555557,0.111111,0.111111,5.67691,932.0,14076.0,0.0696,0.296,0.2353,1.0
0,0.1675607301207948,0.0947588038493347,-0.1194183178368971,-0.1225038322524726,0.0764955204019399,-0.1587330570075031,0.5093222407652387,0.1437006885599562,0.0709976406596906,4.732670308194924,0.2032331922130426,44.67661691542288,58.82352941176471,9.12,641,0.0,1.0,0.0,0.0,0.4793499999999999,1.0,0.0,0.0,0.6213293500000001,0.0,0.0778369578947368,0.3472542055555556,0.0014214626865671,0.0026534044776119,0.0858406419642857,0.0026025820058997,0.0038632811643835,1.0,0.0,0.755556,0.047619,0.869048,0.0833333,3.81299,4331.0,9550.0,0.0253,0.4395,0.0575,1.0
0,0.0274439789495198,0.0255555583182463,1.3395843737807542,0.0483901643083016,0.0784124593088224,-0.6540052480920321,0.0861829876791987,0.096344625113358,1.2625949606028,4.796348261369649,0.4108137393856359,51.79063360881543,38.82352941176471,9.12,550,0.0,1.0,0.0,0.0,0.0,0.0,0.4794499999999999,1.0,0.2061287666666666,0.4041858612903226,0.0,0.0249999999999999,0.2016314741935484,0.0,0.0062779233532934,0.0639332605263157,0.0079365,0.916667,1.0,0.305556,0.755556,0.138889,0.869048,3.81299,1418.0,13925.0,0.1774,0.4314,0.4113,1.0
0,0.2242415784210069,0.0495601121176337,1.0771495144252312,-0.0092742535844713,0.2300874132083764,0.0162424091073191,0.295240354155993,0.1654622826118658,1.281517838488054,2.7376142519325137,0.6095134176446122,50.06127450980392,29.411764705882355,9.12,2528,0.0,1.0,0.0,0.0,0.0,0.0,0.0,0.0,0.0050671538461538,0.2259455444444444,0.0025676921568627,0.0045099539682539,0.0320707136363636,0.0,0.0050315588424437,0.0087953126865671,0.0033955969512195,0.0833333,0.916667,0.0666667,0.305556,0.111111,0.138889,3.81299,523.0,197.0,0.073,0.5544,0.1318,1.0
0,0.2002465838144409,0.2376019369219812,0.7089661660768131,-0.2909023390801948,-0.0857880004437408,-0.1804992758401509,0.3887062171475566,0.7686621948100553,0.8912649862639046,2.737994074215709,0.4595088252048377,49.722882026920026,37.64705882352941,9.12,7029,0.0,1.0,0.0,0.0,0.0,0.0,0.0,0.0,0.0,0.0035842258064516,0.0047425536585365,0.0026455,0.00936508,0.0036848035714285,0.0057932563063063,0.0027003115537848,0.0020325231707317,0.0,0.111111,0.111111,0.111111,0.111111,0.111111,4.23665,45577.0,10986.0,0.0712,0.352,0.2023,1.0
0,-0.1970060554725089,-0.1506665099256071,-0.0617262912939366,-0.1341531262688192,0.0540309557137093,-0.1283940640927399,-0.1135034889296228,-0.4575287411545411,-0.3400274416801393,1.858151377056439,0.4742286828700415,47.349823321554766,37.05882352941177,9.12,500,0.0,1.0,0.0,0.0,0.4463999999999998,1.0,0.0,0.0,0.3482905615384615,0.0025062631578947,0.0039215705882352,0.0555555384615384,0.010555548,0.0037037035714285,0.014861111,0.0030045366071428,0.0004535142857142,1.0,0.047619,0.611111,0.111111,0.344444,0.111111,4.23665,39048.0,16939.0,0.0904,0.3348,0.2701,1.0
0,0.3027023723427778,0.1698879603532446,0.1306905785010237,-0.2094150000682727,-0.1374521258282142,-0.3925538653498251,0.4294552840602247,0.1914769552373172,0.3551720205120707,3.4297152846978696,0.1406161471366258,45.37313432835821,45.294117647058826,9.12,613,0.0,1.0,0.0,0.0,0.55045,1.0,0.0,0.0,0.5029425555555557,0.0015432111111111,0.0,0.06839506,0.0022633777777777,0.00069444375,0.0548216747663551,0.0015639817679558,0.0035320039800995,1.0,0.0416667,0.775926,0.0666667,0.374074,0.111111,8.04964,13761.0,42251.0,0.0664,0.4627,0.1436,1.0
0,0.1846462949475031,-0.1270713618117329,0.2086882940820972,-0.0230595378371907,0.0581809274367628,0.3593148705848107,0.1678082654959848,0.0516048398871411,0.0068199488683897,2.067312620687651,0.5767274743987527,50.34246575342466,40.588235294117645,9.12,3333,0.0,0.0,1.0,0.0,0.0,0.0,0.0,0.0,0.0,0.0092592555555555,0.0,0.0094104285714285,0.0,0.0,0.0043560643939393,0.0054783944444444,0.0,0.0,0.0833333,0.0833333,0.0,0.0833333,0.111111,3.17749,19668.0,20718.0,0.0748,0.8767,0.0854,1.0
0,0.337709680385262,0.3338175399560781,0.1786066279824766,0.0399118230222373,0.0672893013686652,-0.5052693743718003,0.6156988543427272,0.618000123741866,0.2267901429256276,4.515735027930099,0.2104192788618903,46.92622950819672,29.411764705882355,9.12,701,0.0,1.0,0.0,0.0,0.0,0.0,0.13395,1.0,0.002604165625,0.1467803181818181,0.1128815711538461,0.013519424137931,0.0136324769230769,0.0044408764044943,0.0025013576923076,0.0106092347826086,0.0024519485623003,0.0833333,1.0,0.261111,0.458333,0.111111,0.25,69.9047,36078.0,54370.0,0.022,0.3788,0.058,1.0
0,-0.202419143921905,-0.2950051874620951,0.4631407447268914,-0.1859184246288272,0.1344096116890061,-0.2819563121774026,-0.2022133129247044,-0.2557122338976932,0.9246628814938258,3.47334090650538,0.2135496246194563,47.14548802946593,34.11764705882353,9.12,123,0.0,1.0,0.0,0.0,0.1155,1.0,0.04685,1.0,0.1330782807017544,0.0543543702702702,0.0015873,0.018473766,0.0018803446153846,0.0038690499999999,0.0080426460365853,0.0041297846153846,0.0024801571428571,1.0,0.916667,0.244444,0.0666667,0.244444,0.166667,5.62029,13594.0,24566.0,0.0396,0.4783,0.0827,1.0
0,0.4063893217435704,0.4722412786862785,2.7729454885406555,-0.1395909289382244,-0.1831462146753152,-0.2202135706119686,0.2131299291889536,0.0309414582970968,2.551607760463856,4.748860747973245,0.1653054054288902,51.74216027874565,41.17647058823529,9.12,545,0.0,1.0,0.0,0.0,0.0,0.0,0.53905,1.0,0.1349206535714285,0.5969794285714286,0.00074074,0.0963668355555555,0.2536008517241379,0.0,0.0281107351648351,0.0177994729281768,0.0037037013333333,1.0,1.0,1.0,0.866667,0.916667,0.194444,10.6859,57.0,424.0,0.0625,0.7206,0.0867,1.0
0,0.0214130850281976,-0.2767666008316505,-0.053596238321567,0.1155111234862123,0.505505888108687,0.906198156215195,-0.0338931865309081,-0.1226652710594303,0.0152183369799448,3.330710847873493,0.3442873722248747,46.386946386946384,37.05882352941177,9.08,1898,0.0,1.0,0.0,0.0,0.0745,1.0,0.0,0.0,0.0,0.0054012305555555,0.0,0.0042202071428571,0.0038829129032258,0.0051282076923076,0.0024963430851063,0.0041549917647058,0.0084757871794871,0.0,0.111111,0.0555557,0.0833333,0.0666667,0.111111,5.06454,20406.0,9264.0,0.1108,0.2324,0.4767,1.0
0,-0.2450729933266312,-0.0832910144108351,-0.029010027672104,0.6299952198912029,0.4686769520404819,0.8546702391395211,-0.1480039478904585,-0.1467302817462465,-0.1069781547396593,0.9622321437345408,0.7291092862341174,42.921348314606746,31.76470588235294,9.07,765,0.0,0.0,1.0,0.0,0.10865,1.0,0.26,1.0,0.2537374,0.2439342392857142,0.0,0.3526785714285715,0.1632,0.006814448275862,0.0323367475,0.0094333503496503,0.0027477481081081,0.944444,1.0,1.0,0.805556,0.833333,0.305555,4.75563,23455.0,4428.0,0.0495,0.3021,0.164,1.0
0,-0.0688665801175977,0.2904102257903971,2.137667213682884,-0.2115453031137029,0.1937374466367445,-0.1282229165371583,0.0740184827181984,0.0450200070628614,2.2261566615326283,6.154857254594139,0.1304237887642916,53.72168284789643,42.35294117647059,9.06,2206,0.0,1.0,0.0,0.0,0.0,0.0,0.0,0.0,0.0,0.0,0.0,0.0044091761904761,0.0,0.0,0.0033641298507462,0.0011820319148936,0.0,0.0,0.0,0.0555557,0.0,0.111111,0.111111,4.44848,26434.0,16172.0,0.0613,0.6188,0.0991,1.0
0,-0.4132753580692189,-0.0290566506677797,0.0760722134958938,-0.0331905762225398,0.5162951044441242,-0.2926618112935383,-0.2684070949238285,0.0797070577301105,0.2161239333630647,1.83137511456116,0.4557593345285395,44.0200090950432,46.47058823529412,9.05,360,0.0,1.0,0.0,0.0,0.3749499999999999,1.0,0.19449999999999995,1.0,0.1732851428571428,0.407716,0.0640432099999999,0.03095233,0.1372628536585365,0.0031362064516129,0.0210327817460317,0.0158625046357615,0.0036534198347107,0.952381,1.0,0.27619,0.766667,0.369312,0.916667,3.81299,98301.0,9877.0,0.0958,0.7165,0.1337,1.0
0,-0.2861167469408833,0.0232042532294554,0.1521368547268288,0.7754030322210247,0.4928346607693914,0.796650987951564,-0.08449214608819,0.0998110439548816,0.4582038182704842,2.040146743161281,0.614073262482646,44.44444444444444,35.294117647058826,9.03,0,0.0,0.0,0.0,1.0,0.21720000000000003,1.0,0.0,0.0,0.0,0.0034293592592592,0.0078351914893617,0.0,0.0030864185185185,0.0023809514285714,0.0067049758620689,0.0052864033898305,0.0027402418918918,0.0,0.0555557,0.0,0.0833333,0.111111,0.122222,5.34297,68926.0,38752.0,0.0417,0.3199,0.1303,1.0
0,-0.0200504417191869,-0.274228315799445,0.187922063350328,0.2054992432257712,0.6832208465064402,-0.2105400783138962,-0.1416260365769071,-0.1043753053675336,-0.0993625932203685,2.139494985786921,0.2575138294748883,46.01889338731444,21.176470588235293,9.03,506,0.0,1.0,0.0,0.0,0.0,0.0,0.3736999999999999,1.0,0.0034293592592592,0.1692307961538461,0.0047619071428571,0.0032051269230769,0.0215696566666666,0.0021367576923076,0.0054693716867469,0.0329467514792899,0.0037731474999999,0.0555557,0.944444,0.0833333,0.448148,0.122222,0.380952,5.34297,73796.0,34879.0,0.0364,0.5147,0.0708,1.0
0,-0.043000320844656,0.455153495205838,0.2279222510249387,-0.2586445420840596,-0.3200034483765863,-0.2427230460229713,-0.149012365617124,0.3905586966751614,-0.1617916367115504,3.798501312812973,0.2584837859230887,45.16496018202503,37.05882352941177,9.0,1600,0.0,0.0,1.0,0.0,0.2235,1.0,0.0,0.0,0.6920701168831168,0.0,0.1306755348837209,0.3509132209302325,0.002604165625,0.0031009659793814,0.0684187446096654,0.0029132931623931,0.002663070703125,1.0,0.0,1.0,0.0833333,0.724206,0.111111,3.81299,744.0,2973.0,0.1004,0.3368,0.298,1.0
0,-0.2180593590454774,-0.2037437770562093,-0.0809211448910787,-0.0069061460154595,0.2475300762344925,-0.3334739756023595,-0.3406925871212166,-0.1836812578182727,0.0032307276272911,1.003144045669664,0.8878600886134924,42.63322884012539,46.47058823529412,8.97,1427,0.0,1.0,0.0,0.0,0.2638,1.0,0.124,1.0,0.275806381632653,0.1818181818181818,0.0,0.1362591568627451,0.0148148083333333,0.0,0.0438297140939597,0.0032803824858757,0.0022202126582278,1.0,1.0,0.958333,0.111111,0.827381,0.397547,4.55976,24312.0,7251.0,0.1117,0.3676,0.3038,1.0
0,-0.2521723086903788,-0.3074894441392893,-0.0961799861809435,0.053414739554546,-0.15449750596776,-0.1026162430001181,-0.2834415321963817,-0.0744625597585172,0.0150376993348983,4.170675005106069,0.1673647607230942,45.73412698412698,44.70588235294118,8.94,1474,0.0,1.0,0.0,0.0,0.0,0.0,0.0965,1.0,0.0,0.0,0.0593869655172413,0.0,0.0017543868421052,0.005084321875,0.0030423294117647,0.0041297024054982,0.0034015867999999,0.0,0.0,0.0,0.0666667,0.0666667,0.111111,4.75563,17462.0,22631.0,0.0432,0.3597,0.12,1.0
0,-0.236511360331882,-0.2781645394456165,0.0272562790458378,0.0469269574061505,-0.1204722113951404,0.4770735156357332,-0.2787801993204256,-0.2664303550605344,-0.2830530479424356,1.952042481670581,0.5763647860217755,44.733044733044736,37.64705882352941,8.94,398,0.0,1.0,0.0,0.0,0.0,0.0,0.0965,1.0,0.03333335,0.0,0.102631597368421,0.0,0.0019607852941176,0.0081018458333333,0.0016420344827586,0.0039090767025089,0.0028444431999999,0.0666667,0.0,0.0,0.0666667,0.047619,0.111111,3.67481,19184.0,21809.0,0.0676,0.391,0.1729,1.0
0,0.2903689622856772,0.3803985871253641,0.1349517617932293,-0.0883623270913798,-0.265501744074388,-0.1291820584579083,0.328266613342501,0.3492253734122789,0.1289522220732786,1.565553850143504,0.4854397269805678,42.997198879551824,45.294117647058826,8.86,2746,0.0,1.0,0.0,0.0,0.0,0.0,0.0,0.0,0.0,0.0,0.0,0.0027885054054054,0.037037,0.0,0.0028921563909774,0.0,0.0078559913043478,0.0,0.0,0.0555557,0.111111,0.103704,0.0,7.68053,142.0,40027.0,0.0778,0.4182,0.186,1.0
0,-0.0848392613742156,0.4201959581947788,0.1326697124721696,-0.1095838486527126,-0.0801216276699676,-0.2591935466816829,-0.2058564161406534,0.6223774464766072,-0.1341899550737308,3.1336210457279114,0.4373437665903916,43.05901911886949,35.294117647058826,8.81,2706,0.0,0.0,1.0,0.0,0.0,0.0,0.0,0.0,0.0,0.0016666674999999,0.170486125,0.0027160533333333,0.0051406928571428,0.0010131702127659,0.0048331823834196,0.0025405062256809,0.0023702973154362,0.0,0.0666667,0.0666667,0.0416667,0.111111,0.111111,4.54561,9474.0,16670.0,0.1332,0.4189,0.3179,1.0
0,-0.1088323944261197,-0.0407335360151298,0.0160244343327919,-0.3169637402487435,-0.0066490978890793,-0.2411190336590392,-0.1851634901414051,-0.0101202244806053,0.430382592003796,6.456348635326562,0.2369737638487825,45.558375634517766,40.0,8.79,586,0.0,1.0,0.0,0.0,0.27199999999999996,1.0,0.04435000000000001,0.95,0.02938888,0.0048371869565217,0.5749942913043478,0.0018018027027027,0.0,0.0,0.0033019620817843,0.0053409459183673,0.0018820029411764,0.849206,0.047619,0.0666667,0.0,0.111111,0.111111,4.44848,335.0,63477.0,0.0216,0.5106,0.0423,1.0
0,0.8002078880381586,0.2388569303639022,0.9707799356845436,-0.3293570491124033,-0.0110184027468271,-0.2645394528043697,0.6501173999959684,0.2001993482787424,0.6284586525993914,0.3371728509333662,0.8327569487003867,43.67816091954023,34.11764705882353,8.66,1508,0.0,1.0,0.0,0.0,0.25175000000000003,1.0,0.0,0.0,0.2457887209302325,0.00277778,0.0,0.0333450425,0.00347221875,0.0,0.0040837254071661,0.0017290235714285,0.0017006785714285,1.0,0.0416667,0.619048,0.111111,0.206349,0.111111,4.25421,59118.0,6535.0,0.1237,1.4468,0.0855,1.0
0,-0.1889602525031068,-0.2541133774563858,-0.1319997690301479,0.5844840979241139,0.293064472811648,0.5055284999113693,-0.0828281312503929,-0.2961603962624028,-0.1341923891452714,0.8710330281361289,0.8068037325413797,46.87774846086192,35.294117647058826,8.57,147,0.0,0.0,0.0,1.0,0.0,0.0,0.12149999999999998,1.0,0.0058922515151515,0.0023849606060606,0.0034013612244897,0.00262605,0.0,0.0,0.0035308437499999,0.0047484019354838,0.0017684179487179,0.111111,0.0416667,0.047619,0.0,0.111111,0.111111,4.44848,36210.0,46077.0,0.1048,0.4023,0.2606,1.0
0,-0.1165243999178484,-0.1177530535024455,0.0290148573381617,-0.2763067552922384,0.0845810164455133,-0.293689293871737,-0.3282298169200765,0.100657568555866,0.1528766547491743,3.94000207855186,0.1625149212055404,45.8980044345898,36.47058823529412,8.5,328,0.0,0.0,1.0,0.0,0.24210000000000004,1.0,0.0,0.0,0.6870371111111111,0.0108796249999999,0.2493961239130435,0.5539683333333333,0.0018018027027027,0.0023305093220338,0.0366742185714285,0.0040627357142857,0.0029139978666666,1.0,0.111111,0.952381,0.0666667,0.406746,0.111111,5.40413,992.0,1076.0,0.0732,0.4009,0.1826,1.0
0,0.799541626257547,0.2020145910598848,0.9467366812279752,-0.4088221147964684,-0.1223900827034588,-0.3125695755693345,0.944572099813102,0.1944485961155583,0.610382962235668,4.839670819903476,0.2228110284666654,48.27586206896552,35.88235294117647,8.43,1807,0.0,1.0,0.0,0.0,0.0,0.0,0.031,0.95,0.0024024013513513,0.0,0.0,0.0,0.003224209375,0.0,0.0032435268370607,0.0030227747826086,0.003407224137931,0.111111,0.0,0.0,0.0555557,0.111111,0.111111,6.01085,24801.0,5122.0,0.0975,0.638,0.1528,1.0
0,0.7814257540427949,-0.1799385568770455,1.215489842083803,-0.3348883952144308,-0.0733375282366594,-0.5392946339237694,0.6424934378460524,-0.0902904817496495,1.4595711608519328,3.852442682901193,0.4907359960968745,48.21648216482165,38.82352941176471,8.43,522,0.0,1.0,0.0,0.0,0.0323,1.0,0.0,0.0,0.0,0.0024691333333333,0.0,0.0,0.0,0.004126988,0.0055860807692307,0.0038648180094786,0.0026958952380952,0.0,0.111111,0.0,0.0,0.111111,0.0833333,6.01085,3837.0,25942.0,0.078,0.3995,0.1952,1.0
0,0.233516679484827,0.2286952994194874,-0.0218357185006161,0.0473621835601052,-0.0812651100785915,-0.3842125126142076,0.4380443916919124,0.7074820036447992,0.2614612619412956,3.584862976630741,0.3708875705241466,48.61635220125786,31.176470588235293,8.38,3611,0.0,1.0,0.0,0.0,0.0,0.0,0.0,0.0,0.0,0.0033973260869565,0.035648156060606,0.0047619041666666,0.0031385272727272,0.0023894838709677,0.0036870216216216,0.0026835137931034,0.0032706139784946,0.0,0.0833333,0.0666667,0.0833333,0.111111,0.111111,5.00904,19206.0,9788.0,0.0504,0.4999,0.1009,1.0
1,-0.0542624481003187,-0.2631899558981324,1.353659344198966,-0.0417909989515874,-0.1965990986911853,-0.500797266099511,-0.3949195348376688,-0.1618841225503098,0.501513683607959,1.0436412336847527,0.6013430181718811,47.008547008547005,27.058823529411764,0.5,1731,0.0,0.0,0.0,1.0,0.13195,1.0,0.0,0.0,0.0,0.6268896666666666,0.0,0.0,0.2283597333333333,0.0,0.00242304,0.032765114084507,0.0,0.0,1.0,0.0,0.55,0.095238,0.305556,4.55976,208.0,11615.0,0.0246,0.1523,0.1612,0.0
1,-0.4756804482423528,-0.491468614474456,-0.4036217104144809,0.0082449079651088,-0.1663024601663328,-0.066025645805906,-0.5159777084685895,-0.4062779408417983,-0.4390567404239084,0.0518770725061357,1.0,45.55256064690027,28.235294117647054,0.61,574,0.0,0.0,1.0,0.0,0.19049999999999997,1.0,0.0,0.0,0.794602875,0.0805077547619047,0.8577381875,0.1455833052631579,0.0255511745454545,0.0838917777777777,0.0204476717325227,0.0055386340836012,0.0220577743243243,1.0,0.916667,0.748148,0.472222,0.355555,0.166667,4.54561,13103.0,81010.0,0.3102,0.627,0.4948,0.0
1,-0.1506329967903499,0.1648386244256863,-0.0455457716782882,0.0130709293768523,-0.063411055169153,-0.2757233144562231,-0.0351667595991518,0.2104673407044439,0.1645347368245307,3.1570042173142285,0.4485468015702821,46.42618570474282,47.647058823529406,0.68,430,0.0,0.0,0.0,1.0,0.3647000000000001,1.0,0.0334,0.92,0.869048,0.0,0.104898429032258,0.5929894,0.0,0.004285712,0.0642813870967741,0.0037037133333333,0.001872896590909,0.869048,0.0,0.875,0.0,0.44246,0.0555557,7.78195,2488.0,7931.0,0.0422,0.3121,0.1352,0.0
1,-0.0519980608987088,-0.1428597150161703,0.208823373177067,-0.1878587483832085,0.058892169710091,-0.4868769676210416,0.3746174188795239,-0.0249423381169759,0.6325288597813854,3.4012239577191585,0.2247248443111581,48.02527646129542,42.94117647058823,0.69,830,0.0,1.0,0.0,0.0,0.4402499999999999,1.0,0.0,0.0,0.0,0.0765692642857142,0.0472222222222222,0.0,0.000819,0.00338541875,0.0092592555555555,0.0107788713414634,0.003392002970297,0.0,1.0,0.0,0.030303,0.0833333,0.394444,3.64647,264.0,32738.0,0.0421,0.5325,0.0791,0.0
1,0.2456421193212853,0.2861312225690262,-0.1364823821369181,-0.1212489784396606,-0.4228699199846087,-0.3800761034575629,-0.0039201912964982,0.6664259407514121,0.2265286646135085,2.1978723382830423,0.2829195327036428,45.06903353057199,41.76470588235294,0.71,564,0.0,0.0,0.0,1.0,0.0316,0.99,0.08349999999999999,1.0,0.5575026800000001,0.3373016363636363,0.4979069281250001,0.0031701186440677,0.0,0.002469138095238,0.0037258802395209,0.0155328714285714,0.0033704141818181,1.0,1.0,0.0833333,0.0,0.108333,0.194444,5.18796,252.0,812.0,0.0307,0.3165,0.097,0.0
1,-0.2018639139378863,-0.3114270745628885,0.1474248029170209,-0.1375144725062693,-0.2454489671895754,-0.1579306985345646,-0.2621668509103322,-0.2137864781479309,-0.1136546944265442,0.0390761102824627,0.6557816149840765,45.11627906976744,33.52941176470588,0.71,0,0.0,0.0,1.0,0.0,0.0,0.0,0.22295,1.0,0.3949235710526316,0.9037851153846154,0.9275795,0.0023217268656716,0.2122031,0.07444446,0.0054233186046511,0.0249496994594594,0.0068181818181818,1.0,1.0,0.0666667,0.904762,0.194444,0.416667,3.64647,497.0,13865.0,0.1489,0.2495,0.5969,0.0
1,-0.2318920959122132,-0.3792912684153465,-0.1387142015541564,-0.0751681643709975,-0.0845064442065939,-0.1687718394687909,-0.372229150624047,-0.2588647901378325,-0.3042904720466378,1.9600839646515695,0.4057293997300952,45.36082474226804,41.76470588235294,0.86,247,0.0,0.0,1.0,0.0,0.5953,1.0,0.0,0.0,0.5265873785714286,0.2112040930232558,0.0265232903225806,0.413955,0.0303395366666666,0.0059748433962264,0.0656362225806451,0.0152918299401197,0.002741702097902,1.0,1.0,1.0,0.65873,0.555556,0.933333,3.38932,35513.0,25139.0,0.1172,0.4333,0.2704,0.0
1,-0.451476374802268,-0.4351900976997654,-0.4190595194186137,-0.122692133300378,0.8920420896871178,1.0993323937435469,-0.4576240448460866,-0.4278932873397146,-0.4630561069131311,0.211551567599226,0.8800993676436868,45.309734513274336,29.411764705882355,0.87,626,0.0,1.0,0.0,0.0,0.13,1.0,0.47574999999999995,1.0,0.0819172176470588,0.6328887222222223,0.0252820734939759,0.0558333433333333,0.184164738095238,0.0023540508474576,0.0399324446902655,0.0168833108108108,0.0022145197468354,1.0,1.0,0.62381,0.777778,0.7,0.288889,24.7149,56686.0,3061.0,0.0403,0.3535,0.114,0.0
1,-0.1531576876386535,-0.2424082043437567,0.2315308345763354,-0.0933572976887721,-0.2389496601840829,-0.4655429032769732,-0.3520332384059524,0.056395331600651,0.2787995531043588,2.72340984327157,0.2577469183679221,44.37710437710437,45.294117647058826,1.04,738,0.0,0.0,0.0,1.0,0.0,0.0,0.141,1.0,0.6146517233333333,0.01666666,0.0851424029411764,0.3106695904761904,0.0104166625,0.0018518511111111,0.0322628331707317,0.0054166675,0.0047397357541899,1.0,0.0833333,1.0,0.0833333,0.391667,0.15,4.91051,20129.0,4477.0,0.0458,0.3045,0.1504,0.0
1,0.7734341290610387,-0.0035204354177564,0.1020801695689984,-0.2402191686436957,-0.3530476730192991,-0.3305643971845591,0.7461498256802126,-0.2230652617038634,0.0080235071180145,5.562211358554458,0.1539606410744664,47.788778877887786,42.35294117647059,1.16,209,0.0,1.0,0.0,0.0,0.37300000000000005,1.0,0.1725,1.0,0.6610355714285714,0.0,0.3534910988095238,0.2230724785714285,0.0037878787878787,0.0025852574257425,0.0543618744360902,0.005558137012987,0.0026611228643216,1.0,0.0,0.833333,0.0833333,0.533333,0.103175,4.91051,7854.0,812.0,0.0569,0.4574,0.1245,0.0
1,-0.2056748650384746,0.0684060761199239,-0.3176121306002192,0.2547899283044627,-0.0390148138417286,-0.0704430182638198,-0.3065950247704924,0.1027937152678603,-0.3924469887102352,0.1607125171712281,0.9704460719998412,41.88351920693928,24.705882352941178,1.2,474,0.0,0.0,1.0,0.0,0.11899999999999998,1.0,0.0525,0.98,0.0,0.0035612564102564,0.3250814282051282,0.0028058393939393,0.0008503408163265,0.0083711309523809,0.0029370233009708,0.0028712302040816,0.0061326869806094,0.0,0.0833333,0.0555557,0.0416667,0.111111,0.111111,3.60115,22903.0,51445.0,0.522,1.4537,0.3591,0.0
1,0.595440929800208,-0.1368091332207785,0.0760065736439745,-0.2576570645179158,0.0182880518571121,-0.0091037831153045,0.4937697312737146,-0.1929957518766197,-0.1370913119043732,1.464210696524552,0.4734593961739065,43.76218323586745,38.82352941176471,1.29,756,0.0,1.0,0.0,0.0,0.58435,1.0,0.0655,1.0,0.3888888461538461,0.1790043,0.0726495384615384,0.0462963333333333,0.0024154652173913,0.0,0.0094887897058823,0.0019025890410958,0.0033915634920634,1.0,0.952381,0.555556,0.0555557,0.233333,0.0833333,5.61201,14799.0,2221.0,0.075,0.535,0.1403,0.0
1,-0.3762389117542518,-0.3035080100389362,-0.1712959478118373,0.2355055000578383,0.05499559417005,0.3504414773340442,-0.535987832388261,-0.4009193266304646,-0.2514913413133209,0.4502142169858854,0.9930376373188816,47.28434504792333,45.294117647058826,1.3,0,0.0,0.0,0.0,1.0,0.07085,0.98,0.03,1.0,0.0240863408163265,0.0,0.0,0.002829224074074,0.0,0.0148148083333333,0.002527647928994,0.0054563458333333,0.0047736599999999,0.633333,0.0,0.0555557,0.0,0.111111,0.0833333,6.05262,10649.0,61352.0,0.0539,0.3227,0.167,0.0
1,0.3777971744561848,0.0274679885289642,0.0258137518477003,-0.1150761147193704,-0.3322233158323048,-0.2824424396726283,0.6704040255559013,0.1990771550025428,0.2505522729598436,4.582720975329601,0.1988851881333251,47.3313192346425,32.35294117647059,1.35,1006,0.0,0.0,0.0,1.0,0.441,1.0,0.0,0.0,0.1942386666666666,0.1319444625,0.0,0.4086861111111111,0.0083333375,0.0055555533333333,0.0288341643835616,0.0042328023809523,0.00252525,0.933333,1.0,0.888889,0.0666667,0.255556,0.111111,12.2763,5987.0,5511.0,0.0248,0.6745,0.0368,0.0
1,-0.2408781715098426,0.0224868140721807,0.4022829379834957,-0.0496725158634402,-0.2557890766241864,-0.078672670124903,-0.2870334753693117,0.1103173859870742,0.819342557864896,5.935573091164814,0.1187279237498295,51.225490196078425,47.647058823529406,1.35,1078,0.0,0.0,0.0,1.0,0.0,0.0,0.23870000000000002,1.0,0.0,0.7666005,0.1507936714285714,0.0075757545454545,0.14201391875,0.0095238142857142,0.0041152222222222,0.0561942578947368,0.0046783605263157,0.0,1.0,0.0833333,0.822222,0.111111,0.503968,12.2763,8501.0,3779.0,0.0167,0.4124,0.0405,0.0
1,-0.1899876199866804,-0.2080248375250049,0.1176663801510298,0.1429285216780395,0.0369593479151991,0.3660989652762224,-0.0735265106092331,-0.4301293800683174,-0.0324223027375153,0.3400773007182492,1.0,42.60485651214128,37.64705882352941,1.38,412,0.0,1.0,0.0,0.0,0.5798000000000001,1.0,0.40845,1.0,0.71118325,0.0049019647058823,0.0,0.2553123171428572,0.0163291137931034,0.0,0.0546736057142857,0.0067984266233766,0.003377738095238,0.962963,0.0416667,0.822222,0.194444,0.587301,0.111111,7.34659,114052.0,36248.0,0.0305,0.4575,0.0666,0.0
1,-0.3969390404915969,0.3198795794784664,-0.0375023277489783,-0.077956034517389,-0.2102002395398234,-0.4022827484099447,-0.2669523716829891,0.654915640159056,-0.1018185930833182,2.23690705993666,0.2580860680816016,44.32291666666666,44.70588235294118,1.48,253,0.0,0.0,0.0,1.0,0.0,0.0,0.8736499999999999,1.0,0.0,0.7361111666666668,0.1688869892857143,0.0,0.3093073636363636,0.0048701272727272,0.074074,0.0237417375,0.0023148137681159,0.0,1.0,0.0,0.888889,0.111111,0.277778,5.34297,132.0,2304.0,0.2354,0.4127,0.5704,0.0
1,-0.2110793586213682,-0.0979137761841242,-0.1247247019540965,-0.0243950581352372,-0.021864321380953,-0.2928407237838911,-0.1962026650886186,-0.0996733165758091,-0.0888644661344333,2.623667922015452,0.4914058703318239,44.99252615844544,34.705882352941174,1.57,368,0.0,1.0,0.0,0.0,0.0,0.0,0.25794999999999996,1.0,0.0817813266666666,0.5214087000000001,0.10766234,0.0045351510204081,0.1296717204545454,0.0048959702702702,0.0021093308823529,0.01690585,0.00340907090301,0.777778,1.0,0.111111,0.888889,0.111111,0.416667,4.45679,2049.0,14364.0,0.0326,0.3743,0.0872,0.0
1,-0.1446273718316718,0.1545708042549687,-0.1882507107978014,-0.0441556887917652,0.0659883693868235,-0.2894219797303826,-0.0058150327332161,0.389078591627625,-0.0434057235779585,3.700768764284856,0.1798275770707151,45.22968197879859,31.76470588235294,1.58,1138,0.0,1.0,0.0,0.0,0.4100000000000001,1.0,0.0,0.0,0.0,0.0311043553191489,0.1129201,0.0,0.0049382755555555,0.0007680483870967,0.009130065116279,0.001917738028169,0.00286768203125,0.0,0.761905,0.0,0.111111,0.111111,0.0666667,4.45679,492.0,273.0,0.064,0.5771,0.1109,0.0
1,-0.0071877282215519,-0.1169010935188159,0.0482608589129839,-0.0871174556579561,-0.1390645072040461,-0.2232769317751213,-0.0483326569605674,0.0604242959822303,0.2733673748992124,2.222726025393986,0.2274649844718745,48.15920398009951,34.705882352941174,1.7,310,0.0,1.0,0.0,0.0,0.5771999999999999,1.0,0.25439999999999996,1.0,0.8077778,0.2037037,0.0051282076923076,0.388889,0.0,0.005291,0.0807870875,0.0216049361111111,0.0011494258620689,1.0,0.944444,0.388889,0.0,0.288889,0.327778,3.89097,52948.0,332.0,0.1992,0.5661,0.3518,0.0
1,0.4336684663727519,0.2798856576103717,2.260272603679682,0.044589877554262,0.0283605580273012,-0.4315947499923664,0.1718139567652962,0.1471147633606152,2.302742884644837,5.604534462211779,0.4401115949232266,53.49794238683128,40.588235294117645,1.75,545,0.0,1.0,0.0,0.0,0.037399999999999996,1.0,0.3017500000000001,1.0,0.0,0.6670525111111111,0.0061728333333333,0.0,0.308520985,0.0,0.0029629683333333,0.044728876,0.006734,0.0,1.0,0.0,0.833333,0.0666667,0.555556,4.44848,28.0,53163.0,0.0234,0.5837,0.04,0.0
1,0.1258646550561979,0.4094481477542955,0.2953972863717841,-0.1694920397731509,-0.5681172048579838,-0.1931389198326204,0.0856162977801476,0.502332108826986,0.2915285177239447,0.7374072362668542,0.3334339628282673,42.89617486338798,39.41176470588236,1.79,4668,0.0,1.0,0.0,0.0,0.0,0.0,0.0,0.0,0.090277759090909,0.2368420894736841,0.0,0.0074074111111111,0.0,0.0,0.003423163095238,0.0037537567567567,0.0050154291666666,1.0,1.0,0.0666667,0.0,0.111111,0.166667,8.68513,149.0,3060.0,0.5441,1.0991,0.495,0.0
1,0.4823005538463377,0.5553711250991784,0.2428942935797032,-0.1832393509306564,-0.012605738353567,-0.3535806088382179,0.5293535370122646,0.7904487878690392,0.4291009899682144,2.108486648632347,0.2112538987795965,43.50282485875706,48.23529411764706,8.36,2380,0.0,1.0,0.0,0.0,0.0,0.0,0.0,0.0,0.0065836886363636,0.0097069589743589,0.1437951068181818,0.0024187428571428,0.0025067768292682,0.0048072585714285,0.0020576124183006,0.0035671982558139,0.0031683240506329,0.111111,0.0833333,0.047619,0.0833333,0.111111,0.111111,3.84905,6337.0,3197.0,0.0281,0.4019,0.07,0.0
1,-0.3309696074267349,0.1098296995914997,-0.1390580792992695,-0.2140142855685484,-0.0533229734173973,-0.2368143664322709,-0.1797474702766386,0.2258457871987552,-0.1816763030987327,2.4159944463744485,0.2974788334515429,42.53034547152194,37.64705882352941,8.3,0,0.0,0.0,1.0,0.0,0.0,0.0,0.0,0.0,0.00185185,0.2418229909090909,0.1912946578125,0.00190476,0.0022544282608695,0.0040757934959349,0.0031067969465648,0.0062242244094488,0.0029978273781902,0.037037,1.0,0.0333333,0.0666667,0.088889,0.194444,5.26126,3744.0,16501.0,0.0577,0.2929,0.197,0.0
1,-0.0553709432605292,0.1465851712098694,0.6053465506125956,-0.0170690662877777,0.040395362398015,-0.3531309277171526,-0.0136327378544567,0.1872353147155222,0.648013688162424,5.763775349167544,0.1510371796290251,50.79365079365079,48.23529411764706,8.28,292,0.0,1.0,0.0,0.0,0.16894999999999996,1.0,0.10990000000000003,0.97,0.8540522881355932,0.00347223125,0.0819298593220339,0.3945775344827587,0.0154401272727272,0.0046470342105263,0.0628231178913738,0.00743859375,0.0039046984984984,1.0,0.0555557,0.957765,0.0666667,0.575397,0.111111,5.26126,6103.0,396.0,0.0529,0.3576,0.148,0.0
1,0.6202455461965598,-0.1842688751052925,0.6878046407582858,-0.0555574476624611,0.6356507463637231,-0.257685200095613,0.487798447848513,0.0491715074428576,0.6217622392544607,6.922812447383221,0.0999655930598899,47.89410348977136,36.47058823529412,8.21,2715,0.0,0.0,0.0,1.0,0.0,0.0,0.0,0.0,0.0046658983870967,0.0049382694444444,0.0160782655172413,0.004166665,0.003229976744186,0.0008658,0.0047602105691056,0.00337751302521,0.0020091708737864,0.2,0.111111,0.0833333,0.0833333,0.222222,0.111111,5.67691,14929.0,333.0,0.08,0.4781,0.1673,0.0
1,0.3986194323836886,0.133123699723466,1.0244881001676664,-0.1522405879592978,0.2739596738016472,-0.1921032622746883,0.2062061442367304,0.037591950186961,0.8558257616003706,2.5512843181221325,0.8036830782159837,48.54819976771197,34.705882352941174,8.2,975,0.0,0.0,0.0,1.0,0.18250000000000002,1.0,0.0,0.0,0.0051388925,0.0122702552631578,0.0077294652173913,0.0064102564102564,0.0007002794117647,0.0047892758620689,0.0032894358974358,0.0012752081850533,0.006535350406504,0.0833333,0.410714,0.0833333,0.047619,0.138889,0.111111,5.00904,27.0,36.0,0.0304,0.5293,0.0573,0.0
1,-0.2337501357024357,-0.1126365934440621,0.3936361189510645,-0.0877370497360778,0.1525884094773181,-0.1008222940513598,-0.3566851130570813,-0.2345043461333246,0.8749462652884293,7.152754065636746,0.1014338900327894,49.76851851851852,47.05882352941176,8.38,357,0.0,0.0,0.0,1.0,0.07980000000000001,1.0,0.0,0.0,0.0,0.0,0.0,0.0,0.0082491575757575,0.0,0.0070679011111111,0.0032830703333333,0.0069444625,0.0,0.0,0.0,0.111111,0.111111,0.114286,4.6751,166.0,10688.0,0.0188,0.2758,0.068,0.0
1,0.3240778550322073,-0.2180301156421299,0.6926043324378008,0.1586128711619792,0.9051933681787346,0.6498209462727387,0.63699952425278,-0.0637736034461415,1.0573264632657515,1.269092292451586,0.5514728693043495,50.34013605442177,28.823529411764703,8.41,0,0.0,1.0,0.0,0.0,0.0,0.0,0.1637,1.0,0.0026578069767441,0.0037878818181818,0.0008865255319148,0.0,0.0088888933333333,0.0037993893617021,0.0035297034700315,0.0033033027027027,0.0038587427480916,0.0666667,0.0416667,0.0,0.0666667,0.111111,0.111111,5.00904,3756.0,3719.0,0.1325,0.3374,0.3928,0.0
1,0.3358454724896344,0.324536072322419,0.5764956809865288,-0.2452612535282109,0.134357331072455,-0.1417705377441712,0.5019438718770697,0.674901424941093,0.2346411376372286,1.7614668852656057,0.3006642045860704,44.15127528583993,38.82352941176471,8.42,992,0.0,1.0,0.0,0.0,0.1635,1.0,0.0,0.0,0.003472225,0.0046296416666666,0.0,0.0078431411764705,0.0,0.0,0.0030942329113924,0.0,0.0058201022222222,0.0416667,0.0555557,0.0666667,0.0,0.111111,0.0,5.00904,8871.0,440.0,0.1694,0.2227,0.7607,0.0
1,0.7602487558680322,0.0213384653337309,0.9410857102849656,-0.2285443552086306,-0.0100456427366764,-0.2804865042305586,0.6637949656513011,0.4961615425389718,1.2755007434121155,2.6625469372981407,0.3652403303989657,46.30924630924631,30.0,8.43,2381,0.0,1.0,0.0,0.0,0.0,0.0,0.0,0.0,0.0,0.0,0.0073529411764705,0.0021505387096774,0.0,0.0031172833333333,0.0072873030674846,0.0036945793103448,0.0021259469072164,0.0,0.0,0.0666667,0.0,0.111111,0.0833333,5.00904,1133.0,188.0,0.108,0.2876,0.3755,0.0
1,-0.1411261728624389,0.4717813220244933,0.3404931171401699,0.4877742461486824,-0.0692391933815868,-0.0439154002845286,-0.0182456307443171,0.7285270414667956,0.3540953480135159,5.134656447186975,0.140488802175852,45.91346153846153,41.76470588235294,8.45,510,0.0,1.0,0.0,0.0,0.0,0.0,0.106,1.0,0.0133333399999999,0.0038926642857142,0.2161324615384615,0.0052083375,0.0068032534482758,0.0094202891304347,0.0072174717948717,0.0029526285285285,0.003897028021978,0.0666667,0.111111,0.0416667,0.0833333,0.111111,0.111111,5.62029,4643.0,40898.0,0.0628,0.4172,0.1505,0.0
1,0.0087634419619579,0.1580674165509784,0.0581525778482302,0.0899570026762428,0.0126839897766746,-0.0715396340600388,-0.1062706103675154,0.4594792354769165,0.4537444286298233,2.5665729345295203,0.3230056704066835,42.71844660194174,38.23529411764706,8.47,412,0.0,0.0,0.0,1.0,0.079,1.0,0.29100000000000004,1.0,0.0,0.0,0.00260416875,0.004329,0.0,0.0042242677419354,0.0087478033333333,0.0,0.0021258510204081,0.0,0.0,0.047619,0.0,0.0666667,0.0,5.62029,28489.0,16960.0,0.0295,0.3422,0.0862,0.0
1,0.3468071081833328,0.2222037011448751,0.9851507869339552,-0.1081899722576661,-0.2120036091218851,-0.242681202485525,0.4100578654654204,0.6015258832169653,1.040438339863092,1.866705891807889,0.3060689397478582,48.61392832995267,43.52941176470589,8.52,9478,0.0,1.0,0.0,0.0,0.0,0.0,0.0,0.0,0.0,0.888889,0.0,0.0,0.0111111166666666,0.0,0.0037841587628865,0.0,0.0,0.0,0.888889,0.0,0.0666667,0.111111,0.0,5.71948,43042.0,3073.0,0.2333,0.4468,0.5221,0.0
1,0.1703222573673489,0.4774922077091182,0.7575874137248535,0.2094794633842569,-0.1130489084514402,-0.1008153455414768,0.3995201057769541,0.4818095405704627,1.8584238270886675,8.318281871849603,0.1497753788750415,50.3370786516854,32.94117647058823,8.53,3963,0.0,1.0,0.0,0.0,0.0,0.0,0.0,0.0,0.0051203225806451,0.0,0.015873,0.0022486785714285,0.0057239121212121,0.0,0.0039629986754966,0.0051376325153374,0.00416666875,0.111111,0.0,0.0666667,0.0666667,0.111111,0.0833333,11.3538,1027.0,18416.0,0.0302,0.4572,0.0659,0.0
1,-0.0724940506456452,0.4254416944749614,0.3836165529900557,0.3806745693310309,-0.0405962750880335,-0.31363778343181,0.2638718707789286,0.4752015777097044,0.1042886673492886,6.259899075738308,0.1552672178921555,47.07379134860051,30.58823529411765,8.55,640,0.0,1.0,0.0,0.0,0.0,0.0,0.39245,1.0,0.027233119117647,0.0,0.0,0.0022347552631578,0.00930555,0.0064814766666666,0.0030913837748344,0.0046551218181818,0.0033907617886178,0.962963,0.0,0.0666667,0.111111,0.111111,0.111111,4.05163,2755.0,17118.0,0.031,0.6778,0.0457,0.0
1,0.8814137534178533,0.5594269366154624,0.1610306460561789,-0.1984737691270283,-0.2929116539162414,-0.1770088450329979,0.6593306376315112,0.6847801590010432,0.3921322778080469,2.9766595617129,0.370318445452048,44.105691056910565,34.705882352941174,8.56,7359,0.0,1.0,0.0,0.0,0.0,0.0,0.0,0.0,0.0,0.0032051269230769,0.00833333,0.005952375,0.0,0.009375,0.0015015054054054,0.0053191510638297,0.0016025634615384,0.0,0.0833333,0.047619,0.0,0.0555557,0.111111,7.68053,713.0,568.0,0.1261,0.4824,0.2614,0.0
1,0.302368597657741,0.1443061423977537,0.3172858927900769,-0.1920104844904697,-0.05793883178258,-0.0764346259346465,0.6485603035695467,0.2634692044342669,0.1362445643337743,2.812053474327521,0.4164988527622985,49.33774834437087,34.705882352941174,8.57,0,0.0,1.0,0.0,0.0,0.0,0.0,0.03695,0.91,0.015873,0.12847225,0.0,0.0,0.0,0.0,0.0054379767676767,0.00190476,0.0028180333333333,0.111111,0.555556,0.0,0.0,0.148148,0.047619,6.31351,7483.0,11393.0,0.056,0.6451,0.0868,0.0
1,0.2649922606777705,0.1460564378425675,-0.2323628925163456,0.0849558241737465,-0.1377056457441038,-0.1843013676942097,0.3693346587625532,0.3246553472127428,-0.0693400257405573,2.8871666134537874,0.2546609801561784,44.83960948396095,45.294117647058826,8.58,351,0.0,0.0,1.0,0.0,0.0,0.0,0.47495000000000004,1.0,0.0,0.3855623333333333,0.0,0.0046296333333333,0.1150401333333333,0.0,0.0035857710843373,0.0113528899371069,0.0015151522727272,0.0,1.0,0.0416667,0.777778,0.111111,0.125,4.23665,1241.0,17286.0,0.0855,0.3271,0.2614,0.0
1,0.3515193922331021,0.1417650374470363,0.1797292637978405,0.016319215513577,-0.0390650580997286,-0.2558018239992606,0.1860622819478946,0.2252913302709377,0.2621129699980441,4.357594885270815,0.2239911365266894,46.21749408983452,39.41176470588236,8.59,2177,0.0,1.0,0.0,0.0,0.0,0.0,0.0,0.0,0.0037037055555555,0.0031746,0.0,0.0064102538461538,0.0,0.0015873057142857,0.0045015539682539,0.0004578758241758,0.0034022214285714,0.0666667,0.047619,0.0833333,0.0,0.111111,0.0416667,4.23665,21559.0,5783.0,0.0373,0.3377,0.1103,0.0
1,0.1997832877749769,-0.3581372910253045,0.4570839028073649,-0.1017530611425286,0.4103466964216617,-0.0161290915360411,0.3000030165339158,0.0533896681599583,0.9000784283360878,2.723563744643864,0.5251212159289748,44.71947194719472,40.0,8.59,243,0.0,1.0,0.0,0.0,0.1595,1.0,0.0,0.0,0.0068027142857142,0.0,0.0222222333333333,0.0,0.0063492085714285,0.0,0.0014285714285714,0.004502346226415,0.0,0.047619,0.0,0.0,0.0833333,0.0666667,0.111111,4.23665,19397.0,9034.0,0.079,0.4174,0.1891,0.0
1,-0.0620312951700299,0.1080856391907002,-0.3129183125821482,0.2958936496879657,0.2198671727566389,0.6260198347631848,0.4820131733976872,0.6007035589244495,-0.0267333664420732,0.6744697058956275,0.9873787367631032,42.58933801991798,37.64705882352941,8.6,0,0.0,1.0,0.0,0.0,0.0,0.0,0.1595,1.0,0.0044536242424242,0.0,0.0027056272727272,0.003703709090909,0.0,0.0062433866666666,0.0039656046153846,0.00079365,0.0009211279792746,0.0833333,0.0,0.0666667,0.0,0.0833333,0.0333333,4.23665,15699.0,11500.0,0.0917,0.3718,0.2466,0.0
1,0.2500307670789539,-0.0368446396127192,0.2572014360931772,-0.0810336380260562,0.4246064630522321,-0.2541459523738983,0.1856540082686381,0.4139256497289538,0.3630606453140903,2.154297859350599,0.3458060506466208,45.31104921077066,36.47058823529412,8.6,2163,0.0,1.0,0.0,0.0,0.0,0.0,0.0,0.0,0.0042871886363636,0.0026021311475409,0.0,0.0073934842105263,0.003229976744186,0.0,0.0031830009009009,0.0026601104712041,0.0024154565217391,0.0833333,0.111111,0.111111,0.0833333,0.0833333,0.0833333,8.26474,15463.0,12442.0,0.0483,0.3483,0.1387,0.0
1,-0.3972783389370826,0.0272652510709366,0.6661003822160485,-0.0243548424518153,-0.0894252000401588,0.0311375364816926,-0.2600940305057809,0.0440890141158231,0.2090174503851191,3.0167473617259466,0.6506005488650258,47.69647696476965,29.411764705882355,8.6,335,0.0,1.0,0.0,0.0,0.0,0.0,0.07949999999999999,1.0,0.0,0.1457122962264151,0.0245128292682926,0.0044802903225806,0.0118644186440677,0.0,0.0019965760233918,0.002943037944664,0.0028248576271186,0.0,1.0,0.0833333,0.355556,0.0666667,0.111111,8.26474,18463.0,9850.0,0.111,0.4394,0.2526,0.0
1,0.3141069901454013,-0.2471068474370223,-0.4927642350932382,-0.0542475099955063,0.1740817947340041,-0.0187636887487121,0.0536865476872176,-0.0330973175626147,-0.2133729673323184,1.235690578726374,0.9718037533280376,42.72608125819135,35.88235294117647,8.6,0,0.0,1.0,0.0,0.0,0.0,0.0,0.06105000000000001,1.0,0.0036231891304347,0.1425387796610169,0.013082,0.0007047209302325,0.011791393877551,0.0030398330188679,0.0042768965277777,0.0027202067357512,0.0027615075829383,0.0833333,1.0,0.030303,0.355556,0.166667,0.0833333,8.26474,5607.0,20071.0,0.0414,0.414,0.0999,0.0
1,-0.2391542950234441,-0.0670479719662287,0.1833259684862488,-0.0617099225464083,0.1660619829421104,-0.0365906500835041,-0.3010930631932012,0.0977358624772864,0.2349245638818698,0.7485952503424707,0.6869185382109297,46.25550660792951,34.11764705882353,8.61,527,0.0,0.0,0.0,1.0,0.177,1.0,0.11950000000000001,1.0,0.00863492,0.5953449307692308,0.0,0.0467233542857142,0.1994094321428571,0.006461516981132,0.0605283347826087,0.0200400741116751,0.0029181494897959,0.431746,1.0,0.775,1.0,0.708333,0.345238,5.58183,5500.0,10452.0,0.1013,0.401,0.2527,0.0
1,-0.2717374235016591,0.041279577301098,-0.2619140646888457,-0.0960002329980295,0.1275224409071025,-0.0490906395384262,-0.371870424850216,-0.1438319509434174,-0.2874647851732562,0.3649420272593887,0.734732236634055,43.61702127659575,41.76470588235294,8.61,398,0.0,0.0,1.0,0.0,0.0,0.0,0.30925,1.0,0.029366644262295,0.2680346024390243,0.053253254054054,0.0060733621951219,0.1111442333333333,0.0027202752475247,0.0062934071960297,0.0146060093117408,0.0030031221649484,0.833333,1.0,0.111111,0.855556,0.177778,0.527778,4.87215,2827.0,11967.0,0.0968,0.3322,0.2916,0.0
1,-0.1216406745656469,0.3900151749477046,1.6921209835919435,0.3157078069063536,-0.177669808321951,-0.1130832638896703,-0.0123938290017958,0.4837648574746259,0.8069240960884301,1.8388839164457147,0.5264882895815489,54.19847328244275,42.35294117647059,8.62,7840,0.0,0.0,1.0,0.0,0.0,0.0,0.0,0.0,0.0006858703703703,0.0047358868852459,0.0075757545454545,0.0018140587301587,0.0033524948275862,0.0,0.0027432018237082,0.0027444895973154,0.0,0.037037,0.111111,0.0666667,0.0833333,0.0833333,0.095238,4.00723,123.0,12080.0,0.0232,0.7254,0.032,0.0
1,-0.3095949732705121,0.4403431825505571,-0.2599282913279198,0.5106947654046419,0.0042471656404881,0.6103247891312022,-0.1469577058851197,0.2241139185861613,0.0407925375160266,0.0916299802287282,0.9341454000538324,49.673202614379086,28.823529411764703,8.62,6525,0.0,1.0,0.0,0.0,0.0,0.0,0.0,0.0,0.0068965517241379,0.0152949428571428,0.0026455095238095,0.0034113105263157,0.0108401048780487,0.0,0.0024094938356164,0.0049603171171171,0.0009132424657534,0.111111,0.292929,0.0833333,0.111111,0.095238,0.111111,4.00723,1838.0,10078.0,0.0828,0.4082,0.2029,0.0
1,-0.0327215052015712,0.0484614262334304,0.5101379436631421,-0.2021814697217179,-0.2104392455138618,-0.2156273821674335,-0.2963851615439642,0.1990604944997396,0.3608409697228648,6.116904690244801,0.1799405283887558,45.8808618504436,43.52941176470589,8.27,3382,0.0,1.0,0.0,0.0,0.0,0.0,0.0,0.0,0.0,0.0,0.0,0.0,0.0019493157894736,0.0028011176470588,0.0014390362637362,0.0034939999999999,0.0008888893333333,0.0,0.0,0.0,0.037037,0.0833333,0.0833333,4.6751,68137.0,8168.0,0.04,0.6064,0.0659,0.0
1,0.3158449238959101,0.1392183995186538,0.1588331735125715,-0.2102496750842972,-0.0804690001884968,-0.1355256922170121,0.8692547752349288,0.0492984834091239,0.1131243814716813,3.834544348730761,0.3296248782506025,45.62410329985653,31.76470588235294,7.08,0,0.0,1.0,0.0,0.0,0.8394500000000003,1.0,0.055900000000000005,0.91,0.7532626666666666,0.006076384375,0.0647660789473684,0.4933805130434781,0.002020203030303,0.0044088546875,0.0309441078125,0.0010582,0.0021683505454545,1.0,0.111111,0.952381,0.0666667,0.277778,0.111111,5.83646,5990.0,19662.0,0.0291,0.3042,0.0958,0.0
1,-0.1186960103422813,-0.4125396592656586,0.1280753013077668,0.1887788214641791,0.452844678589801,-0.1153840164979952,-0.1152213545248617,-0.2285947506389548,-0.0753245842774095,1.5368509975158555,0.8177150482216959,44.08602150537634,37.64705882352941,6.98,939,0.0,1.0,0.0,0.0,0.07400000000000001,1.0,0.33675,1.0,0.2748034379310345,0.0,0.0,0.0586688233333333,0.0,0.0,0.0075290234817813,0.0144230769230769,0.0046125105882352,1.0,0.0,0.777778,0.0,0.166667,0.15,5.83646,8281.0,11246.0,0.1317,0.3203,0.4112,0.0
1,0.1639436000156371,0.2763940735226538,0.5920471995057944,-0.1390129364953622,0.019240518268294,-0.2510979298516965,0.2137948879091771,0.1748820078846304,0.3118694210821179,2.699729844553941,0.3647142661797574,43.83661560904449,34.11764705882353,6.89,646,0.0,1.0,0.0,0.0,0.3284499999999999,1.0,0.0,0.0,0.037037,0.0,0.1393707142857142,0.0,0.00416666875,0.0023148125,0.0028735620689655,0.0051027058823529,0.0035226929824561,0.111111,0.0,0.0,0.0666667,0.0833333,0.111111,5.78532,6292.0,4853.0,0.0934,0.3156,0.296,0.0
1,0.064547140353729,-0.2880519118578256,-0.2137653402620324,0.6076762253002366,0.6596093387788431,0.7798004661311327,0.1553011334121213,-0.3408522676480138,-0.2323257101721543,0.2790714053329652,0.8041140144821617,45.51282051282051,34.11764705882353,6.82,594,0.0,0.0,0.0,1.0,0.0585,1.0,0.0,0.0,0.004357294117647,0.0,0.0,0.009226185,0.0,0.005847947368421,0.0042133,0.0,0.0022486797619047,0.111111,0.0,0.095238,0.0,0.166667,0.0,7.01265,2483.0,42866.0,0.0254,0.4104,0.0619,0.0
1,-0.2693515693890527,-0.0592230251059061,0.2358457216521877,0.8822451774864637,0.1738435094733959,0.3349947455078482,-0.1765279310044864,-0.1164013573395629,0.1600523396697964,1.5339445383232828,0.5023599096849317,46.79351656095842,32.35294117647059,6.81,2367,0.0,0.0,0.0,1.0,0.0,0.0,0.0,0.0,0.0018518511111111,0.0,0.0,0.0055555555555555,0.0050505,0.0,0.0036883999999999,0.0019360287878787,0.0,0.0833333,0.0,0.0833333,0.111111,0.111111,0.0666667,7.01265,40626.0,4256.0,0.1491,0.2507,0.5949,0.0
1,-0.07079746243966,0.1450248113940228,-0.1893905638335196,0.0875109615885219,0.1626457501231117,0.6994288319412305,-0.014537253554557,0.3275826179653635,-0.1765474100711245,0.4438425787339088,1.0,45.43707973102786,30.58823529411765,6.67,976,0.0,0.0,0.0,1.0,0.10600000000000001,1.0,0.25365,1.0,0.0,0.0,0.001287,0.0055555583333333,0.0,0.0027711315789473,0.0035074258064516,0.0047562765957446,0.0022794603773584,0.0,0.0,0.0666667,0.0,0.0666667,0.0833333,5.26126,15193.0,30260.0,0.0249,0.4913,0.0506,0.0
1,0.4388629605629744,0.2544454029667439,-0.1716942408570919,-0.1890957579218694,-0.1676315871554947,-0.3841575162342233,0.5319873040239292,0.5014431514717308,-0.0566387077037616,2.2959403508679106,0.2309606265893998,44.89132642697542,44.11764705882353,6.62,1893,0.0,0.0,1.0,0.0,0.077,1.0,0.0,0.0,0.087641738095238,0.0,0.1388328101382488,0.0789965964285714,0.006236169090909,0.0035292130699088,0.0163690465517241,0.0037982733644859,0.0039675258154706,0.933333,0.0,0.866667,0.0833333,0.285714,0.133333,5.26126,3280.0,35349.0,0.1078,0.2665,0.4047,0.0
1,0.189740101966304,0.4063269845802425,0.0841063092565869,-0.3358007327804656,-0.3030420724627499,-0.1387232264117514,-0.1016776555449288,0.6046247301228043,0.2651281283992961,1.589794910540001,0.5868296686226738,45.58232931726908,35.294117647058826,6.59,293,0.0,0.0,1.0,0.0,0.0,0.0,0.56835,1.0,0.002281745,0.9096988958333334,0.0,0.0024024067567567,0.434365652173913,0.0033333349999999,0.0049120902777777,0.0564213267489711,0.0034858372549019,0.047619,1.0,0.0666667,1.0,0.133333,0.596296,5.26126,43646.0,1680.0,0.0304,0.4899,0.062,0.0
1,0.0687630176945058,0.0418163207297251,-0.1015494537215433,-0.2517609266385396,0.1018914501461118,-0.3029489641464461,-0.2330546537036657,0.1371450612049244,0.1488519302698198,1.92249626719944,0.4675508896905012,44.698703279938975,31.176470588235293,6.54,212,0.0,1.0,0.0,0.0,0.67485,1.0,0.0,0.0,0.771429,0.1466241578947368,0.002777775,0.657143,0.0012919930232558,0.0055268722891566,0.183333425,0.0032830262295081,0.002055604658385,0.771429,1.0,0.657143,0.0555557,0.25,0.111111,3.6733,4930.0,34240.0,0.1501,0.5546,0.2707,0.0
1,0.6181421911543032,-0.1112764303613489,0.5940454817915166,-0.2169506162838092,0.0022020570084714,-0.3910101069294843,0.7244388261197512,0.142871458119308,0.9606754105662204,3.9345634185243386,0.1739293908907185,46.616541353383454,38.82352941176471,6.32,0,0.0,0.0,1.0,0.0,0.0,0.0,0.0,0.0,0.0027777828571428,0.1813008048780487,0.1812590274193548,0.0,0.0055555569444444,0.0153257845070422,0.0042213696551724,0.0016960761421319,0.0045735749999999,0.0555557,1.0,0.0,0.0833333,0.133333,0.0833333,4.13237,46443.0,1019.0,0.0424,0.7346,0.0577,0.0
1,-0.5011921131738855,-0.2594751592639394,-0.1771512956708702,0.0969017824194061,0.0713616740032662,0.2234976714535249,-0.2430162693799699,-0.2473604828633833,-0.0895594221266663,2.9191267125790805,0.3572641211021222,43.82513661202186,35.88235294117647,6.28,3014,0.0,0.0,1.0,0.0,0.0,0.0,0.0,0.0,0.036423288,0.0025894593220338,0.0012121218181818,0.0057585906976744,0.0015873,0.006470687755102,0.0056426224683544,0.0043063283980582,0.004493315625,0.738095,0.0555557,0.114286,0.0333333,0.233333,0.111111,4.13237,8555.0,39064.0,0.0706,0.3445,0.2049,0.0
1,-0.0239846614462595,-0.207793058652403,-0.3438002959983258,-0.0395513090164261,-0.0616561984133814,-0.1509897461029678,-0.1159366931309596,-0.2157647906669648,-0.1841369903767556,2.130393635685873,0.2934906015081262,43.48730753225135,31.176470588235293,6.22,0,0.0,0.0,1.0,0.0,0.0,0.0,0.0,0.0,0.0,0.08871528125,0.1594082599326599,0.0039737624999999,0.003681076344086,0.0030948766409266,0.0044940486111111,0.0040504378980891,0.0027290047497446,0.0,1.0,0.0833333,0.111111,0.111111,0.111111,4.13237,13304.0,23801.0,0.0992,0.3995,0.2482,0.0
1,-0.3496773731204253,-0.0802924000194187,0.0504034903622564,-0.148278894980297,0.0247382563455375,-0.0622544312007536,-0.2402506913841248,-0.0746801159213616,-0.0114953869795024,0.6559143994061107,0.8371839086832986,43.253234750462106,38.23529411764706,6.18,0,0.0,0.0,1.0,0.0,0.3525,1.0,0.0,0.0,0.0030864166666666,0.18490685625,0.101150805,0.0053571428571428,0.0050671549450549,0.0040253512195121,0.0157882447513812,0.002405079245283,0.0088644550755939,0.111111,1.0,0.0833333,0.111111,0.644445,0.111111,3.45864,20723.0,25890.0,0.0624,0.4132,0.151,0.0
1,-0.2388764862671032,0.5705707498738115,-0.2360478896401788,0.3045370034052362,-0.4697327941749846,-0.3816569652584159,-0.1405598785710536,0.927639676324946,-0.1534762561652425,2.9425429657098383,0.121358115119816,42.4872355944566,48.8235294117647,5.83,3814,0.0,1.0,0.0,0.0,0.0,0.0,0.0,0.0,0.0025013409090909,0.3487244999999999,0.1458553758865248,0.0,0.109589959375,0.0041487541666666,0.0026877707641196,0.0121308535580524,0.0027192983511154,0.0972223,1.0,0.0,0.777778,0.0833333,0.261111,6.34478,447.0,34223.0,0.042,0.3015,0.1393,0.0
1,0.0279304462123376,0.2893573489253605,0.1373791584714419,-0.1588966042392183,-0.0857059779964238,-0.047648642857399,-0.0541666991603271,0.4143253130755952,-0.075435825235308,0.092015423945214,1.0,48.904267589388695,40.0,5.63,0,0.0,1.0,0.0,0.0,0.0,0.0,0.054549999999999994,1.0,0.0,0.0607482885714285,0.025,0.0,0.0023504307692307,0.0,0.0042328037037037,0.0022406277108433,0.0027810553719008,0.0,0.583333,0.0,0.0666667,0.0666667,0.0833333,4.65937,16743.0,3273.0,0.1862,0.7194,0.2588,0.0
1,0.0236838054736201,0.7268936140169474,0.0910557864997125,0.0650612624065397,-0.4503170794005197,-0.2327277001185833,0.053417909838816,0.8356216709765263,0.0388609869232612,5.163574030574658,0.2677997936423876,46.09733700642792,37.64705882352941,5.59,1678,0.0,1.0,0.0,0.0,0.0669,1.0,0.0,0.0,0.0,0.0254814799999999,0.19192715,0.0018242149253731,0.0057634214285714,0.0028261629411764,0.002017513253012,0.0037307231372549,0.0029894176190476,0.0,0.2,0.0666667,0.186508,0.111111,0.111111,3.64647,96.0,10876.0,0.0518,0.2752,0.1884,0.0
1,-0.349058378219886,0.0633456562461895,-0.0370087517392325,0.1383378973931716,0.0460336364410845,0.0513698480475114,-0.1135346481731708,-0.2214911357373565,0.0718915547326604,0.4006003374665596,0.8981471584735381,43.6426116838488,40.588235294117645,5.57,6793,0.0,1.0,0.0,0.0,0.0,0.0,0.0,0.0,0.2338624146341463,0.0135304612903225,0.0539682857142857,0.000415109589041,0.0057626,0.0,0.0024230926253687,0.0037997628318584,0.0051524285714285,1.0,0.15,0.030303,0.186508,0.111111,0.111111,3.64647,5211.0,9066.0,0.1337,0.4397,0.304,0.0
1,0.5048172535711914,-0.0779933745986704,1.6692520818564414,-0.218373153590618,-0.0067754696188839,-0.1637925816275172,0.8555859074364618,0.1811228972897198,1.3417414153177711,3.560081620340924,0.4779151245708258,55.643044619422575,32.94117647058823,5.52,9223,0.0,1.0,0.0,0.0,0.0,0.0,0.0,0.0,0.011051585,0.0,0.0,0.0032894736842105,0.0,0.0,0.0031804771428571,0.0024686341013824,0.0118518466666666,0.261111,0.0,0.0833333,0.0,0.111111,0.111111,4.45679,14326.0,443.0,0.047,0.4843,0.0971,0.0
1,-0.2679518608273254,-0.0504507984067744,-0.1766030635773478,0.0804164223529849,-0.0112266898184508,-0.162523531265957,0.0121935410742142,0.0852819052328276,-0.3073512187949859,1.3113964811848595,0.6357924545081083,46.44549763033176,36.47058823529412,5.4,3374,0.0,1.0,0.0,0.0,0.0,0.0,0.0,0.0,0.0,0.5594003999999999,0.0648441981481481,0.0888888499999999,0.2530599133333333,0.0038943382352941,0.0062723967741935,0.0154899473988439,0.0022081654450261,0.0,1.0,0.111111,0.796296,0.111111,0.261111,5.00904,3849.0,16848.0,0.0632,0.4376,0.1444,0.0
1,0.5515951828440413,-0.2009158804993801,0.4028549426339964,-0.2822346381066039,0.0644530157396229,-0.1261522462348854,0.7770290980024004,0.0640153227386826,0.370200654593919,5.060920133810145,0.2372596933827849,46.03988603988604,41.17647058823529,5.36,100,0.0,1.0,0.0,0.0,0.287,1.0,0.0,0.0,0.0,0.0,0.2169312238095238,0.00555557,0.0,0.0012919930232558,0.0066417365384615,0.0,0.0019668739130434,0.0,0.0,0.0555557,0.0,0.0833333,0.0,5.00904,12008.0,1410.0,0.0591,0.4593,0.1287,0.0
1,-0.1312738761827874,0.1315755271638476,0.5481600012676674,-0.3097890309657104,-0.2199499550017039,-0.1345550590270131,-0.2036614625300299,0.2558474773289391,0.7010893685844339,1.779876430547801,0.3442443481576657,44.98834498834498,38.82352941176471,5.31,1575,0.0,1.0,0.0,0.0,0.0825,0.98,0.0,0.0,0.0740740666666666,0.0904761999999999,0.0,0.0096560821428571,0.00138889,0.0,0.0056068689655172,0.002113525,0.0029239736842105,1.0,0.904762,0.0833333,0.0416667,0.111111,0.111111,4.3233,8997.0,5708.0,0.0762,0.5262,0.1449,0.0
1,-0.2835897599495879,0.1072565711902842,2.2503991082089163,-0.0369310849250301,-0.1199110462682171,-0.1660072460067919,-0.0921201706597631,0.0230718260128915,1.5770760427823691,0.9972900378792884,0.2593126180529907,53.6036036036036,50.588235294117645,5.26,933,0.0,1.0,0.0,0.0,0.04375,0.92,0.057999999999999996,1.0,0.0518536671232876,0.3715124687499999,0.0,0.0510212470588235,0.034087805,0.0,0.0209919660899653,0.0077318744897959,0.0,0.933333,1.0,0.933333,0.333333,0.616667,0.194444,3.81299,1297.0,31252.0,0.1416,0.4651,0.3045,0.0
1,0.1090069609026336,0.0084989302862793,-0.2503597490213706,-0.0776292206333027,0.2382386474053226,-0.0695336311138974,-0.0863521121634012,-0.085200267824772,-0.5334933620621942,0.0188330418146488,0.9318783902023438,42.6974143955276,37.05882352941177,5.17,0,0.0,0.0,1.0,0.0,0.5478999999999999,1.0,0.1875,1.0,0.3731908888888888,0.2269605777777777,0.0873138864,0.2251254615384615,0.0826695785714285,0.0086602271762208,0.0236107470149253,0.0123977338461538,0.005245967076923,1.0,1.0,0.904762,0.75,0.347222,0.277778,5.37208,10481.0,10659.0,0.0639,0.3342,0.1913,0.0
1,0.0850270787974045,-0.0104975689288448,0.6112773449206921,-0.0324565424482696,-0.1708282027735985,-0.241063803726113,-0.032422263925939,0.0314397095005341,0.6838671154048386,3.201523058951423,0.203547926630716,46.243617797228296,39.41176470588236,4.91,0,0.0,1.0,0.0,0.0,0.33340000000000003,1.0,0.11495,1.0,0.1775072272727272,0.1407978863636363,0.0090476285714285,0.1654471390243902,0.0991843055555555,0.0,0.0604840506666666,0.0181175418530351,0.0019435287128712,1.0,0.966667,0.910714,0.933333,0.952381,0.555556,4.6751,2106.0,6630.0,0.0609,0.425,0.1433,0.0
1,0.0785457418775435,0.0998380399987977,0.4160371171541507,-0.0449375337970525,-0.0555811421430244,0.0209335372688624,-0.0808454856826494,-0.0297595288106075,0.3189211825414692,0.0,,47.10144927536232,44.70588235294118,4.89,571,0.0,1.0,0.0,0.0,0.37794999999999995,1.0,0.115,1.0,0.0,0.1222793636363636,0.0,0.0185185066666666,0.0849206348837209,0.0,0.0076447205882352,0.0189296174846625,0.0021367525641025,0.0,0.966667,0.111111,0.933333,0.111111,0.555556,6.34478,3954.0,6054.0,0.0779,0.3322,0.2344,0.0
1,0.8645218789110085,-0.1123122082915502,0.186916709374888,-0.2649340564497265,0.3174536532027296,-0.3065599356160722,1.2438570133060691,0.1068533306332136,0.2396035011715643,1.8190326961165624,0.616631460188561,46.95512820512821,35.88235294117647,4.85,0,0.0,1.0,0.0,0.0,0.0,0.0,0.0291,1.0,0.0075702025641025,0.0031814431034482,0.0135497217948717,0.00426065,0.0016666674999999,0.0031667475247524,0.0028934476987447,0.0026374865800865,0.0036528016853932,0.095238,0.047619,0.095238,0.0666667,0.111111,0.111111,4.55976,19973.0,994.0,0.0894,0.4063,0.2201,0.0
1,-0.0477515029798836,1.0703986372084513,0.4194534838365008,-0.1114792644021912,-0.3276880641803022,-0.0872732702093942,-0.0386617755104192,0.997095413628608,0.2341135983018609,2.124066295214316,0.6183047234939152,42.67015706806283,57.05882352941176,4.74,0,0.0,0.0,1.0,0.0,0.0,0.0,0.056000000000000015,1.0,0.008547,0.9217725,0.007894747368421,0.0055555555555555,0.1691437909090909,0.0016420344827586,0.0029550861702127,0.0134744288888888,0.0028466504132231,0.111111,1.0,0.0833333,0.625,0.111111,0.166667,4.44848,1177.0,20908.0,0.1855,0.3366,0.5512,0.0
1,0.6266113110910875,0.6285683412457312,0.939683768747136,-0.2590528192506575,0.0186355921864072,-0.1446772968384971,0.4633882067791771,0.882574704424899,0.7156112264544897,4.980375947760745,0.2557455304300561,50.38251366120219,44.11764705882353,4.71,0,0.0,1.0,0.0,0.0,0.21444999999999997,1.0,0.0,0.0,0.00396825,0.0096618260869565,0.1292592666666666,0.0033333314285714,0.0065217391304347,0.0032967035714285,0.0023524519337016,0.0031928517241379,0.0017704519230769,0.111111,0.111111,0.0833333,0.0833333,0.0833333,0.111111,4.65937,479.0,62.0,0.0638,0.5913,0.1079,0.0
1,-0.2404860691276735,0.9939272994750756,0.3437146954336927,0.4734402563748351,-0.0490282605742424,0.0138880040916663,-0.0988176174281424,0.9485905719926062,0.6100056211794276,2.5420067171545035,0.20805887102395,45.57291666666667,40.0,4.7,0,0.0,1.0,0.0,0.0,0.19945000000000004,1.0,0.0,0.0,0.0865079428571428,0.0102894769230769,0.0736961428571428,0.0028846156249999,0.0055168365853658,0.0028455268292682,0.001615149122807,0.0030634975694444,0.0025044460580912,1.0,0.111111,0.0666667,0.0833333,0.0555557,0.166667,4.55976,276.0,12111.0,0.0452,0.5814,0.0777,0.0
1,-0.2336951393329578,0.0724227855526889,0.8485184874965371,0.021087124305576,0.1350516321827607,-0.3468247708407873,0.0329216419191103,0.2908629619051865,1.0117053215224998,2.6764900411562578,0.0948625842897454,47.92899408284024,37.64705882352941,4.66,2980,0.0,1.0,0.0,0.0,0.0,0.0,0.0,0.0,0.0063142641509433,0.0054263581395348,0.0037037,0.0,0.0102934151515151,0.00111111,0.0031420511627906,0.0036976412499999,0.0006504438016528,0.111111,0.0833333,0.0,0.114286,0.138889,0.222222,4.55976,5918.0,7247.0,0.0344,0.517,0.0665,0.0
1,0.5489643140047026,-0.1179231535241868,-0.180406521746669,-0.1331614383232517,0.0739021248827925,-0.1935283948642523,0.5921206123473033,0.3588817187043951,-0.1697824913975787,0.5539794358601456,0.8119747800140795,45.95959595959596,36.47058823529412,4.66,2111,0.0,1.0,0.0,0.0,0.0,0.0,0.0,0.0,0.0032828303030303,0.0087365532258064,0.0,0.0054834151515151,0.00069444375,0.0132275,0.00326652259887,0.0020764603921568,0.0027184243589743,0.0666667,0.111111,0.114286,0.0333333,0.222222,0.0833333,4.65937,6378.0,7118.0,0.1775,0.4944,0.3591,0.0
1,0.317547619719548,-0.2819797432661691,0.1598884864556652,-0.1616829986377665,0.1212925057362019,-0.3402140970029331,0.5747853198060302,0.1617958325044491,0.1958263422008546,0.7845894141138178,0.3552475452159854,47.45614035087719,41.17647058823529,4.64,0,0.0,0.0,0.0,1.0,0.0,0.0,0.0,0.0,0.00338541875,0.0079365,0.0,0.0094356305555555,0.0048309130434782,0.0,0.0030534049261083,0.0069808928571428,0.0,0.0666667,0.111111,0.114286,0.111111,0.222222,0.0833333,4.65937,9352.0,2527.0,0.0788,0.4289,0.1838,0.0
1,0.2749513969723717,-0.0213652461788686,-0.2804158045132142,-0.1902097945469523,-0.1390983408237901,-0.2274654431385535,0.3251010780426943,0.4607132544439279,0.1009374558362927,2.4221029991293404,0.4132711233891915,45.92803030303031,31.76470588235294,4.6,0,0.0,0.0,0.0,1.0,0.33114999999999994,1.0,0.0,0.0,0.0358215432432432,0.0225490196078431,0.1229666375,0.0194066523809523,0.0013333339999999,0.0034461131578947,0.029303223880597,0.0043583056338028,0.0022350842391304,1.0,1.0,0.45,0.0666667,0.783333,0.111111,6.34478,824.0,60619.0,0.0575,0.4084,0.1409,0.0
1,-0.2599759948174897,0.0723425711913336,0.3454756080532434,0.2571341830587267,-0.0127130917512794,-0.3374804737125715,0.4592300126880527,-0.0130445167471101,0.7400718173128543,3.350610069268919,0.2700594000317747,46.93251533742331,31.176470588235293,4.57,2400,0.0,0.0,0.0,1.0,0.0,0.0,0.0,0.0,0.0231043062499999,0.0020779218181818,0.0053186906976744,0.0,0.0014574759259259,0.0035339516666666,0.0032348985915492,0.0034400424749163,0.0023168725423728,1.0,0.0666667,0.0,0.0416667,0.111111,0.138889,6.34478,3870.0,56333.0,0.057,0.7176,0.0794,0.0
1,0.1789097079777323,0.416984545630841,-0.3454686028592511,-0.0981648007545624,0.0412211972125458,0.2336489611278674,0.5995991786708197,1.0323955007273276,0.5221883180994402,1.1286246931466115,0.4142114777091196,45.42897327707454,42.94117647058823,4.56,3347,0.0,0.0,0.0,1.0,0.0,0.0,0.0,0.0,0.0021505387096774,0.0030076833333333,0.0027777791666666,0.0046556833333333,0.0025959,0.0,0.005211403169014,0.0038299692810457,0.0020143628571428,0.0666667,0.047619,0.0666667,0.0666667,0.111111,0.138889,6.34478,54806.0,7135.0,0.0987,0.5327,0.1853,0.0
1,-0.1970383038059245,0.2492996608142541,0.1215774553791574,0.3968185163919607,0.1604047192959756,-0.0864136320663977,-0.1213821177200392,1.0558644382449258,0.2161911579936921,3.3006263833881477,0.1344554973744409,49.15254237288136,35.294117647058826,4.54,0,0.0,0.0,0.0,1.0,0.0,0.0,0.0,0.0,0.0,0.0038515382352941,0.0131198949152542,0.003478834,0.0018115934782608,0.0019047628571428,0.0041133118518518,0.0025548272084805,0.0045189171806167,0.0,0.0833333,0.047619,0.0833333,0.111111,0.111111,6.34478,9564.0,51214.0,0.054,0.4745,0.1138,0.0
1,0.2372921996662699,0.0470237525733362,0.6303556435075675,0.0022286176066769,-0.0749805253262117,-0.2018025524609509,0.0134255921197177,-0.0616374880073334,0.5333649468741368,2.4765104083813303,0.480023254974926,47.547797173732334,31.76470588235294,4.36,0,0.0,1.0,0.0,0.0,0.0,0.0,0.0,0.0,0.0,0.0,0.1017730702127659,0.0,0.0135802666666666,0.0028248593220338,0.0018258858895705,0.0029265301587301,0.0025771327702702,0.0,0.0,0.0,0.0666667,0.0833333,0.0555557,4.05163,21469.0,39253.0,0.0255,0.5501,0.0464,0.0
1,-0.1520441401447557,-0.116562055649638,0.8309001658173614,-0.1089964389210663,0.1507358288769753,-0.4496271721265962,-0.1845956644382216,-0.0082857385548785,1.2700586653653674,4.061635805652265,0.1588798770319836,50.46296296296296,41.76470588235294,4.33,3666,0.0,0.0,0.0,1.0,0.0,0.0,0.0,0.0,0.0663282058823529,0.0,0.0,0.001595744680851,0.0029761875,0.0093167869565217,0.0055285713864306,0.0019427916666666,0.002713924137931,0.763889,0.0,0.0416667,0.047619,0.283333,0.0833333,4.05163,17937.0,44300.0,0.1239,0.3391,0.3655,0.0
1,0.1894112260698946,-0.2085723584950599,-0.2436522632535183,0.0891018316612309,0.0348286412885284,-0.1770560341290689,0.1209136934774371,-0.2688801575088944,-0.2648311605824655,0.1127860199087927,0.8585588358925648,43.54978354978355,37.05882352941177,4.31,2373,0.0,0.0,0.0,1.0,0.0,0.0,0.0,0.0,0.1060036129032258,0.00381945,0.033333334375,0.008925097368421,0.0025062631578947,0.0049808396551724,0.0058393531847133,0.0016447368421052,0.0029973640316205,0.916667,0.0666667,0.142857,0.047619,0.283333,0.0833333,4.05163,47662.0,13110.0,0.0728,0.3324,0.2189,0.0
1,-0.1462800511695826,-0.2467877905858176,-0.1634767330852746,-0.0336849045051692,0.2414401952651932,0.2836809364456077,-0.200703098832413,0.0083484451750913,-0.2470611564034779,0.1550580062854413,0.8873311467874359,42.99847792998478,32.94117647058823,4.25,440,0.0,1.0,0.0,0.0,0.5181,1.0,0.10300000000000001,1.0,0.5645635,0.1884921428571428,0.0875094632653061,0.2095959999999999,0.0,0.0167854864406779,0.0410163069444444,0.0031207138888888,0.0038460584126984,1.0,0.888889,0.777778,0.0,0.444445,0.111111,4.05163,57716.0,2718.0,0.1108,0.2719,0.4074,0.0
1,0.3310819851536196,0.4719388728776249,0.3404949121060988,-0.1905375427419866,-0.1399474900031222,0.0371731393823554,0.5717615878620776,0.421127335705355,0.0217570572130616,3.2895879301848465,0.228530559646204,49.97208263539922,37.05882352941177,2.14,0,0.0,0.0,0.0,1.0,0.05045,1.0,0.066,1.0,0.0018518566666666,0.0087301566666666,0.0,0.009722225,0.004139431372549,0.0,0.0053194174496644,0.0032871809954751,0.0,0.0555557,0.15873,0.111111,0.111111,0.0833333,0.0833333,5.71948,6763.0,38694.0,0.034,0.3516,0.0966,0.0
1,0.4681425285912516,0.3100775977769485,1.0396674777073367,-0.0285282187376828,-0.2801115252343742,-0.0875536596837888,1.0846836471850287,0.0918504882956951,0.9194342277707436,6.932001543383623,0.3808316390269096,48.53801169590643,36.47058823529412,2.25,406,0.0,0.0,0.0,1.0,0.0825,1.0,0.079,1.0,0.0588813265306122,0.0014510805970149,0.02777775,0.0031920092105263,0.0035394258064516,0.0,0.0038048184523809,0.0033292559171597,0.0,0.962963,0.0555557,0.0833333,0.111111,0.095238,0.122222,3.38932,803.0,4070.0,0.2262,0.3304,0.6847,0.0
1,-0.0706236443364272,0.195839246908759,-0.2291153805543836,0.073483579580439,-0.2220039188817839,-0.0867925999181374,-0.1626989090888845,-0.0474745723532314,-0.1263121638830748,0.2776699219280745,0.5178824385463289,44.14893617021277,39.41176470588236,2.43,224,0.0,1.0,0.0,0.0,0.1145,1.0,0.12450000000000001,1.0,0.425443078125,0.2737373636363636,0.0051282076923076,0.0730300075757575,0.0049019588235294,0.0035087736842105,0.0080239572463768,0.005853175595238,0.0057539642857142,1.0,0.933333,0.711111,0.0833333,0.305556,0.111111,6.34478,26481.0,5066.0,0.08,0.4976,0.1607,0.0
1,-0.1532281397685905,-0.0402068250555356,-0.0526333658896992,-0.0424154883320823,-0.0304631031206377,-0.020530104907038,-0.2113014342165548,-0.0628293003285863,-0.176277399342525,1.0599659659948777,1.0,45.662100456621005,38.23529411764706,2.44,0,0.0,0.0,0.0,1.0,0.24600000000000002,1.0,0.065,1.0,0.3194677647058824,0.1339228771428571,0.0973856470588235,0.002083335,0.0014184404255319,0.0104166625,0.00252459453125,0.005685122513089,0.0040682417322834,1.0,0.933333,0.0416667,0.0666667,0.111111,0.111111,6.34478,3059.0,27844.0,0.0358,0.3852,0.0929,0.0
1,-0.1375655304408017,0.8064818309025649,0.5266242133257959,-0.121542412015189,-0.0946819962652271,-0.1522792878824086,-0.2428800289615052,1.2311866684968762,0.6727560774615047,3.2376288546381966,0.1661051163842347,49.15422885572139,41.76470588235294,2.46,0,0.0,1.0,0.0,0.0,0.0,0.0,0.05950000000000001,1.0,0.0021303236842105,0.1103704,0.1926947954545454,0.0040229862068965,0.0104166625,0.0063390358974358,0.0030864222222222,0.0041284403669724,0.0028636125523012,0.047619,0.916667,0.0833333,0.0833333,0.111111,0.0833333,6.34478,141.0,30075.0,0.0385,0.727,0.0529,0.0
1,0.0867054933411538,0.9064457970996956,0.1997479246057642,-0.1123313709152884,-0.1128781107655117,-0.1892268531436945,0.6775337939100908,1.1903184640286764,0.548980174568383,4.501746610417046,0.0893315437048198,47.12418300653594,42.35294117647059,2.48,1635,0.0,1.0,0.0,0.0,0.20600000000000002,1.0,0.0,0.0,0.0817602017857142,0.0,0.0,0.0083950666666666,0.0,0.0,0.0035834,0.0111111,0.0014245051282051,1.0,0.0,0.0833333,0.0,0.111111,0.111111,3.38932,526.0,525.0,0.0243,0.3917,0.0621,0.0
1,-0.2689980479062981,-0.1826329796407105,0.071666495587241,-0.232573379117305,-0.1828183298069278,-0.2442934593204821,-0.3370930565104623,0.1798287963627262,0.6185599593800066,1.8391826752693112,0.3730195822190435,45.42586750788644,40.0,2.5,5332,0.0,1.0,0.0,0.0,0.0,0.0,0.0,0.0,0.0,0.1409163902439024,0.00814816,0.0,0.0,0.0,0.0102880629629629,0.0037962967857142,0.0041152222222222,0.0,1.0,0.0,0.0,0.111111,0.111111,3.38932,158.0,130697.0,0.0569,0.3824,0.1487,0.0
1,0.1552730785858877,0.625181988550087,0.3813582392391638,-0.21987230513511,-0.0524998877564265,-0.109152775281076,0.301349644302536,0.7941485611347294,0.8757258140154395,7.674193093087371,0.104699804819087,51.33744855967078,42.35294117647059,2.87,3041,0.0,0.0,0.0,1.0,0.0,0.0,0.0,0.0,0.0,0.0795524527777777,0.0,0.0,0.0043356827160493,0.0,0.0,0.0016560664259927,0.0028218682539682,0.0,1.0,0.0,0.095238,0.0,0.152778,3.38932,72064.0,58526.0,0.0387,0.6832,0.0566,0.0
1,0.2630238267333784,-0.29511219060132,0.1228608389030394,-0.1049976580019242,-0.0566144277278633,0.0608843454672547,0.2352469502775158,-0.2948980918412077,-0.173856922733758,0.0562722378034073,0.936390391902437,44.89519945909398,36.47058823529412,2.9,0,0.0,1.0,0.0,0.0,0.0,0.0,0.0,0.0,0.0031746047619047,0.0,0.005291,0.0,0.0,0.0027777766666666,0.0028959822695035,0.0,0.0031432754385964,0.0666667,0.0,0.0,0.0,0.111111,0.0,3.38932,65641.0,62944.0,0.0898,0.3522,0.255,0.0
1,0.0775891318512218,0.0517584120349387,0.3752979321885646,0.0597679188932836,0.0537493260036001,-0.2567755495158386,-0.0592131958422651,0.0475493846107417,0.2814680433824957,2.365345757199488,0.2270638492602009,45.58960074280409,38.82352941176471,3.11,283,0.0,0.0,0.0,1.0,0.3,1.0,0.37875,1.0,0.5477778000000001,0.4326994285714285,0.0344827586206896,0.444444,0.1905390548387097,0.0052287558823529,0.1195532216216215,0.0067701785714285,0.0035147374149659,1.0,0.933333,0.555555,0.778139,0.522222,0.123016,6.01085,95905.0,34830.0,0.0887,0.4318,0.2054,0.0
1,-0.0881421100856333,-0.2118636871844736,-0.1615624556982686,0.1488161548375301,0.036529616192193,0.2477345942319849,-0.1247955690080916,-0.2456275514124776,-0.2339535895427334,0.048528752096953,1.0,44.82029598308668,32.35294117647059,3.25,421,0.0,1.0,0.0,0.0,0.26935,1.0,0.0,0.0,0.3442046875,0.1232456052631579,0.0915204210526315,0.0303776551724137,0.0344080354166666,0.0099715025641025,0.0773431492063492,0.0064986597402597,0.0042383439790575,1.0,1.0,0.378571,0.365079,0.738889,0.15,6.01085,118198.0,11989.0,0.1793,0.4431,0.4045,0.0
1,-0.193936925424827,-0.3819027970561503,-0.3443096817838138,0.6084226145823858,0.3628079805426165,0.7489444578239525,-0.2700032853350346,-0.1221479072204347,-0.3125529408243918,0.0737290951562999,0.8457438781117916,46.76399026763991,43.52941176470589,3.29,2128,0.0,1.0,0.0,0.0,0.0,0.0,0.0,0.0,0.0064671864864864,0.0021117596491228,0.0175243193548387,0.0028322490196078,0.0042328053571428,0.0041397222222222,0.0023476449640287,0.003334638023952,0.0034851230496453,0.0666667,0.0833333,0.0555557,0.0666667,0.0833333,0.114286,6.01085,5201.0,124554.0,0.129,0.4801,0.2688,0.0
1,0.1400582822549013,0.0749652847871041,0.0869528027845656,-0.3771448594485312,0.1821316553533895,-0.188359530093904,0.3739303894587585,0.1686602942239222,0.3511339197342365,5.967260304735307,0.0747387616317209,49.053497942386834,34.11764705882353,3.58,930,0.0,1.0,0.0,0.0,0.2966,1.0,0.0,0.0,0.0,0.0970899523809523,0.1042208145454545,0.0229167,0.0,0.001984125510204,0.0119265845360824,0.0025839802325581,0.0040994711999999,0.0,1.0,0.166667,0.0,0.177778,0.0833333,4.66032,35843.0,15237.0,0.012,0.5184,0.0231,0.0
1,-0.0647807056026188,0.7394671280703091,0.1303292221959242,-0.2624278445117863,-0.0450379345953299,-0.3730209926267864,-0.0571803585518265,1.051212116308832,0.4611345509348651,3.10641178992618,0.1180479935796053,46.802721088435376,41.76470588235294,3.6,688,0.0,1.0,0.0,0.0,0.1195,1.0,0.0,0.0,0.0,0.1155442514285714,0.10194445,0.0,0.0028180333333333,0.0,0.0017857139999999,0.0045950960591132,0.0026773771084337,0.0,1.0,0.0,0.111111,0.047619,0.111111,4.66032,13285.0,39551.0,0.0394,0.5414,0.0727,0.0
1,-0.0399898581304316,0.583008505260461,0.4473412010298573,0.124574173306436,0.0334732903603728,-0.3253059221970669,-0.0613826095147586,0.9226656571329086,0.6782858843546347,3.118306310259986,0.2243061866047273,48.78048780487805,34.11764705882353,3.61,316,0.0,1.0,0.0,0.0,0.11950000000000001,1.0,0.0,0.0,0.0053571428571428,0.0,0.0,0.0,0.0039682523809523,0.0,0.0023768197916666,0.003732640625,0.0034722208333333,0.0833333,0.0,0.0,0.0833333,0.0833333,0.0833333,4.66032,42350.0,10848.0,0.102,0.4867,0.2095,0.0
1,0.0153871319047986,-0.2221372208712143,-0.1380777598908442,0.1759612944227637,-0.2015728003374181,0.2558679904984802,-0.0950298085584838,-0.2424366765901896,-0.1775704150696987,0.3143717725875548,0.9572600842759632,46.31782945736434,36.47058823529412,3.63,3990,0.0,1.0,0.0,0.0,0.0,0.0,0.0,0.0,0.0740740629629629,0.0,0.003333332,0.0085317476190476,0.0034722208333333,0.004629625,0.0019067696428571,0.0037239039408866,0.0007227883928571,1.0,0.0,0.111111,0.0833333,0.0833333,0.111111,4.66032,7510.0,46024.0,0.1073,0.4662,0.2302,0.0
1,0.0589787198024963,1.22318119051246,2.2303290545662846,-0.1603878968957747,-0.1471808433601343,-0.1390275615093676,0.2581630501743749,0.6777013475544635,2.074521585233518,5.715473350592246,0.3444993272938171,57.45614035087719,40.588235294117645,3.69,744,0.0,1.0,0.0,0.0,0.0,0.0,0.1265,1.0,0.0069444416666666,0.0148148233333333,0.0,0.0,0.0215057229166666,0.0,0.0023148125,0.1054518121568627,0.0,0.0833333,0.388889,0.0,0.295238,0.111111,0.85,9.35021,14.0,103.0,0.123,0.7459,0.1649,0.0
1,0.5770100455810241,0.1624939383951431,2.4325318481155773,-0.0255993754863071,0.0048798892874184,-0.2459922824163768,0.6212033685630688,-0.083386819437199,1.309203671104656,0.8880750897643683,0.6136855833316095,57.63389288569145,40.588235294117645,3.7,1727,0.0,1.0,0.0,0.0,0.1355,1.0,0.0,0.0,0.4130812894736842,0.0025252515151515,0.0,0.0705885925,0.0026666679999999,0.0,0.0111189192982456,0.0035286923076923,0.0,1.0,0.0833333,0.838095,0.0666667,0.15,0.111111,4.34117,6018.0,319.0,0.1248,1.1075,0.1126,0.0
1,1.147678597754948,0.0019733337156548,0.2872523209319287,-0.1189848661412481,-0.0402881291370574,-0.1492660732036956,0.7011813794634429,0.0172808038352039,0.1812022119784527,2.7262739097912525,0.6075581660298558,48.17880794701987,34.11764705882353,3.72,0,0.0,1.0,0.0,0.0,0.2595,1.0,0.0,0.0,0.2451345652173912,0.0074074,0.5115306375,0.0586167809523809,0.0,0.24695156,0.0239759354838709,0.0064369394366197,0.0222225380208333,1.0,0.111111,0.572222,0.0,0.366667,0.116667,3.44388,1457.0,1763.0,0.0767,0.4605,0.1666,0.0
1,-0.1950896615983148,0.2198002184409077,1.4504469433753242,-0.1292965167762442,0.0164494650793182,0.0726628441800061,-0.0916478950868457,-0.0267287321782201,1.1916500109325605,1.6338717808283003,0.8053827849493189,46.236559139784944,35.88235294117647,1.72,90,0.0,1.0,0.0,0.0,0.0,0.0,0.3464,1.0,0.0,0.0222222,0.0,0.0,0.0128558181818181,0.02777775,0.0053037518072289,0.0140863218181818,0.0129629533333333,0.0,0.111111,0.0,0.111111,0.111111,0.152778,5.00904,1133.0,20041.0,0.1252,0.385,0.3252,0.0
1,-0.1276774011439918,0.0324007226572622,-0.017474608987728,0.1308910544662289,0.1255243706259743,-0.0992720619657192,-0.1474911386421504,0.1265141534756164,0.0874351966082524,1.4163416724482294,0.5014448059001049,42.497482376636455,40.0,1.64,855,0.0,0.0,0.0,1.0,0.0,0.0,0.10799999999999998,1.0,0.0,0.0,0.0072463782608695,0.0,0.0789242222222222,0.0029949132075471,0.0018518511111111,0.0034722229166666,0.0019228424710424,0.0,0.0,0.0,0.388889,0.0833333,0.111111,3.38932,7276.0,4873.0,0.1149,0.3282,0.3502,0.0
1,-0.2715461924064331,0.0545786712290528,0.64382723541708,-0.1035408135502532,0.10516291221701,-0.4206008548217436,-0.2153692906682569,-0.0023333750588372,0.9100485568574368,4.774200790689895,0.2435550572311683,50.57833859095688,42.35294117647059,1.35,0,0.0,0.0,1.0,0.0,0.0,0.0,0.3270000000000001,1.0,0.004883381632653,0.7358087999999999,0.1975308888888889,0.0062499999999999,0.196785365116279,0.0039682642857142,0.0039687748031496,0.0222445648401826,0.0040281838709677,0.0833333,1.0,0.0833333,0.75,0.111111,0.5,4.23665,22616.0,32017.0,0.0811,0.6758,0.1201,0.0
1,-0.1072042466664235,0.547650405660255,-0.2213102139271154,0.5582160922628192,-0.1054721404533088,0.2520903017065045,-0.2693840866446115,0.6184104429036817,-0.1337329893345361,0.5665841715986218,0.9362804191898896,43.42507645259938,40.588235294117645,1.33,0,0.0,1.0,0.0,0.0,0.032,0.96,0.0,0.0,0.0039408862068965,0.035552624074074,0.0053104617647058,0.008937204347826,0.0040849745098039,0.0014619894736842,0.0039793896551724,0.0077582786956521,0.0043174606666666,0.0666667,0.916667,0.0833333,0.152778,0.111111,1.0,4.23665,34950.0,18928.0,0.1855,0.462,0.4016,0.0
1,-0.1966286122044239,-0.1293307231421438,-0.0007563941948736,0.5683533667083568,0.1678607425590193,-0.2156685601164429,-0.1827868573787374,0.0107885691254347,-0.093640160665412,0.3643791534460059,1.0,44.83925549915397,35.294117647058826,1.31,163,0.0,1.0,0.0,0.0,0.6094499999999999,1.0,0.0,0.0,0.8366402222222222,0.1027778076923077,0.0,0.2176045454545454,0.01610645,0.0083333375,0.0791302674999999,0.0109081602941176,0.0,1.0,0.916667,0.571429,0.15873,0.388889,1.0,4.23665,15890.0,39595.0,0.1546,0.4769,0.3243,0.0
1,-0.1933424491149755,0.0710922783746343,-0.1967866465702795,0.0708118559539076,0.1315374151419334,0.1795221145586236,-0.2576564663783615,-0.1265483396752351,-0.216712185922102,0.1626538233262739,1.0,43.42105263157895,34.705882352941174,1.27,0,0.0,1.0,0.0,0.0,0.2474,1.0,0.24945000000000003,1.0,0.1122372162162162,0.0079821137931034,0.0805675969696969,0.0384828302325581,0.0043402812499999,0.0048899161290322,0.0087727587939698,0.0036557775362318,0.0034468803324099,1.0,0.111111,0.571429,0.0833333,0.186508,0.0833333,4.23665,43962.0,9776.0,0.1971,0.3775,0.5222,0.0
1,-0.1328455414933885,-0.2396010774028426,0.2535707714927266,-0.1035014040059834,0.5032598812380021,-0.2928073477201168,-0.1529787536133426,-0.2110464910348321,0.7803735813108373,2.108344901858377,0.4125937445182461,45.73643410852713,32.94117647058823,0.7,3299,0.0,1.0,0.0,0.0,0.0,0.0,0.0,0.0,0.0492611034482758,0.236111125,0.0,0.0061728333333333,0.00555557,0.0,0.0069035007936507,0.0032679705882352,0.0019227628865979,0.916667,1.0,0.111111,0.0555557,0.0833333,0.111111,4.91051,27977.0,10979.0,0.0398,0.3947,0.1007,0.0
1,-0.0048107435030181,0.130804770925185,1.1325552929865794,0.0206378945754394,0.0798992842387009,-0.0494686393730008,0.0417817350611422,0.1799713026733411,1.0578689828348906,5.366324194697855,0.113290213313573,53.559322033898304,46.47058823529412,0.6,217,0.0,0.0,0.0,1.0,0.03865,0.95,0.8604999999999999,1.0,0.0058877837209302,0.00555555,0.0042242677419354,0.0,0.0,0.0046296277777777,0.0044480827027027,0.0050366269230769,0.0014783697478991,0.0833333,0.0333333,0.0,0.0,0.111111,0.0833333,4.9718,1853.0,63278.0,0.0475,0.4725,0.1004,0.0
1,-0.032344320069082,0.1995739272015769,0.8703363588297522,0.0568091598954075,-0.0786385517667064,-0.1411691891816108,-0.0356383751798095,0.1963744730963876,0.7398314719573399,1.1247632756910653,0.8236960403083584,52.228875582169,38.23529411764706,0.56,450,0.0,0.0,0.0,1.0,0.1425,1.0,0.22975,1.0,0.0024509823529411,0.5413416200000001,0.0017316,0.0040816321428571,0.4460377576923077,0.0042016862745098,0.0483336310880829,0.0744794187192118,0.0027674304347826,0.0416667,1.0,0.0666667,1.0,0.969697,0.633333,4.9718,8569.0,55617.0,0.1078,0.489,0.2204,0.0
1,-0.0965080530670341,0.0478951737234343,0.1478476044267965,0.3101894251261191,0.1248573209014738,0.4263700720659831,0.0456094993189998,-0.1741134328094775,-0.0790263068590048,2.642425928638706,0.7545545181761297,41.05902777777778,35.294117647058826,0.41,195,0.0,0.0,1.0,0.0,0.42944999999999994,1.0,0.27275000000000005,1.0,0.2666667,0.2129251428571428,0.0036375666666666,0.360301,0.076389,0.0052485588235294,0.032659365079365,0.0156249875,0.0036151594339622,0.888889,1.0,0.916667,0.305556,0.416667,0.333333,4.9718,29125.0,34341.0,0.081,0.3542,0.2286,0.0
1,-0.2181535538087488,-0.2598614099624355,0.3330310725346811,0.2902140410983738,-0.2615581372014462,0.1551034184748066,-0.1911090486641396,-0.0587003858513356,0.5277016286572376,6.252449726545311,0.0987023759895225,51.21412803532009,44.11764705882353,0.36,0,0.0,1.0,0.0,0.0,0.0665,1.0,0.0,0.0,0.1413179515151515,0.002020203030303,0.0,0.0045045054054054,0.005839,0.0,0.0037218977695167,0.0054419354700854,0.0022222226666666,1.0,0.0666667,0.111111,0.0833333,0.111111,0.111111,5.67228,27191.0,38193.0,0.028,0.4305,0.0651,0.0
1,-0.2148194266471491,0.3849261101964959,-0.1094323116227478,-0.2201614788937934,0.100420627707851,-0.3406600219103878,-0.128356604454688,0.4386470315973041,-0.12457636253386,2.657891521718648,0.1266001917064059,45.94894561598224,34.705882352941174,0.3,451,0.0,1.0,0.0,0.0,0.42515000000000003,1.0,0.077,1.0,0.551587,0.0,0.1182652063829787,0.297619,0.001984125,0.0021205354166666,0.0634453882352941,0.0035327158536585,0.0016947197986577,0.65873,0.0,0.527778,0.047619,0.166667,0.0833333,5.67228,45545.0,17121.0,0.044,0.343,0.1282,0.0
1,-0.2757374068907043,-0.1100239977542353,-0.179675775532115,-0.0895960222604348,-0.0589573730794976,-0.2835909838240371,-0.1891471318070859,-0.0973829223023812,-0.178311849758269,0.7369711266059593,0.9041089607635282,49.105691056910565,34.11764705882353,0.28,0,0.0,0.0,0.0,1.0,0.0,0.0,0.0427,1.0,0.0434173529411764,0.0,0.0,0.002083334375,0.0055827852941176,0.0025062631578947,0.0024367166666666,0.0012158616161616,0.0038933849056603,0.738095,0.0,0.0666667,0.111111,0.0666667,0.0833333,5.67228,50139.0,15472.0,0.073,0.299,0.2443,0.0
1,-0.2193464117646421,-0.1955474718696283,-0.1899309554506318,-0.2369286863519023,0.1837541702765835,0.0351454671134333,-0.1985160633279063,0.0958704781238109,0.0828345945519152,1.0015760732831858,0.606292375926604,42.56651017214397,31.76470588235294,0.26,0,0.0,0.0,0.0,1.0,0.0,0.0,0.077,1.0,0.00238095,0.0,0.0013605428571428,0.0022675714285714,0.0051203225806451,0.0023148147058823,0.0036961383386581,0.0031148677419354,0.0035664521505376,0.047619,0.0,0.111111,0.111111,0.166667,0.0833333,5.67228,12431.0,51690.0,0.0558,0.2774,0.2012,0.0
1,-0.234466575328737,-0.0393615105712742,0.2286140729047902,0.2571755279750293,0.1315873198288806,0.3053053159909925,-0.0657337875495241,-0.2094126773242371,0.3177376898394518,1.4235552816023502,0.6695027208758155,50.63291139240506,37.64705882352941,0.23,0,0.0,1.0,0.0,0.0,0.4069,1.0,0.0,0.0,0.1910052857142857,0.0,0.002583976744186,0.0149382666666666,0.0042328023809523,0.0,0.050486001980198,0.0038106126712328,0.0012195121951219,1.0,0.0,0.0833333,0.111111,0.666667,0.166667,5.67228,8467.0,56816.0,0.0634,0.3313,0.1913,0.0
1,-0.3240389203335722,-0.196220855717723,-0.1834810345644985,0.1490893101079166,-0.0001399050100138,0.116589981632293,-0.273663756585832,-0.1331619199454689,-0.0906082594738685,0.02147152961732,1.0,45.30651340996169,34.705882352941174,0.15,0,0.0,1.0,0.0,0.0,0.08795,1.0,0.0,0.0,0.0045584025641025,0.0008230444444444,0.19351191,0.0029040393939393,0.0044146857142857,0.0062358261904761,0.0027942414084507,0.0032334350694444,0.0031943028368794,0.111111,0.037037,0.0833333,0.0833333,0.111111,0.166667,4.23665,1948.0,7311.0,0.0814,0.3954,0.2057,0.0
1,-0.2027434380626744,-0.1157251272061314,0.0032813626625728,0.0327430479321588,0.3027977431114913,0.3483135549882735,-0.1584195210884674,-0.06380012755494,0.3415696139356146,0.8145492551522227,0.7802223949692957,48.61111111111111,37.64705882352941,0.12,470,0.0,0.0,0.0,1.0,0.0305,0.94,0.124,1.0,0.0008230444444444,0.0,0.0,0.0046825457142857,0.0019725228070175,0.00396825,0.0061958106666666,0.002067612704918,0.0037393134615384,0.037037,0.0,0.0666667,0.047619,0.166667,0.0833333,5.18796,6348.0,4219.0,0.0963,0.3345,0.2879,0.0
1,-0.1916049235983401,0.5446892457843022,-0.1129982330472542,0.1812287353433984,-0.2304301337708586,-0.16917047403602,-0.0186636948374935,1.4581711534633226,0.2137237906749809,2.274474062829483,0.2762684447207083,44.69214437367304,42.94117647058823,0.1,749,0.0,0.0,0.0,1.0,0.0,0.0,0.124,1.0,0.008333325,0.0,0.0412698571428571,0.0064102538461538,0.0017276734693877,0.0018888899999999,0.0052028203703703,0.0022687352459016,0.004597220338983,0.0333333,0.0,0.0833333,0.047619,0.0833333,0.111111,5.18796,687.0,8171.0,0.1085,0.479,0.2266,0.0
1,0.2477031382586476,-0.3837513131298383,-0.3172738530067403,-0.2469112837836867,-0.1891864287013987,-0.2982727013304629,0.4348128827336724,-0.2506940387673665,-0.2277825466365815,0.7984274207279217,0.9539966130282476,40.40790312300829,37.05882352941177,0.0,0,0.0,0.0,1.0,0.0,0.0,0.0,0.0,0.0,0.0047619071428571,0.1607843117647058,0.0123456666666666,0.0021929815789473,0.0,0.016453,0.0030511459259259,0.0026358474452554,0.0052284412162162,0.0666667,1.0,0.0833333,0.0,0.111111,0.111111,5.18796,17331.0,12694.0,0.1676,0.3117,0.5378,0.0
1,-0.3412419417529093,0.6519335372007142,0.6590656913083623,-0.0025748329129568,0.2197158956743035,-0.3082695862887751,-0.102762375680667,0.9647270178459176,1.043440125210203,5.292055326959036,0.3934522201018412,44.88017429193899,39.41176470588236,-0.08,248,0.0,1.0,0.0,0.0,0.24944999999999998,1.0,0.12400000000000003,1.0,0.0084736333333333,0.0,0.0,0.0,0.0,0.0,0.0030060876712328,0.0029411764705882,0.00396825,0.0666667,0.0,0.0,0.0,0.111111,0.0833333,3.17749,4832.0,26571.0,0.1231,0.4558,0.2701,0.0
1,1.1981597114331357,0.4742409223630302,0.8810606471058182,-0.3458181010246373,0.1695131313541391,-0.1526434004983239,1.0696313883285042,0.9088302591707612,1.060663610758205,5.222728178787467,0.0902724196202098,50.135501355013545,34.11764705882353,-0.1,315,0.0,1.0,0.0,0.0,0.2495,1.0,0.09845000000000001,1.0,0.0133333399999999,0.0009920625,0.0050505117647058,0.0,0.0,0.0065359411764705,0.0,0.0035273333333333,0.0027860455357142,0.0666667,0.047619,0.0,0.0,0.0,0.111111,3.17749,29256.0,2051.0,0.0606,0.3848,0.1575,0.0
1,-0.5838410126731789,1.3081500355050684,0.0505427215645486,0.0543607010353778,-0.2990571525353566,-0.1973911284413222,-0.4451574655705462,1.059916200638301,0.0328402533375401,3.839560283808016,0.2065486293645006,46.642899584076055,45.294117647058826,-0.14,0,0.0,1.0,0.0,0.0,0.27105,1.0,0.12445,1.0,0.0015873,0.1238095714285714,0.1283118622641509,0.0,0.01666666,0.0017123301369863,0.0037792857142857,0.0090347878787878,0.0033145155405405,0.047619,0.866667,0.0,0.0833333,0.111111,0.111111,3.45864,900.0,7054.0,0.0143,0.5423,0.0264,0.0
1,-0.1469127163986358,0.1305349156164985,0.0274271481576233,0.1628650352135316,0.1555093600154822,0.572157741377576,0.0321861880351874,0.1235291036491547,-0.0599821178281669,0.951626963814922,0.836485422763259,50.9212730318258,33.52941176470588,-0.28,194,0.0,1.0,0.0,0.0,0.27595000000000003,1.0,0.7866500000000001,1.0,0.7992831690140844,0.7751592727272727,0.0020202,0.5104069440677966,0.364668332,0.003518514,0.0458158864583333,0.0775550082524272,0.0018819161616161,1.0,1.0,1.0,1.0,0.587301,0.583333,5.34297,15108.0,48251.0,0.0887,0.4657,0.1906,0.0
1,-0.1276594160865382,0.1691185279143188,0.4154712507679955,0.1766709302094893,0.0047278327049283,-0.065690458777255,0.0257891312700134,0.2794474927372264,0.7782138208819076,7.58318509317804,0.0667720393885916,51.12179487179487,49.41176470588236,-0.3,126,0.0,1.0,0.0,0.0,0.18200000000000002,1.0,0.7864999999999999,1.0,0.6042192812499999,0.7664330212765957,0.0048048027027027,0.5428630588235291,0.364668332,0.0012626295454545,0.0585514404166666,0.0780823756097561,0.0028826616161616,1.0,1.0,0.933333,1.0,0.535736,0.583333,5.34297,45051.0,18454.0,0.0315,0.471,0.0669,0.0
1,-0.2709001079119639,0.2465885523090603,0.2117396709461171,-0.1136398388887081,0.0224616330387988,-0.1670806754191061,-0.0506909168627971,0.1363480404355545,0.4451729400400475,2.576891597566121,0.2938757319209438,49.717514124293785,36.47058823529412,-0.49,269,0.0,1.0,0.0,0.0,0.37260000000000004,1.0,0.0,0.0,0.3128223125,0.0323308263157894,0.04166665,0.0163265714285714,0.0017636666666666,0.0,0.0076298681818181,0.0018981511111111,0.0,1.0,0.952381,0.114286,0.111111,0.194444,0.0666667,4.3233,7506.0,55520.0,0.0635,0.3706,0.1713,0.0
1,0.3963634084990373,-0.0061033958835711,0.3652931367493175,-0.214318870802759,0.4132499459532973,-0.2621287322143453,1.165037421117583,-0.0034333585378232,0.9340421323928222,1.343563506166766,0.2989611840825878,51.89289012003694,41.76470588235294,-0.54,0,0.0,1.0,0.0,0.0,0.05630000000000001,1.0,0.0,0.0,0.0248537894736842,0.3308244096774194,0.1523539393939393,0.0373842583333333,0.0056644901960784,0.0,0.0213032575187969,0.0037564777202072,0.0033588793103448,0.833333,1.0,0.833333,0.0833333,0.777778,0.111111,4.54561,35653.0,120.0,0.0519,0.4368,0.1187,0.0
1,0.4177991263827901,0.0476719515614151,-0.2629312385805112,-0.1756274652779589,-0.2709925945378634,-0.2238686055763736,0.6451353500608052,0.5582416337920085,-0.2027310275014383,1.81151563805444,0.2870672239788988,48.493975903614455,41.76470588235294,-0.64,4905,0.0,1.0,0.0,0.0,0.0,0.0,0.0,0.0,0.0,0.0,0.0,0.0,0.0,0.0023584905660377,0.0035476833333333,0.0006006009009009,0.0043231204301075,0.0,0.0,0.0,0.0,0.111111,0.0666667,8.04964,23024.0,12673.0,0.017,0.3008,0.0564,0.0
1,-0.2468084825591433,0.3378535229872135,0.5849116146159117,-0.2925680406753424,-0.1420487294701476,-0.1752914839505698,-0.1527034135920959,-0.0309153090855075,0.8059502610814295,5.600534883653353,0.1116868810659297,49.50248756218906,40.588235294117645,-0.65,3216,0.0,1.0,0.0,0.0,0.0,0.0,0.0,0.0,0.1049162777777777,0.0,0.0,0.0,0.0021929824561403,0.0,0.0032242011363636,0.0029597279475982,0.0,0.730159,0.0,0.0,0.0833333,0.194444,0.111111,8.04964,10984.0,25365.0,0.0208,0.3061,0.0681,0.0
1,0.1076683068550397,0.1313100195451887,0.300411408283519,-0.2574909133474343,-0.1572817798025069,-0.0964818073527257,0.4898293246687065,0.4983502953484875,0.3336427235028575,3.703382228907886,0.2162441846027676,48.28349944629014,41.76470588235294,-0.68,3782,0.0,1.0,0.0,0.0,0.0,0.0,0.0,0.0,0.02777775,0.0481481666666666,0.0510281428571428,0.005238092,0.0023849606060606,0.0,0.0041867971014492,0.0033597891666666,0.0027777757142857,0.111111,0.866667,0.0833333,0.0416667,0.0833333,0.15,8.04964,34190.0,1760.0,0.0542,0.3765,0.1439,0.0
1,0.1594217306226671,-0.1229860657826234,-0.2567438078969334,-0.2663107292584791,-0.1076808721907065,-0.1365663217175427,-0.0180685003961602,0.034756585839785,-0.3170076373819048,0.0939597652689011,0.8762469634605512,42.69924374636416,32.35294117647059,-0.82,0,0.0,1.0,0.0,0.0,0.0,0.0,0.0,0.0,0.0,0.0,0.2887387486486487,0.0,0.0,0.0131104301886792,0.0031298873239436,0.0051971333333333,0.0039324468152866,0.0,0.0,0.0,0.0,0.111111,0.111111,5.00904,28403.0,16841.0,0.0653,0.3068,0.2129,0.0
1,0.475919905249864,0.1876061972198683,2.941880590710817,-0.2774961573090914,-0.0617280304473218,-0.5509203509154095,0.7716703375813969,0.2061701787124624,3.0451085124582478,5.506596034329292,0.1837406726143276,56.875,42.94117647058823,-0.9,665,0.0,1.0,0.0,0.0,0.0,0.0,0.1295,1.0,0.4905983076923077,0.0,0.0,0.1606481666666666,0.0043560613636363,0.0,0.1145364044776119,0.0090245814516129,0.0,1.0,0.0,0.733333,0.0833333,0.822222,0.353175,7.34659,6.0,383.0,0.1027,0.9356,0.1098,0.0
1,-0.2401931494350488,-0.1592456509782081,0.0883406907625936,0.13457163322628,-0.0191018994111721,0.652270263671959,-0.1251517768495339,-0.1103695319137199,-0.1348607815976482,0.0,,47.6010101010101,36.47058823529412,-0.92,367,0.0,1.0,0.0,0.0,0.26025000000000004,1.0,0.11250000000000002,1.0,0.5975925333333333,0.0049019588235294,0.0,0.2783509222222222,0.0021164,0.0,0.0196717109090909,0.0036763024767801,0.0095785413793103,1.0,0.0833333,0.866667,0.047619,0.5,0.142857,5.26126,5614.0,4425.0,0.2928,0.5504,0.5319,0.0
1,0.2897712480581911,0.590725903775766,0.2180342049006712,-0.2546668351499977,-0.0683627742629013,-0.1268680917897528,0.5363990381445367,0.5169625741688424,0.2284417487996522,5.630584134327904,0.1281359148099528,47.23809523809524,43.52941176470589,-0.96,542,0.0,1.0,0.0,0.0,0.11800000000000001,1.0,0.0,0.0,0.3055556666666666,0.0,0.141452172972973,0.0244444799999999,0.006118146835443,0.0033684116279069,0.0243145727272727,0.0059625561538461,0.004163639869281,0.916667,0.0,0.0666667,0.166667,0.277778,0.111111,5.26712,4470.0,24762.0,0.0933,0.7299,0.1278,0.0
1,-0.110451676038508,0.1632024358706439,-0.024127211729962,-0.0702346648652405,-0.0848469994768315,-0.2250795829519279,-0.1551322660006423,0.2329316633648358,0.2403491873854569,2.9611233698676616,0.21203345317112,45.33333333333333,45.88235294117647,-0.97,3283,0.0,1.0,0.0,0.0,0.0,0.0,0.0,0.0,0.0918198315789473,0.0,0.0,0.0030023026315789,0.0021879,0.0069629693333333,0.0064122421875,0.0024545775510204,0.0034658447368421,1.0,0.0,0.103175,0.047619,0.111111,0.0666667,5.26712,7211.0,22227.0,0.0374,0.3579,0.1045,0.0
1,0.2251858311957342,-0.227172853888476,-0.1533271144738024,-0.4366761184711301,0.0870516920487708,-0.321518815685704,0.1812744444735985,-0.158877027361908,-0.3626617280073443,0.0913455347157356,1.0,40.62222222222222,24.705882352941178,-0.97,1534,0.0,1.0,0.0,0.0,0.0,0.0,0.1874,1.0,0.0,0.1728275779661017,0.0,0.0027777818181818,0.0027350415384615,0.0056489205882352,0.0028942755208333,0.0025517641732283,0.0039426329842931,0.0,1.0,0.0666667,0.111111,0.103175,0.111111,5.26712,10390.0,19654.0,0.2342,0.5466,0.4285,0.0
1,-0.1158541014836071,0.2713470113481226,0.548218184232258,-0.1732418710326715,-0.209600840663494,-0.3803778952757866,-0.1965888056297653,0.4074490894926958,0.916676651574144,4.3600200031440055,0.5117980511367398,51.958762886597945,31.76470588235294,-0.98,0,0.0,1.0,0.0,0.0,0.099,1.0,0.0,0.0,0.0120370444444444,0.0019157137931034,0.1346206146341463,0.0036857745762711,0.004466588372093,0.0030303038961038,0.0046700094736842,0.0029989041509433,0.0031782777777777,0.416667,0.0555557,0.150794,0.111111,0.111111,0.0833333,5.26712,16943.0,11697.0,0.0247,0.4988,0.0496,0.0
1,-0.1433950424136576,-0.0837896421615974,1.881990660129312,-0.0859781063613938,0.9891725047775418,-0.252734986677516,0.0108696982027468,0.1510572341787227,2.174917082482077,3.1439672036595523,0.3250939648700387,60.10498687664042,39.41176470588236,-1.0,976,0.0,0.0,0.0,1.0,0.0,0.0,0.4905,1.0,0.178835923076923,0.4253234263888888,0.0,0.2152715452830189,0.2309807186440677,0.0111111166666666,0.0149286010752688,0.0363351973282442,0.0,1.0,1.0,1.0,0.822222,0.316667,0.590909,5.71948,5606.0,25182.0,0.0579,0.8603,0.0673,0.0
1,-0.1738291208462297,-0.1790171015336149,0.1273465008702811,-0.0417313912373118,0.2062280339674688,-0.1313118531565398,-0.1020732117773648,0.1241304982893261,0.3674258719733002,3.677929668107187,0.3006639454953588,47.76021080368906,44.11764705882353,-1.02,695,0.0,1.0,0.0,0.0,0.0,0.0,0.21044999999999997,1.0,0.0008230444444444,0.2121772939393939,0.1995791333333333,0.0042664727272727,0.1402343594594594,0.0040064096153846,0.0022732194968553,0.0260028450980392,0.0031087386831275,0.037037,1.0,0.0833333,0.785714,0.111111,0.391667,5.34297,50.0,26183.0,0.0493,0.555,0.0889,0.0
1,-0.3809406600051979,-0.26287997172521,-0.3201060066349522,0.7062567983028912,0.567068059119471,0.689682872517692,-0.1218069480345104,-0.1534683541040194,-0.2237658397757577,0.2640580427258731,0.836125302292305,43.5792349726776,42.94117647058823,-1.03,0,0.0,1.0,0.0,0.0,0.0,0.0,0.2822,1.0,0.00259,0.3327940071428572,0.0029868612903225,0.0114520175,0.0987915,0.0,0.0041765629921259,0.0188207032894736,0.0025970151351351,0.037037,1.0,0.111111,0.72601,0.0833333,0.363636,5.34297,6409.0,20909.0,0.0861,0.2969,0.29,0.0
1,-0.3719335786961318,-0.1294556181283283,-0.1565906440770378,0.8338955310746927,0.3449414955211337,0.8048119464916464,-0.2982770462811983,-0.2931787884391495,-0.3283074133874407,0.0,,48.32402234636872,34.11764705882353,-1.04,0,0.0,0.0,0.0,1.0,0.0,0.0,0.077,1.0,0.0,0.0142783624999999,0.2108465510204082,0.0037830674999999,0.0033436194444444,0.0316977692307692,0.0050343958955223,0.0058025490494296,0.0233311273255814,0.0,0.166667,0.084656,0.0833333,0.122222,0.138889,5.34297,16661.0,9045.0,0.0741,0.3735,0.1983,0.0
1,0.0466532008355587,0.0998057992375298,1.1742259067361809,-0.0005101858647159,-0.0165474193675647,-0.0032055060127507,0.1016042413678059,0.1179280516317122,2.319497732676962,3.223347768101334,0.5759499422010756,46.62756598240469,37.64705882352941,-1.06,1013,0.0,0.0,0.0,1.0,0.21109999999999998,1.0,0.09450000000000001,1.0,0.0034883720930232,0.2096937026315789,0.0014124288135593,0.0463450184210526,0.1006138395348837,0.0019607852941176,0.0131524356756756,0.0308642961538461,0.0028944907563025,0.0833333,1.0,0.75,0.916667,0.5,0.569444,11.0199,474.0,431.0,0.091,0.4572,0.199,0.0
1,0.158151390286984,0.0113903512743496,-0.4021780605702044,-0.1053475415958528,-0.0492460297539969,0.338702833746623,0.1879675044322719,-0.0433922502874201,-0.207118219089743,1.762391982943919,0.7030323102524486,45.68345323741007,34.705882352941174,-1.06,0,0.0,1.0,0.0,0.0,0.0425,0.94,0.03325,0.98,0.70559167,0.0579884170731707,0.1853082558139535,0.2752404333333333,0.0503976304347826,0.0338383772727272,0.0919723254237288,0.0087125875,0.0077808234042553,1.0,1.0,1.0,0.952381,0.666667,0.295238,84.0975,23524.0,1719.0,0.1038,0.3149,0.3296,0.0
1,0.1482208999923013,0.1338160828273795,0.266224299550891,-0.2741245465770878,-0.1886504790546584,-0.1509104634108267,0.1818794713868406,0.2764495230208906,0.3699374316796549,3.221162281413043,0.2006021851185889,43.993993993994,41.17647058823529,-1.0,2810,0.0,0.0,0.0,1.0,0.0,0.0,0.0,0.0,0.0,0.041555548,0.1188198092592592,0.003663,0.0013020828125,0.0022700764705882,0.0038194484375,0.0031851376106194,0.0023936459595959,0.0,0.833333,0.047619,0.0833333,0.177778,0.111111,3.60115,41133.0,11576.0,0.0574,0.3702,0.1551,0.0
1,-0.3357474765907497,-0.1451231237953097,-0.1735729313733048,0.3397328899580262,0.2089876038871641,0.4093870197416049,-0.3881899315802438,-0.1700279487470033,-0.5027724218598661,0.9349696068882372,0.9937428227676228,39.95859213250517,34.11764705882353,-0.94,826,0.0,0.0,0.0,1.0,0.0,0.0,0.08,1.0,0.0,0.0129629533333333,0.0,0.0,0.0024509823529411,0.0,0.0017006795918367,0.0053992280487804,0.0048309130434782,0.0,0.111111,0.0,0.0416667,0.0833333,0.111111,7.10415,34743.0,20591.0,0.2122,0.2845,0.7461,0.0
1,-0.0555739678873304,-0.0110299825688164,0.2474754462123676,-0.3093070617224788,-0.0315363588379828,-0.2830404397349773,-0.3262094732554811,-0.1312248495696192,0.43267123288234,3.387486348162968,0.2114745413187866,43.97590361445783,38.82352941176471,-0.83,268,0.0,0.0,1.0,0.0,0.09849999999999999,1.0,0.0,0.0,0.02777775,0.1218044736842105,0.3172105653846153,0.0,0.0024509794117647,0.0023640638297872,0.0,0.0020576148148148,0.0058476616666666,0.111111,0.933333,0.0,0.0833333,0.0,0.0666667,5.34297,125.0,10260.0,0.045,0.4001,0.1126,0.0
1,-0.1193013941344079,0.1012393357695444,0.2630030973350614,0.2504908705939749,0.355014686965168,-0.3603618091117669,-0.0433581592361446,0.0921896736425822,0.3800219489801637,4.396666718043125,0.0789883808257603,44.19595314164005,40.0,-0.67,2297,0.0,0.0,1.0,0.0,0.0,0.0,0.0,0.0,0.0,0.0092592555555555,0.0079365,0.0,0.0,0.0069444416666666,0.0036945793103448,0.0045284764705882,0.0016304347826086,0.0,0.0833333,0.0,0.0,0.0833333,0.0833333,5.78532,37300.0,4779.0,0.0436,0.3014,0.1448,0.0
1,-0.1358485177248212,0.1641111595105255,0.0760734445473894,-0.1098737913254301,-0.0324799801828517,-0.2110678141761479,-0.0557623259353095,0.0990611558222543,0.1634976038873867,4.085535322308975,0.1177539107339686,46.24756335282651,52.94117647058824,0.02,489,0.0,1.0,0.0,0.0,0.0665,1.0,0.0,0.0,0.024127,0.0,0.1837398219512195,0.00132275,0.0037037020833333,0.0046857484848484,0.0037711704697986,0.004245786231884,0.003504563003663,0.377778,0.0,0.047619,0.111111,0.133333,0.111111,4.95884,50378.0,179.0,0.03,0.3702,0.081,0.0
1,0.0923256700026255,-0.0651044597807094,0.0538672374033403,0.3912790117259845,0.5438235476159179,0.5243867632058056,0.0323869858367348,0.0529292441749366,0.1640495727258923,2.8383803320673264,0.3597233498826798,43.01494476933073,25.882352941176475,0.34,837,0.0,1.0,0.0,0.0,0.0,0.0,0.056999999999999995,1.0,0.004464285,0.1481522499999999,0.0,0.0,0.0894066,0.0041902101694915,0.0029382965116279,0.0351259846645367,0.004781785,0.047619,0.958333,0.0,0.916667,0.144444,0.885714,4.3233,2582.0,2349.0,0.0725,0.3005,0.2412,0.0
1,0.4934391743843016,0.5222498530985982,0.0484830644307807,0.0596188207646609,0.0257606378955606,-0.1105518868985338,0.8841333536743765,0.6110169059442484,0.1478936840735104,4.788966736073162,0.1333485710669217,44.45822994210091,46.47058823529412,0.51,7417,0.0,1.0,0.0,0.0,0.0,0.0,0.0,0.0,0.0,0.0136363636363636,0.701438433962264,0.0,0.0,0.014936314074074,0.0024154652173913,0.0059974704545454,0.0093355264631043,0.0,0.0833333,0.0,0.0,0.0555557,0.111111,4.05163,844.0,500.0,0.034,0.3063,0.1109,0.0
1,-0.061381809767309,0.6443182789368146,0.0302944917863795,-0.0601415884309701,-0.225766239784372,-0.2542045950085733,-0.234802087050064,0.7193358684338226,0.1543280205731329,4.41401533718521,0.1961075814594406,46.60956459671663,38.82352941176471,0.82,2159,0.0,0.0,1.0,0.0,0.0,0.0,0.0,0.0,0.0027272727272727,0.0,0.0,0.0026903406779661,0.0111111,0.00381945,0.0016677577319587,0.0037662342857142,0.0003261575342465,0.0833333,0.0,0.0833333,0.111111,0.0833333,0.111111,7.01265,265.0,17549.0,0.0518,0.2441,0.2124,0.0
1,-0.0251691944785297,-0.0622598092696837,-0.1107974344184334,-0.2677087528087499,-0.067759845239768,0.0897768853322623,0.1390554535898912,-0.2168381460702201,-0.1203705780092059,0.5985218202217946,0.7800729181791479,43.58974358974359,38.82352941176471,0.89,8405,0.0,0.0,1.0,0.0,0.0,0.0,0.0,0.0,0.0,0.0,0.0,0.010101,0.0023809535714285,0.0038314137931034,0.0034689,0.006444448,0.0032459449438202,0.0,0.0,0.111111,0.0666667,0.111111,0.111111,7.01265,6511.0,13448.0,0.1028,0.3042,0.3379,0.0
1,0.0070216643704631,0.4558170077930592,0.1646313608171464,-0.1843422241326243,-0.3105241482657057,-0.2353411014731494,-0.1418529025210882,0.5817227913846924,0.4733545543642853,3.055411161131431,0.1371052609007875,44.96124031007752,36.47058823529412,1.06,18396,0.0,0.0,0.0,1.0,0.0,0.0,0.0,0.0,0.0138888833333333,0.0852656956521739,0.0,0.0,0.0024509794117647,0.0104166625,0.0,0.0037836825581395,0.0,0.0833333,0.933333,0.0,0.0833333,0.0,0.111111,5.34297,516.0,19792.0,0.0169,0.2737,0.0617,0.0
1,-0.1391512458342529,-0.1365219577484885,-0.2052751891850097,-0.2780322593678672,-0.1164401719010537,-0.2684509539653543,0.1056515026662611,0.2425520666903349,-0.2713228512872579,2.4301932030025464,0.3006004803461141,45.221646516983306,39.41176470588236,1.18,6383,0.0,0.0,0.0,1.0,0.0,0.0,0.0,0.0,0.0,0.0024691333333333,0.3349656977272727,0.0,0.0019841321428571,0.0027988242424242,0.005291,0.0038559611510791,0.0025330167979002,0.0,0.037037,0.0,0.0555557,0.111111,0.111111,4.02482,13096.0,2949.0,0.0915,0.3645,0.2511,0.0
1,-0.0174281600875977,0.0950835555048282,0.5688453530443757,-0.1638066825211185,0.0806022994188092,-0.1318533636386685,0.0104636934298362,0.2807404820872437,0.5944821989275274,3.8472373455707567,0.4539724870889777,45.2991452991453,39.41176470588236,1.29,585,0.0,0.0,0.0,1.0,0.19330000000000003,1.0,0.0,0.0,0.0,0.0,0.0303030318181818,0.0,0.00520833125,0.0046296277777777,0.0,0.0,0.0022222226666666,0.0,0.0,0.0,0.0833333,0.0,0.0,5.50765,7298.0,12872.0,0.0748,0.4803,0.1558,0.0
1,0.375154524009817,-0.0819711047954274,1.3688322245279445,0.2085687317202393,-0.0714397793560029,-0.2184879276000028,0.3851035875486453,0.0384931294294856,1.3275910492479148,3.477592580240036,0.2723242383659586,55.46875,44.11764705882353,1.41,1579,0.0,1.0,0.0,0.0,0.14785,1.0,0.0,0.0,0.0020576185185185,0.0,0.01701390625,0.0039682571428571,0.0015360967741935,0.012499985,0.00289265,0.0026220463054187,0.0020576111111111,0.0555557,0.0,0.0416667,0.047619,0.111111,0.0833333,5.50765,212.0,281.0,0.0382,0.5794,0.0659,0.0
1,-0.0431734991624398,-0.4388183374685579,0.1469792998975549,-0.0029484719877557,1.1634174593875553,1.2543308647228095,-0.0361680902477604,-0.233068686619979,-0.3423817843680745,0.0,,46.14549402823018,28.235294117647054,1.46,0,0.0,1.0,0.0,0.0,0.102,1.0,0.32624999999999993,1.0,0.0,0.0037037133333333,0.0037037055555555,0.0,0.0,0.0,0.0,0.003354296226415,0.0013227507936507,0.0,0.0555557,0.0,0.0,0.0,0.111111,5.34297,15764.0,1911.0,0.2265,0.4584,0.494,0.0
1,-0.1451330007212055,0.4203155092153048,1.2809507451193751,-0.0090868948988362,0.0829074047830268,-0.3065662957329401,-0.0868651512569852,0.2495890859319651,1.354688922496601,0.7464844827722283,0.691164468859778,54.15617128463476,55.294117647058826,2.31,965,0.0,1.0,0.0,0.0,0.08,0.99,0.42745000000000005,1.0,0.1824155956521738,0.0,0.0052552513513513,0.3598293428571428,0.0,0.0054563458333333,0.069662545,0.0043549025641025,0.0023148125,1.0,0.0,1.0,0.0,0.711111,0.111111,4.87215,75078.0,13853.0,0.0569,0.4347,0.1308,0.0
1,-0.4565688580042978,-0.2549880750908656,-0.0902415538640896,0.3663739506596929,0.0810930297240018,0.1151155008277214,-0.4050228220647336,-0.4245709683984739,-0.1838461998164414,0.2557347390116735,0.5433860709210917,44.75025484199796,35.294117647058826,2.59,1469,0.0,1.0,0.0,0.0,0.24354999999999996,1.0,0.027899999999999994,0.95,0.3291149303030303,0.0737213277777777,0.0016666674999999,0.0663817435897436,0.0146944115384615,0.0035326108695652,0.0158280481099656,0.0031566338888888,0.0033038005882352,1.0,1.0,0.952381,0.263889,0.4,0.103175,4.87215,41801.0,46305.0,0.0817,0.3716,0.22,0.0
1,-0.2123855842818542,0.1357225062962855,0.3333023179559145,0.2639672676644425,0.2664340321728004,0.0129478305234101,-0.2260093590466345,0.1945635156066871,-0.2231349175887226,6.398172093941388,0.0974032201154962,49.22737306843267,38.82352941176471,2.74,520,0.0,0.0,0.0,1.0,0.036199999999999996,0.95,0.23335,1.0,0.1045751764705882,0.0029761892857142,0.0,0.0075268806451612,0.0012578622641509,0.0,0.0056822415492957,0.0026093297959183,0.0029471548780487,1.0,0.0833333,0.15,0.0666667,0.111111,0.111111,4.23665,59490.0,30107.0,0.0328,0.9069,0.0361,0.0
1,0.1374139323331975,-0.2412942446472256,0.5662022360559165,-0.1714893707173412,0.3210747548125093,-0.1078191833484886,-0.090609888318358,-0.3444429202175119,0.6045615065767579,3.232315219676601,0.3114840568617311,43.87947269303202,31.76470588235294,3.32,682,0.0,0.0,0.0,1.0,0.38495000000000007,1.0,0.0,0.0,0.4154761538461538,0.3872631290322581,0.002083334375,0.13859953125,0.0052631578947368,0.0093954323529411,0.0333672824120603,0.005710664527027,0.004558275,1.0,1.0,0.740741,0.0833333,0.666667,0.125,6.01085,884.0,6131.0,0.0594,0.5726,0.1037,0.0
1,0.274082221690411,-0.094875013965379,0.2148941415477148,-0.058381284517398,0.013005034497717,-0.3561195389397296,0.4493362800131081,-0.0410576514275958,0.44470413622182,4.019827465348198,0.064305862196344,45.47908232118758,34.705882352941174,3.34,646,0.0,0.0,0.0,1.0,0.33895000000000003,1.0,0.0,0.0,0.0185185666666666,0.1643738888888889,0.2691467777777777,0.0,0.0042857142857142,0.0058109827586206,0.00452381,0.0074494389423076,0.0028774233480176,0.0555557,0.8,0.0,0.0833333,0.111111,0.125,6.01085,3411.0,1754.0,0.0711,0.4342,0.1638,0.0
1,0.7057375586669576,0.43255781066323,0.1586120444472412,-0.1421438818188131,-0.2471428768844456,-0.1438338216310143,0.7379748949874718,0.4841639231723884,0.0520395601339747,2.136955722466248,0.31728173173439,44.90238611713666,48.23529411764706,3.4,317,0.0,1.0,0.0,0.0,0.25905,1.0,0.0,0.0,0.0,0.0093567210526315,0.010416675,0.0,0.0039682642857142,0.0,0.0038341891891891,0.0060395659090909,0.0064625857142857,0.0,0.111111,0.0,0.0555557,0.111111,0.0833333,4.34117,1105.0,20944.0,0.1336,0.5239,0.2551,0.0
1,0.4355705890567648,0.5257011542637262,0.0656567644782235,-0.1741429378567118,-0.2896874616364195,-0.1958521393698055,0.6974028900214184,0.7062051816186623,0.5105961631059169,3.675270995803938,0.29542622907502,46.56488549618321,44.70588235294118,3.51,0,0.0,1.0,0.0,0.0,0.09,1.0,0.0,0.0,0.0582563537313432,0.0,0.0116864999999999,0.008535862745098,0.0019047628571428,0.0025951119047619,0.0033677809352517,0.0036082386440677,0.0034997254950495,0.904762,0.0,0.133333,0.0666667,0.111111,0.166667,5.00904,19638.0,3243.0,0.0714,0.3954,0.1805,0.0
1,0.1150560485418004,0.3361847334728302,2.4382250389961984,-0.117085047849262,0.1606145181438774,-0.5248155837121458,0.0304696978986766,0.4622361525106095,1.9959619897549097,3.568449662104649,0.264157184069442,56.94444444444444,54.11764705882353,3.58,2194,0.0,1.0,0.0,0.0,0.0,0.0,0.0,0.0,0.1295556075,0.0,0.0,0.070634896875,0.004666668,0.0,0.007452192519685,0.0051668504385964,0.0,0.958333,0.0,0.47619,0.111111,0.416667,0.111111,5.00904,8205.0,32858.0,0.0584,0.3363,0.1737,0.0
1,0.1475419058657317,-0.1446389729725012,0.1681423392305993,-0.4060587349644322,-0.1516231774327563,-0.325171483747447,-0.1517552681814268,-0.0007750574602098,0.3241681785079919,4.985321305065192,0.1252187630700065,49.096573208722745,45.294117647058826,0.11,171,0.0,1.0,0.0,0.0,0.4341999999999999,1.0,0.0,0.0,0.9001157499999999,0.0119047571428571,0.2495168869565218,0.4251158,0.0,0.0044217693877551,0.108996815625,0.0,0.0026930896341463,1.0,0.0833333,0.925926,0.0,0.741667,0.0,4.13237,4730.0,20451.0,0.0359,0.4896,0.0733,0.0
1,0.7656879774345673,-0.1474053860846128,-0.0744947913178514,-0.137234383630867,-0.0841544431869881,-0.0938618328969674,1.1047577950317553,-0.3330068620769137,-0.0535095036695594,0.2853800187465838,0.9452197324015436,46.08233731739708,27.647058823529413,2.52,33,0.0,1.0,0.0,0.0,0.36849999999999994,1.0,0.10880000000000002,1.0,0.7987847083333333,0.3621952411764705,0.00222222,0.1667619159999999,0.2866289872340425,0.0056763260869565,0.0308167642857142,0.0626086734693877,0.0039122935897435,1.0,1.0,0.866667,1.0,0.444444,0.822222,7.34659,6232.0,3113.0,0.7397,1.4131,0.5235,0.0
1,-0.0994966448412277,-0.3245679311245867,1.310684731873366,0.1422475921457391,0.5780797878730967,0.5065330734623499,-0.3981728089355169,-0.2014010389631496,0.8558240590103393,0.6370571208236515,0.8037508860971883,53.59712230215828,33.52941176470588,2.54,295,0.0,1.0,0.0,0.0,0.16150000000000003,1.0,0.21269999999999997,1.0,0.0,0.005291,0.0,0.0,0.0,0.00925925,0.0033068809523809,0.0007254670103092,0.0037878772727272,0.0,0.111111,0.0,0.0,0.0833333,0.0703703,7.68053,737.0,779.0,0.0293,0.51,0.0575,0.0
1,-0.4562832213028797,-0.3555905731576332,-0.3229657125480715,0.040946935210938,0.0255483496380494,0.1293509089769766,-0.2348701465817604,-0.241943422818612,-0.3858454169925485,4.411372747377853,0.3551091360695226,42.48062015503877,34.11764705882353,2.71,724,0.0,0.0,0.0,1.0,0.257,1.0,0.40415000000000006,1.0,0.003848,0.0,0.0039215705882352,0.0,0.0,0.0044934617647058,0.0023342647058823,0.0037878772727272,0.0017269259259259,0.047619,0.0,0.0,0.0,0.111111,0.0833333,4.53947,3039.0,38819.0,0.0437,0.4078,0.1072,0.0
1,-0.3892489162417456,-0.2063635973553999,0.4457923119206651,0.6429121033429446,1.0278785822743608,1.053760835296019,-0.4201274095763606,0.016391331912995,0.3996710963572903,0.6529659824621734,0.8982079061680406,48.475909537856445,31.176470588235293,2.72,1063,0.0,0.0,1.0,0.0,0.04699999999999999,1.0,0.45269999999999994,1.0,0.2600000466666666,0.0,0.0,0.0983245388888888,0.0,0.0,0.0055555603305785,0.0,0.0,1.0,0.0,0.888889,0.0,0.138889,0.0,3.89097,28669.0,13508.0,0.1416,0.3787,0.374,0.0
1,-0.5855103549743566,0.326933578935752,-0.3065450336302285,-0.0633817240263292,0.0632612552775995,-0.3701665598519358,-0.3811733852058721,0.232813712077964,-0.040246626133232,2.5378455412968464,0.3284381552812683,43.80392156862745,43.52941176470589,2.59,411,0.0,1.0,0.0,0.0,0.33975,1.0,0.25939999999999996,1.0,0.1780612238095238,0.2189526133333333,0.0985302749999999,0.05043499,0.0540680964285714,0.0021655919597989,0.0641508762557077,0.0077173078488372,0.0025308428998505,0.904762,1.0,0.649573,0.777778,0.541667,0.130952,3.81299,8404.0,407.0,0.0466,0.3075,0.1515,0.0
1,-0.4381873814569911,-0.1359405875646039,-0.0330715729369808,-0.000518577403439,0.1567144586822454,-0.1102900755313904,-0.2031353884231851,-0.1389328446796744,-0.0275842373864214,3.361364023858944,0.4763203440697284,45.8252427184466,44.70588235294118,2.62,254,0.0,0.0,0.0,1.0,0.71125,1.0,0.42685,1.0,0.6971764230769231,0.0674897296296296,0.0,0.1856008357142856,0.1703123344827586,0.0078794328358208,0.0325881579881656,0.1242074735714285,0.0034832455840455,1.0,0.888889,0.847222,1.0,0.355556,0.933333,5.34297,80275.0,243.0,0.0462,0.376,0.1228,0.0
1,0.0025308341603346,0.1938304949191458,1.1599581795461644,-0.2233326124250555,0.076280225740293,-0.4071806683236649,0.1526667271155087,0.044525360186918,1.087627511602025,4.377155221656624,0.2010739283847618,49.2680886658302,49.41176470588236,2.64,267,1.0,0.0,0.0,0.0,0.2709,1.0,0.50375,1.0,0.56457645,0.0039682642857142,0.1147226662921348,0.419966285,0.0,0.0039107391304347,0.0489060055248618,0.00526984,0.0012926306930693,1.0,0.0555557,0.962963,0.0,0.555556,0.15,5.34297,13578.0,66640.0,0.0583,0.7496,0.0778,0.0
1,-0.0875139832591535,-0.1695424945401361,0.2211452327417087,-0.0742127859986143,-0.0066317632569334,-0.3587001677623627,-0.0928780758230528,-0.0499550363290056,0.0331791476799592,4.475978944823041,0.1579368635294323,44.70868014268728,41.76470588235294,2.67,0,0.0,1.0,0.0,0.0,0.19230000000000003,1.0,0.5644499999999999,1.0,0.03555556,0.9017032857142856,0.1191415789473684,0.0069444583333333,0.4839805555555556,0.0061431596153846,0.0036570823076923,0.0886903424242424,0.0023204190677966,0.888889,1.0,0.166667,0.709656,0.111111,0.435509,5.34297,39447.0,39512.0,0.1092,0.4696,0.2325,0.0
1,-0.2651986746257255,0.0516315912327357,-0.1843493412704576,0.0813138008435273,-0.1285078367575995,-0.4380488296089731,-0.2465272309663009,-0.0531894445252273,-0.0550765038072639,0.370395882025015,1.0,47.333333333333336,30.58823529411765,2.87,197,0.0,0.0,1.0,0.0,0.3677,1.0,0.0,0.0,0.7470237590909092,0.0476215384615384,0.037037,0.3259637571428571,0.0016013082352941,0.0061728555555555,0.0131578947368421,0.0021025721179624,0.00238095,1.0,0.825758,0.777778,0.0666667,0.222222,0.111111,4.209,6967.0,14837.0,-0.0,0.3866,0.0,0.0
1,-0.228993093880169,-0.2575304453883197,-0.2186987237080568,-0.218804823443401,0.0807528386324148,-0.0323446122064576,-0.6452121704042167,-0.2312831403144127,-0.3887327750571845,0.0,,46.8013468013468,37.05882352941177,2.88,171,0.0,0.0,0.0,1.0,0.58535,1.0,0.74295,1.0,0.1431216666666666,0.7574043255813955,0.0,0.1342403357142857,0.4048677649999999,0.0173611,0.0242156075268817,0.0621975548543689,0.0013654193548387,0.962963,1.0,0.875,0.933333,0.444445,0.718254,4.209,4694.0,16567.0,0.1305,0.6005,0.2173,0.0
1,-0.0586579091122344,0.6248846422020813,0.457645189203427,-0.2594620111392074,-0.1775958552791734,-0.2338202003624525,-0.4023088074889072,0.8070632181496066,0.8615095195772344,2.840625545036489,0.3142034352563896,43.87755102040816,48.8235294117647,2.92,2645,0.0,0.0,0.0,1.0,0.0,0.0,0.0,0.0,0.0066395658536585,0.0,0.0451389,0.0,0.003968254,0.0,0.0017252316239316,0.0022094587939698,0.0037431326923076,0.3,0.0,0.0,0.095238,0.0666667,0.111111,9.32063,454.0,27583.0,0.0683,0.6481,0.1054,0.0
1,-0.1456518867041588,-0.2318708307900416,-0.1921485967281945,-0.1449839814360201,0.0924195151244671,0.0351838029172256,-0.2610906548279604,-0.0843635712533714,-0.5005929162917035,0.3726401500781582,0.9708520701635588,45.97069597069597,35.294117647058826,2.95,673,0.0,1.0,0.0,0.0,0.38720000000000016,1.0,0.10690000000000001,0.99,0.1078189666666666,0.0601852,0.0,0.138889,0.0035185175,0.0,0.0240436918032786,0.0012926883116883,0.0042609918032786,0.866667,0.902778,0.555556,0.0666667,0.194444,0.0833333,3.84905,19280.0,8174.0,0.0934,0.3991,0.2339,0.0
1,-0.3590470746097948,-0.2216520269202619,-0.2660621734385734,-0.0663122467034231,0.2273296407245654,-0.1542415066065368,-0.357816875323391,-0.2996362239085114,-0.4801959226712403,0.3226131540495941,1.0,43.140323422013566,31.176470588235293,3.07,0,0.0,1.0,0.0,0.0,0.12990000000000002,1.0,0.6576499999999998,1.0,0.2152368536585366,0.8293651818181819,0.0459295212121212,0.1176263594594594,0.1955404904761904,0.0051551227272727,0.0189559162962962,0.026874105940594,0.0036682148558758,1.0,1.0,0.766667,0.65873,0.872727,0.333333,3.24248,12868.0,13218.0,0.205,0.2949,0.6952,0.0
1,0.093185380729219,0.0401246901365613,0.2930271994887014,-0.3028257128442372,-0.1193511190272891,-0.3052551633385638,-0.1812462477456974,-0.009105833964263,0.4510611980830368,3.42249920257768,0.1799776068651713,45.12471655328798,37.64705882352941,3.09,519,0.0,0.0,1.0,0.0,0.31150000000000005,1.0,0.4825000000000001,1.0,0.313925,0.8796296666666666,0.0187044135135135,0.1701389125,0.2814288,0.0029100571428571,0.0132804174999999,0.0547768509433962,0.0015700478260869,1.0,1.0,0.766667,0.607143,0.194444,0.361111,3.24248,365.0,657.0,0.0511,0.3898,0.1311,0.0
1,-0.127140603996159,-0.3031108637339009,-0.0504634674156392,-0.2773268120404785,-0.2760523300419591,-0.373720525200449,-0.2043488815384707,-0.5308551848689597,-0.4736271570167251,0.0177498790530885,1.0,43.81720430107527,30.0,3.1,1156,0.0,1.0,0.0,0.0,0.0,0.0,0.21280000000000004,1.0,0.8244446,0.10701588,0.9310185833333332,0.1277775,0.0330246833333333,0.4800752105263158,0.1074073142857142,0.0084293338709677,0.1276221725490195,1.0,1.0,0.133333,0.266667,0.472222,0.194444,6.34478,37778.0,3081.0,0.0894,0.2797,0.3198,0.0
1,-0.5175426527680334,0.0228353965498958,0.3879686262622825,-0.0720253631666427,-0.0235900881513968,-0.7246430464926644,-0.2493166127698153,-0.1641922358740999,0.1550700322319142,0.7821255177900668,0.9946928737215248,50.95238095238095,38.82352941176471,-0.5,237,0.0,1.0,0.0,0.0,0.30895,1.0,0.6088499999999999,1.0,0.0034013571428571,0.2626101666666666,0.0,0.0,0.031060625,0.0,0.0039218864864864,0.0158610536723163,0.0,0.047619,1.0,0.0,0.466667,0.0833333,0.354497,5.26126,2669.0,9847.0,0.1829,0.2668,0.6854,0.0
1,-0.1620459585243479,0.0390043502426058,0.0508868823886582,-0.2343781865685282,0.0336296537301073,-0.2610922805108245,-0.2584493218457564,0.0288085548330039,0.2656487236218917,5.530406784244118,0.1262911973428298,45.73378839590443,39.41176470588236,-0.49,166,0.0,1.0,0.0,0.0,0.6814000000000001,1.0,0.071,1.0,0.3586579727272727,0.0,0.0613270974683544,0.0457431545454545,0.0069444375,0.0031066534246575,0.0110427846153846,0.0031714811023622,0.002781135786802,1.0,0.0,0.166667,0.111111,0.133333,0.111111,5.26126,4650.0,31628.0,0.1745,0.3724,0.4685,0.0
1,-0.1751698595602577,-0.1606166872424285,0.6021152271984551,-0.0061340400438093,-0.0152612917515054,-0.034587930502495,-0.2444393637454101,0.0233112365843543,0.3715233570967495,3.922174338433469,0.1451581441338133,48.318042813455655,33.52941176470588,-0.43,582,0.0,1.0,0.0,0.0,0.085,0.96,0.10099999999999999,1.0,0.0571397096774193,0.0035585,0.008641975,0.0064153416666666,0.004413175,0.004884,0.003295398490566,0.0017284955056179,0.0070311555555555,0.607407,0.0416667,0.0833333,0.047619,0.161905,0.0833333,6.01085,35395.0,2252.0,0.0743,0.4546,0.1633,0.0
1,-0.4092773834908322,-0.1850607598837547,0.2391419930495519,-0.0503687759456315,-0.0067579825872894,-0.2844644331760751,-0.5643096314967707,-0.111304597867783,0.0143317060909448,0.8282025753123079,0.6347940627247652,47.69938650306749,35.294117647058826,-0.42,0,0.0,0.0,0.0,1.0,0.10099999999999999,1.0,0.8902,1.0,0.0022371844444444,0.8667921578947368,0.0447154634146341,0.0036947511627906,0.2281497999999999,0.0023550739130434,0.0022599695121951,0.0383063683060109,0.0059365039999999,0.037037,1.0,0.047619,0.777778,0.111111,0.916667,6.01085,92.0,20061.0,0.0413,0.432,0.0956,0.0
1,-0.127990420634186,-0.3182594232542925,-0.2154166269434747,-0.0441765614369346,-0.0696039863412138,0.1085410735655422,-0.1698256914226443,-0.4176838093472536,-0.2794656241214935,0.3553378061760836,0.9483041642455065,45.70048309178744,31.76470588235294,-0.4,348,0.0,0.0,1.0,0.0,0.34415,1.0,0.7385,1.0,0.3413096849315069,0.6553554444444444,0.0023640638297872,0.1039027585365853,0.3546428107142857,0.0098972970588235,0.0131888222222222,0.0291006651428571,0.003350540776699,1.0,1.0,0.916667,0.916667,0.433333,0.527778,3.81299,13878.0,9231.0,0.1297,0.4755,0.2728,0.0
1,-0.3302457987316805,0.1301258227756483,0.4193410744567123,-0.2865176523854268,0.0797167037235381,-0.0812946535539483,-0.3787997584498526,0.1523201592518403,0.0086176604659318,2.384679400417211,0.5212896762363168,48.80952380952381,30.58823529411765,-0.36,0,0.0,1.0,0.0,0.0,0.30185,1.0,0.1912,1.0,0.002249053125,0.7597824761904762,0.1253599116279069,0.0824484827586207,0.3778418543478261,0.0541147014925373,0.0627242849162011,0.052876249047619,0.0112398046692607,0.0416667,1.0,0.933333,0.916667,0.583333,0.888889,5.67691,284.0,255.0,0.0865,0.3799,0.2276,0.0
1,-0.1196455391521828,-0.3830764433155074,0.4956918272639224,-0.2988843464909646,-0.0468354212107465,-0.1879342305274428,-0.5892490592713291,-0.3440863905489771,0.0090051529627624,3.62964556311628,0.2353143671813473,42.30769230769231,41.17647058823529,-0.1,689,0.0,1.0,0.0,0.0,0.0,0.0,0.55145,1.0,0.010416675,0.6497653064516127,0.0,0.0888888,0.3289253783783784,0.0,0.0092592666666666,0.0087246494047619,0.0,0.0416667,1.0,0.333333,0.962963,0.0833333,0.177778,9.68414,44651.0,56516.0,0.0337,0.2772,0.1217,0.0
1,-0.270518223178707,-0.090584257128414,-0.2454640067218366,0.2576814492357198,0.4208396870606319,0.6009077538569803,-0.3176064376463063,-0.1438813839896443,-0.2339900170146104,2.468259215165484,0.7518082957798147,46.620046620046615,34.11764705882353,0.3,0,0.0,0.0,0.0,1.0,0.2732,1.0,0.53845,1.0,0.2983765454545454,0.5684523346153846,0.0237986452054794,0.0527210999999999,0.1506768999999999,0.0030864210526315,0.0073374660194174,0.0192400707692307,0.00405961875,0.958333,1.0,0.283333,0.65,0.07326,0.655556,3.81299,24225.0,17718.0,0.0461,0.2906,0.1588,0.0
1,-0.1920841035213559,0.0472001710947851,-0.0764337676586797,-0.0885181923920563,0.1163294208145516,-0.0168352281888218,-0.1515869745688154,0.2534521599110597,-0.1408641032531966,2.4971007971989554,0.2314523021673039,45.289855072463766,30.0,0.34,880,0.0,1.0,0.0,0.0,0.0,0.0,0.24050000000000002,1.0,0.0711805,0.0659259599999999,0.20480155,0.0111111,0.0338770107142857,0.001683506060606,0.0,0.04352412513089,0.0031200763358778,0.333333,0.877778,0.111111,0.323809,0.0,0.366667,3.81299,2304.0,39720.0,0.0911,0.5829,0.1563,0.0
1,-0.3092687409456166,-0.1271329303625339,-0.2879202911919208,-0.023216536097155,0.147289138880679,0.7596865510145527,-0.4270491939090614,-0.1125899953112197,-0.0196408931997088,0.0878439851486408,0.7784305961263327,46.78595096090126,35.88235294117647,0.54,219,0.0,0.0,0.0,1.0,0.7432500000000001,1.0,0.006500000000000001,0.46,0.7962963333333333,0.0,0.0071428571428571,0.5341170000000001,0.0,0.0,0.1252666890410958,0.0,0.0,1.0,0.0,0.579487,0.0,0.608333,0.0,7.36576,23093.0,704.0,0.0775,0.5315,0.1459,0.0
1,0.0051337925299867,-0.2189641649963435,0.3032159754546585,-0.0922669655939702,-0.1394445375838331,-0.0668478706340367,-0.3345282416847193,-0.1737860054973974,-0.0759207398720588,0.4860714566506243,0.9607980805340056,46.25850340136054,38.23529411764706,0.68,429,0.0,0.0,0.0,1.0,0.45150000000000007,1.0,0.0,0.0,0.7401596535714285,0.5074074242424242,0.0,0.0969682,0.1597093849056603,0.0,0.0192417458333333,0.0142612588235294,0.0,1.0,1.0,0.583333,0.842593,0.5,0.612699,3.24248,14569.0,23208.0,0.2034,1.217,0.1671,0.0
1,-0.0190199841530271,-0.3596377399410287,-0.0269699791161129,-0.326351242855372,-0.2235884173070091,-0.1707024124879582,-0.3832680548069418,-0.3052730007896523,0.0568710890392003,3.930193731576223,0.1595810288540839,44.02697495183045,41.76470588235294,0.97,207,0.0,1.0,0.0,0.0,0.3785,1.0,0.16,1.0,0.7868139655172413,0.7415254,0.0288309115384615,0.2967415433333333,0.117448644117647,0.0020133044117647,0.0421957612334801,0.0149317732876712,0.0032455228668941,1.0,1.0,0.933333,0.779762,0.511111,0.916667,4.13237,85578.0,37505.0,0.1529,0.3656,0.4183,0.0
1,-0.4958611029647123,-0.0175554740694669,-0.8531591314097449,-0.1350205390476843,-0.0704893099740564,-0.3939182608930197,-0.5309678927040726,-0.0262482293367604,-0.7870658100407605,1.611125887791889,0.4140318196406212,42.37097137705657,42.94117647058823,1.18,526,0.0,0.0,1.0,0.0,0.1115,1.0,0.144,1.0,0.5603263999999999,0.0063932962962962,0.5915459323159787,0.3083472307692307,0.025301937037037,0.0066956245039682,0.1134241270833333,0.0055683473282442,0.0037740737917768,1.0,0.0833333,0.694445,0.355555,0.430556,0.283333,4.34117,11086.0,87822.0,0.0651,0.2925,0.2226,0.0
1,-0.0929995364671224,0.0567610367919945,-0.0427227606169143,-0.272514755518821,-0.090174386572382,-0.135265591060403,-0.3608308806481399,-0.1250545765061481,0.0919499694164413,0.4377409729256057,0.6424181553282136,42.46913580246914,37.05882352941177,1.39,0,0.0,1.0,0.0,0.0,0.60195,1.0,0.652,1.0,0.399707,0.4327295652173913,0.0,0.1302944545454545,0.11805548125,0.0,0.0220542704081632,0.0183934945054945,0.001190475,1.0,0.916667,0.641609,0.55,0.283333,0.222222,4.6751,25978.0,101244.0,0.0443,0.5662,0.0782,0.0
1,-0.2123104513706956,-0.0505675471548698,0.2388287397780741,-0.1100815586672353,-0.0020611836911349,-0.272355600385267,-0.3432233688710647,0.08690383310365,-0.0820759803903099,2.593547460102995,0.164346761600808,46.78649237472767,42.94117647058823,1.53,453,0.0,1.0,0.0,0.0,0.62145,1.0,0.1925,1.0,0.0,0.0848324444444444,0.2756883755102041,0.0,0.0028423813953488,0.005111116,0.0,0.0012626276119402,0.0046238068,0.0,0.763492,0.0,0.0666667,0.0,0.0555557,3.45864,65544.0,62166.0,0.0774,0.4739,0.1633,0.0
1,-0.1151112457107484,-0.0531793433827348,1.1224712497579632,-0.1837636156120751,-0.1688552005721612,-0.3144180211549421,-0.0594566037450909,-0.0801949918625431,1.173002575226201,2.7047228832720718,0.1850003591142939,50.35035035035035,49.41176470588236,1.56,301,0.0,0.0,1.0,0.0,0.0772,1.0,0.41795000000000004,1.0,0.9166665,0.6617605454545454,0.0,0.2309522857142857,0.244212965,0.0,0.0124999999999999,0.0820632227272726,0.0,1.0,1.0,0.633333,0.822222,0.111111,0.944444,3.45864,74011.0,55030.0,0.0931,0.6264,0.1486,0.0
1,-0.2644919887718583,-0.0840338429983803,0.7282583808142667,-0.1472199299215414,-0.2561592478680021,-0.1448611932863053,-0.2730732246074293,-0.0695055660492069,0.5866016463127501,5.108122271919605,0.0897180555383631,47.64397905759162,40.0,1.73,522,0.0,1.0,0.0,0.0,0.46044999999999997,1.0,0.050499999999999996,0.98,0.0530864277777777,0.0570748285714285,0.0059523785714285,0.1180555,0.0027233147058823,0.0069444416666666,0.0424603037037037,0.0042200562248995,0.004317269879518,0.888889,0.933333,0.944444,0.0925927,0.611111,0.277778,3.45864,124313.0,5061.0,0.029,0.4021,0.0722,0.0
1,-0.1064768338838084,0.6827355161921592,0.191393010790669,-0.1904727261645475,-0.3520711516669161,-0.469684107670687,-0.462283339373107,0.4622983444123283,0.5233374497480184,4.020789671035778,0.4959233691410286,44.6078431372549,35.88235294117647,1.87,207,0.0,0.0,1.0,0.0,0.0,0.0,0.09049999999999998,1.0,0.003003,0.1310846315789474,0.0,0.0033282161290322,0.0086419722222222,0.0,0.0008250821782178,0.0032925403846153,0.0044973566666666,0.111111,1.0,0.0555557,0.311111,0.0833333,0.111111,4.55976,59.0,282.0,0.1504,0.2771,0.543,0.0
1,0.1648945361247045,-0.1566576929570421,0.1324131975619198,-0.3111333172912136,-0.120721460789602,-0.1340108275962669,-0.0837220855065087,-0.0565951071455072,-0.1794370492574158,1.867319275345156,0.3715317675795356,49.3184634448575,31.76470588235294,1.92,943,0.0,1.0,0.0,0.0,0.26700000000000007,1.0,0.0,0.0,0.0196364612903225,0.0336734685714285,0.2053571428571428,0.0035087736842105,0.0022727272727272,0.0022988517241379,0.0216683303571428,0.0027911535580524,0.0049189822916666,0.527778,1.0,0.0666667,0.0833333,0.888889,0.111111,3.38932,8407.0,10341.0,0.0553,0.5033,0.1098,0.0
1,-0.3102798531673716,-0.4255049387578963,-0.289099365969601,0.0534698910709608,0.0735547794198854,0.3073317353209299,-0.2271252962646652,-0.4795311977768488,-0.2524584926565911,0.5050748711528653,0.7634058437611013,37.99283154121864,31.176470588235293,2.02,287,0.0,0.0,0.0,1.0,0.43625,1.0,0.30414999999999986,1.0,0.013888925,0.1279374379310345,0.0047619,0.0,0.0655663704545454,0.0,0.0,0.0159786885869565,0.0032163736842105,0.0555557,0.962963,0.0,0.833333,0.0,0.330952,4.86195,8015.0,1321.0,0.0942,0.3618,0.2602,0.0
1,-0.0593361629880114,0.2319039700008046,-0.3784760503681069,-0.1466715889388258,-0.3044640779900552,-0.2300126365260903,-0.1430441947013712,0.4368871668662363,-0.4319152328887504,1.6029710284467489,0.544898738055551,42.25792057117359,31.76470588235294,3.28,795,0.0,0.0,1.0,0.0,0.1867,1.0,0.06489999999999999,0.97,0.3402116666666667,0.0,0.403601820689655,0.0992423772727272,0.0039557735849056,0.0021126402843601,0.0081632734693877,0.005537149484536,0.003929137751004,1.0,0.0,0.622222,0.0833333,0.166667,0.166667,5.96276,12173.0,11080.0,0.1081,0.3759,0.2876,0.0
1,-0.1157886146939975,-0.0089295867857384,-0.2471957214472498,-0.0625683024992385,-0.0685254906351666,-0.1534818226790474,0.0998255441484234,-0.193837642870215,-0.058400041660466,2.4484178736126894,0.6608633482287821,46.50900900900901,38.82352941176471,2.19,0,0.0,1.0,0.0,0.0,0.0,0.0,0.43310000000000004,1.0,0.012704913114754,0.9122788666666668,0.5820131551724138,0.0010683788461538,0.3835986853333334,0.2241379661016948,0.0038195428994082,0.0633970623333333,0.0181371457142857,0.708333,1.0,0.0555557,0.916667,0.133333,0.716667,3.60115,14380.0,45852.0,0.1766,0.5667,0.3116,0.0
1,-0.171185748215089,-0.192533484897176,-0.2683944288232182,-0.1851826577805501,0.1321050920094352,-0.0653767030758847,0.026681579416056,-0.1694392425098566,-0.248197871299573,1.2914159554862692,0.7735509272575293,41.41843971631206,29.411764705882355,2.19,621,0.0,1.0,0.0,0.0,0.54145,1.0,0.0,0.0,0.0563251606060606,0.0355045853658536,0.0024154608695652,0.0029761875,0.003321254347826,0.0034208430232558,0.0042328047169811,0.0035270093283582,0.0043438930367504,1.0,0.747355,0.047619,0.111111,0.111111,0.133333,3.60115,10447.0,48926.0,0.0903,0.4772,0.1892,0.0
1,-0.2776488767295639,0.2563659003465224,-0.0167152373069519,-0.0374969652374326,0.0090187049738408,-0.4147189863159665,-0.1066374162467526,0.4566776591389077,-0.0054001686643534,3.7470232598916215,0.249340296010342,48.012976480129765,33.52941176470588,2.19,0,0.0,1.0,0.0,0.0,0.065,1.0,0.0737,1.0,0.3135581970588235,0.4898194513513513,0.0058700207547169,0.0151998014925373,0.2017228390243902,0.001144,0.0063996414179104,0.0115783180428134,0.00198307,1.0,1.0,0.327778,0.805556,0.166667,0.244444,3.60115,4957.0,55446.0,0.1091,0.3373,0.3233,0.0
1,0.0937026197652967,0.0892414479486909,2.1398696245666784,-0.0219855979645171,-0.1720602908788024,-0.5282693453311258,0.272149960259859,-0.0785859132095229,2.3374359865847585,2.2518214081873893,0.3187275447864776,57.57575757575758,35.88235294117647,2.18,290,0.0,1.0,0.0,0.0,0.5635999999999999,1.0,0.0,0.0,0.7288548571428571,0.0045999408163265,0.0,0.609422625,0.0026658538461538,0.0,0.0922065402061855,0.0024991364261168,0.0,0.944444,0.0666667,1.0,0.0833333,0.777778,0.111111,3.89097,17143.0,40331.0,0.0827,0.5803,0.1425,0.0
1,-0.3034826843647119,0.0469465703242646,-0.0159040471797396,0.2887689395113251,-0.0522471097364823,-0.310187835754241,-0.2988277826237069,0.4611743317821267,-0.1810025883214182,1.192061630262033,0.793379031559783,46.03580562659847,31.76470588235294,2.18,971,0.0,1.0,0.0,0.0,0.35305,1.0,0.17345,1.0,0.3250101666666667,0.0201388895833333,0.0051051108108108,0.1626984137931034,0.00494444,0.0024691333333333,0.0372801856321838,0.0027919970684039,0.002841927443609,1.0,0.52381,0.888889,0.122222,0.666667,0.111111,5.4697,2933.0,512.0,0.0834,0.4322,0.1929,0.0
1,-0.225962368990647,-0.0510565328983718,-0.1003629676544588,-0.0784910159823874,-0.2365092420092344,-0.2030727285344699,-0.2604088604805964,0.0113818176576621,-0.1250764763806513,0.9882120423588222,0.4076457299698287,45.39007092198582,32.35294117647059,2.17,645,0.0,1.0,0.0,0.0,0.0,0.0,0.43259999999999993,1.0,0.0041666642857142,0.6082044978723403,0.0063657375,0.0028169716049382,0.109693136,0.0018018027027027,0.0031760971751412,0.0554453329629629,0.0040643263157894,0.0833333,1.0,0.0833333,0.722222,0.111111,0.577778,13.1678,3036.0,19137.0,0.1454,0.7991,0.1819,0.0
1,0.0085087918645889,-0.1493949120071578,0.1771660115735334,-0.2158526465281132,-0.0024630552917901,-0.3091781071893012,0.0184272879069469,-0.0613959515884071,0.2837484652843504,6.865456737860878,0.0669259482876945,48.976248976248975,41.76470588235294,2.17,219,0.0,1.0,0.0,0.0,0.40645000000000003,1.0,0.0,0.0,0.0,0.1392496363636363,0.0051948045454545,0.0,0.0,0.0039426580645161,0.0056372558823529,0.0034442792349726,0.0024544396825396,0.0,1.0,0.0,0.0,0.0833333,0.111111,4.23665,160.0,7.0,0.0348,0.3655,0.0952,0.0
1,0.6499750079328154,-0.2741189203278701,0.9622317852890182,-0.076621439687879,-0.0881072570382159,-0.617371884035061,0.6529730653613764,-0.1603047364756815,0.8613973507546839,4.374390851104126,0.3647194287210084,45.57823129251701,35.294117647058826,2.17,385,0.0,0.0,0.0,1.0,0.4411999999999999,1.0,0.0,0.0,0.888889,0.0,0.0,0.138889,0.0079365,0.0,0.0271604444444444,0.0027777766666666,0.004166665,0.888889,0.0,0.277778,0.047619,0.133333,0.0833333,3.64647,3358.0,12727.0,0.0723,0.3659,0.1976,0.0
1,0.1226893693818388,-0.0299184708633418,1.988305701292063,-0.2471700526390475,0.1394303781589713,-0.1772643388539354,-0.062856671667875,0.0406652051234853,1.1322921045736285,2.909964374615753,0.3302009178116029,55.77342047930284,29.411764705882355,2.16,1732,0.0,1.0,0.0,0.0,0.07545,1.0,0.0,0.0,0.0,0.002898552173913,0.0079365,0.0222222333333333,0.0101821,0.0,0.0,0.0019612084158415,0.0,0.0,0.0666667,0.0666667,0.148148,0.0,0.0833333,28.3846,16208.0,21.0,0.1673,0.3479,0.481,0.0
1,-0.2189798387249224,-0.0959484089666728,1.326771831430808,0.2353663067888508,0.0685456514034766,-0.590572816378819,0.272750988583944,0.1520758280432183,2.153339484830113,5.985315342383708,0.357655807075789,47.46666666666667,38.82352941176471,2.16,683,0.0,0.0,0.0,1.0,0.0,0.0,0.3417000000000001,1.0,0.0,0.6317846521739131,0.0,0.0,0.2402660823529412,0.010582,0.0,0.0455443032,0.0033505287671232,0.0,1.0,0.0,1.0,0.0,0.75,4.02482,861.0,9172.0,0.0767,0.3292,0.2331,0.0
1,-0.0901582259410954,-0.0416368792552647,1.374627918739726,0.065164202797565,-0.0185911115658069,-0.2611159792346443,0.0990803239554429,0.0503727534983987,1.8306774196532052,1.4934999566953195,0.7087167803897623,52.20458553791887,32.35294117647059,2.16,407,1.0,0.0,0.0,0.0,0.25075,1.0,0.0,0.0,0.695725,0.0034461131578947,0.0,0.56875,0.0,0.0,0.0575585571428571,0.0041843426724137,0.0028011176470588,0.952381,0.0833333,1.0,0.0,0.422222,0.111111,4.34117,81.0,743.0,0.0832,0.4334,0.1919,0.0
1,0.2913840435880004,0.0855482357615576,0.2711374703074686,0.0138348112199178,-0.1522181532071991,-0.5012448165918736,0.0017072203423491,6.447410606274726e-06,0.2776145836340979,2.787684562744428,0.3305237736877965,42.62820512820512,51.17647058823529,2.16,915,0.0,1.0,0.0,0.0,0.17325,1.0,0.0,0.0,0.0,0.028333348,0.0,0.088889,0.001302084375,0.0,0.0119047571428571,0.0030192562499999,0.0,0.0,0.666667,0.177778,0.0416667,0.0833333,0.0972223,3.67481,21429.0,32.0,0.1102,0.4132,0.2667,0.0
1,-0.0681197914262332,0.1202582647341601,0.2990067316174584,-0.0068416387305539,-0.1895816274935494,-0.2742442759456816,-0.0278802576849794,0.1610286473803649,0.2736154071138745,4.305799643672846,0.234669098322275,45.65727699530516,46.47058823529412,2.47,523,1.0,0.0,0.0,0.0,0.23514999999999997,1.0,0.4163499999999999,1.0,0.0138888833333333,0.192104894117647,0.2345049047619047,0.0444443333333333,0.1073003471428571,0.0048287410526315,0.0222767117647058,0.0048664345588235,0.003472316056338,0.0833333,0.962963,0.133333,0.666667,0.152778,0.19697,5.61201,255.0,395.0,0.084,0.3659,0.2295,0.0
1,0.0350513187270276,-0.1486006906303831,0.0095560306033725,-0.0797415993036146,-0.2353547921209671,-0.3424487110099327,0.7392786033837979,-0.289538143990634,-0.1199564660350981,2.241536269321066,0.600464208927127,45.73643410852713,31.76470588235294,2.46,856,0.0,1.0,0.0,0.0,0.22744999999999999,1.0,0.015299999999999998,1.0,0.032258064516129,0.00151515,0.0,0.01583333,0.0031249999999999,0.0009803911764705,0.0496750022624434,0.0033551561576354,0.0060847433823529,1.0,0.0333333,0.0833333,0.0833333,0.944444,0.111111,4.10714,684.0,2935.0,0.0509,0.3513,0.1449,0.0
1,0.2437330740719153,0.0077628116821085,0.2854468109627358,-0.2063488948869568,-0.237708935690376,-0.2917095643844679,-0.0588258057733738,-0.0096797499467713,0.6338023788634367,4.704022341518397,0.1547015595648148,45.62383612662943,45.294117647058826,2.45,320,0.0,1.0,0.0,0.0,0.8332499999999999,1.0,0.0,0.0,0.6819476666666667,0.0287078125,0.00185185,0.3532152615384615,0.0015873057142857,0.0,0.0544836113207547,0.0053368322834645,0.003988095,1.0,0.349206,0.888889,0.0555557,0.561111,0.111111,4.34117,338.0,79.0,0.0304,0.4386,0.0693,0.0
1,-0.1207054612270984,0.0620240950609412,0.2175869479763116,0.0855996663623066,-0.0757166283285588,-0.4563367208202487,-0.1547749449804327,-0.0950563326059568,-0.0210721490367234,3.844857595111208,0.1964889999901765,45.53903345724908,41.76470588235294,2.44,543,0.0,1.0,0.0,0.0,0.18830000000000002,1.0,0.14504999999999998,1.0,0.0,0.4444445,0.247615009090909,0.0,0.3055555,0.0029663916666666,0.0,0.0,0.0027400910614525,0.0,0.888889,0.0,0.611111,0.0,0.0,4.25421,75547.0,117998.0,0.059,0.4776,0.1234,0.0
1,-0.1654697356547327,-0.0497807893536835,1.3267743510058452,0.0034550235743934,0.1030487690920321,-0.0011879813809232,-0.222559311529783,-0.1220019095295483,1.2486530755326528,2.2943058515757047,0.5003223387067639,50.56065239551478,26.47058823529412,2.44,134,0.0,1.0,0.0,0.0,0.1745,1.0,0.1536,1.0,0.0,0.0,0.002604165625,0.0,0.0,0.0104166625,0.004065043902439,0.0,0.004166665,0.0,0.0,0.0,0.0,0.0833333,0.0,4.25421,111869.0,85311.0,0.0925,0.6806,0.1359,0.0
1,-0.2662210740809332,0.0418781125776685,-0.0641752637772611,0.0482618920426124,-0.0984495033838794,-0.3865751373991195,-0.098406412628459,0.1606635985158786,0.3705557672378851,3.900771347406161,0.2855106248167924,45.90476190476191,30.58823529411765,2.43,0,0.0,1.0,0.0,0.0,0.27710000000000007,1.0,0.57585,1.0,0.6632986842105261,0.5356288391304348,0.0,0.100266359375,0.2719927777777778,0.0,0.0092901352,0.0325978575949367,0.0053013784313725,0.941176,1.0,0.407407,0.669048,0.11655,0.5,4.91051,126210.0,70838.0,0.0303,0.5374,0.0564,0.0
1,-0.2548984620815395,-0.1743613647132697,-0.1493610009747666,0.3504835460444794,-0.3786849697983162,-0.3673544558353633,-0.123028029039917,-0.4803592491128206,-0.4549870063413775,0.0,,44.7880870561283,39.41176470588236,2.43,0,0.0,0.0,0.0,1.0,0.09399999999999999,1.0,0.37149999999999994,1.0,0.0797446391304348,0.22295975,0.1610021705882352,0.0080246861111111,0.26186422,0.0503040831168831,0.0122396502890173,0.0189120125,0.0059382089285714,0.638889,0.952381,0.111111,0.888889,0.177778,0.416667,4.91051,63460.0,131605.0,0.0505,0.3589,0.1408,0.0
1,-0.0403709328899351,0.1017599110055113,-0.1072163268138638,-0.2311196408951902,0.0659630140722589,-0.2182851227617901,-0.3584593401815791,0.2218015958361561,0.1955761967058525,4.942278686747928,0.2531729489708963,45.96219931271477,54.70588235294118,2.42,494,0.0,1.0,0.0,0.0,0.33160000000000006,1.0,0.0052,0.41,0.5359954374999999,0.138888875,0.0127401736842105,0.0541974933333333,0.0042735153846153,0.002469137037037,0.0234686275362318,0.0,0.0022875831932773,1.0,1.0,0.3,0.0555557,0.233333,0.0,4.91051,174570.0,21075.0,0.0827,0.4747,0.1742,0.0
1,-0.298632218763236,-0.0133807239942661,0.4318912274414723,-0.1506751390574904,0.1299656504922121,-0.3731684110990378,-0.4517762378728317,0.133072110781454,0.6401118522373848,4.249626172966386,0.199631113412612,50.318471337579616,35.88235294117647,2.42,0,0.0,1.0,0.0,0.0,0.7513500000000002,1.0,0.0,0.0,0.6843993352941177,0.0075757545454545,0.0584795263157894,0.184910837037037,0.0031746047619047,0.0020576185185185,0.0532746700440528,0.0015151515151515,0.0,1.0,0.0833333,0.511111,0.0666667,0.690476,0.0833333,4.91051,18140.0,177691.0,0.0281,0.7608,0.0369,0.0
1,-0.0716427681073942,-0.1144319348988388,-0.2517026525506909,0.318086075438226,0.0517958308028314,0.5616087883755339,-0.2214040529077083,-0.18935046836913,-0.2634822949635921,0.4935964283265691,0.7567425145625313,42.2360248447205,33.52941176470588,2.42,0,0.0,1.0,0.0,0.0,0.43944999999999995,1.0,0.4395,1.0,0.0609374812499999,0.6222222000000001,0.0157004847826086,0.0148147777777777,0.0,0.0,0.0040001850574712,0.0124854780487804,0.0044606135802469,0.933333,1.0,0.133333,0.0,0.0666667,0.297619,5.50765,3626.0,14316.0,0.1229,0.3076,0.3996,0.0
1,-0.1002214326193615,-0.361207172016407,0.0903451686911964,0.0092908520267295,-0.2961056978806604,-0.134468027328196,-0.1876403439861529,-0.1967997922421195,0.0580415756525743,4.091032466986125,0.1291529085259425,44.49506454062263,41.76470588235294,2.37,3587,0.0,0.0,1.0,0.0,0.0,0.0,0.0,0.0,0.0074074111111111,0.0,0.2221001153846153,0.0,0.0137992677419354,0.0089605806451612,0.0019781166666666,0.0048614085585585,0.0032240084337349,0.0666667,0.0,0.0,0.233333,0.0555557,0.095238,5.26126,745.0,46894.0,0.0032,0.4535,0.007,0.0
1,-0.1298276660100086,-0.1658754638621299,0.8510990956059311,-0.1388486777041688,0.0089234001331177,-0.558643204280425,-0.3466703501046264,-0.2793609525740065,0.8728866999562503,0.2625771085403206,0.8461137309191503,44.2080378250591,30.58823529411765,2.37,362,0.0,1.0,0.0,0.0,0.33159999999999995,1.0,0.2683,1.0,0.9049243636363636,0.1316666,0.0031121388888888,0.2550200294117646,0.0425925222222222,0.0021929842105263,0.0457591461538461,0.0046296333333333,0.0046516716666666,1.0,0.733333,0.861111,0.194444,0.361111,0.277778,5.26126,20856.0,28341.0,0.1083,0.4429,0.2445,0.0
1,0.0206729090335287,-0.0249627247027416,0.6323858798131061,0.2036170690979894,0.2385025663137605,-0.0246944555940983,-0.1415193222630507,-0.2097213421501576,0.5339178648790568,0.6839553654304508,0.5611369187973476,45.86206896551724,22.94117647058824,2.37,0,0.0,1.0,0.0,0.0,0.29489999999999994,1.0,0.6265000000000002,1.0,0.077888868,0.92917456,0.0768959452380952,0.1412698172413793,0.3287301299999999,0.0817901194444444,0.0270161084210526,0.0393840819047619,0.0279618654450261,0.958333,1.0,0.75,0.666667,0.8,0.468254,4.23665,31040.0,17293.0,0.1466,0.4357,0.3364,0.0
1,-0.1606139670338591,0.0779308187239542,0.2379004390887973,-0.1044888099358577,-0.0052254717848654,-0.2154304494162757,-0.2067173833207158,-0.1913520205643907,0.0711404090702854,1.582931653104502,0.48472815047537,44.63768115942029,43.52941176470589,2.37,689,0.0,1.0,0.0,0.0,0.65325,1.0,0.0,0.0,0.1694444,0.0071933302631578,0.0,0.0,0.0018221571428571,0.0,0.0,0.0043333,0.0029478479591836,0.799603,0.15,0.0,0.047619,0.0,0.111111,4.23665,6182.0,42588.0,0.1856,0.3377,0.5497,0.0
1,-0.1134485574406786,-0.4384640835419722,1.0897326332189696,0.2206589712273652,0.5695728188851696,1.1965082000634628,-0.2508282877499286,-0.2704781030975111,0.5671678453407526,5.639424061484242,0.3247610849166767,58.95238095238096,38.23529411764706,2.36,1567,0.0,1.0,0.0,0.0,0.030500000000000003,1.0,0.13570000000000002,1.0,0.0051203225806451,0.00555557,0.0,0.0022675714285714,0.0017636666666666,0.0,0.0031550067901234,0.0026724969387755,0.0,0.111111,0.0555557,0.047619,0.037037,0.111111,0.111111,10.6859,7468.0,32233.0,0.3554,0.3844,0.9246,0.0
1,-0.1985270475537852,1.5875474880019818,1.308146035606672,-0.2601885232140167,-0.3713237223583413,-0.2358514900940348,-0.3947760639321361,1.6227713220010451,1.643429768396596,4.422552686669512,0.2488238831840122,47.72393538913363,48.23529411764706,2.36,1423,0.0,1.0,0.0,0.0,0.103,1.0,0.0,0.0,0.0,0.0490421551724137,0.0,0.015873,0.0047619071428571,0.0,0.0037037,0.001299800913242,0.0086419777777777,0.0,1.0,0.111111,0.0666667,0.111111,0.0555557,10.6859,18456.0,21614.0,0.0463,0.7006,0.066,0.0
1,0.4686213017187487,0.3374564132006268,2.598054197049324,-0.0332098014586192,-0.3671036021174209,-0.1832391668804008,0.0771928942244199,-0.1449892721944369,2.2506975099055264,3.40657404307947,0.2804259311427451,54.71014492753624,35.294117647058826,2.36,605,0.0,0.0,1.0,0.0,0.24960000000000002,1.0,0.0,0.0,0.96944425,0.0049689434782608,0.037037,0.4731481666666666,0.0037878772727272,0.0,0.0509258833333333,0.0075307970149253,0.0,1.0,0.0666667,1.0,0.0833333,0.111111,0.111111,4.25421,11445.0,28658.0,0.1816,0.9581,0.1896,0.0
1,-0.1827501941077202,0.5025582693416454,1.4104550341045574,-0.1651117581914884,-0.0535391400741545,-0.4281401724664684,-0.4568087428247749,0.579751705529079,1.6653757257969493,3.789709852475556,0.3209627132624156,49.6124031007752,25.294117647058822,2.36,0,0.0,1.0,0.0,0.0,0.5320999999999999,1.0,0.0861,1.0,0.5827465128205128,0.05691356,0.0,0.30131125,0.1377293727272727,0.0036549736842105,0.1135140142857142,0.0274833693069306,0.0040000520661157,1.0,0.375,0.944444,0.861111,0.783333,0.777778,4.25421,4878.0,34660.0,0.0327,0.3464,0.0944,0.0
1,-0.1721383656153778,0.0787536935356696,0.2207869620671942,0.336588774435715,0.2011704058959918,0.7629828920994771,-0.2156771064770616,0.1268579800907202,-0.0618109754730653,1.5460821450744504,0.5806145737288413,47.00122399020808,32.94117647058823,2.35,0,0.0,1.0,0.0,0.0,0.128,1.0,0.24835000000000002,1.0,0.0,0.0315619971014492,0.003087389010989,0.0,0.0019841309523809,0.0036824172413793,0.0037414942857142,0.020734138028169,0.0028120025641025,0.0,1.0,0.0,0.0555557,0.0833333,0.52381,6.66426,75916.0,233.0,0.0679,0.3693,0.1839,0.0
1,-0.0437934848369686,-0.3762577453793206,-0.1085175928259906,0.1666223592281292,0.3741694120085101,0.933418293801044,-0.0442214385914387,-0.3179866175457436,-0.6205541088654672,0.8273178073659657,0.9835558298706016,45.76856649395509,49.41176470588236,2.34,1073,0.0,1.0,0.0,0.0,0.48700000000000004,1.0,0.09545,1.0,0.4238399285714284,0.0133333399999999,0.0011904771428571,0.18870128,0.0,0.0158178916666666,0.0239719850622406,0.004333336,0.0011856390243902,1.0,0.0666667,0.822222,0.0,0.531746,0.0666667,4.25421,8097.0,48109.0,0.0573,0.7592,0.0755,0.0
1,-0.0752070898634805,0.063225931010668,0.7912122974195179,-0.3486505567541221,0.0668403308221603,-0.2492788003830219,0.1554394431653198,-0.0068891879045826,1.4820755669149237,3.076746181824591,0.4100773421582183,41.38576779026217,39.41176470588236,2.33,549,0.0,1.0,0.0,0.0,0.10369999999999999,1.0,0.09450000000000001,0.96,0.1666666666666666,0.0424242272727272,0.0,0.0159932727272727,0.004629625,0.0,0.0242885675675675,0.0020964339622641,0.002020203030303,1.0,0.933333,0.138889,0.111111,0.336508,0.111111,4.209,3.0,3597.0,0.0837,0.5535,0.1513,0.0
1,0.2434897827579578,0.1646402579340558,0.3833942323163042,-0.2758233474985584,-0.1573337772589374,-0.2900968699901028,0.8080268051176189,0.1810568813663492,0.740741409551498,3.6530342442564487,0.1574868801920937,44.44444444444444,29.411764705882355,2.33,0,0.0,1.0,0.0,0.0,0.00315,0.31,0.0,0.0,0.2886716969696969,0.0,0.0394265193548387,0.0517195770833333,0.0042735,0.0031452111111111,0.0252363322429906,0.0015873038961038,0.0029092837209302,1.0,0.0,1.0,0.111111,0.615741,0.0666667,3.89097,580.0,1889.0,0.1027,0.381,0.2697,0.0
1,-0.319869162659545,0.4918132291522303,0.9136299761608726,-0.1039131452784387,-0.4134077786402687,-0.4895306887404239,-0.2961723489776012,0.9877049683301616,1.7185906934391255,4.90356064676303,0.4056255514785204,49.87277353689568,33.52941176470588,2.33,658,0.0,0.0,1.0,0.0,0.0,0.0,0.553,1.0,0.0123456666666666,0.0,0.0050505,0.0,0.0041152222222222,0.0,0.0061728333333333,0.0013386885542168,0.0014814853333333,0.111111,0.0,0.0,0.111111,0.111111,0.0833333,10.352,571.0,36578.0,0.0697,0.4211,0.1654,0.0
1,0.3914005685080805,0.0499657433014758,0.5067834390454885,-0.3251489704028923,-0.0043445608715191,-0.2049276117947488,0.461145213608736,0.277173582411247,0.8280732916717385,4.684005282707696,0.4295253338416821,46.36363636363636,40.0,2.33,3292,0.0,1.0,0.0,0.0,0.0,0.0,0.0,0.0,0.0,0.0,0.0023148208333333,0.0,0.0,0.0060914,0.0,0.0029629644444444,0.0014685677165354,0.0,0.0,0.0,0.0,0.0,0.0666667,4.91051,119.0,292.0,0.0745,0.3493,0.2132,0.0
1,0.2822030744855363,0.1359577808588179,0.356314894740024,-0.1980894175096099,0.049014474952092,-0.269060815951319,0.1325436366511237,0.5646143752367259,0.1648937473950387,5.1265952928005305,0.1584890522689863,45.97701149425287,39.41176470588236,2.33,2562,0.0,1.0,0.0,0.0,0.0,0.0,0.0,0.0,0.0032679823529411,0.0,0.013888925,0.0047101478260869,0.0038819869565217,0.0059523785714285,0.0,0.0068616496296296,0.0079196170212765,0.0555557,0.0,0.0666667,0.047619,0.0,0.177778,4.87215,788.0,27014.0,0.0064,0.3752,0.0169,0.0
1,0.2271049660470531,0.2044565716572353,0.5615143919976162,-0.2385283738329435,0.2623541408011171,-0.2936441241686737,0.0791404843342876,0.248668447402766,0.4978621157292499,5.9545262667930325,0.222524055267524,51.356589147286826,45.294117647058826,2.33,356,0.0,1.0,0.0,0.0,0.4706000000000002,1.0,0.0,0.0,0.1926739769230769,0.013888925,0.0065359411764705,0.0393991,0.0068922263157894,0.0011574083333333,0.0157764864864864,0.0061766171428571,0.0056034474137931,0.944444,0.0555557,0.220238,0.0833333,0.4,0.111111,4.87215,24808.0,2839.0,0.1591,0.559,0.2847,0.0
1,-0.159544362473691,-0.3350607070540647,-0.4266212948580512,0.0487119948966323,0.5980166027644739,0.1323852100259087,-0.2159791906161031,-0.150596300594843,-0.3573817188904034,0.0125867740648917,1.0,41.24293785310734,37.05882352941177,2.32,193,0.0,0.0,1.0,0.0,0.0,0.0,0.14300000000000002,1.0,0.0042735,0.0416666666666666,0.1037414785714285,0.0098039176470588,0.0034722204545454,0.0047619,0.0033126286956521,0.0025079371428571,0.0041914669642857,0.111111,0.625,0.0833333,0.111111,0.111111,0.0833333,5.18796,11004.0,13860.0,0.0855,0.3269,0.2614,0.0
1,-0.1159705392017163,-0.0332643998190857,-0.2557474977967534,0.0705309530059714,-0.0406669817754125,-0.0308154551643286,-0.2559520177546519,-0.0174297393724706,0.0040772959995264,2.120110001129063,0.636442121751361,45.99483204134367,30.0,2.31,222,0.0,0.0,0.0,1.0,0.11365000000000001,1.0,0.0,0.0,0.7229165,0.0,0.0017921193548387,0.5003173999999999,0.0,0.00396825,0.0292121281249999,0.00595238,0.0015808479674796,1.0,0.0,0.885714,0.0,0.273148,0.111111,5.00904,19450.0,40975.0,0.0681,0.4942,0.1377,0.0
1,-0.019796691844847,-0.0933577612203822,0.0364129560477078,-0.0165186636653121,-0.0046300436834312,0.1988082680703914,-0.1326631549549922,-0.1915052069134654,-0.2599581144706304,0.903580491573111,0.7997787959408384,46.83908045977012,34.705882352941174,2.31,535,0.0,1.0,0.0,0.0,0.0962,0.97,0.032799999999999996,0.92,0.257716,0.0,0.0,0.0138889,0.0,0.0,0.0,0.0,0.0119047642857142,0.625,0.0,0.0416667,0.0,0.0,0.0,5.00904,9433.0,53065.0,0.2338,0.6581,0.3552,0.0
1,-0.0414501254344901,-0.0015518212706882,0.3985932735493281,-0.0558193151715329,-0.1458676024285613,-0.1047650435142017,-0.0096822766005981,-0.2671117319469019,-0.1052175839910351,1.4929019484962265,0.8326379162799787,48.99856938483548,51.76470588235295,2.31,0,0.0,1.0,0.0,0.0,0.11800000000000001,1.0,0.39515000000000006,1.0,0.0,0.0,0.0446180625,0.016666675,0.0,0.003367,0.0102339105263157,0.0038690499999999,0.0031684496124031,0.0,0.0,0.0666667,0.0,0.111111,0.0666667,5.00904,1030.0,58257.0,0.0536,0.4736,0.1131,0.0
1,-0.0828730400327507,0.2796937497177919,0.2474262050082455,0.0420721543123267,-0.1659188088155753,-0.3593898628475963,-0.0175265258420551,0.419760764594892,0.7504154804784933,3.79524114639744,0.1595856124822662,50.07788161993769,39.41176470588236,2.31,879,0.0,0.0,0.0,1.0,0.0,0.0,0.10450000000000001,1.0,0.0108024611111111,0.0111111066666666,0.0,0.0037037,0.0,0.0064102538461538,0.00193442716763,0.0058152981818181,0.0041666666666666,0.111111,0.0833333,0.111111,0.0,0.0833333,0.0833333,16.7348,6126.0,9086.0,0.0677,0.3358,0.2016,0.0
1,1.0529017517207917,0.3684400509153416,0.6400187323260356,-0.2117663810629141,-0.3364041420542071,-0.3916855628438278,1.089339936520751,0.1945368293902691,0.5560144420704435,2.376370163826225,0.4749768996389872,47.052845528455286,32.94117647058823,2.31,1851,0.0,1.0,0.0,0.0,0.0,0.0,0.07554999999999999,1.0,0.022751319047619,0.00520833125,0.0,0.0020703913043478,0.0024154652173913,0.0,0.0051084485380116,0.003640927118644,0.0041396102272727,0.411111,0.0833333,0.047619,0.0555557,0.111111,0.111111,4.34117,504.0,344.0,0.0832,0.4948,0.1682,0.0
1,-0.0493278906262549,0.1698672849912103,0.2071144353648667,-0.2386106185772123,-0.0957411774403794,-0.2442521457707274,-0.0227341542195933,-0.051708345276947,0.5396339796855466,3.278694151761482,0.3850945090729339,43.51297405189621,40.0,2.31,438,0.0,1.0,0.0,0.0,0.2022,1.0,0.069,1.0,0.03359375,0.0,0.0169312,0.0485042461538461,0.0026455095238095,0.0018115934782608,0.0029667875457875,0.0005509636363636,0.0017610591715976,1.0,0.0,0.644444,0.0555557,0.111111,0.030303,4.91051,4813.0,8467.0,0.046,0.2499,0.1841,0.0
1,0.7497915157397433,-0.0085154070772608,0.5417734888958063,-0.3030965559158397,-0.2454663227816118,-0.4652436298883306,1.0569696505827246,0.1156955110905693,0.1601050123829145,3.092888825526405,0.5611876141129845,49.38684503901895,40.588235294117645,2.31,726,0.0,0.0,1.0,0.0,0.153,1.0,0.0,0.0,0.0087912076923076,0.0,0.0,0.006793656,0.0,0.013888925,0.0085091443037974,0.0,0.0071428571428571,0.0666667,0.0,0.0666667,0.0,0.111111,0.0,8.76876,5790.0,317.0,0.0827,0.7983,0.1036,0.0
1,-0.2032158189864389,0.0966083357975869,0.2009154922597539,-0.2350314693527029,-0.0229954743797459,-0.2458137573626003,-0.4888702942904529,0.1546722522302374,0.4717211702718529,2.2803915385296767,0.3843890303385668,46.1327857631759,30.58823529411765,2.29,0,0.0,1.0,0.0,0.0,0.121,1.0,0.237,1.0,0.0351421139534883,0.0079365,0.0211111175,0.0030864222222222,0.0034271272727272,0.0039377276923076,0.0046690812865497,0.0063232844594594,0.0042108913043478,1.0,0.111111,0.0833333,0.047619,0.111111,0.222222,3.67481,824.0,124.0,0.024,0.4322,0.0555,0.0
1,-0.2191305904187857,-0.1611312990345443,-0.4049119063622236,-0.0205284155481101,0.1134588494838827,-0.2143080360753525,-0.1608210959507954,-0.1301514035667936,-0.402834131228726,1.5420457563258343,0.4342259376614996,44.751381215469614,37.64705882352941,2.29,464,0.0,0.0,1.0,0.0,0.0695,1.0,0.288,1.0,0.1010465117647058,0.3712965,0.0,0.031700025,0.0546736666666666,0.0074074133333333,0.0133623618677042,0.0239610103092783,0.0039708318181818,0.916667,0.866667,0.683333,0.194444,0.4,0.355556,3.64647,2295.0,22614.0,0.0341,0.4737,0.072,0.0
1,0.2855263278067652,0.300660047086628,2.703722655084854,-0.0139360486688832,0.0667840608894589,-0.2650447212036862,0.0402696680209055,-0.0197691753750423,2.3514932270568067,4.802545510667375,0.2337311459884277,53.04136253041363,42.35294117647059,2.28,1033,0.0,1.0,0.0,0.0,0.17450000000000002,1.0,0.0,0.0,0.1620370555555556,0.0129070038461538,0.0,0.01628306,0.0,0.015873,0.0321686626315789,0.0022447863970588,0.004166665,1.0,0.298942,0.444444,0.0,0.587301,0.111111,11.0199,390.0,57.0,0.0552,0.9572,0.0577,0.0
1,-0.2693163577020495,-0.1898969477618571,-0.3097202905472732,0.4694669418442371,0.1141532914319948,0.584244534988122,-0.2688987968377099,-0.1912983241185004,-0.2860817399081292,3.4285604699795145,0.5199351900111262,45.74712643678161,36.47058823529412,2.27,1017,0.0,0.0,1.0,0.0,0.0815,1.0,0.40265,1.0,0.004208759090909,0.251504625,0.0018518511111111,0.002083335,0.11958503125,0.0024154652173913,0.003488888,0.0468026602870813,0.0059814849999999,0.0555557,1.0,0.0416667,0.793651,0.111111,0.486111,3.67481,22805.0,28033.0,0.1233,0.2484,0.4964,0.0
1,-0.2469363720708016,-0.1511496103253601,0.3664453255351061,0.3096257782217762,0.4815826899261479,0.4992140909505758,-0.4359437745425922,-0.0627559935277524,0.22015600640764,1.563766034730687,0.632223133514345,44.14210128495843,35.294117647058826,2.27,2429,0.0,1.0,0.0,0.0,0.0,0.0,0.0,0.0,0.3323500433333333,0.0009578568965517,0.043501625,0.03478405,0.0023148147058823,0.0081389653061224,0.0051578609836065,0.0048792286956521,0.003793478700361,1.0,0.0555557,0.222222,0.0787037,0.133333,0.122222,3.67481,43102.0,6145.0,0.0412,0.4011,0.1026,0.0
1,-0.2561633225214892,0.2216353106368121,1.845807313002383,-0.2646031837598728,-0.2149746098221687,-0.1325482618833486,0.1773279890239284,0.0166986174178603,2.315688595966742,5.338975840488471,0.1606069370937074,51.690821256038646,41.17647058823529,2.27,2155,0.0,1.0,0.0,0.0,0.0,0.0,0.0,0.0,0.0044858565217391,0.0030864277777777,0.0,0.0045155862068965,0.0,0.0,0.0033536585365853,0.0028625892045454,0.0,0.0555557,0.0555557,0.130952,0.0,0.0833333,0.177778,4.13237,7490.0,20261.0,0.0664,1.0337,0.0643,0.0
1,-0.2301630470890308,-0.1331511975783406,-0.2036958050273859,0.2156414927395044,-0.0037957685580008,-0.3734418537489327,-0.1663344151664352,-0.0235691158993093,0.013744249074307,2.171633513840068,0.3575480416341557,45.47461368653421,37.64705882352941,2.26,0,0.0,1.0,0.0,0.0,0.24794999999999998,1.0,0.0775,1.0,0.18224205,0.0,0.0824653125,0.0060457558823529,0.0,0.0027065538461538,0.0282407422619047,0.0023712780487804,0.0020940252173913,1.0,0.0,0.0833333,0.0,0.707143,0.0555557,4.45679,15646.0,28983.0,0.7284,2.3865,0.3052,0.0
1,-0.4453440167846009,-0.0522081629709349,0.0820689690061851,0.6206079386707619,0.0060673616582185,0.6858637890731328,-0.2896159808819851,-0.4495697431129442,0.3360033543211613,1.197890551769134,0.6005142200920621,42.77360066833751,32.35294117647059,2.26,0,0.0,0.0,0.0,1.0,0.11085,1.0,0.1293,1.0,0.1436349512195122,0.0233333428571428,0.0628267897058823,0.236984135,0.0114035,0.0015723301886792,0.0192168801075268,0.0132433019900497,0.0026262827493261,1.0,0.677778,0.933333,0.311111,0.566667,0.269841,4.9718,12278.0,18337.0,0.0559,0.3682,0.1518,0.0
1,-0.1427443160215853,-0.1577205263582355,0.0287669243524378,0.3293527302950143,0.1444899214646059,-0.2494110673646838,-0.1353014111733962,0.046127497645747,0.4159190470736048,5.400201004892832,0.1122528312272582,47.61904761904761,37.64705882352941,2.25,353,0.0,1.0,0.0,0.0,0.32075000000000004,1.0,0.58435,1.0,0.1574073333333333,0.4422288333333333,0.20416667,0.4574075666666666,0.1970916666666666,0.0057127867924528,0.0185185,0.0235570628930817,0.0031491413145539,0.472222,0.958333,0.75,1.0,0.111111,0.777778,4.209,26554.0,4466.0,0.0348,0.4961,0.0702,0.0
1,-0.1950047816639731,0.0208566463895784,0.024193419112038,-0.1437457010211249,-0.0575268889945138,-0.2508036145060798,-0.1849173771342549,0.0996989387267706,0.2130248926619327,2.861301018351781,0.3665673132707594,45.053003533568905,32.94117647058823,2.25,717,0.0,0.0,0.0,1.0,0.2565,1.0,0.36950000000000005,1.0,0.0,0.111111,0.0683760769230769,0.0,0.0,0.0024509794117647,0.0,0.0110075956521739,0.0017361104166666,0.0,0.111111,0.0,0.0,0.0,0.0833333,4.209,15303.0,35218.0,0.1136,0.3418,0.3323,0.0
1,-0.2924640213397077,-0.2753429739197005,-0.2733174193927718,0.0149465515970176,0.0943426349595051,-0.2317397234997463,-0.4004820629655988,-0.221233196636501,-0.1141775348167023,0.6558861090238386,0.845336203388787,42.142857142857146,34.11764705882353,2.25,1557,0.0,1.0,0.0,0.0,0.10545000000000002,1.0,0.0,0.0,0.006191725,0.0041666692307692,0.013888925,0.0022522513513513,0.0046139389830508,0.005208334375,0.0046351659751037,0.0042313711191335,0.0032767564356435,0.0833333,0.0666667,0.0833333,0.0833333,0.111111,0.111111,9.01627,13514.0,3139.0,0.1421,0.3538,0.4017,0.0
1,-0.3188975945672394,-0.0354681961675579,0.0961781413460871,-0.1576930689022717,0.1077045811181663,-0.2856420538596254,-0.0371054973926539,0.1302558496969715,0.2950974088179242,3.84596992919247,0.2550099109287063,44.51476793248945,34.705882352941174,2.25,459,0.0,1.0,0.0,0.0,0.27044999999999997,1.0,0.126,1.0,0.1549546485714285,0.001443,0.0,0.0146111,0.000797447368421,0.0109347407407407,0.0059925561797752,0.001192430049261,0.0085282692982456,1.0,0.047619,0.458333,0.030303,0.166667,0.111111,4.34117,4865.0,48084.0,0.0627,0.3952,0.1587,0.0
1,-0.0552317557765916,-0.0728139570252151,-0.1459585827774893,0.2930790802949513,0.2000603368847783,0.5066931529107581,-0.1895901417230209,-0.035679599740256,-0.3305199589189556,0.0098694469463129,1.0,43.85964912280701,35.88235294117647,2.24,138,0.0,1.0,0.0,0.0,0.5674499999999999,1.0,0.39754999999999996,1.0,0.0,0.7787477142857142,0.144270875,0.016666675,0.2968843857142857,0.0203765209302325,0.0006802714285714,0.0643163087962962,0.0052130842465753,0.0,1.0,0.0666667,0.888889,0.0333333,0.662699,4.34117,21218.0,32529.0,0.1026,0.4726,0.2172,0.0
1,-0.2811681999454035,-0.2446569593551689,0.0508307008500983,0.0311157843818423,-0.0909936195433191,-0.1131242308324779,-0.2551227661040077,-0.3179048550726445,0.0141576917280109,0.5096302986370853,0.83152458200271,42.66943291839557,30.0,2.23,213,0.0,1.0,0.0,0.0,0.37550000000000006,1.0,0.0313,0.98,0.2686868484848485,0.005658437037037,0.0025676921568627,0.379997704347826,0.0061728333333333,0.0025297609374999,0.0173070369098712,0.0033211619318181,0.0039172891774891,1.0,0.0833333,1.0,0.111111,0.327778,0.103175,4.34117,34785.0,1771.0,0.2991,2.013,0.1486,0.0
1,-0.1480773337914082,0.2878496086847764,-0.04658821775406,-0.0169298578793699,-0.3478882921409523,-0.1343592391491274,-0.4303981826712129,0.0992858369484733,-0.5110013468353471,1.9200110171934297,0.4056659562784922,40.809968847352025,31.176470588235293,2.22,3498,0.0,1.0,0.0,0.0,0.0,0.0,0.0,0.0,0.0067901333333333,0.0,0.2862599375,0.0,0.0124999999999999,0.0011299440677966,0.0029088514285714,0.0019533639534883,0.0023628328767123,0.0666667,0.0,0.0,0.0833333,0.111111,0.0833333,7.01501,16404.0,11478.0,0.1958,0.4791,0.4087,0.0
1,-0.4438026039517173,-0.005628879297594,-0.5128849693520631,-0.246893453467178,-0.0311114414833,-0.112015816335278,-0.5426474953589893,-0.4315502791966437,-0.6597212898300374,2.356994463323829,0.4328956072581201,45.45062526951272,44.70588235294118,2.21,470,0.0,0.0,0.0,1.0,0.0,0.0,0.7644999999999998,1.0,0.0525058777777777,0.750676,0.8670278846153846,0.0065909,0.4842135,0.3069483490196078,0.0031457977777777,0.0621031684782608,0.0354563647686832,0.859259,1.0,0.122222,0.866667,0.111111,0.916667,7.01501,16210.0,20875.0,0.0267,0.472,0.0566,0.0
1,0.0127360202222712,0.8530750528604806,0.2007050492440215,-0.0452933567230489,-0.2248711699766583,-0.4849857879341454,-0.2132252179092851,1.3503661619807836,0.2836113270119954,2.960122165152824,0.2362043602332334,43.74614910659273,42.94117647058823,2.21,225,0.0,1.0,0.0,0.0,0.0,0.0,0.59965,1.0,0.023333325,0.9303618571428572,0.16177776,0.0066425065217391,0.3290606666666666,0.0130675441860465,0.003231662745098,0.0997740880733945,0.0028693525641025,0.933333,1.0,0.111111,0.675955,0.108333,0.488813,11.3538,198.0,3575.0,0.1147,0.3166,0.3622,0.0
1,-0.0199272665470037,-0.4185745757518782,-0.1531969457499407,0.0090739286271172,0.2455216343230052,0.5842290694934471,-0.0009641340790836,-0.3382213799746781,-0.2010733530004853,1.4149754429805856,0.92999498517652,46.42525533890437,34.11764705882353,2.21,0,0.0,0.0,1.0,0.0,0.14650000000000002,1.0,0.9740000000000001,1.0,0.0021825383333333,0.888889,0.0180992396226415,0.0012345685185185,0.5157406666666667,0.010777774,0.0027668769230769,0.0859196684210526,0.003118143902439,0.0833333,0.888889,0.0666667,0.666667,0.111111,0.531746,4.91051,18287.0,36537.0,0.1385,0.4382,0.316,0.0
1,-0.0927488223491053,0.3608550047186456,-0.1936647617445259,-0.3738595612859224,-0.0407815741958068,-0.3733628779118501,-0.0155158223874546,0.4693526214071279,0.0406055766060662,4.089237475985062,0.1517241462918833,43.88327721661055,55.88235294117647,2.2,414,0.0,1.0,0.0,0.0,0.5936000000000001,1.0,0.0,0.0,0.7528739,0.0457729608695652,0.1915298275862069,0.5141754814814815,0.0033068821428571,0.0085249045977011,0.0478110352941176,0.0021893793103448,0.003003516766467,1.0,0.902778,1.0,0.0555557,0.355555,0.111111,4.209,4609.0,1083.0,0.1018,0.3928,0.2592,0.0
1,0.6019302354491792,-0.0483209156645759,-0.0743691621180137,-0.2884461525909328,-0.2771530775197198,-0.2246341714112802,1.1766965034004002,-0.2441108506809982,-0.288037388018114,0.0332372902480566,0.8257397039093114,43.32706766917293,40.0,2.2,0,0.0,0.0,1.0,0.0,0.6478499999999999,1.0,0.0,0.0,0.3935374285714285,0.00833333,0.0,0.2185772962962963,0.0,0.0,0.0320455072,0.0,0.0,1.0,0.0833333,0.916667,0.0,0.7,0.0,6.34478,7004.0,1367.0,0.455,1.175,0.3872,0.0
1,0.1297533450326129,-0.0024236694994269,1.065850979284911,-0.2381959809680237,-0.2195247940449674,-0.4681428321702761,-0.106552416494308,0.4457561997687718,1.7702999273566504,5.611513875232466,0.3810332276639496,49.70344009489917,38.23529411764706,2.2,714,0.0,0.0,1.0,0.0,0.0,0.0,0.4915,1.0,0.0,0.0,0.01666666,0.0083333375,0.0,0.0,0.0065843592592592,0.0,0.0,0.0,0.0,0.0666667,0.0,0.111111,0.0,6.34478,111.0,10988.0,0.0877,0.5011,0.1751,0.0
1,-0.0337038491135466,0.1292615329373242,0.0605319782586223,0.2304937454384302,-0.3564434922104845,-0.1570876630406222,-0.0271428886881815,0.2333145667778938,0.5301297031885445,1.3507706437850362,0.5507187155751861,48.1203007518797,31.176470588235293,2.2,0,0.0,1.0,0.0,0.0,0.0,0.0,0.036,1.0,0.0,0.0,0.0804444279999999,0.005185185,0.0,0.0,0.0035353518181818,0.0,0.0044776134328358,0.0,0.0,0.0666667,0.0,0.111111,0.0,6.67872,14680.0,4848.0,0.0528,0.4448,0.1187,0.0
