gene_id,WGD,group,H3K27ac_down,H3K27ac_up,H3K27ac_genebody,H3K27me3_down,H3K27me3_up,H3K27me3_genebody,H3K4me3_down,H3K4me3_up,H3K4me3_genebody,avg_expression,tau,gene_cds_gc,promoter_gc,rec_rate,te_dist,TEGroup_1,TEGroup_2,TEGroup_3,TEGroup_4,TEdenseAvgUp,TEdenseMaxUp,TEdenseAvgDown,TEdenseMaxDown,CG_up_ave,CG_down_ave,CG_body_ave,CHG_up_ave,CHG_down_ave,CHG_body_ave,CHH_up_ave,CHH_down_ave,CHH_body_ave,CG_up_max,CG_down_max,CHG_up_max,CHG_down_max,CHH_up_max,CHH_down_max,summit_fold_enrichment,upstream_distance,downstream_distance,Ka,Ks,omega,location
Bra014254,0,III,-0.1543021097882359,-0.0566475494780585,-0.2903376031882385,-0.0687632033343588,-0.133353118998374,-0.2802753914723324,-0.2944327868348087,0.1116883443479277,-0.0328546075111149,2.7314867105773883,0.5865045956571058,46.13333333333333,40.588235294117645,4.91,0,0.0,0.0,0.0,1.0,0.0,0.0,0.09350000000000001,1.0,0.00389881,0.0,0.0277777777777777,0.0026455095238095,0.09444443,0.0016835,0.000973346226415,0.01171875,0.0020744871428571,0.0666667,0.0,0.0555557,0.555556,0.0555557,0.25,5.00904,2365.0,19931.0,0.0413,0.373,0.1107,1.0
Bra014270,0,III,-0.2504076831855809,-0.1249841934702887,-0.2318554836210619,0.1869874314836074,0.6249091752732349,0.7019488659517055,-0.2569218075713816,-0.1155931685185565,0.0088855715251045,1.869747644952232,0.6491976649324608,42.22222222222222,31.176470588235293,5.39,936,0.0,0.0,0.0,1.0,0.19374999999999998,1.0,0.4596,1.0,0.0,0.0185185,0.0325925799999999,0.0092592555555555,0.0,0.00833333,0.0076576594594594,0.0107988590163934,0.0,0.0,0.111111,0.0833333,0.0,0.0833333,0.377778,5.67691,32805.0,8697.0,0.111,0.2835,0.3917,1.0
Bra014263,0,III,-0.2923847367785468,-0.2094545733873403,-0.0978978625452692,-0.1366277722685518,-0.1994365351641927,-0.3467019139501981,-0.4021031686155959,-0.3395527902312842,-0.361108109581446,0.0493473276186018,1.0,44.376278118609406,41.17647058823529,5.15,169,0.0,1.0,0.0,0.0,0.12100000000000001,1.0,0.3939499999999999,1.0,0.2198526999999999,0.5495725384615384,0.0031746047619047,0.2186196769230769,0.1072022795918367,0.0042022846153846,0.014902723880597,0.0232955963087248,0.0046127411347517,1.0,1.0,0.527273,0.68254,0.166667,0.466667,4.54561,17546.0,20761.0,0.0195,0.2721,0.0716,1.0
Bra014262,0,III,-0.2338058995506363,-0.1101527575499908,-0.3146857178299242,-0.2966865975790628,0.1330485176032705,-0.1527151690989325,-0.3170541829446863,-0.5981709050247124,-0.4195144253720474,2.09243328509608,0.5310204272875739,42.84591194968554,36.47058823529412,5.14,195,0.0,1.0,0.0,0.0,0.0,0.0,0.39519999999999994,1.0,0.8511865249999999,0.365359394117647,0.1354075772727273,0.4953301172413792,0.1266005775,0.0067351602739726,0.0747396573839662,0.0270790137651821,0.0039242906705539,1.0,1.0,1.0,0.68254,0.644445,0.466667,5.96276,17623.0,20162.0,0.0906,0.4274,0.212,1.0
Bra014294,0,III,-0.1878821231187252,-0.0657030874145408,0.0824779624764142,0.1434552018472101,0.4419601161565422,0.1042099581324031,-0.0076252420166558,-0.2145813438734942,-0.1055494252745008,0.528989353997015,0.7193835739783803,49.29577464788733,36.47058823529412,7.18,765,0.0,1.0,0.0,0.0,0.12789999999999999,1.0,0.24509999999999998,1.0,0.9148145,0.1975308333333333,0.00757575,0.2296826,0.0616246058823529,0.00260416875,0.036029,0.051764507920792,0.001728395,0.933333,1.0,0.466667,0.481481,0.2,0.522222,5.00904,13135.0,6624.0,0.0793,0.382,0.2077,1.0
Bra014304,0,III,0.2948911912528645,-0.0982269793056134,0.170400594776816,-0.0512454001101478,0.0475626819723048,-0.0781306200001054,0.2633613563151352,0.0039147894724178,0.1807863138701504,0.0102979544212376,1.0,47.42268041237113,32.35294117647059,7.78,1090,0.0,0.0,0.0,1.0,0.0,0.0,0.2722,1.0,0.0012254911764705,0.1456711896551724,0.0012931034482758,0.0059912803921568,0.02976758,0.0,0.0020980398457583,0.0075758672672672,0.0021677460526315,0.0416667,0.933333,0.111111,0.589286,0.111111,0.325397,6.07744,9245.0,46557.0,0.1527,0.4071,0.3752,1.0
Bra014305,0,III,-0.2905105948124631,0.0079349452103513,0.0209918376310344,0.0436198109328938,0.3791322825960052,-0.1757216981971911,-0.2478425504893175,0.2012992700712231,0.0790118083331755,5.011204883493222,0.1229981344331432,47.38237243207422,42.94117647058823,7.84,0,0.0,0.0,0.0,1.0,0.3594,1.0,0.1355,1.0,0.1837414617647058,0.3319441363636363,0.215837756,0.3001591322580645,0.1845442679999999,0.0067748736842105,0.0669914023952095,0.0107711988130563,0.0057713419580419,1.0,1.0,1.0,0.85,0.583333,0.325397,6.07744,39513.0,13817.0,0.0571,0.4744,0.1204,1.0
Bra014310,0,III,-0.0867671511410376,0.1083465411350637,0.2017233406949392,0.0066490084220512,0.1183353445665793,-0.142625368362554,-0.2727860003078328,-0.0253028069115987,0.111391815592349,2.604732387996957,0.5059000990894067,43.36182336182336,32.94117647058823,8.8,0,0.0,1.0,0.0,0.0,0.1393,1.0,0.0,0.0,0.031234202173913,0.0798354066666666,0.2366304528571428,0.0279067098360655,0.0300264452380952,0.0050140943925233,0.0044945088328075,0.0061345449826989,0.0047227701234567,0.916667,1.0,0.777778,0.388889,0.161905,0.288889,4.95884,32216.0,15054.0,0.0939,0.5543,0.1694,1.0
Bra014318,0,III,-0.3343212341027863,-0.4058738493527897,-0.5582618293741515,-0.3761170266826339,-0.0144566310213779,-0.0531312636859117,-0.5266073926777104,-0.4412114209146569,-0.8350581227069442,0.1164854001323701,0.8297679389324883,41.40350877192983,32.35294117647059,9.64,647,0.0,0.0,1.0,0.0,0.3116,1.0,0.166,1.0,0.1734844311111111,0.2073318166666666,0.0,0.0990441903225806,0.0493983612903225,0.0079365285714285,0.0534000377682403,0.02024975900277,0.0018115934782608,0.958333,1.0,0.777778,1.0,0.5,0.711111,4.34117,17838.0,39366.0,0.0288,0.4024,0.0716,1.0
Bra014324,0,III,0.1266648824369771,0.0033941644457816,1.1379881758192905,0.0663330773058421,0.0475264860409505,-0.2078107015437094,0.2396902483948075,0.0525756336841208,1.0479560374919032,2.064916251993401,0.6595189006488084,48.52320675105485,31.76470588235294,10.31,683,0.0,1.0,0.0,0.0,0.2793,1.0,0.59615,1.0,0.4842402857142857,0.2784780294117647,0.0055555533333333,0.3112201379310344,0.1445817692307692,0.0,0.0712842872340425,0.0163999426229508,0.0021505387096774,1.0,1.0,0.916667,0.944444,0.645022,0.277778,9.68414,9466.0,11636.0,0.159,0.3393,0.4688,1.0
Bra030962,0,III,-0.3987471153618427,0.1674526476101638,0.2264631347059285,-0.1581805914456757,0.0250553947385722,-0.44433424091578,-0.3343816063656928,0.1999923976675612,0.2064394769570083,3.474187834486337,0.1947467388622095,46.01010101010101,35.88235294117647,16.24,0,0.0,0.0,0.0,1.0,0.4352499999999999,1.0,0.22210000000000002,1.0,0.4363275454545455,0.4351143357142857,0.5979548564102564,0.0850694999999999,0.1064528567567567,0.0145815329411764,0.0279605315789473,0.0138000667870036,0.002390400340136,1.0,1.0,0.916667,0.861111,0.638889,0.373016,5.08398,7869.0,58876.0,0.0385,0.4318,0.0892,1.0
Bra030957,0,III,-0.0084107490988013,0.1582656541819846,2.3113591273643985,0.0249138077743138,-0.0329198972632964,-0.5404142947166145,-0.1245725921223125,0.1143447915863393,1.697671358065905,4.015851805248502,0.5054678045076567,57.01754385964912,38.23529411764706,16.77,414,0.0,1.0,0.0,0.0,0.4120000000000001,1.0,0.17035,1.0,0.0069444375,0.0,0.0028735620689655,0.0121212181818181,0.0,0.0,0.0033910545454545,0.0038408777777777,0.0053571428571428,0.111111,0.0,0.0666667,0.0,0.0833333,0.0666667,16.1345,45.0,90.0,0.1069,0.3282,0.3258,1.0
Bra030955,0,III,-0.4339660791679245,-0.3170918364503473,-0.0851379326541393,0.1031760717054111,0.4692697646147753,0.3772496868562643,-0.2689859915140029,-0.3010106935553362,-0.3109945126550765,0.9357150516379704,0.7608984462797548,43.14868804664723,31.76470588235294,16.89,1010,0.0,0.0,0.0,1.0,0.09200000000000001,1.0,0.31835,1.0,0.005497678125,0.0663461653846153,0.0,0.0065422513513513,0.0195601958333333,0.001683506060606,0.0022947088,0.006197552866242,0.0023148137254901,0.12037,0.891667,0.111111,0.166667,0.111111,0.222222,4.54561,4929.0,28752.0,0.1238,0.268,0.4619,1.0
Bra030933,0,III,-0.0277556794289346,0.0153673676787743,-0.0917803832263822,0.0780361651874806,0.0882696717216758,-0.1299007551603845,-0.0940924070816077,-0.171100495174226,-0.4490017608320073,0.0,,43.18996415770609,34.11764705882353,17.83,74,0.0,1.0,0.0,0.0,0.0737,1.0,0.0407,0.96,0.4563494999999999,0.005291,0.00095238,0.0,0.0021929842105263,0.0009718163265306,0.0315628499999999,0.0,0.0019967957854406,0.52381,0.111111,0.0,0.0416667,0.222222,0.0,6.28003,32805.0,5458.0,0.1128,0.5041,0.2238,1.0
Bra030854,0,III,-0.1012418132504511,-0.1423270613541493,0.3610905320732726,-0.1633362649734233,-0.1918403857592691,-0.24277925821915,-0.0424960074795661,0.1376488137258583,0.6199415208487683,4.101807758483684,0.2580998037742131,48.77529286474974,37.64705882352941,19.43,690,0.0,0.0,0.0,1.0,0.0,0.0,0.6269,1.0,0.1255952175,0.154321,0.0,0.0040688549295774,0.0,0.0,0.0017140830670926,0.0019736842105263,0.00833333,1.0,0.888889,0.111111,0.0,0.111111,0.0833333,4.91051,56574.0,16094.0,0.245,0.8043,0.3047,1.0
Bra030853,0,III,0.1423779471729403,0.2837019209628533,0.4829135033716548,-0.2738159114677958,-0.052103444708603,-0.1409660007636329,0.389875221004023,0.1966080492572051,0.6971501612744637,2.848191207476309,0.2841556926707105,48.27586206896552,45.294117647058826,19.43,3042,0.0,0.0,0.0,1.0,0.0,0.0,0.0,0.0,0.03159725,0.0378547484848484,0.1200301976190476,0.0051282076923076,0.0048309130434782,0.0057264923076923,0.0101851866666666,0.0019313463054187,0.0038629013274336,0.505556,0.904762,0.0666667,0.111111,0.25,0.111111,4.91051,53661.0,18446.0,0.0481,0.6315,0.0762,1.0
Bra030843,0,III,0.3239645539936523,0.5025303410502963,2.1436380293231045,-0.1092435105390716,-0.4280494411994966,-0.1236743346488069,0.5475143790139286,-0.3202351492950834,2.14979645211952,4.96601264062355,0.3984566486497131,52.46913580246913,38.23529411764706,19.43,379,0.0,0.0,0.0,1.0,0.0,0.0,0.36365,1.0,0.2129629999999999,0.2968254,0.0555555,0.023626373076923,0.0888888999999999,0.0095238142857142,0.0041841287999999,0.0119047512820512,0.00444444,1.0,0.916667,0.5,0.444445,0.111111,0.333333,4.23665,117.0,1820.0,0.0222,0.6927,0.0321,1.0
Bra030821,0,III,0.1004520013144233,0.0275412544560641,1.993638211483831,-0.0980097817797213,-0.1310896138395822,-0.1823166657701254,0.1556577289528857,-0.0019284062454262,2.3193167662948517,3.046490317378933,0.4171637503318545,51.08359133126935,35.294117647058826,19.43,440,0.0,1.0,0.0,0.0,0.39344999999999997,1.0,0.0,0.0,0.0,0.0035273333333333,0.0,0.0030864277777777,0.0072691227272727,0.0,0.0068508490566037,0.005075063253012,0.00555555,0.0,0.047619,0.0555557,0.0833333,0.0833333,0.111111,4.02482,17755.0,8725.0,0.0983,0.702,0.1401,1.0
Bra040506,0,III,-0.0576373730836235,0.0014974654902339,-0.204423648119782,0.3319168593567579,0.1152783079296843,0.6281364855275109,-0.0826624219002437,0.1956311591185899,-0.1685584400693777,1.0862821248777257,0.9710990749396328,46.9038208168643,26.47058823529412,2.87,856,0.0,0.0,1.0,0.0,0.07450000000000001,1.0,0.5775,1.0,0.0282162192307692,0.0136752076923076,0.0029761892857142,0.0032139545454545,0.008547,0.0136752076923076,0.0114785394444444,0.003153934375,0.000843882278481,0.395238,0.111111,0.141414,0.111111,0.15,0.111111,5.93131,15184.0,18686.0,0.0577,0.402,0.1434,1.0
Bra040507,0,III,0.131707478243041,-0.1437951577771863,0.1759796382700051,-0.3064866179960587,0.3138249601425035,-0.1740386467335499,-0.1753938098890868,-0.1037404495712328,0.2401160195227328,3.580189299579067,0.3419085242864058,48.49578820697955,40.588235294117645,2.87,301,0.0,1.0,0.0,0.0,0.07445,1.0,0.0,0.0,0.0217542657142857,0.0,0.01805557,0.0090469869565217,0.0,0.0017636666666666,0.010992923668639,0.002849,0.0024509808823529,0.395238,0.0,0.141414,0.0,0.15,0.111111,5.93131,21975.0,12243.0,0.0835,0.5629,0.1483,1.0
Bra021478,0,III,-0.2791424050470704,0.5139665568335642,0.5996158540911638,-0.2171947467638834,-0.2986632390352657,-0.1734755640441764,-0.3083651279527135,1.3476048614704734,0.937032889033772,6.311655398104014,0.1566509842614864,48.8425925925926,41.76470588235294,3.03,7048,0.0,1.0,0.0,0.0,0.0,0.0,0.0,0.0,0.0,0.0,0.0066666699999999,0.0,0.0,0.0,0.0075785882352941,0.0039682547619047,0.0014725590361445,0.0,0.0,0.0,0.0,0.111111,0.111111,4.44848,51824.0,18978.0,0.0147,0.6013,0.0245,1.0
Bra021474,0,III,-0.1870424681816213,0.065182681516533,-0.0126257518547047,0.0608674992152047,0.0355688556108242,-0.3146084597108233,-0.2148286696080933,0.1074909857199627,-0.0263864630167652,2.2897886967964496,0.1937634944889393,45.937834941050376,41.17647058823529,3.03,466,0.0,0.0,1.0,0.0,0.7636000000000002,1.0,0.0,0.0,0.9315475,0.6524532727272727,0.1939012346666666,0.5984130000000001,0.2021721052631578,0.0052386288590604,0.096785675,0.0674603115384615,0.0035065113456464,0.952381,1.0,0.869048,0.888889,0.533333,0.819048,5.34297,34970.0,31627.0,0.173,0.4386,0.3944,1.0
Bra021472,0,III,-0.1646986459747332,0.5900834047342551,0.0339709729613983,-0.1548974406106968,0.0372575020634304,-0.4695707756384947,-0.0489745848838249,0.697569008749437,0.1435128675386849,2.5140006604238536,0.4222622713601368,43.44729344729345,35.88235294117647,3.03,924,0.0,0.0,1.0,0.0,0.07300000000000001,1.0,0.0,0.0,0.0,0.1111111111111111,0.0055555583333333,0.0,0.0046717204545454,0.001287,0.0,0.0045236856481481,0.0035056481283422,0.0,1.0,0.0,0.0833333,0.0,0.122222,5.34297,23025.0,46857.0,0.0263,0.3415,0.0771,1.0
Bra021458,0,III,-0.3152445040495256,-0.0892799808973198,0.4359639520795341,0.0716188066935625,-0.0485777296678226,-0.446404491435645,0.0460502357224148,0.7396844656282424,1.2825788308622446,7.171754848159657,0.0915870261554121,50.697674418604656,31.76470588235294,3.03,1938,0.0,0.0,0.0,1.0,0.0,0.0,0.05380000000000001,1.0,0.0133333399999999,0.1666535454545454,0.005952375,0.0029761875,0.0143049542857142,0.0,0.0026661708333333,0.0047452302521008,0.0014184404255319,0.0666667,0.922078,0.047619,0.177778,0.111111,0.0833333,4.05163,20934.0,3142.0,0.0213,0.4581,0.0464,1.0
Bra021432,0,III,0.0519531203098718,0.5999201887518004,0.1445168711934042,-0.0128527286047123,-0.2366596542056704,-0.2456715984075242,-0.1125100567078771,0.8151942025278677,0.2491712935213593,2.904986456128149,0.1860593913584187,49.13294797687861,31.176470588235293,3.03,1284,0.0,1.0,0.0,0.0,0.0,0.0,0.0407,0.92,0.019246025,0.02,0.0,0.0,0.0208132217391304,0.0,0.0052752074626865,0.0047780989795918,0.0018214918032786,0.944444,0.4,0.0,0.166667,0.133333,0.111111,8.01446,14489.0,2395.0,0.2269,0.5571,0.4072,1.0
Bra021421,0,III,0.5706118006022303,0.9699629833246274,0.1196389018342882,-0.2691326175269397,-0.194789554770232,-0.0938851230709659,0.665489735302089,1.5541814684835773,-0.061573260159218,2.4088593520522066,0.4991230756641191,44.44444444444444,34.11764705882353,3.03,2264,0.0,1.0,0.0,0.0,0.0,0.0,0.0,0.0,0.0,0.0,0.0173611249999999,0.0032118078125,0.0,0.0037414942857142,0.0027073785440613,0.0079365,0.0007032367088607,0.0,0.0,0.0833333,0.0,0.111111,0.111111,5.67691,4163.0,13906.0,0.0579,0.4846,0.1196,1.0
Bra021414,0,III,-0.1258047774514616,0.2990713008392057,0.2561275736757826,-0.1726708701336856,-0.0312850788927814,-0.27001674780369,-0.3498248421048744,0.5277379561801177,0.04026857838618,2.912368487934246,0.2223788132941243,45.44159544159544,40.588235294117645,3.03,1260,0.0,1.0,0.0,0.0,0.27165000000000006,1.0,0.0,0.0,0.0,0.0037878787878787,0.0,0.0,0.0039127854838709,0.0127450999999999,0.0,0.0031539362989323,0.0,0.0,0.0833333,0.0,0.0833333,0.0,0.166667,5.00904,59102.0,6002.0,0.0583,0.4464,0.1307,1.0
Bra021411,0,III,0.255268499051394,-0.0459924110575234,0.0092325824852507,-0.2755936921028958,0.049856255068745,-0.1034625940630649,0.4865838685962981,0.1727070618669119,0.1920911992180744,0.932035679253775,0.5972276356973334,46.83908045977012,41.76470588235294,3.03,957,0.0,0.0,1.0,0.0,0.4228,1.0,0.02025,0.85,0.288333335,0.0035639452830188,0.010092254054054,0.063194375,0.0039760352941176,0.0023809516129032,0.0069488566666666,0.002576799402985,0.0046711881410256,1.0,0.0666667,0.394444,0.111111,0.277778,0.0833333,5.00904,43496.0,21308.0,0.0444,0.3698,0.1199,1.0
Bra021410,0,III,-0.0753517808315663,-0.1167945867533671,0.5898225057064129,-0.1552322665934856,-0.0303253781164255,-0.4667470055256307,-0.0783005663842903,0.0123915873962814,0.8583998907723961,2.3099877623781384,0.2641663402929082,46.30541871921182,37.64705882352941,3.03,903,0.0,0.0,1.0,0.0,0.0,0.0,0.52745,1.0,0.1116968976190476,0.0042328037037037,0.0023148138888888,0.05295855,0.0,0.0011904771428571,0.0054278121495327,0.0053141321678321,0.0024804614678899,1.0,0.0666667,0.605556,0.0,0.214286,0.0833333,5.00904,35912.0,29927.0,0.0652,0.4677,0.1395,1.0
Bra021409,0,III,0.6523461287525806,-0.0034368732723395,0.3489030028759182,-0.1507371933405818,-0.1104576007758817,-0.3592227159695023,0.6914024947856908,0.0587541595478115,0.4893298441199596,1.7744492204961513,0.4494516385861522,46.89265536723164,33.52941176470588,3.03,4660,0.0,0.0,1.0,0.0,0.0,0.0,0.0,0.0,0.0408822558139534,0.0012531315789473,0.0,0.0312709244897959,0.0053606236842105,0.0017921129032258,0.0031906522058823,0.004596559375,0.0014550248756218,0.916667,0.047619,0.519841,0.111111,0.214286,0.15873,4.45679,33684.0,31600.0,0.0498,0.3145,0.1584,1.0
Bra021374,0,III,0.2917646976890164,-0.0274237147548845,0.3385092858798643,-0.2813462347649081,-0.0572633354098596,-0.4632336204933038,0.5026006298626272,0.2643196996731508,0.3498198500704911,2.8074796986798503,0.5876704490628413,45.37037037037037,45.88235294117647,3.04,2952,0.0,0.0,0.0,1.0,0.0,0.0,0.0,0.0,0.7717051153846154,0.004660388372093,0.0012345666666666,0.4484845840909093,0.0059236246376811,0.0075634688311688,0.1063981349056603,0.0036333700906344,0.0035842033994334,1.0,0.111111,0.944444,0.111111,0.777778,0.111111,4.34117,25821.0,13863.0,0.064,0.3554,0.1802,1.0
Bra021368,0,III,-0.168497092491829,-0.1222089410518477,0.3377814925305694,-0.1111026990261313,-0.0454719116008579,0.0569933130768722,-0.13355213229243,-0.1256424067148502,0.4900799174556423,2.100357167559205,0.4505077139533284,52.56410256410257,26.47058823529412,3.04,511,0.0,1.0,0.0,0.0,0.0,0.0,0.34045000000000003,1.0,0.0511695947368421,0.0705128461538461,0.0147058823529411,0.0026455095238095,0.0858432642857142,0.0,0.0024397407407407,0.0194630609756097,0.0,0.777778,0.916667,0.0555557,0.527731,0.0833333,0.373427,4.65937,471.0,3882.0,0.0661,0.3209,0.2059,1.0
Bra021359,0,III,0.2839027689994998,0.3536309301962314,0.1388211957942815,0.0033730488361158,0.1513237227581753,-0.1329913914140691,0.8504204912512494,0.6539182738900666,-0.3335883461614059,0.4085367559450545,0.7089022304866788,46.03174603174603,36.47058823529412,3.04,1532,0.0,1.0,0.0,0.0,0.0,0.0,0.1153,1.0,0.0085784382352941,0.1584821520833333,0.972817375,0.0024590163934426,0.0221036448275862,0.1290475999999999,0.0018407580645161,0.0200727752577319,0.0118535612903225,0.216667,1.0,0.0833333,0.166667,0.0833333,0.351852,3.84905,11088.0,18396.0,0.0578,0.4182,0.1382,1.0
Bra040236,0,III,-0.2747238766576576,-0.1110340568039997,0.2929728714005657,0.0632732489886613,0.0477865760072458,0.2922055345839683,-0.2050748861932068,-0.1998677845408997,0.0863541691232225,5.24556584211565,0.3656632718588195,43.75,31.176470588235293,2.87,0,0.0,0.0,0.0,1.0,0.30030000000000007,1.0,0.12409999999999999,1.0,0.0,0.1874716571428571,0.0029810341463414,0.0039682523809523,0.0422667487804878,0.0022277894736842,0.0143079635514018,0.0202745031007751,0.0014433798742138,0.0,0.952381,0.0833333,0.513889,0.333333,0.466667,4.23665,5845.0,21844.0,0.0975,0.2825,0.3452,1.0
Bra040234,0,III,0.2146580948466812,-0.4113727027737019,-0.4680508839882694,0.0900360308174549,0.7606100778906852,0.655058486945099,1.1001199471258398,-0.1960138767219415,-0.2661508318991138,0.5101866782393265,0.8298191475165909,44.22442244224423,32.35294117647059,2.87,1643,0.0,0.0,0.0,1.0,0.11599999999999999,1.0,0.0,0.0,0.0869963346153846,0.0,0.0664874548387096,0.0573179147058823,0.0,0.0052083333333333,0.0169040913621262,0.0,0.0036498904977375,0.966667,0.0,0.603175,0.0,0.345118,0.0,4.23665,2803.0,23036.0,0.0341,0.4087,0.0834,1.0
Bra040231,0,III,1.009740010517276,-0.0997301046440869,-0.027234244635093,0.0024300089286362,0.1326534987061843,0.3173320252750061,0.9594933945289728,0.253816297766792,0.0135841313562343,0.7244619210070724,0.99224115412213,48.79832810867293,50.588235294117645,2.87,364,0.0,0.0,1.0,0.0,0.0405,0.98,0.09350000000000001,1.0,0.0,0.0546397923076923,0.0034722285714285,0.0,0.0307656470588235,0.0,0.0070105888888888,0.0049673991071428,0.0013333339999999,0.0,0.388889,0.0,0.161905,0.0833333,0.15,4.23665,15215.0,10654.0,0.0322,0.4833,0.0665,1.0
Bra040274,0,III,-0.3086836138604114,-0.2730449075579781,-0.0633288920046999,0.4248601455543791,0.4247989526866758,0.9173679969441716,-0.0254183317582136,-0.2322444488687339,-0.3070453032580141,1.992890908397454,0.6199168331974845,45.067497403946,35.88235294117647,2.88,963,0.0,0.0,1.0,0.0,0.0,0.0,0.34225,1.0,0.0047892758620689,0.00520833125,0.0029143901639344,0.0,0.003472225,0.0030327794117647,0.0059894434782608,0.0045000783505154,0.0033361171929824,0.0833333,0.0833333,0.0,0.0416667,0.111111,0.111111,4.02482,68266.0,23070.0,0.0553,0.4426,0.1251,1.0
Bra040277,0,III,0.0037260924423582,-0.1981680798079331,-0.0058326699871314,-0.0230197241217501,0.2610218074486222,-0.0706469446941787,0.0433254336817854,-0.2048229212000408,-0.2216412763830975,2.049465527940706,0.4172004925670228,43.66197183098591,34.705882352941174,2.88,411,0.0,0.0,0.0,1.0,0.13045,1.0,0.15845,1.0,0.1967479268292683,0.0008210172413793,0.0018115978260869,0.0969808175,0.003367,0.0059439425531914,0.0896836191011236,0.0202601621052631,0.0036609721925133,1.0,0.047619,0.952381,0.111111,0.783333,0.305555,4.02482,1547.0,89384.0,0.0481,0.3869,0.1243,1.0
Bra040284,0,III,-0.2939324144512762,0.1735010182737852,-0.0493559973439175,-0.0901800053176432,0.056446645866633,-0.1999157973631541,-0.2132396980417706,0.4837596541050988,0.051480083852823,1.9871551190510175,0.2320679411216925,45.07678410117435,30.58823529411765,2.88,0,0.0,1.0,0.0,0.0,0.11349999999999998,1.0,0.0,0.0,0.0035842258064516,0.0,0.0366161818181818,0.0051282076923076,0.0,0.00396825,0.0015715881188118,0.00396825,0.0076738654676258,0.111111,0.0,0.0666667,0.0,0.0555557,0.047619,12.0217,22334.0,8166.0,0.1399,0.3095,0.452,1.0
Bra040295,0,III,0.2766935503928522,-0.0779976820126675,-0.1988304622449137,-0.0292867303733238,-0.0981367944657483,-0.0642067760564253,0.4324581808431443,0.2416131866448425,-0.140166104090992,0.1536181479892489,0.9918520465020207,45.73643410852713,36.47058823529412,2.88,84,0.0,1.0,0.0,0.0,0.17069999999999996,1.0,0.17850000000000005,1.0,0.0,0.0072463739130434,0.0017730489361702,0.0,0.0075295,0.0024691333333333,0.0022796340425531,0.0053491394904458,0.0059232947643979,0.0,0.0833333,0.0,0.111111,0.0833333,0.134259,5.83646,61321.0,20006.0,0.1228,0.4517,0.2719,1.0
Bra040355,0,III,-0.3839745228647196,0.0410184836979664,-0.0167130336378886,0.0026803744798859,-0.0027931227710177,-0.4194579905991361,-0.3200194570068685,0.0730350717187009,-0.1514694460736333,2.4774015430581424,0.3241703476428699,45.38341158059468,43.52941176470589,2.89,0,0.0,1.0,0.0,0.0,0.127,1.0,0.29,1.0,0.7075124500000001,0.0,0.1111511727272727,0.2960695,0.0184193208333333,0.0054112545454545,0.0474236635983263,0.0043348457142857,0.0031297358490566,1.0,0.0,1.0,0.177778,0.611111,0.111111,5.67691,19804.0,59535.0,0.0539,0.4213,0.128,1.0
Bra040357,0,III,0.0,-0.201421068754464,0.1651789271242752,0.0,0.417141493872458,-0.1358599685213808,0.0,-0.177894085049432,0.0044079667344975,1.2696939923140536,0.4312324010530223,45.94155844155844,40.0,2.89,0,0.0,1.0,0.0,0.0,0.0,0.0,0.228,1.0,0.0,0.6322431428571429,0.4125,0.0026455,0.2257733074074074,0.0018939409090909,0.0050940201438848,0.029974245490196,0.00074074,0.0,1.0,0.037037,0.933333,0.111111,0.460317,5.67691,13061.0,66684.0,0.0934,0.5084,0.1836,1.0
Bra040358,0,III,0.0696043813993674,0.0103483319355687,-0.2323559912179047,0.2517175634342716,0.3402384613183509,0.5941369714029607,0.1062934032597723,-0.0436430939677609,-0.1589042764408466,0.1994217969112249,0.9005887104770872,45.19519519519519,30.0,2.89,0,0.0,1.0,0.0,0.0,0.0,0.0,0.0307,0.98,0.0,0.01031747,0.0333333181818181,0.002849,0.0,0.0,0.0051309333333333,0.0010101015151515,0.0036391788617886,0.0,0.0555557,0.037037,0.0,0.111111,0.0666667,5.67691,71330.0,9358.0,0.0449,0.3993,0.1125,1.0
Bra040359,0,III,-0.0533375185041373,-0.0884106297314896,0.0832848250523611,-0.1526233786268754,0.678652764941801,0.0630303289662835,-0.0155124848173716,-0.0696641933775351,0.1237342630092181,0.883484952091498,0.3568230658627863,44.63087248322148,41.76470588235294,2.89,0,0.0,0.0,0.0,1.0,0.04359999999999999,0.97,0.0,0.0,0.00925925,0.0046296312499999,0.0093795181818181,0.0,0.0011494258620689,0.0,0.0035014,0.0035063534615384,0.0009389676056338,0.111111,0.0833333,0.0,0.0666667,0.111111,0.111111,5.67691,73911.0,7102.0,0.0662,0.4111,0.161,1.0
Bra040361,0,III,-0.048580673205774,0.4826321653440567,0.0580416377538486,-0.145599068890253,-0.254020848154031,-0.2834312747753759,-0.023021316250879,0.8301638992272078,-0.1284782397007909,3.815633589871005,0.0922651841326773,47.75132275132275,36.47058823529412,2.89,695,0.0,0.0,0.0,1.0,0.058499999999999996,1.0,0.0,0.0,0.0,0.0047281340425531,0.2207482857142857,0.0095238142857142,0.0019047616666666,0.0058565999999999,0.0017156852941176,0.003806687159533,0.0030048612716763,0.0,0.0833333,0.0666667,0.0666667,0.0833333,0.111111,5.67691,528.0,77554.0,0.0671,0.3405,0.1969,1.0
Bra040367,0,III,0.3334021423213117,-0.3901274444066545,0.2382474507402071,0.1586498454587977,0.3336843368944824,0.4636140760740841,0.423536466549001,-0.2407996218174102,0.14421275482687,0.2440716034486849,0.9438501619371336,48.92857142857142,34.705882352941174,2.89,409,0.0,0.0,0.0,1.0,0.0,0.0,0.04020000000000001,0.95,0.0,0.0,0.0,0.0,0.0,0.0,0.00185185,0.00238095,0.0039682553191489,0.0,0.0,0.0,0.0,0.111111,0.047619,5.67691,30523.0,23358.0,0.2126,0.3376,0.6297,1.0
Bra040374,0,III,-0.2508027352381854,-0.0805201543728899,0.6575351518740308,-0.0767029237558307,0.0055148859572966,-0.1175465655149559,-0.3565208186093379,0.0218317141386082,1.2592006783269665,4.692263932939428,0.4116410056575019,45.28023598820059,41.76470588235294,2.9,2196,0.0,0.0,0.0,1.0,0.0,0.0,0.0,0.0,0.0083333375,0.0120370583333333,0.0042735,0.0,0.0,0.0014619921052631,0.0082972506493506,0.0037058726775956,0.0023708433121019,0.0666667,0.166667,0.0,0.0,0.111111,0.0833333,4.53947,1651.0,20370.0,0.0641,0.4642,0.1382,1.0
Bra040375,0,III,0.0219653264181063,-0.1721596149041897,1.4323483659507128,-0.1416217983473959,-0.0364877869220923,-0.1518153393402157,0.1607987242400527,-0.2965374621662419,1.1834411248515555,5.56602242892009,0.4936368112114125,54.93562231759657,40.588235294117645,2.9,1499,0.0,1.0,0.0,0.0,0.0,0.0,0.12785,1.0,0.013756638095238,0.0014005588235294,0.0,0.0,0.0011223333333333,0.0343916666666666,0.0038949554140127,0.002585769032258,0.0030303045454545,0.166667,0.047619,0.0,0.037037,0.0833333,0.0555557,4.53947,6252.0,16652.0,0.1931,0.4985,0.3874,1.0
Bra040020,0,III,-0.134465834589711,0.0897223664423581,-0.0936266231244743,-0.3327228592885101,0.0658098167751283,-0.1812564392117451,-0.3749955915526042,0.5400845583561336,0.0858262868809161,2.974267674698956,0.3575583638246614,43.86920980926431,28.823529411764703,2.9,0,0.0,1.0,0.0,0.0,0.2351,1.0,0.0,0.0,0.0027777766666666,0.3777778,0.0,0.0042989476190476,0.0059523785714285,0.0049603214285714,0.0014704435582822,0.0098566225806451,0.0027395666666666,0.0833333,1.0,0.0972223,0.0833333,0.111111,0.111111,5.71948,963.0,78959.0,0.0719,0.3584,0.2007,1.0
Bra040023,0,III,-0.0538575520099564,-0.1563749303860787,0.3005839536455919,-0.2922345105395466,-0.1737161002127145,-0.3328206930387867,-0.1690311135229082,-0.0087575991948035,0.2969828784567762,4.356960064620873,0.1938429720768383,46.57097288676236,28.235294117647054,2.9,3988,0.0,0.0,0.0,1.0,0.0,0.0,0.0,0.0,0.0009746614035087,0.0,0.0,0.0043345519230769,0.0134920785714285,0.0032679823529411,0.0032359304545454,0.0022727272727272,0.0050441835051546,0.0555557,0.0,0.111111,0.0666667,0.0833333,0.0833333,5.71948,14125.0,66201.0,0.0226,0.3593,0.0628,1.0
Bra040038,0,III,0.0559508155919243,-0.1116369896146834,-0.1268752751458029,-0.1280407790049788,-0.0623602600185415,-0.0353155615272177,0.304807997635138,-0.0150544928269861,-0.2248607606104037,1.9668817190841827,0.1579357472530788,46.44506001846722,49.41176470588236,2.91,849,0.0,0.0,1.0,0.0,0.24849999999999997,1.0,0.0735,1.0,0.0,0.0,0.0,0.0,0.0,0.0,0.0,0.005702225170068,0.0007039330434782,0.0,0.0,0.0,0.0,0.0,0.222222,4.65937,20270.0,58919.0,0.032,0.5584,0.0573,1.0
Bra040039,0,III,-0.2547587983548265,-0.1685904168850727,0.812805160650926,-0.0743531373280625,-0.2100065808843347,0.0377052756851537,-0.1377157443202665,-0.0095717125072632,0.7907803553377474,3.26459358300338,0.1751344979439113,52.702702702702695,41.76470588235294,2.91,1260,0.0,0.0,1.0,0.0,0.0,0.0,0.24850000000000003,1.0,0.73335145,0.0,0.004629625,0.1024118357142857,0.0,0.0,0.0117462512396694,0.0,0.0037878787878787,1.0,0.0,0.558333,0.0,0.141667,0.0,4.65937,17043.0,63808.0,0.1616,0.326,0.4955,1.0
Bra040041,0,III,0.0583033126688535,0.0323378009505969,-0.2185720815750292,-0.2219483229892897,-0.0651739174804094,-0.3445256417291705,0.470884840056896,0.1405491751599503,0.0824807133904721,3.2959099871949373,0.4270552224186314,43.25396825396825,34.705882352941174,2.91,274,0.0,0.0,0.0,1.0,0.0,0.0,0.12530000000000002,1.0,0.0,0.5515872857142856,0.2606480833333333,0.002331,0.1778306,0.003361344117647,0.002131098765432,0.026339295,0.0048312514563106,0.0,1.0,0.030303,0.861111,0.0833333,0.402778,4.65937,71673.0,7878.0,0.0772,0.5085,0.1519,1.0
Bra040055,0,III,-0.245524957656344,-0.2576252184495947,-0.4234538285276003,-0.153447561800474,0.0341221428870085,-0.0174060834869527,-0.2816570930822516,-0.313265694714185,0.098677065591025,0.8864259149049682,0.6183943893323747,43.96135265700483,32.94117647058823,2.92,908,0.0,1.0,0.0,0.0,0.048150000000000005,0.99,0.0495,0.95,0.1543745309523809,0.0042735,0.0,0.0123054972972972,0.0037177291666666,0.0,0.0321732849557521,0.0030547278124999,0.0008704548387096,0.921296,0.111111,0.166667,0.111111,0.52381,0.111111,4.00723,20610.0,58019.0,0.0745,0.5656,0.1317,1.0
Bra034051,0,III,0.0616056222025267,-0.246014039508253,1.173284505192554,0.1047705054645532,-0.0955983096472023,-0.364219085229925,0.0901225134235032,-0.1200997899549196,1.0168771374643517,1.1072214793375623,0.6327068738184888,54.21424687330071,40.0,2.93,230,0.0,1.0,0.0,0.0,0.22450000000000003,1.0,0.31994999999999996,1.0,0.0065217391304347,0.8055807500000001,0.0,0.0,0.2925852499999999,0.0138888833333333,0.0036842194444444,0.05495711,0.0,0.0833333,0.962963,0.0,0.345976,0.15,0.329437,4.209,20395.0,540.0,0.1597,0.619,0.2581,1.0
Bra034055,0,III,0.4322472231918161,0.91758429039352,0.0210175592720368,-0.2051682338190247,-0.1508528368645406,-0.1907984320284352,0.5843077450984424,1.1850494782065863,0.6188868567672628,6.15681306922332,0.1292510633060127,50.308641975308646,35.294117647058826,2.93,225,0.0,0.0,0.0,1.0,0.0,0.0,0.22535,1.0,0.0,0.0,0.1563492173913043,0.0,0.0122807,0.0025252515151515,0.0,0.0016666674999999,0.00392077008547,0.0,0.0,0.0,0.0833333,0.0,0.0666667,3.44388,1712.0,17955.0,0.0351,0.5716,0.0615,1.0
Bra034058,0,III,-0.2221983461686382,-0.341757321668335,-0.3334814710895939,-0.0238042309665742,-0.0385291894846652,0.0339917715385026,-0.157863444284484,-0.1290071169021955,-0.391071314238025,0.2049631242225248,0.8438612433860161,45.010183299389,30.58823529411765,2.93,0,0.0,0.0,0.0,1.0,0.11705000000000002,1.0,0.036300000000000006,0.96,0.081944475,0.0044444466666666,0.0,0.00416666875,0.0119047619047619,0.0016025653846153,0.0077782911764705,0.0031063301075268,0.0016551139240506,0.916667,0.0666667,0.0666667,0.111111,0.222222,0.111111,3.44388,89496.0,2893.0,0.065,0.3156,0.2059,1.0
Bra034059,0,III,-0.3505424628236236,-0.1334859877458512,0.262347441213475,0.0662322737546182,-0.1060811259035195,-0.0822110042025119,-0.4760927220868579,-0.0157020928361568,0.5313587795218042,3.649830148362956,0.2404979262564085,46.21848739495798,37.05882352941177,2.93,0,0.0,1.0,0.0,0.0,0.4422,1.0,0.0,0.0,0.1328394933333333,0.0,0.0587813548387096,0.0489417857142857,0.0,0.0049283129032258,0.0370102666666666,0.0033730166666666,0.004047158219178,1.0,0.0,0.685185,0.0,0.383333,0.0833333,3.44388,12721.0,81332.0,0.0899,0.4013,0.2241,1.0
Bra034067,0,III,-0.3636977848873137,-0.1583576558730453,0.1710436451572156,0.323154408375007,-0.0801113423471232,-0.1351771640105862,-0.192183232874407,-0.1466833621549428,0.1103342689665417,2.141861328121228,0.1625939442355651,46.25,34.705882352941174,2.94,505,0.0,1.0,0.0,0.0,0.30795,1.0,0.0,0.0,0.5395185925925925,0.01215276875,0.2679075263157894,0.2069312933333333,0.0,0.0419246947368421,0.0172716525423728,0.0070255553459119,0.009022734057971,1.0,0.111111,0.805556,0.0,0.355556,0.111111,3.84905,66557.0,26401.0,0.1281,0.382,0.3353,1.0
Bra034070,0,III,-0.3293698876353009,-0.0606474323127779,0.823859340859326,-0.1798786961229856,-0.0831974255941065,-0.4776714879467502,-0.0724663784362294,0.08780101857622,1.3353195165000735,7.197695882053166,0.1485642804960895,48.11827956989247,40.588235294117645,2.94,547,0.0,1.0,0.0,0.0,0.4242,1.0,0.2701,1.0,0.7611115,0.0,0.015873,0.1296296666666666,0.0,0.0,0.06443,0.00509259,0.0037037133333333,0.805556,0.0,0.388889,0.0,0.138889,0.111111,3.84905,77316.0,17272.0,0.0272,0.7648,0.0356,1.0
Bra034081,0,III,0.4459697485463364,-0.4279882767529503,-0.104992081117427,-0.3027421044077831,-0.1014690542717401,0.05801031471849,0.5196146851280318,-0.3002072289972277,-0.1215049207508051,0.1650624278269202,0.9418205558633692,46.51685393258427,35.88235294117647,2.94,184,0.0,1.0,0.0,0.0,0.0828,1.0,0.10099999999999999,1.0,0.0,0.1933333599999999,0.0069444625,0.0138888833333333,0.1921357136363636,0.0,0.0,0.0596143131578947,0.01288690875,0.0,1.0,0.0833333,0.904762,0.0,0.666667,7.68053,4161.0,9558.0,0.1728,0.4579,0.3774,1.0
Bra034089,0,III,-0.264804023156537,-0.0693283717114711,0.2075887050174941,-0.0244058322554678,0.0652909415459717,-0.3330901761474301,-0.2229693393188711,0.0433551807527679,0.2508543230799198,5.857107009662601,0.1291159546421683,49.239621866009045,37.05882352941177,2.94,265,0.0,1.0,0.0,0.0,0.2755,1.0,0.14400000000000002,1.0,0.23797617,0.4890720769230769,0.0510510459459459,0.0049794222222222,0.1251266157894736,0.0,0.0118451581730769,0.0205638946308724,0.0048811838150289,1.0,0.952381,0.0833333,0.583333,0.4,0.261905,5.61201,10043.0,9472.0,0.0097,0.5171,0.0187,1.0
Bra034091,0,III,-0.2694909604985913,0.1807228041146668,0.3294297818929481,0.1523823860427364,-0.0883239582305968,-0.2623315969806424,-0.1483985241140882,-0.0428340533777001,0.4412346527576171,4.05657433512721,0.3275471946902294,49.77851605758583,38.23529411764706,2.95,0,0.0,1.0,0.0,0.0,0.0,0.0,0.06200000000000001,1.0,0.0689963967741935,0.005952375,0.1594356666666666,0.00388615,0.0065359411764705,0.0,0.00310125,0.0,0.0196078431372549,1.0,0.047619,0.111111,0.111111,0.111111,0.0,5.29581,15835.0,215.0,0.0771,0.5037,0.1531,1.0
Bra034110,0,III,-0.132582235374396,-0.1328831649317143,-0.2097194122217852,-0.2238683923199725,0.1940340254485763,-0.3086437301706725,-0.2466063032709896,-0.0450238019821408,-0.0522183369425405,3.881010520769294,0.1837885463584527,45.21883426674964,37.05882352941177,2.96,169,0.0,0.0,1.0,0.0,0.3295,1.0,0.01665,0.99,0.4199707085106384,0.0062724096774193,0.1011488214046822,0.0902065384615384,0.0036549736842105,0.003528254054054,0.0597779548837209,0.0036968985294117,0.0034854669720101,1.0,0.0833333,0.916667,0.0833333,0.838095,0.0666667,5.34297,840.0,23663.0,0.0414,0.2932,0.1412,1.0
Bra034123,0,III,-0.1425986288462224,-0.2096589094215714,1.1774233569041632,-0.0184132890138975,0.2168602327687947,-0.3129043464569082,-0.2203911475056114,-0.2348405985647329,1.6443617777517483,3.3175620520365885,0.6184301502643519,46.194225721784775,34.11764705882353,2.96,5044,0.0,1.0,0.0,0.0,0.0,0.0,0.0,0.0,0.0,0.00234375,0.0146296266666666,0.0070546666666666,0.0,0.0,0.0020054322147651,0.0040216721153846,0.0032505893617021,0.0,0.0416667,0.111111,0.0,0.0666667,0.222222,5.00904,34237.0,11839.0,0.114,0.3626,0.3144,1.0
Bra034141,0,III,0.4200809903237953,0.0641907699540469,-0.0979157511375841,0.0699076170657658,-0.0627021452517407,-0.2308879426668222,0.3585693082579416,0.2229190088884955,-0.3118855328566363,3.58983937424307,0.504202607065916,44.098765432098766,31.176470588235293,2.97,0,0.0,1.0,0.0,0.0,0.0,0.0,0.1455,1.0,0.0971861545454545,0.001377409090909,0.5339550057142859,0.084470885,0.0017543842105263,0.0093114684210526,0.015068030254777,0.0049831075630252,0.0054846508235294,0.916667,0.030303,0.849206,0.0333333,0.541667,0.288889,4.6751,9172.0,24401.0,0.0366,0.4939,0.074,1.0
Bra034145,0,III,0.5742150401798345,-0.1792830240771833,1.069739464856934,-0.1421421178434311,0.6440372061348778,-0.281123957266766,0.6852348059034044,0.1112020284294085,0.8596161743744144,4.117506480436231,0.1936408427028986,49.715909090909086,46.47058823529412,2.97,296,0.0,0.0,1.0,0.0,0.22199999999999995,1.0,0.0,0.0,0.006666665,0.0,0.05064935,0.0035842387096774,0.0066091965517241,0.0,0.0046743805970149,0.0021134316091954,0.0051111066666666,0.0833333,0.0,0.0555557,0.15,0.177778,0.0666667,4.6751,42309.0,878.0,0.1127,0.8396,0.1342,1.0
Bra034146,0,III,0.4797362413005852,0.4027654259664631,-0.5189190473953096,0.3032551211803814,0.1974574032325238,1.0584831753751094,0.891790481708248,0.5570607263965692,-0.1453943501461631,0.0219689956655528,1.0,44.94949494949495,33.52941176470588,2.97,612,0.0,0.0,1.0,0.0,0.22190000000000001,1.0,0.0,0.0,0.0030303,0.0,0.0046875,0.0030864277777777,0.0050505181818181,0.00347223125,0.0069390855855855,0.0030528766871165,0.0037181512605042,0.0333333,0.0,0.0555557,0.0555557,0.177778,0.0833333,4.6751,3747.0,39777.0,0.1798,0.4301,0.4179,1.0
Bra034171,0,III,0.5814225369812964,-0.1479610652673477,-0.150126747101636,-0.0111609671108331,-0.0289793982857841,0.032714338360945,0.7988682800436822,-0.176167671279293,0.1209691743622419,3.8278442855819823,0.2444011896883707,45.38461538461539,34.11764705882353,2.98,458,0.0,0.0,0.0,1.0,0.5236,1.0,0.0,0.0,0.7469136666666668,0.0030864166666666,0.0,0.431562923076923,0.0054917034482758,0.0049019588235294,0.041417398076923,0.0036709072727272,0.006102,1.0,0.037037,0.896296,0.0666667,0.518519,0.111111,7.68053,32767.0,42287.0,0.0653,0.3811,0.1713,1.0
Bra038666,0,III,0.047306889233268,-0.0367461135214614,0.7009350748822201,0.2655183908407166,0.2546458410937985,0.7299472281171466,0.2606738390694033,-0.0233799906455032,0.58643375281917,1.3958729864559265,0.4835203876223222,51.85185185185185,35.88235294117647,3.01,862,0.0,1.0,0.0,0.0,0.5261,1.0,0.0,0.0,0.0840579565217391,0.0009920642857142,0.0092592555555555,0.0315359823529411,0.0016846358490566,0.0,0.0324083442857142,0.0018436290441176,0.0019841321428571,1.0,0.0416667,0.480556,0.047619,0.666667,0.111111,3.60115,6022.0,40076.0,0.0901,0.5312,0.1696,1.0
Bra038676,0,III,0.2690093052496266,-0.3427154913996056,-0.3487876181311842,-0.1873180096186346,0.2007422717480422,-0.1971383347567166,0.7459841253237334,-0.2627167575036532,-0.5420407194627122,0.0513805489081767,0.8097822751439583,43.15619967793881,38.82352941176471,3.01,0,0.0,0.0,0.0,1.0,0.4415,1.0,0.0,0.0,0.8388272000000001,0.0,0.8310657142857142,0.3958332499999999,0.0565656681818181,0.5047722611111111,0.0952777337837838,0.0144206329999999,0.0641406791411042,1.0,0.0,0.666667,1.0,0.805556,0.672222,4.34117,6301.0,4395.0,0.0333,0.4212,0.0791,1.0
Bra038681,0,III,0.4055049257445651,0.4236529485002102,0.1172836383251442,-0.1510285919254132,0.030859058588307,-0.1646773306303054,0.3472869193375777,0.9514052308336688,0.5198787877763044,2.6670526045100345,0.3718315582390672,41.05960264900662,40.588235294117645,3.01,420,0.0,1.0,0.0,0.0,0.2755,1.0,0.0,0.0,0.0,0.0,0.0306974571428571,0.00707072,0.0,0.0041514025641025,0.0029942272727272,0.005822648076923,0.0042604902325581,0.0,0.0,0.0555557,0.0,0.0833333,0.111111,3.60115,14052.0,5218.0,0.1141,0.2712,0.4206,1.0
Bra038682,0,III,0.0047633295581374,0.1195248822953272,0.0622208166522936,-0.1622456961898606,0.0102101326864833,-0.2330849085462553,-0.1031181405395747,0.5198768744442989,0.3375964637993091,4.704312850405833,0.284948061858626,47.06235011990408,14.705882352941178,3.01,0,0.0,1.0,0.0,0.0,0.2,1.0,0.0,0.0,0.0228598085106382,0.7620138620689654,0.1514675037735849,0.0053270854166666,0.13922605,0.0027163654761904,0.0044527050632911,0.0153295812807881,0.0032250466101694,0.737374,1.0,0.0666667,0.533333,0.0833333,0.333333,3.60115,7421.0,9147.0,0.0115,0.5847,0.0197,1.0
Bra038685,0,III,0.3800350397370445,-0.0403773546605225,-0.3058183021066359,-0.1928889868584816,-0.0176373967386924,-0.2505293903758364,0.8421201477375295,0.2819926316182458,-0.3284621855798902,4.503493096278457,0.1600978440628606,42.187972197038384,39.41176470588236,3.02,1505,0.0,1.0,0.0,0.0,0.044199999999999996,0.98,0.0,0.0,0.0521024684210526,0.0079365,0.2874988485074627,0.0318600637931034,0.0,0.0035123128318584,0.0154522468944099,0.0034946258064516,0.0039724262881177,0.944444,0.047619,0.452381,0.0,0.344445,0.0666667,5.00904,465.0,309.0,0.042,0.3779,0.1111,1.0
Bra038688,0,III,0.078428818159743,-0.4311469036978829,-0.0295152564328211,0.0119623235513072,0.1959691616993308,0.2570775847146306,0.2268402747208347,-0.4401441058616678,-0.0728381368696208,2.7993165437775294,0.6650562687754206,51.90713101160862,36.47058823529412,3.02,1816,0.0,1.0,0.0,0.0,0.09149999999999998,1.0,0.0,0.0,0.0032390435897435,0.0615772052631579,0.0080738711538461,0.0026881741935483,0.0,0.00930555,0.0044091680555555,0.0023682496688741,0.002237793670886,0.047619,0.888889,0.0416667,0.0,0.122222,0.111111,3.84905,12119.0,128067.0,0.061,0.3664,0.1664,1.0
Bra038689,0,III,-0.1084418480237675,0.0396433692067099,0.1140076153850002,0.1295351205674894,-0.0886284329824299,0.0309218351757508,-0.0653499023349917,-0.186740952525551,0.274999803592297,6.755623331871009,0.1431066088131005,50.0,47.647058823529406,3.02,3385,0.0,1.0,0.0,0.0,0.0,0.0,0.0,0.0,0.0058350098591549,0.005939764,0.07258874375,0.0031366106382978,0.0062037,0.0,0.0019642864285714,0.0022009965116279,0.0031162453781512,0.2,0.0833333,0.0833333,0.111111,0.111111,0.111111,3.84905,126079.0,13688.0,0.0266,0.3613,0.0737,1.0
Bra038697,0,III,-0.0023900585584988,0.243152057434221,0.5376333341403069,-0.0571169047057897,-0.0008168642148495,-0.3909964561518791,-0.0841593136783098,0.1929746191240072,0.8185252706330772,5.088670709775816,0.205020104989624,52.574525745257446,38.82352941176471,3.02,681,0.0,1.0,0.0,0.0,0.42729999999999996,1.0,0.0,0.0,0.0,0.0026881709677419,0.0909090909090909,0.0119047571428571,0.0,0.0057692307692307,0.00213675,0.0014795384615384,0.0028557232142857,0.0,0.0833333,0.0833333,0.0,0.111111,0.0833333,8.06726,56170.0,83282.0,0.092,0.4632,0.1985,1.0
Bra038705,0,III,0.5211750851691767,-0.153941005722962,-0.0318941873439756,-0.1177499914544794,-0.1895290514948837,-0.4386018662149205,0.5829028074428999,0.243709517232908,-0.1672194292066742,1.8694373740868464,0.2452927705128677,49.0547263681592,40.588235294117645,3.02,1788,0.0,1.0,0.0,0.0,0.0,0.0,0.07419999999999999,1.0,0.0,0.0777778181818181,0.1335016666666666,0.005847947368421,0.0017543868421052,0.0031982940298507,0.0095061711111111,0.0050865006578947,0.0037780063829787,0.0,0.855556,0.111111,0.0666667,0.111111,0.148148,8.06726,131351.0,8079.0,0.0156,0.5001,0.0312,1.0
Bra038706,0,III,-0.0272969953438866,0.0806724139707365,0.8322763395942072,-0.3084965989414866,-0.2528731323416802,-0.1185515575913951,-0.2519099576547861,-0.0650327692270258,1.0248138521089545,6.188112636567549,0.0669808938724556,51.24378109452736,40.588235294117645,3.02,261,0.0,1.0,0.0,0.0,0.19245,1.0,0.0,0.0,0.0,0.1470085384615384,0.1069445,0.0,0.0031568373134328,0.0,0.0014925373134328,0.003692983011583,0.007219536231884,0.0,1.0,0.0,0.0666667,0.0666667,0.177778,8.06726,6552.0,133808.0,0.0237,0.372,0.0638,1.0
Bra038707,0,III,0.5571236507960883,0.039640005399379,-0.1619643267357551,-0.1444798268140729,-0.1753030797018037,-0.2308132774885156,0.6055645540207439,0.3458371632232323,-0.1734010791403977,3.3825412333347407,0.2994951937401201,45.849673202614376,35.294117647058826,3.02,354,0.0,1.0,0.0,0.0,0.0,0.0,0.1925,1.0,0.0,0.1222222857142857,0.0750487421052631,0.0119047571428571,0.0,0.0025839813953488,0.0026666679999999,0.0061875333333333,0.0019920322709163,0.0,0.855556,0.0833333,0.0,0.0666667,0.148148,8.06726,851.0,135903.0,0.0538,0.4661,0.1154,1.0
Bra038734,0,III,0.1506775316978175,0.1085223539029906,-0.00988183924301,-0.1862550411924178,-0.2571581118537249,-0.1026364140563503,0.0051173851454348,0.092918951967783,0.0265812759902755,4.238343883205778,0.4945906418343472,51.510496671787,32.94117647058823,3.03,4178,0.0,0.0,0.0,1.0,0.0,0.0,0.0,0.0,0.0088108711864406,0.0271163952380952,0.0047335595238095,0.0045394383333333,0.0091297957446808,0.0019047628571428,0.0031185864768683,0.0028639110465116,0.0009843720930232,0.361111,0.5,0.111111,0.111111,0.111111,0.0833333,5.34297,1348.0,4265.0,0.0135,1.1732,0.0115,1.0
Bra038735,0,III,0.1251406113110064,0.0722483718032417,-0.0580684233027562,-0.3639368095103057,0.2172299807298712,-0.2263632791695565,-0.1006980186800228,0.1285830397140182,-0.0811372587308968,2.4680187510030525,0.337437782235814,44.776119402985074,42.35294117647059,3.03,227,0.0,0.0,0.0,1.0,0.54975,1.0,0.0,0.0,0.4267347484848484,0.0133292666666666,0.1027086287878787,0.1546606692307692,0.0033544373134328,0.0051145220640569,0.0445741887931034,0.0024361496240601,0.0029245229826353,1.0,0.361111,0.559524,0.111111,0.505556,0.111111,5.34297,4920.0,1191.0,0.0356,0.2738,0.13,1.0
Bra038736,0,III,0.4457996451872495,0.0655769895983247,-0.083804710084604,0.1283696682102508,0.2311866031545165,-0.0987218345881013,0.6656974508430615,-0.0285405973584088,0.2062168283322781,2.275562453808797,0.4260988271825983,46.516007532956685,44.11764705882353,3.03,542,0.0,0.0,0.0,1.0,0.30999999999999994,1.0,0.0,0.0,0.3400497642857143,0.0036706375,0.0,0.1274636291666666,0.0047956744680851,0.0117521269230769,0.0270671266666666,0.004127341436464,0.0034600983333333,1.0,0.0833333,0.559524,0.111111,0.505556,0.133333,13.6914,10841.0,980.0,0.0844,0.3472,0.2432,1.0
Bra038737,0,III,-0.0325834822223219,-0.2079709758340758,0.9110713523170232,0.0470964226206882,-0.1144448430954784,0.0228986114295424,0.1067907956593761,0.1013771522315044,1.131876140321414,3.195775837414416,0.3603977438663017,52.22816399286988,34.705882352941174,3.03,2164,0.0,0.0,0.0,1.0,0.0,0.0,0.0,0.0,0.0022675714285714,0.006630829032258,0.0027160533333333,0.0037792857142857,0.0080738653846153,0.0,0.0015501,0.0049187313043478,0.0028344642857142,0.047619,0.0833333,0.111111,0.111111,0.111111,0.133333,13.6914,68.0,349.0,0.068,0.4277,0.1589,1.0
Bra038739,0,III,0.1666868687464085,0.1540938386140602,2.4945342313571564,-0.0490823876119196,-0.0872996127265862,-0.2236377171170132,0.2369684404348098,0.3357948494969481,2.473978194352928,6.023758307735899,0.1594579583928165,56.90021231422505,45.88235294117647,3.03,347,0.0,1.0,0.0,0.0,0.09700000000000002,1.0,0.5289499999999999,1.0,0.0,0.0,0.0,0.0,0.0,0.0,0.0,0.0,0.0,0.0,0.0,0.0,0.0,0.0,0.0,6.14314,333.0,14879.0,0.0391,1.0776,0.0363,1.0
Bra038740,0,III,0.0253273970658416,-0.0328915346101254,-0.1923135680785156,-0.2286991613459366,-0.2180566744608245,-0.1346313014155334,-0.1806881435538743,0.2836523306249072,0.0903069799904087,3.295081426278085,0.2299796506332594,46.83954619124797,39.41176470588236,3.03,308,0.0,1.0,0.0,0.0,0.3709499999999999,1.0,0.17105,1.0,0.0,0.0760770714285714,0.1010794732142857,0.0,0.0077195759999999,0.0073222655172413,0.0,0.0035353561983471,0.0050655925093632,0.0,0.626984,0.0,0.0892857,0.0,0.0833333,6.14314,4622.0,8266.0,0.1225,0.3523,0.3477,1.0
Bra038741,0,III,-0.2359161946910362,-0.1704054396911105,0.2810702404584805,-0.0934819359638902,-0.1215826762399305,-0.2657067289802804,-0.2553782487168052,-0.1318714617179715,-0.1024632296265166,0.1045230244092419,0.9734287337004404,45.66037735849056,37.64705882352941,3.03,234,0.0,1.0,0.0,0.0,0.0788,1.0,0.09795,1.0,0.1056778452830188,0.0,0.0441269799999999,0.00906702,0.006060609090909,0.0,0.0057734551867219,0.0018518566666666,0.0,1.0,0.0,0.0892857,0.0666667,0.0833333,0.0555557,3.89097,8133.0,6755.0,0.2495,0.3795,0.6576,1.0
Bra021491,0,III,-0.097181151988807,-0.0562487662139734,-0.2083525497804559,0.1997629488652926,-0.0141402459551147,0.1834906596830905,-0.2958044382303672,-0.0375457181730564,-0.2481358804874367,3.632481879261558,0.4191458882581701,42.442645074224025,46.47058823529412,3.02,1332,0.0,1.0,0.0,0.0,0.0958,1.0,0.0,0.0,0.0144927695652173,0.0018855218181818,0.4583335,0.0,0.004285712,0.0,0.0031138421052631,0.004129923297491,0.0045351428571428,0.166667,0.0666667,0.0,0.0833333,0.111111,0.133333,4.23665,68098.0,50728.0,0.061,0.4854,0.1256,1.0
Bra021510,0,III,-0.0282471422436193,-0.0368544993194977,0.3792250028330882,0.1031947121034333,-0.0588707278414119,-0.0569468409685635,-0.0103008893060265,-0.0041011614246294,0.4491809326311204,3.679851681397371,0.3001591711867465,44.22700587084149,26.47058823529412,3.02,906,0.0,0.0,0.0,1.0,0.0,0.0,0.028050000000000005,0.96,0.0038580277777777,0.0,0.0032520341463414,0.0029664327868852,0.0,0.0058554265625,0.0054356805555555,0.0046621175438596,0.002546405280528,0.138889,0.0,0.0666667,0.0,0.111111,0.12037,7.68053,3334.0,19041.0,0.0551,0.2786,0.1979,1.0
Bra021521,0,III,-0.2089724763257526,-0.2466848345526606,-0.433571414639093,-0.1315972474152937,0.4367299653575099,0.4169260692495583,-0.4264939561877844,-0.2269190704663137,-0.4997870911239787,0.1025842318479721,0.9305062691208258,42.23300970873786,42.35294117647059,3.01,0,1.0,0.0,0.0,0.0,0.0,0.0,0.0377,1.0,0.0,0.8985917586206894,0.6328715349206347,0.0016339911764705,0.3993022878787878,0.2983864809523809,0.0049674959999999,0.0437499478260869,0.0316993628205128,0.0,1.0,0.0555557,0.958333,0.111111,0.505556,3.60115,34663.0,26812.0,0.0892,0.3403,0.2621,1.0
Bra021526,0,III,-0.2868852755092681,0.1568956055196772,-0.1306485922743522,-0.0171918059846434,0.0001820933946969,-0.1938038546063432,0.1049333172819651,0.036556257808877,-0.1129497240127905,4.441874426301446,0.0893388820605459,46.625129802699895,54.11764705882353,3.01,1407,0.0,1.0,0.0,0.0,0.2143,1.0,0.0,0.0,0.0,0.0,0.2172348611111111,0.0,0.0061728555555555,0.0031004308411214,0.0003753756756756,0.0010642839080459,0.0046250678160919,0.0,0.0,0.0,0.0555557,0.0416667,0.0555557,3.81299,381.0,6835.0,0.1599,0.3092,0.5173,1.0
Bra021558,0,III,-0.2717317855888769,-0.4865316540510892,1.6287791776107778,0.0722050083475235,0.132076246101101,-0.2445178870185926,-0.2708302744705726,-0.1340738927982843,1.316189417821623,3.117890287320024,0.4741248978619346,54.59098497495827,38.23529411764706,3.0,1881,0.0,0.0,1.0,0.0,0.0,0.0,0.08295,1.0,0.0045454545454545,0.6133839127659574,0.0084656047619047,0.005884609090909,0.3349414720930233,0.0,0.0021919087774294,0.0514694801801802,0.0017361104166666,0.0833333,1.0,0.0666667,0.977778,0.0833333,0.743791,6.34478,97.0,457.0,0.0513,0.4989,0.1028,1.0
Bra021559,0,III,-0.2713469088334264,-0.020167884077247,-0.0669754964228195,0.0054182927853238,0.0834671991858522,-0.0732238189683848,-0.3222065689758297,-0.2341043021904639,-0.1743113069663547,0.2036041322633489,0.9322113328717618,43.39080459770115,34.11764705882353,3.0,831,0.0,1.0,0.0,0.0,0.4104,1.0,0.0,0.0,0.2097423478260869,0.0286051702127659,0.0,0.1285306923076923,0.0014492760869565,0.0052083325,0.0132212882352941,0.0048306269531249,0.0020153590277777,1.0,0.422222,0.833333,0.0666667,0.678571,0.111111,4.23665,10459.0,22252.0,0.0915,0.3296,0.2776,1.0
Bra021580,0,III,-0.1731554261614327,-0.0485644601062734,0.1733243672625464,-0.1302731008460694,-0.0585400582864898,-0.322889832441656,-0.4664358005982953,-0.1134874420046823,0.0590025207525795,2.5182397622922594,0.6828215916352139,44.759206798866856,30.58823529411765,2.99,1732,0.0,0.0,1.0,0.0,0.046,0.92,0.0,0.0,0.003663,0.0,0.0263157894736842,0.013468,0.0,0.0039498,0.0025569423529411,0.0,0.0033775272727272,0.047619,0.0,0.111111,0.0,0.0666667,0.0,4.91051,755.0,66182.0,0.0806,0.5026,0.1604,1.0
Bra012758,0,III,0.4145222946716001,-0.0253767251501253,0.1298719191211788,-0.0041717709590419,-0.0024884134856818,-0.2605330775362069,0.5975508534766315,-0.035945847752284,0.2811108060155862,3.07545419060314,0.1500944032202139,43.69846878680801,37.05882352941177,1.8,180,0.0,1.0,0.0,0.0,0.50225,1.0,0.245,1.0,0.0,0.0,0.076140088095238,0.0,0.0,0.0012254911764705,0.006060609090909,0.0046296272727272,0.0029635522292993,0.0,0.0,0.0,0.0,0.0666667,0.111111,6.01085,33342.0,11659.0,0.0951,0.6448,0.1476,1.0
Bra012741,0,III,0.274341968383183,0.0206593905029829,0.0722932794791142,0.0303484225298122,0.0195710431228071,-0.2621762176309398,0.7480083844270525,0.0019217926276215,-0.0194858123715392,3.4706854423998585,0.2039652798904821,47.48603351955308,36.47058823529412,1.78,161,0.0,0.0,1.0,0.0,0.8732500000000002,1.0,0.0,0.0,0.9256466428571428,0.0032679823529411,0.1369505269230769,0.49009839375,0.0031746,0.0016460888888888,0.0808840146666666,0.0093512768115942,0.0013999108333333,1.0,0.0555557,0.888889,0.047619,0.511905,0.111111,4.6751,3052.0,1081.0,0.0183,0.3247,0.0563,1.0
Bra000710,0,III,-0.5871307341069996,0.0162882659847454,-0.1709544395070259,0.3156098990172457,0.1501855961583635,0.1491143781142581,-0.1642778054240112,-0.1151930601501213,-0.2340836076078076,1.8099615288702944,0.6314383139888731,52.09713024282561,29.411764705882355,-0.65,0,0.0,1.0,0.0,0.0,0.24414999999999998,1.0,0.20204999999999998,1.0,0.3883809108108108,0.1291005333333333,0.1945765071428571,0.10072791,0.0,0.0458635373831775,0.024403215,0.0246679387755102,0.009777060860215,1.0,1.0,0.716667,0.0,0.327778,0.444444,5.78532,56072.0,33447.0,0.0395,0.2922,0.1352,1.0
Bra021964,0,III,-0.3245563278645235,-0.0628240551673901,-0.0200904451460914,-0.1925028328573751,-0.1241421386358402,-0.3704356989913541,-0.4537000606611741,-0.0478562492407453,0.2043830089278739,3.413346933592926,0.3306779635746936,46.41744548286604,45.88235294117647,3.18,244,0.0,0.0,0.0,1.0,0.7392500000000001,1.0,0.1155,1.0,0.0,0.1586956586956521,0.0704081489795918,0.0,0.0418128605263158,0.0061844716981132,0.0,0.0099795949541284,0.0042466549738219,0.0,1.0,0.0,0.8,0.0,0.422222,6.19856,1270.0,17070.0,0.1334,0.3145,0.424,1.0
Bra021965,0,III,-0.2143825492494168,0.1055864547952879,0.5218559323090852,0.0175035999067921,-0.2958788995748997,-0.2037548139029476,-0.3495055537570266,-0.1550623251061829,0.8605022613994405,5.2788553832617495,0.4314654696131644,43.86363636363637,37.64705882352941,3.19,454,0.0,1.0,0.0,0.0,0.7965000000000001,1.0,0.16,1.0,0.7066078857142858,0.6296116333333334,0.0021929815789473,0.5006561538461538,0.4525496153846154,0.004742543902439,0.0505750183333333,0.0448218152073732,0.0023703006711409,1.0,1.0,0.944444,0.944444,0.833333,0.777778,4.53947,44205.0,10896.0,0.0559,0.3513,0.1591,1.0
Bra021971,0,III,0.2784957241122793,0.113862610692094,0.5828956103139824,-0.4464326737436237,-0.1690049680787674,-0.335004904428958,0.0317825764940265,0.1858737526890029,0.6938248806938673,5.736026260689695,0.1875109921240445,48.89529298751201,27.647058823529413,3.23,684,0.0,0.0,0.0,1.0,0.6575000000000002,1.0,0.0,0.0,0.2784592826086957,0.2176523451612902,0.206038652173913,0.2815935829787235,0.0,0.0060975609756097,0.0586282481012658,0.0027006942446043,0.0031809055555555,1.0,1.0,0.850926,0.0,0.584127,0.133333,11.9255,422.0,2991.0,0.0892,0.4582,0.1946,1.0
Bra021977,0,III,-0.2025463129522728,-0.1044372768806316,0.0806590921480093,-0.0021141086008924,-0.0347379558850775,-0.072570430774918,-0.2729087163621273,-0.0693016786341609,0.062805334298161,0.3805378780791568,0.8592952523489444,45.0374531835206,34.11764705882353,3.25,0,0.0,0.0,0.0,1.0,0.044199999999999996,0.92,0.0,0.0,0.0,0.6384626666666668,0.0069444416666666,0.0,0.126156174074074,0.0,0.0016339862745098,0.0164958701754385,0.0036954383928571,0.0,1.0,0.0,0.87963,0.0833333,0.427778,4.54561,61669.0,9085.0,0.125,0.3986,0.3135,1.0
Bra021990,0,III,-0.3264210201813825,-0.060399142604026,0.3664300669643507,-0.1829278621784618,0.1277473272246446,-0.1482809576000516,-0.2469355939276845,-0.0278823736066611,0.5067042872471418,5.957047374621866,0.20758771115327,46.26593806921676,47.647058823529406,3.33,201,0.0,0.0,1.0,0.0,0.4214,1.0,0.43220000000000014,1.0,0.6469135555555555,0.51448602,0.1666666363636363,0.2895604384615385,0.0882894553191489,0.0044444466666666,0.0376212555555555,0.0175305272727272,0.0055555549295774,1.0,1.0,0.861111,0.802381,0.355555,0.2,7.34659,191.0,44583.0,0.0048,0.4712,0.0101,1.0
Bra022026,0,III,-0.201712778429883,-0.1347109940968526,-0.4512307525817997,-0.0542836491791352,-0.0356387781063216,-0.1220834403266153,-0.0561850019265836,-0.0895513601074999,-0.2751781413877568,1.17257548016569,0.5092757538999712,42.01877934272301,38.23529411764706,3.53,377,0.0,0.0,1.0,0.0,0.096,1.0,0.36394999999999994,1.0,0.3733334,0.0079365285714285,0.0,0.0,0.0,0.0092592555555555,0.0,0.005734764516129,0.0,1.0,0.0555557,0.0,0.0,0.0,0.111111,5.34297,30996.0,76335.0,0.1085,0.6624,0.1638,1.0
Bra022029,0,III,0.0191566106781597,0.0714170764509856,0.5525654815478622,-0.3669786504480152,0.0418265491811416,-0.3720102043278575,-0.486528666118504,0.1413676444956935,0.3961354681767105,4.446800257388202,0.292837029024303,49.2600422832981,37.64705882352941,3.54,760,0.0,0.0,0.0,1.0,0.06509999999999999,1.0,0.065,1.0,0.0,0.2932506675,0.1480556,0.0,0.0882217727272727,0.0021367576923076,0.008184521875,0.0182554952789699,0.0016339862745098,0.0,1.0,0.0,0.636243,0.111111,0.361111,5.34297,17474.0,87975.0,0.0298,0.5767,0.0517,1.0
Bra022033,0,III,-0.1773229282392376,0.1785831130031297,-0.0905234658167965,0.3196696656066573,-0.0358747160879195,0.187543320804474,-0.1321547450075588,-0.0970640395574011,-0.19371287630882,0.4903010468528057,0.8427334744461493,41.92872117400419,32.35294117647059,3.57,0,0.0,1.0,0.0,0.0,0.0305,1.0,0.6033499999999999,1.0,0.0,0.5462963333333334,0.21998180625,0.00260416875,0.683955,0.1115399232558139,0.0031960554054054,0.0692633404761905,0.0387792758007117,0.0,0.916667,0.0416667,0.952381,0.0666667,0.501587,5.40413,875.0,24843.0,0.112,0.3204,0.3497,1.0
Bra022052,0,III,-0.07194244114099,0.7016347520732074,0.0412228141991953,0.0164055364815057,-0.00783701199879,-0.3120616982980661,-0.1161627633117036,0.2130146253901183,-0.0528329227851043,4.650198306688358,0.0590986912358606,43.35611237661352,48.8235294117647,3.68,602,0.0,0.0,1.0,0.0,0.0383,1.0,0.43005000000000004,1.0,0.0013550170731707,0.5815390562500001,0.1985596796296296,0.0,0.29793715,0.0027191734177215,0.0034643489795918,0.0861253508849557,0.0036848049999999,0.0555557,1.0,0.0,1.0,0.111111,0.811111,14.03,566.0,7782.0,0.0042,0.3794,0.0112,1.0
Bra022058,0,III,-0.2659317691452069,-0.1332038368238218,0.0475711908415694,0.0741267342800277,0.2858605031361145,-0.099436127013004,-0.1527131417800866,0.0031545088099219,-0.1080858065370951,0.596796991120656,0.6342135936767087,43.47826086956522,40.588235294117645,3.7,449,0.0,1.0,0.0,0.0,0.22644999999999996,1.0,0.26659999999999995,1.0,0.2570149545454546,0.3351258517241379,0.0021786470588235,0.0135620999999999,0.1059682399999999,0.0,0.0157014045045045,0.0282877403508771,0.0020666672,1.0,1.0,0.175,0.849206,0.430555,0.579365,3.60115,11462.0,15315.0,0.2393,0.4581,0.5225,1.0
Bra022090,0,III,-0.3477443139366393,-0.2862231531620593,0.1449315920662741,0.088273090587156,0.2174048810352347,1.0167958015212162,-0.5496305685983753,-0.3323082887875369,-0.2962136007832069,0.6963421846424787,0.9917545473358814,47.08835341365462,42.35294117647059,3.85,506,0.0,0.0,0.0,1.0,0.1384,1.0,0.49440000000000006,1.0,0.00555555,0.5460064468085107,0.0183997428571428,0.0,0.1181623974358974,0.005731919047619,0.0033660129411764,0.0488981902702702,0.0044804691489361,0.111111,1.0,0.0,0.766667,0.111111,0.452381,3.81299,10383.0,68734.0,0.0671,0.5728,0.1171,1.0
Bra022099,0,III,-0.0961731864573356,-0.1805185628376828,1.2088253322603897,-0.0632167716985932,-0.0437904374152859,-0.3623083995908306,0.1080367803951452,-0.2055296083885251,0.9832633550829304,1.336989592875537,0.4890661642612748,41.8943533697632,40.0,3.93,524,0.0,0.0,1.0,0.0,0.7615000000000001,1.0,0.05395,0.99,0.5416270000000001,0.0036231869565217,0.0047619071428571,0.35475533,0.0020703913043478,0.0028735620689655,0.0524606278409091,0.0027777777777777,0.0030612257142857,1.0,0.0833333,0.916667,0.047619,0.498413,0.111111,3.85825,32343.0,35147.0,0.098,0.3784,0.2588,1.0
Bra022104,0,III,-0.0740752702530345,0.0831086364418111,0.2617548410383157,0.0736187970137002,-0.266596581852419,-0.1466683573835159,-0.2243375138426391,-0.0576070859455244,0.0956259604052081,2.897606104163828,0.3857081093100766,41.58878504672897,35.88235294117647,3.98,390,0.0,1.0,0.0,0.0,0.07950000000000002,1.0,0.5075,1.0,0.0898148208333333,0.5277778333333333,0.0,0.0373456722222222,0.1277778333333333,0.003333332,0.0058290966019417,0.1751653208333333,0.0042922424050632,1.0,1.0,0.522222,0.766667,0.125,0.638889,4.55976,623.0,20330.0,0.0106,0.3841,0.0277,1.0
Bra022138,0,III,-0.3216521474015527,-0.1023497545432441,0.0486490731572014,-0.1340720284424629,-0.0848817063209011,-0.1756719062531894,-0.0388902702971367,-0.0767529721633427,-0.2106273187707791,2.772231942445279,0.4348390607551378,48.27004219409282,34.705882352941174,4.14,854,0.0,1.0,0.0,0.0,0.5201,1.0,0.0,0.0,0.4448147533333333,0.2185456769230769,0.00396825,0.103395,0.0029030884210526,0.0043735255319148,0.0290930524193548,0.0022450616564417,0.0056539404958677,1.0,1.0,0.722222,0.130952,0.5,0.111111,5.34297,22895.0,19434.0,0.0938,0.4872,0.1925,1.0
Bra022139,0,III,-0.0346919029640086,0.4385564919469455,0.1016102225728016,-0.1546251703427749,0.1684892699210598,-0.2764310205985903,-0.2691664948139992,0.0637165572949512,0.438925756408426,4.378527363017749,0.1257454246605884,44.37984496124031,59.41176470588236,4.14,516,0.0,0.0,1.0,0.0,0.09174999999999998,0.96,0.0,0.0,0.1909038157894736,0.0031746,0.1860745404255319,0.0011947419354838,0.0040305039215686,0.0038642310679611,0.0050888576612903,0.0037412036082474,0.0032169012779552,1.0,0.111111,0.037037,0.0833333,0.111111,0.111111,5.34297,16981.0,24846.0,0.0244,0.4566,0.0534,1.0
Bra022141,0,III,-0.1267570543687304,-0.2822415281892811,0.7121524938493736,-0.0143965687191015,-0.0824701955852106,-0.4802165703007923,-0.2636939506742742,-0.3952588272358197,0.4930342601608121,0.6695422581039355,0.6955982547419134,50.68870523415978,37.05882352941177,4.15,542,0.0,1.0,0.0,0.0,0.0725,1.0,0.125,1.0,0.0,0.1074622583333333,0.0042735153846153,0.0060267833333333,0.0779217058823529,0.0092592555555555,0.0023423918644067,0.0365581032258064,0.0,0.0,0.969697,0.0833333,0.560847,0.074074,0.611111,5.34297,8538.0,34943.0,0.1663,0.5326,0.3123,1.0
Bra022142,0,III,-0.2024580064372888,-0.4094466570916015,-0.0116063492892183,-0.1097299791818359,0.0223327213368311,0.4265287660162896,-0.2967022575179378,-0.2675768348991602,-0.0467317492522104,1.6858222284038331,0.7729822151638746,49.06716417910448,29.411764705882355,4.15,0,0.0,1.0,0.0,0.0,0.04135,0.99,0.0725,1.0,0.0037754606557377,0.0014245051282051,0.0409822855072463,0.0,0.005903787755102,0.0105119882352941,0.003501034090909,0.002749183161512,0.0078112503787878,0.111111,0.0555557,0.0,0.0833333,0.111111,0.074074,5.34297,4054.0,37128.0,0.0588,0.4568,0.1288,1.0
Bra022145,0,III,0.4850077210208369,0.330916619735836,0.4954446917042393,-0.0668933614937643,-0.2090704646101837,-0.2446196901195128,0.6078025010064544,0.5488160449153149,0.8283183102195574,4.196311966746294,0.26151910172295,48.22848879248012,36.47058823529412,4.16,917,0.0,1.0,0.0,0.0,0.53335,1.0,0.0,0.0,0.4095922258064515,0.0223765555555555,0.04,0.1295872611111111,0.0,0.0051789033898305,0.0540322597765363,0.0030807704663212,0.0029957264248704,0.966667,0.402778,0.66835,0.0,0.630556,0.111111,3.60115,3720.0,371.0,0.0644,0.3329,0.1933,1.0
Bra022148,0,III,1.179829727954236,1.413392284134646,0.6130597018592318,-0.1486947333256275,-0.3532470717574797,-0.1250082852689114,1.0015789106723945,1.1135523912540062,0.183552809533733,4.088393804104263,0.3127613366630764,47.86771105308964,32.94117647058823,4.16,2809,0.0,0.0,1.0,0.0,0.0,0.0,0.0,0.0,0.0283018867924528,0.0023504307692307,0.1942129166666667,0.005464475409836,0.0,0.0026595744680851,0.001915235,0.0036312965517241,0.0028416344827586,0.944444,0.0666667,0.194444,0.0,0.0833333,0.0833333,4.91051,511.0,146.0,0.1508,0.4685,0.3218,1.0
Bra014334,0,III,-0.1985790447071433,-0.0560547356878451,0.6983921165794952,-0.3424564873066317,0.1775491580521921,-0.3856592884967577,-0.309994718300588,-0.0420943189881686,0.8668043557606131,7.259799867509962,0.1459113695573757,46.913580246913575,44.11764705882353,11.44,237,0.0,0.0,0.0,1.0,0.34214999999999995,1.0,0.5805,1.0,0.0055555583333333,0.7617138292682927,0.0,0.0032051307692307,0.2766877647058824,0.0,0.00091575,0.0386287276422764,0.0,0.0666667,1.0,0.0416667,0.969697,0.047619,0.333333,5.06454,23335.0,41709.0,0.0357,0.8949,0.0399,1.0
Bra026650,0,III,-0.366913105231348,0.6961806903699019,0.4163456454530302,0.1090420193896209,-0.1459618059725541,-0.4335206134288402,-0.0611471917300786,0.502551308375023,0.9720783114403452,3.725663737727702,0.1860275040401181,45.30386740331492,39.41176470588236,5.21,565,0.0,1.0,0.0,0.0,0.13150000000000003,1.0,0.4128499999999999,1.0,0.114583375,0.0,0.0,0.0,0.0,0.0012077304347826,0.0325757363636363,0.0,0.0031690930555555,0.916667,0.0,0.0,0.0,0.533333,0.0,3.64647,20723.0,5892.0,0.0399,0.4908,0.0813,1.0
Bra026624,0,III,-0.2155591938947318,-0.3492559530250435,0.0330333911695738,0.2139005826936761,0.500082492759451,0.6428568604968372,-0.2557059410466816,-0.2312987142628579,-0.0143018845282144,1.434569826640451,0.7724049932528484,42.97646165527714,31.176470588235293,5.0,376,0.0,1.0,0.0,0.0,0.0,0.0,0.4389999999999999,1.0,0.0,0.1100427576923077,0.006830203030303,0.0032051269230769,0.0414141363636363,0.0049603125,0.0031390375661375,0.0139232365384615,0.003715030620155,0.0,1.0,0.0833333,0.288889,0.0666667,0.444444,3.44388,42.0,31516.0,0.0475,0.2991,0.159,1.0
Bra026623,0,III,-0.4354735355589693,-0.1200468567051395,0.0301154242722339,-0.1374487993125128,0.0745522571277967,-0.2438070371558275,-0.5375889684611697,-0.4386593464189422,-0.072790483980393,2.353272013928185,0.1502690172642381,47.33194733194733,26.47058823529412,4.98,331,0.0,0.0,1.0,0.0,0.34819999999999995,1.0,0.43750000000000006,1.0,0.4688065622222223,0.6389401951219514,0.1442857,0.2700963678571428,0.3627492576923076,0.0,0.0433566054644808,0.058049468,0.0015649436619718,1.0,1.0,1.0,0.814815,0.611111,0.833333,6.2757,13863.0,18125.0,0.026,0.4849,0.0537,1.0
Bra026581,0,III,0.0806404603671891,0.3293545710468601,0.2103561249980421,-0.1467282965774569,-0.2760172292356451,-0.2030899656238188,0.198835617364609,0.4183432366733374,-0.2264835658063009,3.4567616737002616,0.2067172902404169,44.61715601611974,35.294117647058826,4.68,807,0.0,0.0,1.0,0.0,0.1355,1.0,0.092,1.0,0.0,0.0089409411764705,0.1767676363636363,0.0,0.005639097368421,0.003003,0.0,0.0042211553459119,0.003521457037037,0.0,0.074074,0.0,0.111111,0.0,0.133333,3.45864,625.0,3198.0,0.1111,0.327,0.3398,1.0
Bra026572,0,III,-0.1056700614445586,-0.0339998214355196,0.7996641472937622,-0.1360118760032295,-0.2766502492040404,-0.6649857005571731,-0.2444522646443189,-0.1524558764654064,0.6277916806854911,1.2225413887832517,0.5263217788651575,42.86858974358975,35.294117647058826,4.63,584,0.0,1.0,0.0,0.0,0.09,1.0,0.11049999999999999,1.0,0.088746625,0.0094245964285714,0.0139239147058823,0.0330034583333333,0.0013440870967741,0.0042730637681159,0.0109636658536585,0.0029073036585365,0.0029439384236453,0.911111,0.208333,0.322222,0.0416667,0.216667,0.111111,3.81299,6020.0,1812.0,0.1567,0.3348,0.4679,1.0
Bra026567,0,III,-0.1175509269307553,-0.0991546590946027,0.3415339874864715,-0.0270278795631571,-0.1756582635136923,-0.4415597925576368,0.082006381992025,-0.0058581186016168,0.1845180625909908,4.879406894593216,0.1104326241859993,45.34883720930232,34.705882352941174,4.6,784,0.0,1.0,0.0,0.0,0.46490000000000004,1.0,0.0,0.0,0.3048815547619047,0.0037878772727272,0.0469543675,0.06079365,0.0,0.0030303025974025,0.028209980254777,0.0019596028089887,0.003224805610561,1.0,0.0833333,0.416667,0.0,0.666667,0.0833333,5.08398,166.0,55460.0,0.0451,0.2678,0.1683,1.0
Bra026566,0,III,-0.1748294446553576,-0.1230423132413112,0.0108095319724517,-0.3166512295080915,-0.0334809075893871,-0.2150807772176663,-0.2773162760469017,0.0933249278983452,-0.1746370727688903,0.9793703292574122,0.6251747896987963,41.70771756978653,35.88235294117647,4.6,3214,0.0,1.0,0.0,0.0,0.0,0.0,0.0,0.0,0.004166665,0.07733332,0.0810704428571428,0.0,0.0022064617021276,0.0029239771929824,0.0017309787356321,0.0014219572222222,0.0036580190721649,0.0833333,1.0,0.0,0.0666667,0.0833333,0.0833333,5.08398,4489.0,51467.0,0.1559,0.366,0.4259,1.0
Bra026523,0,III,-0.3470942378666469,-0.3455935300241227,-0.2774392005456559,0.2985648276363521,-0.131856495946716,-0.0622790707778567,-0.3066891731989313,-0.429856916565669,-0.5771224334339441,0.8118426255848861,0.5399260107613013,41.11111111111111,41.76470588235294,4.32,1194,0.0,1.0,0.0,0.0,0.033999999999999996,0.98,0.10800000000000001,1.0,0.0740740588235294,0.0079365,0.0299823333333333,0.01678239375,0.0080808045454545,0.0,0.010104875595238,0.0108385414141414,0.0056462571428571,1.0,0.111111,0.333333,0.111111,0.888889,0.261111,6.59671,10494.0,72934.0,0.0796,0.2283,0.3486,1.0
Bra026512,0,III,-0.1465029505566686,0.1253310627050901,-0.1480401332982321,0.0701501398577974,0.2228726710264283,-0.0348488950865235,-0.2500318851608549,-0.0266016577119619,-0.3689858086012316,0.0477533455282275,0.8017981086709505,43.04029304029304,34.705882352941174,4.23,1272,0.0,0.0,1.0,0.0,0.12899999999999998,1.0,0.3295,1.0,0.0,0.777778,0.277778,0.0,0.0,0.0,0.0,0.0,0.0123456666666666,0.0,0.777778,0.0,0.0,0.0,0.0,5.61201,2028.0,44438.0,0.1257,0.522,0.2408,1.0
Bra036357,0,III,-0.2306313468806583,-0.2026926056818946,0.1380806428839485,-0.1537364646864768,-0.1464195732122607,-0.2967473892903319,-0.2270244846689425,-0.2128001509292794,0.189853166047506,3.362818420854558,0.2586721880654008,44.64769647696477,32.94117647058823,6.44,0,0.0,0.0,0.0,1.0,0.277,1.0,0.191,1.0,0.917195,0.13972217,0.64330159375,0.5943295249999999,0.0702947857142857,0.3491328736842105,0.0591546677083333,0.0043996184210526,0.0566366745192307,1.0,0.666667,1.0,0.5,0.526852,0.15,17.3647,14305.0,128.0,0.122,0.5981,0.204,1.0
Bra036349,0,III,-0.2907991693914801,-0.0071896970427947,0.0683125453139063,-0.1103248872496506,-0.0099824313991198,-0.3484226162976166,-0.3683781179841964,0.1670926767882459,-0.2573751122030637,2.7232963008549342,0.4091288057973606,47.93939393939394,35.294117647058826,6.39,0,0.0,0.0,0.0,1.0,0.26845,1.0,0.27365,1.0,0.0104166625,0.0,0.00416666875,0.0,0.0,0.0,0.0024154565217391,0.0030864277777777,0.0039506155555555,0.0833333,0.0,0.0,0.0,0.111111,0.0555557,5.26126,22284.0,32718.0,0.0748,0.5425,0.1379,1.0
Bra030490,1,III,-0.1506329967903499,0.1648386244256863,-0.0455457716782882,0.0130709293768523,-0.063411055169153,-0.2757233144562231,-0.0351667595991518,0.2104673407044439,0.1645347368245307,3.1570042173142285,0.4485468015702821,46.42618570474282,47.647058823529406,0.68,430,0.0,0.0,0.0,1.0,0.3647000000000001,1.0,0.0334,0.92,0.869048,0.0,0.104898429032258,0.5929894,0.0,0.004285712,0.0642813870967741,0.0037037133333333,0.001872896590909,0.869048,0.0,0.875,0.0,0.44246,0.0555557,7.78195,2488.0,7931.0,0.0422,0.3121,0.1352,0.0
Bra030445,1,III,-0.1659970275557238,-0.0872615625214362,0.3102168946313924,0.186627562610403,-0.0729428391873881,0.0599391109902703,-0.0728296567187225,-0.0307492218384585,-0.2641202991036305,1.2676048508451827,0.6962295304321988,42.77777777777778,35.88235294117647,0.93,423,0.0,1.0,0.0,0.0,0.3322500000000001,1.0,0.3453,1.0,0.6435185,0.0,0.0,0.3574314545454546,0.0,0.0,0.0153617837837837,0.0097777759999999,0.0026666679999999,1.0,0.0,0.583333,0.0,0.2,0.111111,3.24248,57473.0,112454.0,0.1398,0.2514,0.5561,0.0
Bra030440,1,III,-0.2128912385983433,-0.1018475662466228,-0.2370776758152954,0.1676850767806491,-0.0167883016855509,-0.1864418683432029,-0.4430745432219559,-0.1719855796370838,-0.2617403849725873,0.0827035744696706,0.9617683107270056,44.171779141104295,34.705882352941174,0.98,1878,0.0,0.0,1.0,0.0,0.0,0.0,0.04745000000000001,0.94,0.0,0.0015873057142857,0.0524691333333333,0.0019841285714285,0.0046130964285714,0.0,0.004128264516129,0.0039378641891891,0.0006666669999999,0.0,0.0555557,0.0416667,0.0833333,0.111111,0.12037,4.66032,158425.0,10432.0,0.0218,0.3033,0.0719,0.0
Bra030439,1,III,-0.3020691313707108,-0.1587635779536645,-0.1695179625382414,0.020256054304595,0.2120881169281702,0.2304265567694592,-0.2936394546103898,-0.3420442745739298,-0.4299197700902852,1.4943551481716462,0.7452090018213424,42.29559748427673,41.76470588235294,0.98,0,0.0,0.0,1.0,0.0,0.0,0.0,0.0,0.0,0.0702765258064516,0.0,0.0029850746268656,0.0144767592592592,0.0016260170731707,0.0025411522222222,0.0058906279475982,0.0028606210526315,0.0038337268472906,0.888889,0.0,0.305555,0.0666667,0.111111,0.12037,4.66032,7135.0,160798.0,0.0779,0.5239,0.1487,0.0
Bra030431,1,III,-0.0209652643894058,0.0323686256101617,0.7443856291769587,-0.2164403662796492,0.0167680283061544,-0.3844360370546148,-0.1972197312584174,-0.0569984707961127,1.3984341117922376,4.489821054637229,0.3151004486000753,49.122807017543856,48.8235294117647,1.02,580,0.0,1.0,0.0,0.0,0.4531500000000001,1.0,0.47864999999999985,1.0,0.878917125,0.0,0.0,0.381111,0.0,0.013888875,0.0287199617647058,0.0089743615384615,0.0,1.0,0.0,0.833333,0.0,0.305556,0.111111,4.6751,127.0,8966.0,0.085,0.7673,0.1108,0.0
Bra030407,1,III,-0.2998385807582461,-0.4569779325674252,0.153128832411166,-0.4728225219226107,0.1050727559481358,0.0040212058442957,-0.1661801430145651,-0.1956125119631946,-0.1008266779971217,0.3690819999759121,0.6561817296878225,47.73175542406312,31.176470588235293,1.15,1320,0.0,1.0,0.0,0.0,0.068,1.0,0.12369999999999999,1.0,0.0603089617647058,0.0423280476190476,0.00216049375,0.0025362347826086,0.0,0.0049603214285714,0.0041270792253521,0.0049140191666666,0.0025745260162601,0.761616,0.888889,0.0555557,0.0,0.111111,0.111111,4.91051,6595.0,3108.0,0.1877,0.5183,0.3621,0.0
Bra030405,1,III,0.7734341290610387,-0.0035204354177564,0.1020801695689984,-0.2402191686436957,-0.3530476730192991,-0.3305643971845591,0.7461498256802126,-0.2230652617038634,0.0080235071180145,5.562211358554458,0.1539606410744664,47.788778877887786,42.35294117647059,1.16,209,0.0,1.0,0.0,0.0,0.37300000000000005,1.0,0.1725,1.0,0.6610355714285714,0.0,0.3534910988095238,0.2230724785714285,0.0037878787878787,0.0025852574257425,0.0543618744360902,0.005558137012987,0.0026611228643216,1.0,0.0,0.833333,0.0833333,0.533333,0.103175,4.91051,7854.0,812.0,0.0569,0.4574,0.1245,0.0
Bra030398,1,III,-0.2708693964429826,-0.133521362590228,-0.0147776657195861,-0.1404640460011482,-0.1638733757162018,-0.0692383542000871,-0.4500162336128469,-0.2077418828068798,-0.595679247899591,0.3384406556899507,0.7362453624032057,41.46620847651776,32.35294117647059,1.19,250,0.0,0.0,0.0,1.0,0.064,1.0,0.4385000000000001,1.0,0.0774470833333333,0.7045454363636363,0.04087985,0.0,0.4874055523809523,0.0044648444444444,0.0044350614973262,0.0370717466666666,0.0030621333333333,0.866667,1.0,0.0,1.0,0.178571,0.435185,3.60115,42693.0,31298.0,0.1215,0.4461,0.2724,0.0
Bra030396,1,III,-0.2056748650384746,0.0684060761199239,-0.3176121306002192,0.2547899283044627,-0.0390148138417286,-0.0704430182638198,-0.3065950247704924,0.1027937152678603,-0.3924469887102352,0.1607125171712281,0.9704460719998412,41.88351920693928,24.705882352941178,1.2,474,0.0,0.0,1.0,0.0,0.11899999999999998,1.0,0.0525,0.98,0.0,0.0035612564102564,0.3250814282051282,0.0028058393939393,0.0008503408163265,0.0083711309523809,0.0029370233009708,0.0028712302040816,0.0061326869806094,0.0,0.0833333,0.0555557,0.0416667,0.111111,0.111111,3.60115,22903.0,51445.0,0.522,1.4537,0.3591,0.0
Bra030389,1,III,0.1837630257605428,-0.059441835573267,1.3065275379798682,-0.0854794645805497,0.1534925987005615,-0.14619909780264,0.6133380303793232,-0.0178475512732609,1.849973759601261,0.7764756931475311,0.681275018134502,47.509578544061306,28.235294117647054,1.23,336,0.0,1.0,0.0,0.0,0.412,1.0,0.3445,1.0,0.0,0.013888875,0.0,0.0138888833333333,0.0185185,0.0,0.0023249294117647,0.0024904189655172,0.0030864277777777,0.0,0.111111,0.0833333,0.111111,0.0833333,0.111111,3.89097,68772.0,1053.0,0.1628,0.2759,0.59,0.0
Bra038097,1,III,0.0393492996355017,0.3429127343301847,0.2354801813629437,-0.0999224215367692,-0.0601334717795571,-0.2371394438815635,0.1253868286747113,0.1615674031472671,0.1214300108522112,3.241870874033861,0.2870962247641632,46.36408003904344,38.82352941176471,1.39,0,0.0,1.0,0.0,0.0,0.47550000000000003,1.0,0.3165,1.0,0.6889947000000001,0.0,0.1156084619047619,0.33045625,0.0,0.001001,0.0808302538461538,0.0098765388888888,0.0033574939130434,1.0,0.0,0.785714,0.0,0.455556,0.111111,7.34659,53103.0,94971.0,0.0381,0.4284,0.089,0.0
Bra038107,1,III,-0.1576790149205225,-0.377106204276485,0.0989816685049059,0.3917842822827672,0.3994422683736993,1.7302763650873172,-0.2030477241758079,-0.116051446409054,-0.1300477805540929,0.0257999275533306,1.0,55.38971807628524,37.64705882352941,1.46,1279,0.0,1.0,0.0,0.0,0.0,0.0,0.07719999999999999,1.0,0.5070555957446808,0.1364922583333333,0.0,0.055195776,0.0802441899999999,0.0083333375,0.0086176731428571,0.0356875522842639,0.0,1.0,1.0,0.224074,0.765873,0.163889,0.671795,4.53947,2244.0,510.0,0.2185,0.4972,0.4395,0.0
Bra038108,1,III,-0.4917792319527003,-0.3922292015697398,0.0497306711245748,-0.010421533860948,-0.1523131750374157,-0.3608962249507658,-0.422993748234694,-0.3276938729867708,-0.4519018859192424,0.8502213730893053,0.8331640554965858,43.131604226705086,31.176470588235293,1.46,559,0.0,0.0,0.0,1.0,0.0,0.0,0.19884999999999997,1.0,0.164977974074074,0.4169423888888889,0.0030303045454545,0.1031895710526315,0.0580333619047619,0.0,0.0083864519685039,0.0049430011904761,0.0019640838383838,0.933333,0.962963,0.733333,0.644444,0.390476,0.111111,5.93131,3993.0,5287.0,0.1426,0.2316,0.6157,0.0
Bra038127,1,III,-0.2110793586213682,-0.0979137761841242,-0.1247247019540965,-0.0243950581352372,-0.021864321380953,-0.2928407237838911,-0.1962026650886186,-0.0996733165758091,-0.0888644661344333,2.623667922015452,0.4914058703318239,44.99252615844544,34.705882352941174,1.57,368,0.0,1.0,0.0,0.0,0.0,0.0,0.25794999999999996,1.0,0.0817813266666666,0.5214087000000001,0.10766234,0.0045351510204081,0.1296717204545454,0.0048959702702702,0.0021093308823529,0.01690585,0.00340907090301,0.777778,1.0,0.111111,0.888889,0.111111,0.416667,4.45679,2049.0,14364.0,0.0326,0.3743,0.0872,0.0
Bra037109,1,III,-0.0071877282215519,-0.1169010935188159,0.0482608589129839,-0.0871174556579561,-0.1390645072040461,-0.2232769317751213,-0.0483326569605674,0.0604242959822303,0.2733673748992124,2.222726025393986,0.2274649844718745,48.15920398009951,34.705882352941174,1.7,310,0.0,1.0,0.0,0.0,0.5771999999999999,1.0,0.25439999999999996,1.0,0.8077778,0.2037037,0.0051282076923076,0.388889,0.0,0.005291,0.0807870875,0.0216049361111111,0.0011494258620689,1.0,0.944444,0.388889,0.0,0.288889,0.327778,3.89097,52948.0,332.0,0.1992,0.5661,0.3518,0.0
Bra037108,1,III,-0.1059615535803927,0.1029959782451072,1.217325090547022,-0.0682302181145901,0.0417706113839733,-0.1960922541208291,-0.0432456152474946,0.1074598065907384,1.8432369878752168,1.985434403814994,0.306442908748232,48.82154882154882,35.294117647058826,1.71,219,0.0,1.0,0.0,0.0,0.4358000000000001,1.0,0.56215,1.0,0.477425,0.8077778,0.0,0.1009524,0.388889,0.0,0.0675773831578947,0.0807870875,0.0,1.0,1.0,0.504762,0.388889,0.690476,0.288889,3.89097,50199.0,3046.0,0.0558,0.5231,0.1067,0.0
Bra037104,1,III,0.4336684663727519,0.2798856576103717,2.260272603679682,0.044589877554262,0.0283605580273012,-0.4315947499923664,0.1718139567652962,0.1471147633606152,2.302742884644837,5.604534462211779,0.4401115949232266,53.49794238683128,40.588235294117645,1.75,545,0.0,1.0,0.0,0.0,0.037399999999999996,1.0,0.3017500000000001,1.0,0.0,0.6670525111111111,0.0061728333333333,0.0,0.308520985,0.0,0.0029629683333333,0.044728876,0.006734,0.0,1.0,0.0,0.833333,0.0666667,0.555556,4.44848,28.0,53163.0,0.0234,0.5837,0.04,0.0
Bra037094,1,III,0.0399294315498607,0.017011174911371,1.1996177101011878,-0.0598295206712962,0.0509457367236597,-0.3685417085943116,0.0198686928796217,-0.1449552106139815,1.5030585185090135,3.431234496648709,0.4053654323934191,50.63291139240506,40.0,1.8,181,0.0,1.0,0.0,0.0,0.10900000000000003,1.0,0.5533999999999999,1.0,0.1574752487179487,0.7244344193548388,0.0,0.1729123630434783,0.4380805277777779,0.010389609090909,0.0255595498054474,0.0714893411764705,0.0134230434782608,1.0,1.0,0.952381,1.0,0.496032,0.555555,6.67872,7847.0,6058.0,0.107,0.6873,0.1557,0.0
Bra001011,1,III,-0.4756532297982847,0.3900303572384014,-0.1802568578790579,0.9030393444119036,0.0571995333916182,0.7627646313031727,-0.3809639284024234,0.5161563998815721,-0.0313977778090865,1.048957585658187,0.9814321399753004,47.66949152542373,26.47058823529412,8.22,291,0.0,0.0,0.0,1.0,0.0,0.0,0.27765,1.0,0.0013888925,0.1265494833333333,0.0052532126984126,0.0032467515151515,0.0826340851851851,0.0017006795918367,0.0029984109374999,0.0189607053719008,0.0030626782608695,0.0555557,1.0,0.0833333,0.738095,0.111111,0.333333,5.67691,2866.0,11963.0,0.0589,0.4342,0.1357,0.0
Bra001010,1,III,0.6202455461965598,-0.1842688751052925,0.6878046407582858,-0.0555574476624611,0.6356507463637231,-0.257685200095613,0.487798447848513,0.0491715074428576,0.6217622392544607,6.922812447383221,0.0999655930598899,47.89410348977136,36.47058823529412,8.21,2715,0.0,0.0,0.0,1.0,0.0,0.0,0.0,0.0,0.0046658983870967,0.0049382694444444,0.0160782655172413,0.004166665,0.003229976744186,0.0008658,0.0047602105691056,0.00337751302521,0.0020091708737864,0.2,0.111111,0.0833333,0.0833333,0.222222,0.111111,5.67691,14929.0,333.0,0.08,0.4781,0.1673,0.0
Bra001028,1,III,-0.2337501357024357,-0.1126365934440621,0.3936361189510645,-0.0877370497360778,0.1525884094773181,-0.1008222940513598,-0.3566851130570813,-0.2345043461333246,0.8749462652884293,7.152754065636746,0.1014338900327894,49.76851851851852,47.05882352941176,8.38,357,0.0,0.0,0.0,1.0,0.07980000000000001,1.0,0.0,0.0,0.0,0.0,0.0,0.0,0.0082491575757575,0.0,0.0070679011111111,0.0032830703333333,0.0069444625,0.0,0.0,0.0,0.111111,0.111111,0.114286,4.6751,166.0,10688.0,0.0188,0.2758,0.068,0.0
Bra001036,1,III,-0.1411261728624389,0.4717813220244933,0.3404931171401699,0.4877742461486824,-0.0692391933815868,-0.0439154002845286,-0.0182456307443171,0.7285270414667956,0.3540953480135159,5.134656447186975,0.140488802175852,45.91346153846153,41.76470588235294,8.45,510,0.0,1.0,0.0,0.0,0.0,0.0,0.106,1.0,0.0133333399999999,0.0038926642857142,0.2161324615384615,0.0052083375,0.0068032534482758,0.0094202891304347,0.0072174717948717,0.0029526285285285,0.003897028021978,0.0666667,0.111111,0.0416667,0.0833333,0.111111,0.111111,5.62029,4643.0,40898.0,0.0628,0.4172,0.1505,0.0
Bra001038,1,III,0.0087634419619579,0.1580674165509784,0.0581525778482302,0.0899570026762428,0.0126839897766746,-0.0715396340600388,-0.1062706103675154,0.4594792354769165,0.4537444286298233,2.5665729345295203,0.3230056704066835,42.71844660194174,38.23529411764706,8.47,412,0.0,0.0,0.0,1.0,0.079,1.0,0.29100000000000004,1.0,0.0,0.0,0.00260416875,0.004329,0.0,0.0042242677419354,0.0087478033333333,0.0,0.0021258510204081,0.0,0.0,0.047619,0.0,0.0666667,0.0,5.62029,28489.0,16960.0,0.0295,0.3422,0.0862,0.0
Bra001046,1,III,0.1703222573673489,0.4774922077091182,0.7575874137248535,0.2094794633842569,-0.1130489084514402,-0.1008153455414768,0.3995201057769541,0.4818095405704627,1.8584238270886675,8.318281871849603,0.1497753788750415,50.3370786516854,32.94117647058823,8.53,3963,0.0,1.0,0.0,0.0,0.0,0.0,0.0,0.0,0.0051203225806451,0.0,0.015873,0.0022486785714285,0.0057239121212121,0.0,0.0039629986754966,0.0051376325153374,0.00416666875,0.111111,0.0,0.0666667,0.0666667,0.111111,0.0833333,11.3538,1027.0,18416.0,0.0302,0.4572,0.0659,0.0
Bra001051,1,III,0.8814137534178533,0.5594269366154624,0.1610306460561789,-0.1984737691270283,-0.2929116539162414,-0.1770088450329979,0.6593306376315112,0.6847801590010432,0.3921322778080469,2.9766595617129,0.370318445452048,44.105691056910565,34.705882352941174,8.56,7359,0.0,1.0,0.0,0.0,0.0,0.0,0.0,0.0,0.0,0.0032051269230769,0.00833333,0.005952375,0.0,0.009375,0.0015015054054054,0.0053191510638297,0.0016025634615384,0.0,0.0833333,0.047619,0.0,0.0555557,0.111111,7.68053,713.0,568.0,0.1261,0.4824,0.2614,0.0
Bra001059,1,III,0.4401194200026288,-0.1570663919437153,0.2432792308665425,-0.0213303298720871,-0.133934780203369,0.0038042165447882,0.5326891935718804,0.0309854469794056,0.1483603351691436,1.9892811659775087,0.4890204772869136,44.44444444444444,24.705882352941178,8.58,0,0.0,0.0,1.0,0.0,0.2115,1.0,0.0,0.0,0.3603017333333333,0.19666001875,0.0834350769230769,0.1034942333333333,0.0,0.0218762641025641,0.0121137228346456,0.002470037755102,0.0038312893617021,1.0,1.0,0.777778,0.0,0.125,0.0833333,4.23665,3978.0,13951.0,0.0651,0.4673,0.1394,0.0
Bra001060,1,III,0.2649922606777705,0.1460564378425675,-0.2323628925163456,0.0849558241737465,-0.1377056457441038,-0.1843013676942097,0.3693346587625532,0.3246553472127428,-0.0693400257405573,2.8871666134537874,0.2546609801561784,44.83960948396095,45.294117647058826,8.58,351,0.0,0.0,1.0,0.0,0.0,0.0,0.47495000000000004,1.0,0.0,0.3855623333333333,0.0,0.0046296333333333,0.1150401333333333,0.0,0.0035857710843373,0.0113528899371069,0.0015151522727272,0.0,1.0,0.0416667,0.777778,0.111111,0.125,4.23665,1241.0,17286.0,0.0855,0.3271,0.2614,0.0
Bra001063,1,III,0.3515193922331021,0.1417650374470363,0.1797292637978405,0.016319215513577,-0.0390650580997286,-0.2558018239992606,0.1860622819478946,0.2252913302709377,0.2621129699980441,4.357594885270815,0.2239911365266894,46.21749408983452,39.41176470588236,8.59,2177,0.0,1.0,0.0,0.0,0.0,0.0,0.0,0.0,0.0037037055555555,0.0031746,0.0,0.0064102538461538,0.0,0.0015873057142857,0.0045015539682539,0.0004578758241758,0.0034022214285714,0.0666667,0.047619,0.0833333,0.0,0.111111,0.0416667,4.23665,21559.0,5783.0,0.0373,0.3377,0.1103,0.0
Bra001064,1,III,0.1997832877749769,-0.3581372910253045,0.4570839028073649,-0.1017530611425286,0.4103466964216617,-0.0161290915360411,0.3000030165339158,0.0533896681599583,0.9000784283360878,2.723563744643864,0.5251212159289748,44.71947194719472,40.0,8.59,243,0.0,1.0,0.0,0.0,0.1595,1.0,0.0,0.0,0.0068027142857142,0.0,0.0222222333333333,0.0,0.0063492085714285,0.0,0.0014285714285714,0.004502346226415,0.0,0.047619,0.0,0.0,0.0833333,0.0666667,0.111111,4.23665,19397.0,9034.0,0.079,0.4174,0.1891,0.0
Bra001066,1,III,0.2500307670789539,-0.0368446396127192,0.2572014360931772,-0.0810336380260562,0.4246064630522321,-0.2541459523738983,0.1856540082686381,0.4139256497289538,0.3630606453140903,2.154297859350599,0.3458060506466208,45.31104921077066,36.47058823529412,8.6,2163,0.0,1.0,0.0,0.0,0.0,0.0,0.0,0.0,0.0042871886363636,0.0026021311475409,0.0,0.0073934842105263,0.003229976744186,0.0,0.0031830009009009,0.0026601104712041,0.0024154565217391,0.0833333,0.111111,0.111111,0.0833333,0.0833333,0.0833333,8.26474,15463.0,12442.0,0.0483,0.3483,0.1387,0.0
Bra001072,1,III,-0.2717374235016591,0.041279577301098,-0.2619140646888457,-0.0960002329980295,0.1275224409071025,-0.0490906395384262,-0.371870424850216,-0.1438319509434174,-0.2874647851732562,0.3649420272593887,0.734732236634055,43.61702127659575,41.76470588235294,8.61,398,0.0,0.0,1.0,0.0,0.0,0.0,0.30925,1.0,0.029366644262295,0.2680346024390243,0.053253254054054,0.0060733621951219,0.1111442333333333,0.0027202752475247,0.0062934071960297,0.0146060093117408,0.0030031221649484,0.833333,1.0,0.111111,0.855556,0.177778,0.527778,4.87215,2827.0,11967.0,0.0968,0.3322,0.2916,0.0
Bra001075,1,III,-0.3095949732705121,0.4403431825505571,-0.2599282913279198,0.5106947654046419,0.0042471656404881,0.6103247891312022,-0.1469577058851197,0.2241139185861613,0.0407925375160266,0.0916299802287282,0.9341454000538324,49.673202614379086,28.823529411764703,8.62,6525,0.0,1.0,0.0,0.0,0.0,0.0,0.0,0.0,0.0068965517241379,0.0152949428571428,0.0026455095238095,0.0034113105263157,0.0108401048780487,0.0,0.0024094938356164,0.0049603171171171,0.0009132424657534,0.111111,0.292929,0.0833333,0.111111,0.095238,0.111111,4.00723,1838.0,10078.0,0.0828,0.4082,0.2029,0.0
Bra001077,1,III,-0.110229428432149,-0.2730216932054295,-0.5378777259740415,0.1666231848222405,0.4271409480922835,0.0684245166509802,0.2053425784041303,-0.332546637190639,-0.2545947726596796,0.1671689304740138,1.0,44.44444444444444,37.05882352941177,8.62,3086,0.0,1.0,0.0,0.0,0.0,0.0,0.0,0.0,0.028487,0.2937941315789474,0.9317901111111112,0.0100503653846153,0.1425647105263157,0.1527779249999999,0.0032811516233766,0.0110003213235294,0.0092592533333333,0.805556,1.0,0.111111,0.744444,0.0833333,0.45,4.00723,5705.0,6639.0,0.0264,0.4011,0.0659,0.0
Bra001179,1,III,-0.061130874222407,-0.05648312002342,-0.2328480465739596,0.252469591543917,0.2814667255343687,0.942185066825124,-0.0486844060690034,-0.0684782341866718,-0.1570713171731103,0.2333869120506244,0.945052958622958,42.81345565749236,38.82352941176471,6.94,186,0.0,1.0,0.0,0.0,0.17919999999999997,1.0,0.279,1.0,0.1301587,0.0,0.0031746,0.111111,0.0,0.0,0.0,0.0021505387096774,0.003745317977528,0.904762,0.0,0.619047,0.0,0.0,0.0666667,5.78532,3599.0,16002.0,0.1251,0.4213,0.2969,0.0
Bra001183,1,III,0.064547140353729,-0.2880519118578256,-0.2137653402620324,0.6076762253002366,0.6596093387788431,0.7798004661311327,0.1553011334121213,-0.3408522676480138,-0.2323257101721543,0.2790714053329652,0.8041140144821617,45.51282051282051,34.11764705882353,6.82,594,0.0,0.0,0.0,1.0,0.0585,1.0,0.0,0.0,0.004357294117647,0.0,0.0,0.009226185,0.0,0.005847947368421,0.0042133,0.0,0.0022486797619047,0.111111,0.0,0.095238,0.0,0.166667,0.0,7.01265,2483.0,42866.0,0.0254,0.4104,0.0619,0.0
Bra001188,1,III,-0.07079746243966,0.1450248113940228,-0.1893905638335196,0.0875109615885219,0.1626457501231117,0.6994288319412305,-0.014537253554557,0.3275826179653635,-0.1765474100711245,0.4438425787339088,1.0,45.43707973102786,30.58823529411765,6.67,976,0.0,0.0,0.0,1.0,0.10600000000000001,1.0,0.25365,1.0,0.0,0.0,0.001287,0.0055555583333333,0.0,0.0027711315789473,0.0035074258064516,0.0047562765957446,0.0022794603773584,0.0,0.0,0.0666667,0.0,0.0666667,0.0833333,5.26126,15193.0,30260.0,0.0249,0.4913,0.0506,0.0
Bra001202,1,III,-0.5011921131738855,-0.2594751592639394,-0.1771512956708702,0.0969017824194061,0.0713616740032662,0.2234976714535249,-0.2430162693799699,-0.2473604828633833,-0.0895594221266663,2.9191267125790805,0.3572641211021222,43.82513661202186,35.88235294117647,6.28,3014,0.0,0.0,1.0,0.0,0.0,0.0,0.0,0.0,0.036423288,0.0025894593220338,0.0012121218181818,0.0057585906976744,0.0015873,0.006470687755102,0.0056426224683544,0.0043063283980582,0.004493315625,0.738095,0.0555557,0.114286,0.0333333,0.233333,0.111111,4.13237,8555.0,39064.0,0.0706,0.3445,0.2049,0.0
Bra001204,1,III,-0.3496773731204253,-0.0802924000194187,0.0504034903622564,-0.148278894980297,0.0247382563455375,-0.0622544312007536,-0.2402506913841248,-0.0746801159213616,-0.0114953869795024,0.6559143994061107,0.8371839086832986,43.253234750462106,38.23529411764706,6.18,0,0.0,0.0,1.0,0.0,0.3525,1.0,0.0,0.0,0.0030864166666666,0.18490685625,0.101150805,0.0053571428571428,0.0050671549450549,0.0040253512195121,0.0157882447513812,0.002405079245283,0.0088644550755939,0.111111,1.0,0.0833333,0.111111,0.644445,0.111111,3.45864,20723.0,25890.0,0.0624,0.4132,0.151,0.0
Bra001211,1,III,-0.4170621553231558,0.2580721104686266,-0.2031516164310924,0.1454720698300221,0.3460322353290603,-0.2408714538742037,-0.0234819971775479,0.5909583391308446,0.0433556415641917,2.1580493573750474,0.2138282605147669,44.985673352435526,34.11764705882353,5.87,0,0.0,1.0,0.0,0.0,0.0,0.0,0.0,0.0,0.000555555,0.4932733821428572,0.0962773809523809,0.006009075510204,0.1283895416666666,0.0034288187499999,0.0027467746093749,0.0132198474006116,0.0039543611872146,0.0333333,1.0,0.0833333,0.777778,0.111111,0.261111,6.34478,29273.0,9965.0,0.1148,0.346,0.3319,0.0
Bra001220,1,III,0.192946661219721,0.3779577793857904,0.4306743772190727,0.1536824500249233,-0.3494467962143589,-0.4449068036249842,0.1083896100140951,0.7861004222838032,0.3841340581509213,3.91581528932458,0.5393058135293793,45.65656565656565,37.05882352941177,5.61,0,0.0,1.0,0.0,0.0,0.0,0.0,0.1435,1.0,0.011065568852459,0.0416666692307692,0.0453157260869565,0.0037115395348837,0.0,0.0017713391304347,0.0024344785992217,0.00293651,0.0020514487421383,0.633333,0.5,0.177778,0.0,0.111111,0.0833333,4.65937,384.0,19952.0,0.0869,0.4599,0.189,0.0
Bra001229,1,III,-0.2679518608273254,-0.0504507984067744,-0.1766030635773478,0.0804164223529849,-0.0112266898184508,-0.162523531265957,0.0121935410742142,0.0852819052328276,-0.3073512187949859,1.3113964811848595,0.6357924545081083,46.44549763033176,36.47058823529412,5.4,3374,0.0,1.0,0.0,0.0,0.0,0.0,0.0,0.0,0.0,0.5594003999999999,0.0648441981481481,0.0888888499999999,0.2530599133333333,0.0038943382352941,0.0062723967741935,0.0154899473988439,0.0022081654450261,0.0,1.0,0.111111,0.796296,0.111111,0.261111,5.00904,3849.0,16848.0,0.0632,0.4376,0.1444,0.0
Bra001232,1,III,0.5515951828440413,-0.2009158804993801,0.4028549426339964,-0.2822346381066039,0.0644530157396229,-0.1261522462348854,0.7770290980024004,0.0640153227386826,0.370200654593919,5.060920133810145,0.2372596933827849,46.03988603988604,41.17647058823529,5.36,100,0.0,1.0,0.0,0.0,0.287,1.0,0.0,0.0,0.0,0.0,0.2169312238095238,0.00555557,0.0,0.0012919930232558,0.0066417365384615,0.0,0.0019668739130434,0.0,0.0,0.0555557,0.0,0.0833333,0.0,5.00904,12008.0,1410.0,0.0591,0.4593,0.1287,0.0
Bra001233,1,III,0.441434209623636,-0.0834024090580635,-0.418069843997045,-0.0912261607301667,0.0608577195515939,-0.2799495748091549,0.8283601930043943,0.2200743601359754,-0.2547527767057907,0.0756108278983551,0.8380772215138543,47.3288186606471,30.58823529411765,5.33,0,0.0,1.0,0.0,0.0,0.28700000000000003,1.0,0.0,0.0,0.0,0.2,0.01,0.0042735153846153,0.0150462875,0.0092485056603773,0.0052328833333333,0.0078092207547169,0.0041469892561983,0.0,1.0,0.0555557,0.0833333,0.0833333,0.111111,5.00904,6022.0,8220.0,0.0538,0.3844,0.1399,0.0
Bra001234,1,III,-0.1312738761827874,0.1315755271638476,0.5481600012676674,-0.3097890309657104,-0.2199499550017039,-0.1345550590270131,-0.2036614625300299,0.2558474773289391,0.7010893685844339,1.779876430547801,0.3442443481576657,44.98834498834498,38.82352941176471,5.31,1575,0.0,1.0,0.0,0.0,0.0825,0.98,0.0,0.0,0.0740740666666666,0.0904761999999999,0.0,0.0096560821428571,0.00138889,0.0,0.0056068689655172,0.002113525,0.0029239736842105,1.0,0.904762,0.0833333,0.0416667,0.111111,0.111111,4.3233,8997.0,5708.0,0.0762,0.5262,0.1449,0.0
Bra001235,1,III,0.3982666091453811,-0.0002152419359798,-0.1006194538725979,-0.1428775248817738,-0.0988885233071469,-0.2302445831349983,0.5004630997549455,0.0108933251078682,-0.1692283344011364,2.689845427756038,0.1867919325595691,46.48936170212766,37.05882352941177,5.29,909,0.0,0.0,0.0,1.0,0.04385000000000001,0.94,0.0,0.0,0.0615541333333333,0.0,0.1891402283333333,0.0463850890410958,0.0,0.0055430095652173,0.0193554506410256,0.0019493157894736,0.0030322511904761,0.933333,0.0,0.933333,0.0,0.616667,0.111111,4.3233,594.0,11016.0,0.0487,0.3266,0.1493,0.0
Bra001242,1,III,-0.1845226988023627,-0.2439827928077518,-0.1078405679520324,0.3198505191947143,0.368194742211745,0.7382532002069511,-0.1652075665124777,-0.2291285907470223,-0.1842510123667618,0.8049389625971507,0.7761616733867619,47.05882352941176,34.705882352941174,5.09,2738,0.0,0.0,0.0,1.0,0.0,0.0,0.0,0.0,0.5821565925925927,0.0031249999999999,0.004074066,0.2137219243589743,0.0012077289855072,0.0009746578947368,0.0360608619335347,0.0039151483271375,0.0015522888235294,1.0,0.0833333,0.875,0.0833333,0.627299,0.0833333,5.37208,1551.0,30269.0,0.1488,0.4455,0.3339,0.0
Bra001247,1,III,0.0850270787974045,-0.0104975689288448,0.6112773449206921,-0.0324565424482696,-0.1708282027735985,-0.241063803726113,-0.032422263925939,0.0314397095005341,0.6838671154048386,3.201523058951423,0.203547926630716,46.243617797228296,39.41176470588236,4.91,0,0.0,1.0,0.0,0.0,0.33340000000000003,1.0,0.11495,1.0,0.1775072272727272,0.1407978863636363,0.0090476285714285,0.1654471390243902,0.0991843055555555,0.0,0.0604840506666666,0.0181175418530351,0.0019435287128712,1.0,0.966667,0.910714,0.933333,0.952381,0.555556,4.6751,2106.0,6630.0,0.0609,0.425,0.1433,0.0
Bra001249,1,III,0.1254784661129922,-0.0449494201345592,1.859457726506346,-0.3264836257815052,0.1723051736012423,-0.2801371638170432,0.195300492454669,0.2695367554751971,2.1196321332772063,6.764458177439957,0.3910293163994803,56.11979166666666,44.11764705882353,4.87,0,0.0,1.0,0.0,0.0,0.0,0.0,0.0,0.0,0.0016534388888888,0.0185666181818181,0.0017006785714285,0.00071225,0.0024540539473684,0.006060609090909,0.0043224498360655,0.0038211513274336,0.0012626295454545,0.047619,0.888889,0.037037,0.0555557,0.111111,0.111111,6.34478,14.0,88.0,0.2089,0.5688,0.3672,0.0
Bra001264,1,III,0.2749513969723717,-0.0213652461788686,-0.2804158045132142,-0.1902097945469523,-0.1390983408237901,-0.2274654431385535,0.3251010780426943,0.4607132544439279,0.1009374558362927,2.4221029991293404,0.4132711233891915,45.92803030303031,31.76470588235294,4.6,0,0.0,0.0,0.0,1.0,0.33114999999999994,1.0,0.0,0.0,0.0358215432432432,0.0225490196078431,0.1229666375,0.0194066523809523,0.0013333339999999,0.0034461131578947,0.029303223880597,0.0043583056338028,0.0022350842391304,1.0,1.0,0.45,0.0666667,0.783333,0.111111,6.34478,824.0,60619.0,0.0575,0.4084,0.1409,0.0
Bra001265,1,III,-0.2599759948174897,0.0723425711913336,0.3454756080532434,0.2571341830587267,-0.0127130917512794,-0.3374804737125715,0.4592300126880527,-0.0130445167471101,0.7400718173128543,3.350610069268919,0.2700594000317747,46.93251533742331,31.176470588235293,4.57,2400,0.0,0.0,0.0,1.0,0.0,0.0,0.0,0.0,0.0231043062499999,0.0020779218181818,0.0053186906976744,0.0,0.0014574759259259,0.0035339516666666,0.0032348985915492,0.0034400424749163,0.0023168725423728,1.0,0.0666667,0.0,0.0416667,0.111111,0.138889,6.34478,3870.0,56333.0,0.057,0.7176,0.0794,0.0
Bra001275,1,III,0.2372921996662699,0.0470237525733362,0.6303556435075675,0.0022286176066769,-0.0749805253262117,-0.2018025524609509,0.0134255921197177,-0.0616374880073334,0.5333649468741368,2.4765104083813303,0.480023254974926,47.547797173732334,31.76470588235294,4.36,0,0.0,1.0,0.0,0.0,0.0,0.0,0.0,0.0,0.0,0.0,0.1017730702127659,0.0,0.0135802666666666,0.0028248593220338,0.0018258858895705,0.0029265301587301,0.0025771327702702,0.0,0.0,0.0,0.0666667,0.0833333,0.0555557,4.05163,21469.0,39253.0,0.0255,0.5501,0.0464,0.0
Bra001276,1,III,-0.1520441401447557,-0.116562055649638,0.8309001658173614,-0.1089964389210663,0.1507358288769753,-0.4496271721265962,-0.1845956644382216,-0.0082857385548785,1.2700586653653674,4.061635805652265,0.1588798770319836,50.46296296296296,41.76470588235294,4.33,3666,0.0,0.0,0.0,1.0,0.0,0.0,0.0,0.0,0.0663282058823529,0.0,0.0,0.001595744680851,0.0029761875,0.0093167869565217,0.0055285713864306,0.0019427916666666,0.002713924137931,0.763889,0.0,0.0416667,0.047619,0.283333,0.0833333,4.05163,17937.0,44300.0,0.1239,0.3391,0.3655,0.0
Bra001277,1,III,0.1894112260698946,-0.2085723584950599,-0.2436522632535183,0.0891018316612309,0.0348286412885284,-0.1770560341290689,0.1209136934774371,-0.2688801575088944,-0.2648311605824655,0.1127860199087927,0.8585588358925648,43.54978354978355,37.05882352941177,4.31,2373,0.0,0.0,0.0,1.0,0.0,0.0,0.0,0.0,0.1060036129032258,0.00381945,0.033333334375,0.008925097368421,0.0025062631578947,0.0049808396551724,0.0058393531847133,0.0016447368421052,0.0029973640316205,0.916667,0.0666667,0.142857,0.047619,0.283333,0.0833333,4.05163,47662.0,13110.0,0.0728,0.3324,0.2189,0.0
Bra001346,1,III,0.3843817725495296,0.6597991589656246,0.3706987025027297,-0.0822726025138034,-0.0834258014262268,-0.0664990936218226,0.4669058550960765,0.8546257593693699,1.35348358453525,2.432914237603152,0.37214475411474,43.03030303030303,34.705882352941174,2.24,394,0.0,0.0,0.0,1.0,0.07245000000000001,1.0,0.16149999999999998,1.0,0.0025641038461538,0.0048976578947368,0.0015015054054054,0.0065432133333333,0.0020576111111111,0.0015432111111111,0.0072866342995169,0.0037910806949806,0.0028262217142857,0.0666667,0.111111,0.0666667,0.111111,0.125,0.122222,3.38932,2424.0,2099.0,0.0343,0.4818,0.0712,0.0
Bra001326,1,III,0.6812689009414256,0.003451206818214,1.8868934612742356,-0.1599844594676011,0.1496285367239738,-0.2065772267106072,0.9256020896367744,0.1620435195114551,1.696420273188624,3.7082121302910953,0.4864784708499339,56.51515151515152,44.70588235294118,2.8,358,0.0,1.0,0.0,0.0,0.0,0.0,0.22499999999999998,1.0,0.004552475,0.0024316106382978,0.004742543902439,0.0,0.0,0.0039682642857142,0.0025040803191489,0.0034792611842105,0.0,0.0666667,0.0666667,0.0,0.0,0.111111,0.111111,3.38932,83008.0,47350.0,0.0685,0.6622,0.1034,0.0
Bra001324,1,III,0.1552730785858877,0.625181988550087,0.3813582392391638,-0.21987230513511,-0.0524998877564265,-0.109152775281076,0.301349644302536,0.7941485611347294,0.8757258140154395,7.674193093087371,0.104699804819087,51.33744855967078,42.35294117647059,2.87,3041,0.0,0.0,0.0,1.0,0.0,0.0,0.0,0.0,0.0,0.0795524527777777,0.0,0.0,0.0043356827160493,0.0,0.0,0.0016560664259927,0.0028218682539682,0.0,1.0,0.0,0.095238,0.0,0.152778,3.38932,72064.0,58526.0,0.0387,0.6832,0.0566,0.0
Bra001322,1,III,0.2630238267333784,-0.29511219060132,0.1228608389030394,-0.1049976580019242,-0.0566144277278633,0.0608843454672547,0.2352469502775158,-0.2948980918412077,-0.173856922733758,0.0562722378034073,0.936390391902437,44.89519945909398,36.47058823529412,2.9,0,0.0,1.0,0.0,0.0,0.0,0.0,0.0,0.0,0.0031746047619047,0.0,0.005291,0.0,0.0,0.0027777766666666,0.0028959822695035,0.0,0.0031432754385964,0.0666667,0.0,0.0,0.0,0.111111,0.0,3.38932,65641.0,62944.0,0.0898,0.3522,0.255,0.0
Bra001321,1,III,-0.2894789278876288,0.0754576417923817,-0.355608286335334,0.0860329348212533,0.1319442875949012,-0.2280213389965345,-0.5240662172596374,-0.1253178447103278,-0.2670267247317301,0.0,,43.98148148148148,31.176470588235293,2.92,1093,0.0,1.0,0.0,0.0,0.37205000000000005,1.0,0.0,0.0,0.0,0.0373015964285714,0.0044444466666666,0.0,0.0030864259259259,0.0,0.0074074,0.005882598031496,0.0036241343749999,0.0,0.888889,0.0,0.166667,0.111111,0.111111,6.01085,67237.0,64022.0,0.205,0.7576,0.2706,0.0
Bra001311,1,III,-0.0881421100856333,-0.2118636871844736,-0.1615624556982686,0.1488161548375301,0.036529616192193,0.2477345942319849,-0.1247955690080916,-0.2456275514124776,-0.2339535895427334,0.048528752096953,1.0,44.82029598308668,32.35294117647059,3.25,421,0.0,1.0,0.0,0.0,0.26935,1.0,0.0,0.0,0.3442046875,0.1232456052631579,0.0915204210526315,0.0303776551724137,0.0344080354166666,0.0099715025641025,0.0773431492063492,0.0064986597402597,0.0042383439790575,1.0,1.0,0.378571,0.365079,0.738889,0.15,6.01085,118198.0,11989.0,0.1793,0.4431,0.4045,0.0
Bra001306,1,III,-0.1306201383007517,-0.0498049718596162,0.9652971331103009,0.0846096595302808,0.1560206627829201,-0.2332709748526037,-0.058882432935639,0.2240818985134396,1.3450416363215951,7.692203938825312,0.1355206417823299,49.46236559139785,41.17647058823529,3.33,249,0.0,1.0,0.0,0.0,0.0,0.0,0.298,1.0,0.16015875,0.0,0.0042517,0.0078964242424242,0.0488887999999999,0.0,0.0005328399293286,0.0,0.0023640638297872,0.952381,0.0,0.111111,0.244444,0.0555557,0.0,6.01085,317.0,1078.0,0.0299,0.6787,0.0441,0.0
Bra001299,1,III,0.1677510150286407,-0.0842589945103736,0.0859833067227679,-0.2073289430884427,-0.0686348848721009,0.2239652303785554,0.5289392912991626,-0.1139749163598951,-0.0574233040110036,0.0470399937407378,0.9746919559628844,47.04641350210971,30.58823529411765,3.48,870,0.0,1.0,0.0,0.0,0.5734499999999999,1.0,0.0,0.0,0.0,0.0453813694444444,0.0444653184210526,0.0081490964285714,0.0023393092592592,0.0050847457627118,0.0036011536,0.0029217231617647,0.0029191408396946,0.0,0.933333,0.0833333,0.047619,0.0833333,0.111111,5.26126,30967.0,21369.0,0.163,0.36,0.4529,0.0
Bra001297,1,III,0.1400582822549013,0.0749652847871041,0.0869528027845656,-0.3771448594485312,0.1821316553533895,-0.188359530093904,0.3739303894587585,0.1686602942239222,0.3511339197342365,5.967260304735307,0.0747387616317209,49.053497942386834,34.11764705882353,3.58,930,0.0,1.0,0.0,0.0,0.2966,1.0,0.0,0.0,0.0,0.0970899523809523,0.1042208145454545,0.0229167,0.0,0.001984125510204,0.0119265845360824,0.0025839802325581,0.0040994711999999,0.0,1.0,0.166667,0.0,0.177778,0.0833333,4.66032,35843.0,15237.0,0.012,0.5184,0.0231,0.0
Bra001289,1,III,1.147678597754948,0.0019733337156548,0.2872523209319287,-0.1189848661412481,-0.0402881291370574,-0.1492660732036956,0.7011813794634429,0.0172808038352039,0.1812022119784527,2.7262739097912525,0.6075581660298558,48.17880794701987,34.11764705882353,3.72,0,0.0,1.0,0.0,0.0,0.2595,1.0,0.0,0.0,0.2451345652173912,0.0074074,0.5115306375,0.0586167809523809,0.0,0.24695156,0.0239759354838709,0.0064369394366197,0.0222225380208333,1.0,0.111111,0.572222,0.0,0.366667,0.116667,3.44388,1457.0,1763.0,0.0767,0.4605,0.1666,0.0
Bra001356,1,III,0.6203544673804693,0.4210247337400113,-0.3453599580878085,-0.2281446213521462,0.0948333766670693,-0.1662150428068204,1.1237349946385085,0.7434285838869501,-0.2248807887473447,2.5592836156129426,0.1822086363156475,43.82371198013656,42.35294117647059,1.97,1116,0.0,0.0,0.0,1.0,0.18299999999999997,1.0,0.12930000000000003,1.0,0.0,0.0513634538461538,0.1728184518181818,0.0,0.0052287558823529,0.0031580677083333,0.0,0.0061205237288135,0.0046192214285714,0.0,1.0,0.0,0.111111,0.0,0.111111,6.67872,10144.0,29548.0,0.0407,0.2834,0.1435,0.0
Bra001367,1,III,-0.1950896615983148,0.2198002184409077,1.4504469433753242,-0.1292965167762442,0.0164494650793182,0.0726628441800061,-0.0916478950868457,-0.0267287321782201,1.1916500109325605,1.6338717808283003,0.8053827849493189,46.236559139784944,35.88235294117647,1.72,90,0.0,1.0,0.0,0.0,0.0,0.0,0.3464,1.0,0.0,0.0222222,0.0,0.0,0.0128558181818181,0.02777775,0.0053037518072289,0.0140863218181818,0.0129629533333333,0.0,0.111111,0.0,0.111111,0.111111,0.152778,5.00904,1133.0,20041.0,0.1252,0.385,0.3252,0.0
Bra001376,1,III,-0.201615307685155,0.3557882956592849,-0.1989982949925953,0.2853932909802117,-0.1573956208223585,-0.1997221477041711,-0.0827381761667559,0.3424068951035603,-0.1905274543587508,3.023897674151765,0.4839055935523715,44.06060606060606,34.705882352941174,1.44,0,0.0,1.0,0.0,0.0,0.0,0.0,0.032549999999999996,0.91,0.3442328,0.0,0.1558709769230769,0.1107726294117647,0.0,0.0021947876543209,0.0312236775510204,0.0034013591836734,0.0026688179661016,1.0,0.0,0.85,0.0,0.416667,0.0833333,5.00904,34754.0,17563.0,0.0699,0.4274,0.1636,0.0
Bra001379,1,III,-0.2715461924064331,0.0545786712290528,0.64382723541708,-0.1035408135502532,0.10516291221701,-0.4206008548217436,-0.2153692906682569,-0.0023333750588372,0.9100485568574368,4.774200790689895,0.2435550572311683,50.57833859095688,42.35294117647059,1.35,0,0.0,0.0,1.0,0.0,0.0,0.0,0.3270000000000001,1.0,0.004883381632653,0.7358087999999999,0.1975308888888889,0.0062499999999999,0.196785365116279,0.0039682642857142,0.0039687748031496,0.0222445648401826,0.0040281838709677,0.0833333,1.0,0.0833333,0.75,0.111111,0.5,4.23665,22616.0,32017.0,0.0811,0.6758,0.1201,0.0
Bra001380,1,III,-0.1072042466664235,0.547650405660255,-0.2213102139271154,0.5582160922628192,-0.1054721404533088,0.2520903017065045,-0.2693840866446115,0.6184104429036817,-0.1337329893345361,0.5665841715986218,0.9362804191898896,43.42507645259938,40.588235294117645,1.33,0,0.0,1.0,0.0,0.0,0.032,0.96,0.0,0.0,0.0039408862068965,0.035552624074074,0.0053104617647058,0.008937204347826,0.0040849745098039,0.0014619894736842,0.0039793896551724,0.0077582786956521,0.0043174606666666,0.0666667,0.916667,0.0833333,0.152778,0.111111,1.0,4.23665,34950.0,18928.0,0.1855,0.462,0.4016,0.0
Bra001396,1,III,-0.1328455414933885,-0.2396010774028426,0.2535707714927266,-0.1035014040059834,0.5032598812380021,-0.2928073477201168,-0.1529787536133426,-0.2110464910348321,0.7803735813108373,2.108344901858377,0.4125937445182461,45.73643410852713,32.94117647058823,0.7,3299,0.0,1.0,0.0,0.0,0.0,0.0,0.0,0.0,0.0492611034482758,0.236111125,0.0,0.0061728333333333,0.00555557,0.0,0.0069035007936507,0.0032679705882352,0.0019227628865979,0.916667,1.0,0.111111,0.0555557,0.0833333,0.111111,4.91051,27977.0,10979.0,0.0398,0.3947,0.1007,0.0
Bra001413,1,III,-0.2027434380626744,-0.1157251272061314,0.0032813626625728,0.0327430479321588,0.3027977431114913,0.3483135549882735,-0.1584195210884674,-0.06380012755494,0.3415696139356146,0.8145492551522227,0.7802223949692957,48.61111111111111,37.64705882352941,0.12,470,0.0,0.0,0.0,1.0,0.0305,0.94,0.124,1.0,0.0008230444444444,0.0,0.0,0.0046825457142857,0.0019725228070175,0.00396825,0.0061958106666666,0.002067612704918,0.0037393134615384,0.037037,0.0,0.0666667,0.047619,0.166667,0.0833333,5.18796,6348.0,4219.0,0.0963,0.3345,0.2879,0.0
Bra001418,1,III,-0.3997986802393069,-0.0035570098420648,-0.11794999647375,-0.1219106566575601,-0.0306529728134416,-0.1428557167717976,-0.2345417370848994,0.08941390096838,0.1354827502485787,4.696545586870153,0.2038940869919353,45.24959742351047,38.82352941176471,-0.02,960,0.0,0.0,1.0,0.0,0.5435,1.0,0.0,0.0,0.85416675,0.0,0.0047619071428571,0.5198414285714286,0.0039682523809523,0.0035842258064516,0.1694034034482758,0.0042185018018018,0.0064323533333333,1.0,0.0,0.916667,0.0833333,0.916667,0.111111,3.17749,13995.0,16545.0,0.0153,0.327,0.0469,0.0
Bra001420,1,III,-0.3412419417529093,0.6519335372007142,0.6590656913083623,-0.0025748329129568,0.2197158956743035,-0.3082695862887751,-0.102762375680667,0.9647270178459176,1.043440125210203,5.292055326959036,0.3934522201018412,44.88017429193899,39.41176470588236,-0.08,248,0.0,1.0,0.0,0.0,0.24944999999999998,1.0,0.12400000000000003,1.0,0.0084736333333333,0.0,0.0,0.0,0.0,0.0,0.0030060876712328,0.0029411764705882,0.00396825,0.0666667,0.0,0.0,0.0,0.111111,0.0833333,3.17749,4832.0,26571.0,0.1231,0.4558,0.2701,0.0
Bra001423,1,III,-0.5838410126731789,1.3081500355050684,0.0505427215645486,0.0543607010353778,-0.2990571525353566,-0.1973911284413222,-0.4451574655705462,1.059916200638301,0.0328402533375401,3.839560283808016,0.2065486293645006,46.642899584076055,45.294117647058826,-0.14,0,0.0,1.0,0.0,0.0,0.27105,1.0,0.12445,1.0,0.0015873,0.1238095714285714,0.1283118622641509,0.0,0.01666666,0.0017123301369863,0.0037792857142857,0.0090347878787878,0.0033145155405405,0.047619,0.866667,0.0,0.0833333,0.111111,0.111111,3.45864,900.0,7054.0,0.0143,0.5423,0.0264,0.0
Bra001426,1,III,-0.2029749871337989,0.0266555817358321,-0.3095676675958958,0.0837812433702619,0.1925871273562599,-0.3018184545348366,-0.113541037970618,0.197650614768774,-0.2638240101944595,3.599061086610209,0.1156204886135247,42.078466606768494,42.35294117647059,-0.24,534,0.0,1.0,0.0,0.0,0.3950000000000001,1.0,0.07200000000000001,1.0,0.4972731965517241,0.0044191886363636,0.1269591811428571,0.0992674735294117,0.0,0.0030302206779661,0.0208295144230769,0.0040526835106382,0.0031013465174129,1.0,0.111111,0.607143,0.0,0.3,0.111111,5.34297,53075.0,3406.0,0.0501,0.4369,0.1147,0.0
Bra001427,1,III,-0.1469127163986358,0.1305349156164985,0.0274271481576233,0.1628650352135316,0.1555093600154822,0.572157741377576,0.0321861880351874,0.1235291036491547,-0.0599821178281669,0.951626963814922,0.836485422763259,50.9212730318258,33.52941176470588,-0.28,194,0.0,1.0,0.0,0.0,0.27595000000000003,1.0,0.7866500000000001,1.0,0.7992831690140844,0.7751592727272727,0.0020202,0.5104069440677966,0.364668332,0.003518514,0.0458158864583333,0.0775550082524272,0.0018819161616161,1.0,1.0,1.0,1.0,0.587301,0.583333,5.34297,15108.0,48251.0,0.0887,0.4657,0.1906,0.0
Bra001428,1,III,-0.1276594160865382,0.1691185279143188,0.4154712507679955,0.1766709302094893,0.0047278327049283,-0.065690458777255,0.0257891312700134,0.2794474927372264,0.7782138208819076,7.58318509317804,0.0667720393885916,51.12179487179487,49.41176470588236,-0.3,126,0.0,1.0,0.0,0.0,0.18200000000000002,1.0,0.7864999999999999,1.0,0.6042192812499999,0.7664330212765957,0.0048048027027027,0.5428630588235291,0.364668332,0.0012626295454545,0.0585514404166666,0.0780823756097561,0.0028826616161616,1.0,1.0,0.933333,1.0,0.535736,0.583333,5.34297,45051.0,18454.0,0.0315,0.471,0.0669,0.0
Bra001436,1,III,-0.2709001079119639,0.2465885523090603,0.2117396709461171,-0.1136398388887081,0.0224616330387988,-0.1670806754191061,-0.0506909168627971,0.1363480404355545,0.4451729400400475,2.576891597566121,0.2938757319209438,49.717514124293785,36.47058823529412,-0.49,269,0.0,1.0,0.0,0.0,0.37260000000000004,1.0,0.0,0.0,0.3128223125,0.0323308263157894,0.04166665,0.0163265714285714,0.0017636666666666,0.0,0.0076298681818181,0.0018981511111111,0.0,1.0,0.952381,0.114286,0.111111,0.194444,0.0666667,4.3233,7506.0,55520.0,0.0635,0.3706,0.1713,0.0
Bra001443,1,III,0.4177991263827901,0.0476719515614151,-0.2629312385805112,-0.1756274652779589,-0.2709925945378634,-0.2238686055763736,0.6451353500608052,0.5582416337920085,-0.2027310275014383,1.81151563805444,0.2870672239788988,48.493975903614455,41.76470588235294,-0.64,4905,0.0,1.0,0.0,0.0,0.0,0.0,0.0,0.0,0.0,0.0,0.0,0.0,0.0,0.0023584905660377,0.0035476833333333,0.0006006009009009,0.0043231204301075,0.0,0.0,0.0,0.0,0.111111,0.0666667,8.04964,23024.0,12673.0,0.017,0.3008,0.0564,0.0
Bra001444,1,III,-0.2468084825591433,0.3378535229872135,0.5849116146159117,-0.2925680406753424,-0.1420487294701476,-0.1752914839505698,-0.1527034135920959,-0.0309153090855075,0.8059502610814295,5.600534883653353,0.1116868810659297,49.50248756218906,40.588235294117645,-0.65,3216,0.0,1.0,0.0,0.0,0.0,0.0,0.0,0.0,0.1049162777777777,0.0,0.0,0.0,0.0021929824561403,0.0,0.0032242011363636,0.0029597279475982,0.0,0.730159,0.0,0.0,0.0833333,0.194444,0.111111,8.04964,10984.0,25365.0,0.0208,0.3061,0.0681,0.0
Bra001446,1,III,0.5424054396437854,0.5564386151050147,-0.1954916579964191,-0.1561413705137241,-0.0285554976258494,-0.2253514326922884,0.2865144007385562,0.6731423985529028,-0.1920651177443597,0.9297151476650334,0.5225587681182721,44.195849546044094,27.647058823529413,-0.67,0,0.0,1.0,0.0,0.0,0.0,0.0,0.0,0.0,0.0,0.1049162777777777,0.151809414516129,0.0,0.0,0.0032693834645669,0.0,0.0034184301204819,0.0054293561586638,0.0,0.730159,0.0,0.0,0.0,0.194444,8.04964,4289.0,28321.0,0.0797,0.2744,0.2903,0.0
Bra001457,1,III,-0.1212288679598561,0.2926015835590136,0.5266223714707661,-0.0428679859671167,0.1220345562103175,-0.3001955265181716,-0.2500245480086468,0.4188858650368219,0.7694141602197779,4.751744866229423,0.4414388508834279,51.55631013016412,35.88235294117647,-0.83,1751,0.0,1.0,0.0,0.0,0.0,0.0,0.11745,1.0,0.0,0.2628307181818182,0.1243827388888888,0.0,0.0116669288888888,0.0,0.0,0.0048955301020408,0.0036549701754385,0.0,1.0,0.0,0.111111,0.0,0.111111,5.00904,13468.0,32282.0,0.0139,1.905,0.0073,0.0
Bra001458,1,III,-0.0067847779257272,0.3914777226158339,0.1637231877896482,0.0247570758118653,-0.1984782601161683,-0.29940164081042,0.0117670470203789,0.5348552128625512,-0.0192278725630106,0.4294867210994043,0.2490667255854652,44.9314251639833,40.0,-0.86,617,0.0,1.0,0.0,0.0,0.0,0.0,0.37685,1.0,0.0,0.9248015,0.0152065512820512,0.0005952375,0.791667,0.0023809511111111,0.0022865197478991,0.0944443636363636,0.002476444117647,0.0,1.0,0.0333333,0.916667,0.111111,0.261111,5.00904,3109.0,38449.0,0.0438,0.2656,0.1648,0.0
Bra001459,1,III,0.6549396293910366,0.6393501948202167,0.1683713818073982,0.078476509341042,-0.1980244146956344,-0.1830804589859584,0.6362337558844715,0.7083345055525065,0.2951969510836033,2.40408066687256,0.1860944591169945,48.29268292682927,40.0,-0.87,258,0.0,1.0,0.0,0.0,0.0,0.0,0.2747,1.0,0.0007183913793103,0.163185186,0.0,0.0029100511111111,0.131267208,0.0007751930232558,0.0032379,0.0845441040816326,0.0016253685082872,0.0416667,1.0,0.0833333,0.958333,0.111111,0.746032,5.00904,45489.0,1078.0,0.073,0.4277,0.1706,0.0
Bra001460,1,III,0.1208745104958642,-0.0722580189998531,1.7594734267951235,0.0646463388056794,-0.134457913492973,-0.1368800135465248,0.1175350642540261,-0.0286549137631081,1.663093110733304,5.306230660962209,0.2196103486087893,51.6532618409294,34.705882352941174,-0.88,450,0.0,1.0,0.0,0.0,0.032350000000000004,0.95,0.2710000000000001,1.0,0.0029798,0.2452300787878787,0.0073148116666666,0.0028787872727272,0.1268935129629629,0.0043650885714285,0.003377762849162,0.0746275807017543,0.0019047628571428,0.0555557,1.0,0.0833333,0.958333,0.138889,0.746032,12.6896,211.0,182.0,0.0695,0.4534,0.1533,0.0
Bra001461,1,III,0.475919905249864,0.1876061972198683,2.941880590710817,-0.2774961573090914,-0.0617280304473218,-0.5509203509154095,0.7716703375813969,0.2061701787124624,3.0451085124582478,5.506596034329292,0.1837406726143276,56.875,42.94117647058823,-0.9,665,0.0,1.0,0.0,0.0,0.0,0.0,0.1295,1.0,0.4905983076923077,0.0,0.0,0.1606481666666666,0.0043560613636363,0.0,0.1145364044776119,0.0090245814516129,0.0,1.0,0.0,0.733333,0.0833333,0.822222,0.353175,7.34659,6.0,383.0,0.1027,0.9356,0.1098,0.0
Bra001462,1,III,0.6265609194517447,1.0719746815148403,0.1183932527404267,0.0226944773419136,-0.3313892406504908,-0.2643459358789953,0.9380081546899246,1.2943944343642302,0.2987287128480097,3.5300514030500527,0.1785566324678626,46.63487016428193,40.588235294117645,-0.91,575,0.0,1.0,0.0,0.0,0.1295,1.0,0.31395,1.0,0.0,0.0,0.004166665,0.0042857142857142,0.0186507857142857,0.0092592558139534,0.0129828450867052,0.0057127867924528,0.0030552967320261,0.0,0.0,0.0833333,0.111111,0.353175,0.111111,4.02482,444.0,8780.0,0.1144,0.3679,0.3111,0.0
Bra001464,1,III,-0.2401931494350488,-0.1592456509782081,0.0883406907625936,0.13457163322628,-0.0191018994111721,0.652270263671959,-0.1251517768495339,-0.1103695319137199,-0.1348607815976482,0.0,,47.6010101010101,36.47058823529412,-0.92,367,0.0,1.0,0.0,0.0,0.26025000000000004,1.0,0.11250000000000002,1.0,0.5975925333333333,0.0049019588235294,0.0,0.2783509222222222,0.0021164,0.0,0.0196717109090909,0.0036763024767801,0.0095785413793103,1.0,0.0833333,0.866667,0.047619,0.5,0.142857,5.26126,5614.0,4425.0,0.2928,0.5504,0.5319,0.0
Bra001512,1,III,-0.0898997345259541,-0.1164541212482676,-0.073058739462534,0.0629621722441889,0.085527146291112,-0.0798055822867424,-0.0060766139206997,0.068499952574285,-0.1045081746167072,0.7397839865031012,0.6618749025250825,43.333333333333336,42.94117647058823,-0.22,743,0.0,1.0,0.0,0.0,0.32120000000000004,1.0,0.006999999999999999,0.48,0.0074074111111111,0.6859052777777779,0.6490739375000001,0.0042735153846153,0.0616080378378378,0.0160436822580645,0.0047222275,0.0069841251282051,0.0050907028571428,0.0666667,1.0,0.0555557,0.438889,0.0666667,0.194444,5.79295,23495.0,28127.0,0.0711,0.3981,0.1786,0.0
Bra001523,1,III,0.0923256700026255,-0.0651044597807094,0.0538672374033403,0.3912790117259845,0.5438235476159179,0.5243867632058056,0.0323869858367348,0.0529292441749366,0.1640495727258923,2.8383803320673264,0.3597233498826798,43.01494476933073,25.882352941176475,0.34,837,0.0,1.0,0.0,0.0,0.0,0.0,0.056999999999999995,1.0,0.004464285,0.1481522499999999,0.0,0.0,0.0894066,0.0041902101694915,0.0029382965116279,0.0351259846645367,0.004781785,0.047619,0.958333,0.0,0.916667,0.144444,0.885714,4.3233,2582.0,2349.0,0.0725,0.3005,0.2412,0.0
Bra001532,1,III,-0.0251691944785297,-0.0622598092696837,-0.1107974344184334,-0.2677087528087499,-0.067759845239768,0.0897768853322623,0.1390554535898912,-0.2168381460702201,-0.1203705780092059,0.5985218202217946,0.7800729181791479,43.58974358974359,38.82352941176471,0.89,8405,0.0,0.0,1.0,0.0,0.0,0.0,0.0,0.0,0.0,0.0,0.0,0.010101,0.0023809535714285,0.0038314137931034,0.0034689,0.006444448,0.0032459449438202,0.0,0.0,0.111111,0.0666667,0.111111,0.111111,7.01265,6511.0,13448.0,0.1028,0.3042,0.3379,0.0
Bra001533,1,III,0.1935503523917315,1.2229204375081069,-0.1761469987862378,-0.2260820208864011,-0.1719924560219063,-0.3139771552347837,0.3942271320064098,2.0005670233910267,-0.2177540899638005,1.1135105533580072,0.2382449520599968,46.47249190938511,31.76470588235294,0.99,13577,0.0,0.0,1.0,0.0,0.0,0.0,0.0,0.0,0.0,0.0043859631578947,0.13044553125,0.0,0.004166665,0.0030495736401673,0.0055555555555555,0.0028004528571428,0.0033583949599083,0.0,0.0833333,0.0,0.0833333,0.0833333,0.111111,5.34297,11683.0,2286.0,0.2606,0.43,0.6061,0.0
Bra001552,1,III,-0.1451330007212055,0.4203155092153048,1.2809507451193751,-0.0090868948988362,0.0829074047830268,-0.3065662957329401,-0.0868651512569852,0.2495890859319651,1.354688922496601,0.7464844827722283,0.691164468859778,54.15617128463476,55.294117647058826,2.31,965,0.0,1.0,0.0,0.0,0.08,0.99,0.42745000000000005,1.0,0.1824155956521738,0.0,0.0052552513513513,0.3598293428571428,0.0,0.0054563458333333,0.069662545,0.0043549025641025,0.0023148125,1.0,0.0,1.0,0.0,0.711111,0.111111,4.87215,75078.0,13853.0,0.0569,0.4347,0.1308,0.0
Bra001554,1,III,-0.4565688580042978,-0.2549880750908656,-0.0902415538640896,0.3663739506596929,0.0810930297240018,0.1151155008277214,-0.4050228220647336,-0.4245709683984739,-0.1838461998164414,0.2557347390116735,0.5433860709210917,44.75025484199796,35.294117647058826,2.59,1469,0.0,1.0,0.0,0.0,0.24354999999999996,1.0,0.027899999999999994,0.95,0.3291149303030303,0.0737213277777777,0.0016666674999999,0.0663817435897436,0.0146944115384615,0.0035326108695652,0.0158280481099656,0.0031566338888888,0.0033038005882352,1.0,1.0,0.952381,0.263889,0.4,0.103175,4.87215,41801.0,46305.0,0.0817,0.3716,0.22,0.0
Bra001569,1,III,0.1374139323331975,-0.2412942446472256,0.5662022360559165,-0.1714893707173412,0.3210747548125093,-0.1078191833484886,-0.090609888318358,-0.3444429202175119,0.6045615065767579,3.232315219676601,0.3114840568617311,43.87947269303202,31.76470588235294,3.32,682,0.0,0.0,0.0,1.0,0.38495000000000007,1.0,0.0,0.0,0.4154761538461538,0.3872631290322581,0.002083334375,0.13859953125,0.0052631578947368,0.0093954323529411,0.0333672824120603,0.005710664527027,0.004558275,1.0,1.0,0.740741,0.0833333,0.666667,0.125,6.01085,884.0,6131.0,0.0594,0.5726,0.1037,0.0
Bra038062,1,III,-0.3839258698371629,0.059364547615996,-0.0278991938180406,-0.1269775060363442,-0.2483411069364004,-0.3608753732195603,-0.3957779404691596,0.5699634690757456,0.2163595785091408,2.5710308903554564,0.2906195551504894,43.18030605455755,42.94117647058823,0.09,1028,0.0,0.0,1.0,0.0,0.0,0.0,0.09725,0.98,0.0,0.0100732538461538,0.0493540093023255,0.0,0.0098440368421052,0.0058697138888888,0.0151515181818181,0.0062028266666666,0.0031080452229299,0.0,0.0833333,0.0,0.12037,0.111111,0.166667,4.10714,2151.0,19720.0,0.1058,0.4789,0.221,0.0
Bra038043,1,III,0.1475419058657317,-0.1446389729725012,0.1681423392305993,-0.4060587349644322,-0.1516231774327563,-0.325171483747447,-0.1517552681814268,-0.0007750574602098,0.3241681785079919,4.985321305065192,0.1252187630700065,49.096573208722745,45.294117647058826,0.11,171,0.0,1.0,0.0,0.0,0.4341999999999999,1.0,0.0,0.0,0.9001157499999999,0.0119047571428571,0.2495168869565218,0.4251158,0.0,0.0044217693877551,0.108996815625,0.0,0.0026930896341463,1.0,0.0833333,0.925926,0.0,0.741667,0.0,4.13237,4730.0,20451.0,0.0359,0.4896,0.0733,0.0
Bra033181,1,III,-0.4806930126673216,-0.0051903719800368,-0.3076310367231575,0.1221420236483104,0.1763406418795862,0.7305514037447554,-0.3975475293287132,-0.1495510164701877,-0.2207011463437002,2.770110014985906,0.4862944766982043,53.64238410596026,26.47058823529412,2.96,0,0.0,0.0,0.0,1.0,0.14964999999999998,1.0,0.6187999999999999,1.0,0.1063615121951219,0.6271873055555557,0.0459842754385964,0.1212936951219512,0.2283423586206897,0.006078277124183,0.0108659563467492,0.0308201787037037,0.0041220849152542,0.972222,1.0,0.875,0.722222,0.564214,0.821429,4.25421,678.0,692.0,0.0302,0.2621,0.1153,0.0
Bra027601,1,III,-0.3951105722566426,-0.1141343864767672,0.0979920985729117,0.0576899353395942,-0.1169058535773333,-0.4103066437660403,-0.2574706641296071,0.0829882736422019,0.2295756225508958,2.9267910841206737,0.3187387805375256,46.306306306306304,44.70588235294118,2.16,267,0.0,0.0,0.0,1.0,0.061950000000000005,1.0,0.7218499999999999,1.0,0.0043735255319148,0.0,0.1635781153846154,0.00222222,0.0,0.0024653852459016,0.0029220781818181,0.0031746047619047,0.0027511371794871,0.0833333,0.0,0.111111,0.0,0.111111,0.0666667,4.91051,2850.0,3877.0,0.1231,0.3023,0.4071,0.0
Bra027602,1,III,-0.4442552369914755,0.0008717339110136,0.1529707817010647,-0.086452601487673,-0.1114723851812391,-0.4667323852861147,-0.1429411738474851,0.0584845712985812,0.642789964134533,4.8018459156988405,0.4362600150849161,44.03997144896503,37.05882352941177,2.16,506,0.0,1.0,0.0,0.0,0.3913,1.0,0.0897,1.0,0.0,0.1309258975,0.0081048484848484,0.2450616666666666,0.0523368796610169,0.0052422736842105,0.0295766888888888,0.0150560162790697,0.0029326687096774,0.0,0.809524,0.268519,0.31746,0.222222,0.373219,5.40413,266.0,657.0,0.0498,0.4196,0.1187,0.0
Bra017603,1,III,0.1210169799682592,0.0095458401289753,0.3656214596177438,-0.3856189090217952,-0.1125513144583554,-0.3865635231233461,-0.1037629962288683,-0.1065051972089343,0.1330943207265375,3.172570111197123,0.1502414260503423,46.78194044188281,31.176470588235293,2.47,433,0.0,0.0,1.0,0.0,0.14695,1.0,0.0,0.0,0.5396719545454546,0.1104730676470588,0.0,0.4124999374999999,0.0038461538461538,0.0062801869565217,0.0982314725490196,0.0016334941798941,0.005501291025641,1.0,1.0,0.952381,0.111111,0.711111,0.0833333,5.00904,431.0,443.0,0.1075,0.4344,0.2474,0.0
Bra017602,1,III,-0.0681197914262332,0.1202582647341601,0.2990067316174584,-0.0068416387305539,-0.1895816274935494,-0.2742442759456816,-0.0278802576849794,0.1610286473803649,0.2736154071138745,4.305799643672846,0.234669098322275,45.65727699530516,46.47058823529412,2.47,523,1.0,0.0,0.0,0.0,0.23514999999999997,1.0,0.4163499999999999,1.0,0.0138888833333333,0.192104894117647,0.2345049047619047,0.0444443333333333,0.1073003471428571,0.0048287410526315,0.0222767117647058,0.0048664345588235,0.003472316056338,0.0833333,0.962963,0.133333,0.666667,0.152778,0.19697,5.61201,255.0,395.0,0.084,0.3659,0.2295,0.0
Bra017591,1,III,0.2437330740719153,0.0077628116821085,0.2854468109627358,-0.2063488948869568,-0.237708935690376,-0.2917095643844679,-0.0588258057733738,-0.0096797499467713,0.6338023788634367,4.704022341518397,0.1547015595648148,45.62383612662943,45.294117647058826,2.45,320,0.0,1.0,0.0,0.0,0.8332499999999999,1.0,0.0,0.0,0.6819476666666667,0.0287078125,0.00185185,0.3532152615384615,0.0015873057142857,0.0,0.0544836113207547,0.0053368322834645,0.003988095,1.0,0.349206,0.888889,0.0555557,0.561111,0.111111,4.34117,338.0,79.0,0.0304,0.4386,0.0693,0.0
Bra017568,1,III,-0.3042897899344968,-0.4418749325791242,-0.2250569665515626,0.109459147046973,0.2685338320078333,0.806403599446733,-0.2663248482750304,-0.4867973784327528,-0.5502573685818597,1.8180058359716904,0.552667875789341,44.82758620689656,41.76470588235294,2.43,1458,0.0,0.0,1.0,0.0,0.0,0.0,0.10849999999999999,1.0,0.0029761928571428,0.0069444416666666,0.0,0.0,0.008928565,0.0026455,0.00159915,0.0077849650485436,0.0021786470588235,0.0416667,0.0833333,0.0,0.0833333,0.0555557,0.111111,4.91051,54806.0,142920.0,0.0782,0.7564,0.1034,0.0
Bra017565,1,III,-0.298632218763236,-0.0133807239942661,0.4318912274414723,-0.1506751390574904,0.1299656504922121,-0.3731684110990378,-0.4517762378728317,0.133072110781454,0.6401118522373848,4.249626172966386,0.199631113412612,50.318471337579616,35.88235294117647,2.42,0,0.0,1.0,0.0,0.0,0.7513500000000002,1.0,0.0,0.0,0.6843993352941177,0.0075757545454545,0.0584795263157894,0.184910837037037,0.0031746047619047,0.0020576185185185,0.0532746700440528,0.0015151515151515,0.0,1.0,0.0833333,0.511111,0.0666667,0.690476,0.0833333,4.91051,18140.0,177691.0,0.0281,0.7608,0.0369,0.0
Bra017561,1,III,-0.0716427681073942,-0.1144319348988388,-0.2517026525506909,0.318086075438226,0.0517958308028314,0.5616087883755339,-0.2214040529077083,-0.18935046836913,-0.2634822949635921,0.4935964283265691,0.7567425145625313,42.2360248447205,33.52941176470588,2.42,0,0.0,1.0,0.0,0.0,0.43944999999999995,1.0,0.4395,1.0,0.0609374812499999,0.6222222000000001,0.0157004847826086,0.0148147777777777,0.0,0.0,0.0040001850574712,0.0124854780487804,0.0044606135802469,0.933333,1.0,0.133333,0.0,0.0666667,0.297619,5.50765,3626.0,14316.0,0.1229,0.3076,0.3996,0.0
Bra017537,1,III,-0.1002214326193615,-0.361207172016407,0.0903451686911964,0.0092908520267295,-0.2961056978806604,-0.134468027328196,-0.1876403439861529,-0.1967997922421195,0.0580415756525743,4.091032466986125,0.1291529085259425,44.49506454062263,41.76470588235294,2.37,3587,0.0,0.0,1.0,0.0,0.0,0.0,0.0,0.0,0.0074074111111111,0.0,0.2221001153846153,0.0,0.0137992677419354,0.0089605806451612,0.0019781166666666,0.0048614085585585,0.0032240084337349,0.0666667,0.0,0.0,0.233333,0.0555557,0.095238,5.26126,745.0,46894.0,0.0032,0.4535,0.007,0.0
Bra017531,1,III,-0.1606139670338591,0.0779308187239542,0.2379004390887973,-0.1044888099358577,-0.0052254717848654,-0.2154304494162757,-0.2067173833207158,-0.1913520205643907,0.0711404090702854,1.582931653104502,0.48472815047537,44.63768115942029,43.52941176470589,2.37,689,0.0,1.0,0.0,0.0,0.65325,1.0,0.0,0.0,0.1694444,0.0071933302631578,0.0,0.0,0.0018221571428571,0.0,0.0,0.0043333,0.0029478479591836,0.799603,0.15,0.0,0.047619,0.0,0.111111,4.23665,6182.0,42588.0,0.1856,0.3377,0.5497,0.0
Bra017514,1,III,-0.0437934848369686,-0.3762577453793206,-0.1085175928259906,0.1666223592281292,0.3741694120085101,0.933418293801044,-0.0442214385914387,-0.3179866175457436,-0.6205541088654672,0.8273178073659657,0.9835558298706016,45.76856649395509,49.41176470588236,2.34,1073,0.0,1.0,0.0,0.0,0.48700000000000004,1.0,0.09545,1.0,0.4238399285714284,0.0133333399999999,0.0011904771428571,0.18870128,0.0,0.0158178916666666,0.0239719850622406,0.004333336,0.0011856390243902,1.0,0.0666667,0.822222,0.0,0.531746,0.0666667,4.25421,8097.0,48109.0,0.0573,0.7592,0.0755,0.0
Bra017509,1,III,-0.0752070898634805,0.063225931010668,0.7912122974195179,-0.3486505567541221,0.0668403308221603,-0.2492788003830219,0.1554394431653198,-0.0068891879045826,1.4820755669149237,3.076746181824591,0.4100773421582183,41.38576779026217,39.41176470588236,2.33,549,0.0,1.0,0.0,0.0,0.10369999999999999,1.0,0.09450000000000001,0.96,0.1666666666666666,0.0424242272727272,0.0,0.0159932727272727,0.004629625,0.0,0.0242885675675675,0.0020964339622641,0.002020203030303,1.0,0.933333,0.138889,0.111111,0.336508,0.111111,4.209,3.0,3597.0,0.0837,0.5535,0.1513,0.0
Bra017504,1,III,0.0485111316303623,0.5450614636164829,0.1009866996905741,-0.1256382310472037,-0.1259332083289087,-0.2982990100417845,-0.113631939734536,0.325447883453799,-0.0894211033140343,3.925023991243278,0.1571508209612427,42.5233644859813,35.88235294117647,2.33,536,0.0,0.0,0.0,1.0,0.18859999999999996,1.0,0.27625000000000005,1.0,0.0,0.0092105315789473,0.0,0.0,0.0,0.0069102413793103,0.0050443898305084,0.0181917147058823,0.0038222216,0.0,0.0666667,0.0,0.0,0.111111,0.561111,10.352,10153.0,26276.0,0.0186,0.4052,0.0459,0.0
Bra017481,1,III,-0.4564615032091164,-0.1196722486143887,0.0498743543114888,-0.0502564652372321,-0.0695861555209721,0.2136235527952726,-0.2702542915702885,-0.091391305712651,-0.2773706697657998,0.4776996232397833,0.9114123878853456,47.73519163763066,36.47058823529412,2.31,3147,0.0,0.0,0.0,1.0,0.0,0.0,0.0,0.0,0.0,0.0,0.0,0.0,0.0,0.0,0.003646504054054,0.0033167462686567,0.0,0.0,0.0,0.0,0.0,0.0833333,0.111111,5.00904,39550.0,22375.0,0.1029,0.564,0.1824,0.0
Bra017480,1,III,-0.1159705392017163,-0.0332643998190857,-0.2557474977967534,0.0705309530059714,-0.0406669817754125,-0.0308154551643286,-0.2559520177546519,-0.0174297393724706,0.0040772959995264,2.120110001129063,0.636442121751361,45.99483204134367,30.0,2.31,222,0.0,0.0,0.0,1.0,0.11365000000000001,1.0,0.0,0.0,0.7229165,0.0,0.0017921193548387,0.5003173999999999,0.0,0.00396825,0.0292121281249999,0.00595238,0.0015808479674796,1.0,0.0,0.885714,0.0,0.273148,0.111111,5.00904,19450.0,40975.0,0.0681,0.4942,0.1377,0.0
Bra017478,1,III,-0.019796691844847,-0.0933577612203822,0.0364129560477078,-0.0165186636653121,-0.0046300436834312,0.1988082680703914,-0.1326631549549922,-0.1915052069134654,-0.2599581144706304,0.903580491573111,0.7997787959408384,46.83908045977012,34.705882352941174,2.31,535,0.0,1.0,0.0,0.0,0.0962,0.97,0.032799999999999996,0.92,0.257716,0.0,0.0,0.0138889,0.0,0.0,0.0,0.0,0.0119047642857142,0.625,0.0,0.0416667,0.0,0.0,0.0,5.00904,9433.0,53065.0,0.2338,0.6581,0.3552,0.0
Bra017477,1,III,-0.0414501254344901,-0.0015518212706882,0.3985932735493281,-0.0558193151715329,-0.1458676024285613,-0.1047650435142017,-0.0096822766005981,-0.2671117319469019,-0.1052175839910351,1.4929019484962265,0.8326379162799787,48.99856938483548,51.76470588235295,2.31,0,0.0,1.0,0.0,0.0,0.11800000000000001,1.0,0.39515000000000006,1.0,0.0,0.0,0.0446180625,0.016666675,0.0,0.003367,0.0102339105263157,0.0038690499999999,0.0031684496124031,0.0,0.0,0.0666667,0.0,0.111111,0.0666667,5.00904,1030.0,58257.0,0.0536,0.4736,0.1131,0.0
Bra017475,1,III,-0.0828730400327507,0.2796937497177919,0.2474262050082455,0.0420721543123267,-0.1659188088155753,-0.3593898628475963,-0.0175265258420551,0.419760764594892,0.7504154804784933,3.79524114639744,0.1595856124822662,50.07788161993769,39.41176470588236,2.31,879,0.0,0.0,0.0,1.0,0.0,0.0,0.10450000000000001,1.0,0.0108024611111111,0.0111111066666666,0.0,0.0037037,0.0,0.0064102538461538,0.00193442716763,0.0058152981818181,0.0041666666666666,0.111111,0.0833333,0.111111,0.0,0.0833333,0.0833333,16.7348,6126.0,9086.0,0.0677,0.3358,0.2016,0.0
Bra017472,1,III,1.0529017517207917,0.3684400509153416,0.6400187323260356,-0.2117663810629141,-0.3364041420542071,-0.3916855628438278,1.089339936520751,0.1945368293902691,0.5560144420704435,2.376370163826225,0.4749768996389872,47.052845528455286,32.94117647058823,2.31,1851,0.0,1.0,0.0,0.0,0.0,0.0,0.07554999999999999,1.0,0.022751319047619,0.00520833125,0.0,0.0020703913043478,0.0024154652173913,0.0,0.0051084485380116,0.003640927118644,0.0041396102272727,0.411111,0.0833333,0.047619,0.0555557,0.111111,0.111111,4.34117,504.0,344.0,0.0832,0.4948,0.1682,0.0
Bra017461,1,III,0.4378473368372802,0.6730552789253568,1.0076560732268025,-0.2865973880804352,-0.2895018344853021,-0.521810961778659,-0.1560845151981796,0.5767647383933158,0.9321636760105424,6.517138433698361,0.130577652715448,47.05075445816186,43.52941176470589,2.3,568,0.0,0.0,0.0,1.0,0.09424999999999999,1.0,0.40569999999999995,1.0,0.03730154,0.0,0.0,0.0,0.0,0.0,0.00444444,0.0038314137931034,0.0023148208333333,0.130952,0.0,0.0,0.0,0.111111,0.111111,5.67691,81.0,176.0,0.0344,0.6536,0.0526,0.0
Bra017445,1,III,-0.2191305904187857,-0.1611312990345443,-0.4049119063622236,-0.0205284155481101,0.1134588494838827,-0.2143080360753525,-0.1608210959507954,-0.1301514035667936,-0.402834131228726,1.5420457563258343,0.4342259376614996,44.751381215469614,37.64705882352941,2.29,464,0.0,0.0,1.0,0.0,0.0695,1.0,0.288,1.0,0.1010465117647058,0.3712965,0.0,0.031700025,0.0546736666666666,0.0074074133333333,0.0133623618677042,0.0239610103092783,0.0039708318181818,0.916667,0.866667,0.683333,0.194444,0.4,0.355556,3.64647,2295.0,22614.0,0.0341,0.4737,0.072,0.0
Bra017432,1,III,-0.2469363720708016,-0.1511496103253601,0.3664453255351061,0.3096257782217762,0.4815826899261479,0.4992140909505758,-0.4359437745425922,-0.0627559935277524,0.22015600640764,1.563766034730687,0.632223133514345,44.14210128495843,35.294117647058826,2.27,2429,0.0,1.0,0.0,0.0,0.0,0.0,0.0,0.0,0.3323500433333333,0.0009578568965517,0.043501625,0.03478405,0.0023148147058823,0.0081389653061224,0.0051578609836065,0.0048792286956521,0.003793478700361,1.0,0.0555557,0.222222,0.0787037,0.133333,0.122222,3.67481,43102.0,6145.0,0.0412,0.4011,0.1026,0.0
Bra017431,1,III,-0.1548025059928738,-0.2677695149020715,-0.3429966197695545,0.3083006063425371,0.0129897147622535,0.2356923701427594,-0.3741111189087341,-0.1535207241941167,-0.2826828568712448,0.1832765415090916,0.5043100435965069,45.95536959553696,30.58823529411765,2.27,452,0.0,1.0,0.0,0.0,0.3132,1.0,0.37125,1.0,0.0026422780487804,0.3192268428571428,0.0025039112676056,0.0036008296296296,0.0952460909090909,0.0029522275362318,0.0043990720670391,0.0184243105839416,0.0032098961038961,0.0666667,1.0,0.0555557,0.496296,0.111111,0.25,7.62597,184.0,22107.0,0.0304,0.4615,0.0659,0.0
Bra017409,1,III,-0.1950047816639731,0.0208566463895784,0.024193419112038,-0.1437457010211249,-0.0575268889945138,-0.2508036145060798,-0.1849173771342549,0.0996989387267706,0.2130248926619327,2.861301018351781,0.3665673132707594,45.053003533568905,32.94117647058823,2.25,717,0.0,0.0,0.0,1.0,0.2565,1.0,0.36950000000000005,1.0,0.0,0.111111,0.0683760769230769,0.0,0.0,0.0024509794117647,0.0,0.0110075956521739,0.0017361104166666,0.0,0.111111,0.0,0.0,0.0,0.0833333,4.209,15303.0,35218.0,0.1136,0.3418,0.3323,0.0
Bra017406,1,III,-0.2924640213397077,-0.2753429739197005,-0.2733174193927718,0.0149465515970176,0.0943426349595051,-0.2317397234997463,-0.4004820629655988,-0.221233196636501,-0.1141775348167023,0.6558861090238386,0.845336203388787,42.142857142857146,34.11764705882353,2.25,1557,0.0,1.0,0.0,0.0,0.10545000000000002,1.0,0.0,0.0,0.006191725,0.0041666692307692,0.013888925,0.0022522513513513,0.0046139389830508,0.005208334375,0.0046351659751037,0.0042313711191335,0.0032767564356435,0.0833333,0.0666667,0.0833333,0.0833333,0.111111,0.111111,9.01627,13514.0,3139.0,0.1421,0.3538,0.4017,0.0
Bra017402,1,III,-0.3188975945672394,-0.0354681961675579,0.0961781413460871,-0.1576930689022717,0.1077045811181663,-0.2856420538596254,-0.0371054973926539,0.1302558496969715,0.2950974088179242,3.84596992919247,0.2550099109287063,44.51476793248945,34.705882352941174,2.25,459,0.0,1.0,0.0,0.0,0.27044999999999997,1.0,0.126,1.0,0.1549546485714285,0.001443,0.0,0.0146111,0.000797447368421,0.0109347407407407,0.0059925561797752,0.001192430049261,0.0085282692982456,1.0,0.047619,0.458333,0.030303,0.166667,0.111111,4.34117,4865.0,48084.0,0.0627,0.3952,0.1587,0.0
Bra017400,1,III,-0.0395527947628982,-0.0279213747432515,-0.3025420486177638,0.0094230434944865,0.231962005198312,-0.4657867671405625,-0.0163224381414796,0.2131760235558001,-0.1429659444499642,4.007167370080904,0.2520084984459066,45.3732912723449,39.41176470588236,2.25,394,0.0,1.0,0.0,0.0,0.43795,1.0,0.0,0.0,0.1098038823529411,0.0050926,0.0962824991304347,0.0074074111111111,0.0015151522727272,0.0045637872246696,0.0015432092592592,0.0039358518518518,0.0049828222077922,0.933333,0.0666667,0.0666667,0.0666667,0.0833333,0.111111,4.34117,10986.0,37777.0,0.114,0.3577,0.3187,0.0
Bra017359,1,III,-0.244614198795513,-0.4146680264216584,-0.3328591342286951,0.3008870760246426,0.3524179577864464,0.0765392805605258,-0.2224951083116852,-0.391396841286445,-0.1509093271932966,0.4921930776528059,0.5124858613389409,41.71428571428572,35.88235294117647,2.21,1392,0.0,0.0,1.0,0.0,0.0,0.0,0.22830000000000003,1.0,0.002825674137931,0.0,0.0092592555555555,0.0,0.0949073333333333,0.0,0.0030122003690036,0.010101,0.0,0.0666667,0.0,0.0,0.375,0.0833333,0.111111,5.26126,35634.0,4795.0,0.0978,0.2435,0.4014,0.0
Bra017354,1,III,0.621008598098846,1.2227153408268627,0.0041457280363929,-0.2925199974160514,-0.3798746020195421,-0.312693493838503,0.3920390765833861,1.495929692795927,0.3033708458749917,3.919188088705416,0.3238493024077581,46.42570281124498,55.88235294117647,2.21,3517,0.0,1.0,0.0,0.0,0.0,0.0,0.0,0.0,0.0037037,0.002777785,0.0839285625,0.0097354466666666,0.0,0.0069444392857142,0.0031031018018018,0.0013500237113402,0.0038120569148936,0.111111,0.0555557,0.111111,0.0,0.111111,0.0833333,5.34297,248.0,530.0,0.0287,0.5281,0.0543,0.0
Bra017342,1,III,0.6019302354491792,-0.0483209156645759,-0.0743691621180137,-0.2884461525909328,-0.2771530775197198,-0.2246341714112802,1.1766965034004002,-0.2441108506809982,-0.288037388018114,0.0332372902480566,0.8257397039093114,43.32706766917293,40.0,2.2,0,0.0,0.0,1.0,0.0,0.6478499999999999,1.0,0.0,0.0,0.3935374285714285,0.00833333,0.0,0.2185772962962963,0.0,0.0,0.0320455072,0.0,0.0,1.0,0.0833333,0.916667,0.0,0.7,0.0,6.34478,7004.0,1367.0,0.455,1.175,0.3872,0.0
Bra017335,1,III,-0.0337038491135466,0.1292615329373242,0.0605319782586223,0.2304937454384302,-0.3564434922104845,-0.1570876630406222,-0.0271428886881815,0.2333145667778938,0.5301297031885445,1.3507706437850362,0.5507187155751861,48.1203007518797,31.176470588235293,2.2,0,0.0,1.0,0.0,0.0,0.0,0.0,0.036,1.0,0.0,0.0,0.0804444279999999,0.005185185,0.0,0.0,0.0035353518181818,0.0,0.0044776134328358,0.0,0.0,0.0666667,0.0,0.111111,0.0,6.67872,14680.0,4848.0,0.0528,0.4448,0.1187,0.0
