WGD,H3K27ac_down,H3K27ac_up,H3K27ac_genebody,H3K27me3_down,H3K27me3_up,H3K27me3_genebody,H3K4me3_down,H3K4me3_up,H3K4me3_genebody,avg_expression,tau,gene_cds_gc,promoter_gc,rec_rate,te_dist,TEGroup_1,TEGroup_2,TEGroup_3,TEGroup_4,TEdenseAvgUp,TEdenseMaxUp,TEdenseAvgDown,TEdenseMaxDown,CG_up_ave,CG_down_ave,CG_body_ave,CHG_up_ave,CHG_down_ave,CHG_body_ave,CHH_up_ave,CHH_down_ave,CHH_body_ave,CG_up_max,CG_down_max,CHG_up_max,CHG_down_max,CHH_up_max,CHH_down_max,summit_fold_enrichment,upstream_distance,downstream_distance,Ka,Ks,omega,location
0,-0.2597048614210103,-0.1437599450161972,-0.0061912401799558,0.3996096619360631,-0.1219870030181418,-0.0535960623287653,-0.2373179690182374,0.094283684346564,-0.2078999788186425,1.0594924755367416,0.6111921124157516,42.91938997821351,32.35294117647059,2.65,2758,0.0,0.0,1.0,0.0,0.0,0.0,0.0,0.0,0.0,0.0012626272727272,0.00925925,0.00555555,0.00810185625,0.004166665,0.0028066399999999,0.0047113288235294,0.0027842852459016,0.0,0.0416667,0.111111,0.111111,0.0833333,0.133333,4.65937,690.0,939.0,0.1295,0.3602,0.3596,0.0
0,-0.1686308141905975,-0.2233104619261308,1.021952260140062,0.4266136877814409,0.5462205832909862,1.0858728023825797,-0.1066468087046013,0.0095382614219736,1.0266917491331446,1.370973622542093,0.7342511062222883,54.14462081128748,34.11764705882353,2.64,1412,0.0,0.0,1.0,0.0,0.12,1.0,0.0,0.0,0.0017470320754716,0.0020292204545454,0.0047892758620689,0.0025720203703703,0.007168464516129,0.0,0.0035004672839506,0.0030803769230769,0.0085133694444444,0.0555557,0.047619,0.0555557,0.111111,0.222222,0.111111,3.81299,2854.0,1401.0,0.0919,0.2395,0.3839,0.0
0,0.0105410518741719,0.1582063772084188,0.7752099969466955,-0.2442270570505642,-0.2955985344360902,-0.269967379944956,-0.0556603504801632,-0.2359086498084789,0.3882987941271292,0.8269746977793873,0.9862621348002092,49.44444444444444,28.823529411764703,2.54,654,0.0,0.0,0.0,1.0,0.561,1.0,0.0,0.0,0.0,0.0022988517241379,0.0037037,0.0,0.0027006222222222,0.0077160555555555,0.015873,0.0025338289256198,0.002859475,0.0,0.0666667,0.0,0.0555557,0.111111,0.111111,8.01446,2006.0,242.0,0.1528,0.4875,0.3135,0.0
0,-0.2505659725342142,0.140913715526692,0.4966585303518018,-0.0353292159226969,0.0521182319618721,-0.0363379418146092,-0.0692590992106065,0.1037624436690379,0.4369011432609212,4.882248469643108,0.2302845877279439,43.76163873370577,34.705882352941174,2.24,715,0.0,0.0,0.0,1.0,0.09150000000000003,1.0,0.0,0.0,0.0,0.005291,0.0,0.0,0.0,0.0,0.0031425363636363,0.0,0.0,0.0,0.037037,0.0,0.0,0.0666667,0.0,3.89097,3812.0,23516.0,0.0261,0.5157,0.0507,0.0
0,0.4947538802249577,0.6205384648398657,0.9411484700492976,-0.0215912045011865,0.0945786373499619,-0.305226375117518,0.2072575161457151,0.7467655014373376,0.699193434208225,4.843535752913143,0.3536256276696151,49.19786096256685,62.94117647058823,2.11,0,0.0,0.0,1.0,0.0,0.03975,1.0,0.0,0.0,0.0,0.013888875,0.0046296416666666,0.0,0.015873,0.008641975,0.0,0.0049382694444444,0.0052962999999999,0.0,0.111111,0.0,0.047619,0.0,0.111111,4.209,15498.0,30998.0,0.0221,0.5956,0.0372,0.0
0,-0.0611333588994724,-0.4861651787149716,1.1236536670313526,-0.0304674638006779,0.1352069390713273,-0.1231748840250434,-0.0954735080510165,-0.1677385221436608,0.8413593051405173,2.501510245144158,0.5999032339542733,51.798561151079134,37.64705882352941,1.93,393,0.0,0.0,1.0,0.0,0.0,0.0,0.0451,1.0,0.0077922,0.2351851666666666,0.0052410886792452,0.0014880964285714,0.01111114,0.00243056,0.0058090847222222,0.0023640638297872,0.0035187013986013,0.047619,1.0,0.0416667,0.0555557,0.111111,0.111111,4.6751,47137.0,522.0,0.0525,0.4692,0.112,0.0
0,0.2770669819284573,0.0945873213188791,0.3265279028679178,-0.0139216789074729,-0.0568646353612107,-0.2556397245159313,0.1407911558731634,0.2314016548448786,0.991124633411513,4.408255036981582,0.1476570697865679,47.52604166666667,47.05882352941176,1.86,6496,0.0,1.0,0.0,0.0,0.0,0.0,0.0,0.0,0.0,0.0104166625,0.0026455,0.0,0.0,0.0015432111111111,0.0,0.0,0.0018132708333333,0.0,0.0833333,0.0,0.0,0.0,0.0,5.78532,9323.0,9595.0,0.0706,0.3899,0.181,0.0
0,0.1853004352626416,0.2071994432259926,-0.1028519579024024,0.0283624683093415,-0.1792367541638648,-0.2655771326042851,0.1735535652653523,0.4521437850833629,-0.1360868654525655,3.0256136385672088,0.180386713444453,45.38720538720538,40.0,1.83,1186,0.0,1.0,0.0,0.0,0.29025,1.0,0.0,0.0,0.199564487804878,0.0092592555555555,0.1395131228070175,0.184581081081081,0.0,0.0054493324074074,0.0753312254166666,0.0,0.0029314823076923,1.0,0.0833333,0.877778,0.0,0.902778,0.0,4.23665,4285.0,12905.0,0.0449,0.3326,0.1349,0.0
0,-0.2278269404074797,0.3445483530053888,-0.0006087438338397,-0.1561063457655339,-0.2221403918198325,0.04830304766943,-0.4329798692646417,0.7799365289922268,0.0078553280256899,0.4391446806922672,0.7705356573745331,44.79166666666667,30.0,1.0,1022,0.0,0.0,0.0,1.0,0.0,0.0,0.0629,1.0,0.0702527777777777,0.0,0.0,0.0013333339999999,0.0023148125,0.0,0.0025862854651162,0.0028276524590163,0.0082391694915254,0.952381,0.0,0.0666667,0.111111,0.111111,0.0833333,6.91729,9708.0,8106.0,0.1097,0.5603,0.1959,0.0
0,-0.0483705608557112,0.4681730288133245,0.2855566904161811,-0.2276730233400176,-0.3335189935693191,-0.1366793730217651,-0.1942925601018079,0.763084387790029,0.5558474261716291,3.5578059718924995,0.5373872969220799,44.98381877022653,47.647058823529406,0.97,6614,0.0,0.0,0.0,1.0,0.0,0.0,0.0,0.0,0.209101659574468,0.156964681632653,0.0,0.0024526710843373,0.0056394341463414,0.0,0.0030993201388888,0.0038603723404255,0.0011299440677966,1.0,1.0,0.114286,0.111111,0.111111,0.111111,4.86195,4073.0,14089.0,0.0417,0.4014,0.1038,0.0
0,0.6944481407944485,0.2451796915367264,0.0985188822396826,-0.2302797196933868,-0.1943523331005377,-0.3061269559669028,1.274901857011455,0.3559249379611049,0.3603526509730654,2.3422671930422823,0.3854800447409843,43.75804375804376,42.94117647058823,0.95,2818,0.0,0.0,0.0,1.0,0.0,0.0,0.0,0.0,0.0011820361702127,0.006666664,0.1784356855263158,0.0014851929824561,0.0,0.0022094238709677,0.0030592041152263,0.0037856424778761,0.0039239654054054,0.0555557,0.0833333,0.047619,0.0,0.111111,0.111111,4.86195,15182.0,277.0,0.058,0.2287,0.2535,0.0
0,-0.2663697221862421,-0.1078469962078576,-0.130015339046497,-0.064946882914863,0.3175780337574644,0.4021741592966251,-0.2210009033557942,-0.285270889049564,-0.2222910450387806,0.3764521417777222,0.8222465929952737,42.33576642335766,38.23529411764706,3.15,2926,0.0,1.0,0.0,0.0,0.0,0.0,0.0,0.0,0.0029810341463414,0.0476190476190476,0.0,0.0024817137931034,0.0013440870967741,0.006060609090909,0.0020655267999999,0.0022278907142857,0.0043452387499999,0.0666667,1.0,0.0416667,0.0416667,0.111111,0.0833333,3.81299,17089.0,371.0,0.1304,0.4129,0.3157,0.0
0,-0.1170659472202303,0.0384643137655958,0.0326556396147424,-0.2141897303669189,0.0333522439859932,-0.0317883166457501,-0.2042471410864427,0.1014488586001103,0.0845808401477229,5.375904703959528,0.1839723332578274,44.02035623409669,48.8235294117647,3.14,261,0.0,0.0,0.0,1.0,0.8665000000000002,1.0,0.0,0.0,0.91587275,0.0,0.275,0.7823473000000001,0.0066666699999999,0.0,0.0956471723404255,0.00277778125,0.0046296261904761,1.0,0.0,0.962963,0.0666667,0.84127,0.0555557,4.95884,24315.0,1889.0,0.0677,0.4728,0.1431,0.0
0,-0.1459811677627456,-0.2402315409167138,0.1944165264289775,0.124286428299329,0.0923374848041146,-0.4653847687011262,-0.06644635926699,-0.3983300852190848,0.3886760793898857,1.315101201274095,0.8786570438327548,47.66081871345029,32.94117647058823,3.12,267,0.0,1.0,0.0,0.0,0.29485000000000006,1.0,0.11350000000000002,1.0,0.7403905969696971,0.1144620904761904,0.0013071901960784,0.2815629524999999,0.036142856,0.0094812928571428,0.0456698159259258,0.012693876,0.0041980943319838,1.0,1.0,0.738095,0.3,0.933618,1.0,3.89097,190.0,76659.0,0.1098,0.4131,0.2659,0.0
0,-0.014995907193262,-0.0607127856758785,0.1182932536684764,-0.2259869152904485,-0.2165251576212075,-0.3294611871567216,-0.1169349748309158,0.0731415476066057,-0.0886054602637113,3.5289891572493874,0.2768469432956807,45.26515151515152,28.235294117647054,3.1,2022,0.0,0.0,0.0,1.0,0.013999999999999999,0.7,0.0,0.0,0.005967075,0.1851852222222222,0.0,0.0071821117647058,0.017094,0.0,0.002417606626506,0.0077294652173913,0.002738652112676,0.111111,0.888889,0.111111,0.111111,0.111111,0.111111,12.6896,680.0,2793.0,0.0284,0.5167,0.0549,0.0
0,-0.1408198609422798,-0.0631536660750867,-0.2161738541383964,0.0354550096239392,-0.1941412832084139,0.9635825075224432,-0.1887661754970896,-0.0946980975826788,-0.2167404145579995,0.0,,42.99516908212561,32.94117647058823,3.09,300,0.0,0.0,0.0,1.0,0.8456999999999999,1.0,0.2241,1.0,0.2358024222222222,0.0,0.0111111,0.0037634403225806,0.0,0.0,0.0011441456852791,0.0071256130434782,0.0,1.0,0.0,0.15,0.0,0.111111,0.0666667,4.6751,38608.0,9862.0,0.1973,0.5158,0.3826,0.0
0,-0.0652101028455764,-0.2617542288107193,1.025776586325052,0.127022502790514,0.1445333939276573,0.1114893494746767,0.0301856255535171,-0.0894707846294346,1.383479916979088,0.7523397742622173,0.8659230663262647,49.31972789115646,32.94117647058823,3.08,462,0.0,0.0,0.0,1.0,0.0,0.0,0.5079500000000001,1.0,0.0198005641025641,0.195555548,0.0,0.0019607852941176,0.2020703782608695,0.010416675,0.0012507531645569,0.0470717924242424,0.00833333,0.25,1.0,0.0666667,1.0,0.0833333,0.572222,4.23665,27870.0,43383.0,0.1213,0.4604,0.2634,0.0
0,-0.1879169060594335,0.0078501383255233,0.1406867066402714,-0.0209119608018283,0.2194622668368276,-0.1381438575414769,-0.1362741318469955,0.025651500098091,0.3624467656376171,0.2831568022799878,0.6257787368337555,47.61904761904761,32.94117647058823,3.08,267,0.0,0.0,0.0,1.0,0.3425,1.0,0.5302500000000001,1.0,0.3962963333333333,0.0833333307692307,0.0528083307692307,0.3111113333333333,0.0059523863636363,0.0023148166666666,0.0396464424242424,0.0027633732673267,0.0021505387096774,0.638889,1.0,0.588889,0.0555557,0.333333,0.0833333,3.67481,5826.0,64062.0,0.0803,0.6331,0.1269,0.0
0,-0.3506647104512917,0.2910567458304282,0.2241959233162125,-0.3398867246908662,0.061434130534334,-0.2813795729043674,-0.4870779532486057,0.4315735448566665,0.0385161519458067,2.9422710900214555,0.1754330930895259,43.35748792270531,34.705882352941174,2.87,663,0.0,1.0,0.0,0.0,0.0565,1.0,0.29224999999999995,1.0,0.925926,0.0,0.1777778,0.933333,0.013888875,0.0,0.0151851666666666,0.0080139365853658,0.0033591744186046,1.0,0.0,0.933333,0.111111,0.305555,0.111111,4.23665,11895.0,10539.0,0.0223,0.4072,0.0547,0.0
0,-0.363444857304287,-0.2783761401612898,0.3337232820570854,0.2242512215864317,0.4037214088114202,0.5348561100825077,-0.2973552494152465,-0.0795405089495245,0.0862704006722955,0.871747721854093,0.861669399070745,49.22680412371135,38.82352941176471,2.87,1632,0.0,1.0,0.0,0.0,0.16149999999999998,1.0,0.07045,1.0,0.3863095884615385,0.0,0.0080409315789473,0.0659297142857142,0.0,0.005291,0.007606344,0.0023712719512195,0.0028673822580645,1.0,0.0,0.55,0.0,0.177778,0.111111,4.23665,7304.0,1404.0,0.0759,0.3966,0.1913,0.0
0,-0.0591780676322799,0.0428863049208503,1.681013337602839,-0.0877876570500639,0.1229382548861472,-0.2682795441689179,-0.256867904525559,-0.0444287833612424,1.6291164130694462,3.400789191907815,0.1960085600592249,52.43055555555556,28.823529411764703,1.11,1341,0.0,0.0,1.0,0.0,0.14295,1.0,0.0404,0.93,0.002898552173913,0.0130719,0.0,0.0057692307692307,0.0,0.006060609090909,0.0050614688235294,0.0047008507692307,0.0,0.0666667,0.0833333,0.0833333,0.0,0.111111,0.111111,3.81299,346.0,39596.0,0.0796,0.4279,0.186,0.0
0,0.2030236123579812,0.1782078566831572,0.3912550449961589,-0.0753302870666291,0.1020823898112301,-0.3464483707854714,-0.2123930440931309,0.3483874117856679,0.2995229599700014,2.9532860131329386,0.2503308553073727,45.73002754820937,45.88235294117647,1.09,563,0.0,0.0,1.0,0.0,0.064,1.0,0.0,0.0,0.7470938214285715,0.036008237037037,0.1079579729729729,0.18182041875,0.003367,0.0036753571428571,0.0157342890243902,0.0036002639810426,0.0023101749999999,1.0,0.85,0.583333,0.111111,0.377778,0.111111,6.67872,19486.0,18636.0,0.1544,0.4481,0.3447,0.0
0,0.0087494058594663,-0.0176278334222775,-0.2074955618238846,-0.2350262560434476,-0.0369611816399728,-0.0677169232952722,-0.3463088589892288,-0.2710399564584366,-0.428502809145402,0.4173049682119926,0.9808716157248945,42.83054003724395,32.94117647058823,1.08,0,0.0,1.0,0.0,0.0,0.3379,1.0,0.0,0.0,0.405086606060606,0.1893738888888889,0.0420635,0.1438142176470588,0.0,0.0066498303030303,0.0253174593939394,0.0043518514814814,0.0023116646258503,1.0,1.0,0.730159,0.0,0.666667,0.177778,6.67872,6986.0,31431.0,0.1239,0.3483,0.3557,0.0
0,-0.1506723255996085,0.0545550022078222,0.2651343983617055,0.0171904161030634,-0.0067703137272577,-0.2391941643003866,-0.558542109343923,0.0517488867539505,0.391111900288044,0.2221898906070119,0.4998001401687794,46.74674674674675,38.82352941176471,1.07,550,0.0,0.0,0.0,1.0,0.0,0.0,0.10749999999999998,1.0,0.0,0.1368636999999999,0.0,0.0,0.0732407516666666,0.0,0.0,0.0136848341085271,0.0021008394957983,0.0,1.0,0.0,1.0,0.0,0.722222,4.66032,4214.0,18762.0,0.0443,0.459,0.0966,0.0
0,0.6630414018501622,0.1384119088431584,0.3660959201795629,-0.2113162899978134,-0.3357541481565134,-0.2891114501899378,0.5349133524415347,-0.1017684477953044,0.3914301740604387,3.7160578404059312,0.3483378804524903,49.2156862745098,44.11764705882353,1.05,793,0.0,1.0,0.0,0.0,0.375,1.0,0.0,0.0,0.7431623076923077,0.0833333333333333,0.0,0.2901359499999999,0.0,0.0,0.0246769930232558,0.00260416875,0.0085978916666666,1.0,1.0,0.888889,0.0,0.5,0.0416667,5.00904,221.0,4385.0,0.1019,0.6596,0.1545,0.0
0,-0.0182196171996391,0.1821873290589664,0.534463496162759,0.0718048717546811,-0.050627763894692,-0.3416721824488971,-0.0816864774740087,0.0537021709997557,0.6282843640649781,4.474311557119002,0.1518120686277654,51.65692007797272,31.176470588235293,0.97,730,0.0,0.0,1.0,0.0,0.10350000000000001,1.0,0.5870500000000001,1.0,0.0027777791666666,0.0,0.0,0.0,0.0,0.0,0.0057481893203883,0.0039682576923076,0.0035818736842105,0.0666667,0.0,0.0,0.0,0.111111,0.0555557,5.67691,4883.0,25391.0,0.0734,0.3733,0.1965,0.0
0,-0.0182106160588764,-0.2091103105127358,0.3708936775674735,-0.0754715689636619,-0.2081549756849504,-0.1306081437227499,-0.1982108145522526,-0.176684608215097,0.3775907837659594,2.036303988248804,0.4896876360764907,47.038327526132406,36.47058823529412,0.92,0,0.0,1.0,0.0,0.0,0.20085,1.0,0.33344999999999997,1.0,0.0048309130434782,0.0,0.0,0.0105244913043478,0.0,0.0066425086956521,0.0112307884353741,0.0074074,0.0040435949367088,0.111111,0.0,0.111111,0.0,0.25,0.222222,4.23665,945.0,16590.0,0.1019,0.7901,0.129,0.0
0,-0.1631016179796713,-0.060473162747396,0.0272620472023537,0.2348078610533855,-0.1090506153509806,0.4283933922636733,-0.2063675785020969,-0.2949883499743558,-0.4792769141723281,0.1472518217642261,0.9703812791318536,41.333333333333336,32.94117647058823,0.91,115,0.0,1.0,0.0,0.0,0.3335,1.0,0.19419999999999998,1.0,0.0,0.0,0.0185185,0.0,0.0,0.0,0.0,0.0064814766666666,0.005291,0.0,0.0,0.0,0.0,0.0,0.111111,4.23665,4956.0,13861.0,0.1362,0.4086,0.3333,0.0
0,-0.0795021795286983,-0.3542362621018253,-0.0694228021053142,0.1121660470115179,0.9392767743743876,1.1075561237601508,-0.5029077446376783,-0.3342714263745942,-0.2268241873404732,0.8733125326354657,0.947554715075043,53.76914016489989,32.94117647058823,0.91,422,0.0,0.0,1.0,0.0,0.0,0.0,0.15100000000000002,1.0,0.0030454023255813,0.0745369999999999,0.00208333375,0.0010162609756097,0.2790124444444444,0.0028218746031746,0.0041493697435897,0.037333336,0.0057391336448598,0.0833333,0.783333,0.0416667,0.766667,0.0833333,0.8,4.23665,2451.0,13565.0,0.0233,0.3846,0.0607,0.0
0,0.1586901862604322,0.6415305793644303,0.4128878647273885,-0.0999417185236686,-0.0316238260035712,-0.2435282838364468,0.2864400011792183,1.0048191714321584,0.3473340554288243,3.961813253847178,0.1267856964503828,46.73913043478261,39.41176470588236,0.85,650,0.0,0.0,0.0,1.0,0.0,0.0,0.48155000000000003,1.0,0.0047619022222222,0.0,0.2504497333333333,0.0043735255319148,0.0,0.0077614426470588,0.0038288292792792,0.003472225,0.0016415688034188,0.0833333,0.0,0.0833333,0.0,0.111111,0.0416667,5.08398,184.0,5513.0,0.0609,0.5333,0.1142,0.0
0,0.7656524193102092,0.5350213587637392,-0.1311584749775139,-0.296871411902445,-0.18677110778479,-0.2870240721987555,0.6982559534954282,0.2671010120728251,-0.3581541997314944,5.055888310319558,0.082816692146189,43.68471035137702,42.35294117647059,0.7,347,1.0,0.0,0.0,0.0,0.11230000000000002,1.0,0.1295,1.0,0.0063492,0.0,0.0809386896551724,0.0,0.0041423,0.0036281163265306,0.0025852274999999,0.0022518285714285,0.001368366502463,0.111111,0.0,0.0,0.0416667,0.111111,0.0833333,4.209,1832.0,204.0,0.0249,0.3968,0.0628,0.0
0,0.2139823793856565,0.0143041232238634,1.465699786417421,-0.2789528654639294,-0.2263225357813377,-0.2681765472222132,0.5851575797112137,-0.0489323621709409,1.472624974353438,4.113152208971517,0.3678482757074944,52.52525252525253,41.17647058823529,0.7,163,0.0,0.0,0.0,1.0,0.1295,1.0,0.0,0.0,0.004166665,0.0027777791666666,0.0,0.0,0.0074354666666666,0.0,0.0008960596774193,0.0040781858108108,0.0018518511111111,0.0833333,0.0666667,0.0,0.111111,0.0555557,0.111111,4.55976,176.0,985.0,0.1508,0.6486,0.2325,0.0
0,-0.1768060028084726,-0.076806813457691,0.2905881060586806,-0.0533428579753628,-0.1467014924248352,-0.2399941235778292,-0.3627183147800464,-0.171504199120593,0.2827676307603576,2.1456935488802924,0.5344883482069546,43.67053620784964,36.47058823529412,0.5,0,0.0,0.0,0.0,1.0,0.09005,1.0,0.44420000000000004,1.0,0.0074074,0.8148148333333333,0.0033333349999999,0.0383598111111111,0.5730452222222222,0.0010893235294117,0.0057291666666666,0.1388815277777778,0.0006172847222222,0.111111,1.0,0.261905,0.75,0.0833333,0.633333,4.53947,263.0,13136.0,0.0665,0.5747,0.1158,0.0
0,0.3629806249489209,0.2316572910007849,0.8790243305297272,-0.0164539993739452,-0.047601465491547,-0.6026806650710479,0.0021429916063481,0.2922438286580001,0.2944148459238081,5.084028469924238,0.2668627184513563,50.66666666666667,31.76470588235294,0.49,705,0.0,0.0,1.0,0.0,0.3779,1.0,0.0,0.0,0.8830279666666668,0.0009746614035087,0.0,0.4762415833333333,0.0037301628571428,0.0111111,0.07158701875,0.0028621586206896,0.002777785,1.0,0.0555557,0.916667,0.0555557,0.444444,0.111111,18.3665,8010.0,25610.0,0.0442,0.9386,0.047,0.0
0,-0.0639530233420137,-0.1461608700906942,-0.1340349913406057,-0.3489708265394998,-0.2691610159361894,-0.4033540648323395,-0.6311845109652089,-0.3801090352419846,-0.5098885896547082,0.6098697741798506,0.7021013637772828,48.96551724137931,36.47058823529412,0.48,0,0.0,0.0,0.0,1.0,0.7152499999999999,1.0,0.105,1.0,0.6403615333333333,0.89677578125,0.4362248051724138,0.3963304636363637,0.2473684210526316,0.0942412101694915,0.0608809061728395,0.04624457,0.0274590874587458,1.0,1.0,1.0,0.888889,0.944444,0.944444,3.67481,895.0,30858.0,0.0383,0.5815,0.0659,0.0
0,-0.020415976989037,0.0220151532291475,1.7104120392042887,-0.1624271903293313,-0.0507244674805257,-0.2791927692852864,-0.1490515161761025,0.0076433637789125,1.7090677711070306,4.780793509068741,0.3286450856869257,50.43370508054523,34.11764705882353,0.46,203,0.0,0.0,1.0,0.0,0.34930000000000005,1.0,0.6460000000000001,1.0,0.0119047571428571,0.5606061818181818,0.0,0.0,0.2911209625,0.0,0.0051609016393442,0.1649934701030928,0.0,0.0833333,1.0,0.0,0.722222,0.0833333,1.0,5.26126,383.0,26256.0,0.0762,0.4295,0.1775,0.0
0,0.2018495366506671,-0.2205240529730812,-0.0712058315366458,-0.320163034346404,-0.3222271340449734,-0.2017674665092035,0.420795571154124,-0.4622074706358761,-0.1631424904443907,2.2221944755532874,0.7111011860483184,47.093023255813954,31.176470588235293,0.45,943,0.0,0.0,1.0,0.0,0.40635000000000004,1.0,0.0,0.0,0.3305991458333334,0.2420304041666666,0.2596638823529411,0.1605961315789473,0.0050705488888888,0.00520833125,0.00829049140625,0.0023223295454545,0.0047348443181818,1.0,1.0,0.918803,0.0833333,0.194444,0.111111,4.55976,8704.0,2182.0,0.0894,0.2696,0.3317,0.0
0,0.0091604444764516,0.6573347141321696,0.2737792648409112,-0.2839232879562317,-0.1810528213219858,-0.194968114505353,-0.2052948634033693,0.979641086496502,0.1184710325025036,5.114796729849574,0.1699906488120019,48.13559322033898,34.11764705882353,0.45,2672,0.0,0.0,1.0,0.0,0.0,0.0,0.0,0.0,0.0,0.0,0.25,0.0066302925,0.0,0.0,0.0019589253424657,0.0016025653846153,0.0036231869565217,0.0,0.0,0.0833333,0.0,0.0666667,0.0416667,5.00904,545.0,10155.0,0.0675,1.0138,0.0666,0.0
0,-0.0576114114833441,0.453664962744491,1.1583909252026223,-0.2701314149272792,-0.1768568660989685,-0.3193999172255976,0.0185856270289657,0.5619781847528427,1.738689861291279,2.975245943013588,0.2719125301167578,47.14003944773176,43.52941176470589,0.45,2887,0.0,1.0,0.0,0.0,0.0,0.0,0.0,0.0,0.1,0.0008333325,0.0,0.0,0.0037891333333333,0.0,0.00263492,0.0049993418181818,0.0015015054054054,1.0,0.0333333,0.0,0.0555557,0.0833333,0.111111,5.00904,164.0,46602.0,0.1724,0.6094,0.2829,0.0
0,-0.3257248367083102,-0.0474505346452527,0.5582115817243527,-0.3857715136964875,-0.0989410416423727,-0.4488992449977537,-0.5390910190532446,-0.116028356547849,0.7937515019996182,5.863375631735097,0.2006941074900741,46.02446483180428,42.35294117647059,0.37,231,0.0,1.0,0.0,0.0,0.20539999999999994,1.0,0.0685,1.0,0.0082304444444444,0.00560515625,0.00396825,0.0029761928571428,0.0,0.0067049896551724,0.0070240744897959,0.0048098702875399,0.0026927448979591,0.074074,0.111111,0.0416667,0.0,0.111111,0.111111,7.78195,30876.0,7666.0,0.0291,0.4275,0.0681,0.0
0,0.2249102596995504,-0.215559138641106,0.8456213446031798,-0.2016540509991891,0.0457406661747331,-0.3432659575656004,-0.0677913265848439,0.0266995285072286,1.275246472150816,6.1169195227064845,0.233315873754428,53.188405797101446,35.88235294117647,0.34,231,0.0,0.0,0.0,1.0,0.19319999999999996,1.0,0.0,0.0,0.1438254,0.0074074,0.2405556,0.0624435804347826,0.0101851833333333,0.0,0.0191787598290598,0.0031746017857142,0.0069645101123595,1.0,0.111111,0.833333,0.111111,0.388889,0.111111,5.37208,90077.0,35084.0,0.0393,0.5773,0.068,0.0
0,-0.1327221362240069,0.1636634172635331,-0.02624617834407,0.0414665777424939,-0.0276876441294346,-0.023852101026411,-0.1699857783609837,0.3590238658441511,-0.0390065347452306,1.8410157779092564,0.5129133471819542,44.230769230769226,37.64705882352941,0.33,0,0.0,0.0,1.0,0.0,0.50235,1.0,0.06569999999999998,1.0,0.0079365,0.0,0.0,0.0019841285714285,0.0,0.0032051307692307,0.0031539385416666,0.0021929815789473,0.0027030159420289,0.111111,0.0,0.0416667,0.0,0.0833333,0.0833333,8.26474,7700.0,7422.0,0.042,0.4445,0.0946,0.0
0,-0.0243752787192747,-0.0888454058258801,1.025200768337497,0.0515198715956563,0.093384675803809,-0.2996433543025723,-0.1228584420253855,0.0756477926854767,0.6896308647804802,5.183081081597914,0.447376095110492,46.57933042212518,31.76470588235294,2.46,348,0.0,1.0,0.0,0.0,0.09899999999999999,1.0,0.5690999999999999,1.0,0.0,0.4666665,0.0018018027027027,0.0,0.0,0.0062499999999999,0.0,0.0128495714285714,0.0050179193548387,0.0,0.933333,0.0,0.0,0.0,0.111111,5.00904,65959.0,212.0,0.0499,0.5527,0.0903,0.0
0,-0.2225590722609212,-0.0003513692825581,0.2246665563091172,-0.1541920818098921,-0.042356451152335,-0.3231090727222884,-0.6298089255987686,-0.0009033382232134,0.1756975985785454,2.3112506421677543,0.3766153595288983,43.574879227053145,35.88235294117647,4.95,1049,0.0,0.0,1.0,0.0,0.23089999999999997,1.0,0.10700000000000001,1.0,0.0051282076923076,0.1177197803571428,0.0743589615384615,0.0,0.0091720895522388,0.0,0.0009768008547008,0.0020832509803921,0.0016316391061452,0.0666667,1.0,0.0,0.216667,0.0666667,0.0833333,5.18796,18485.0,28441.0,0.0352,0.4856,0.0724,0.0
0,-0.3091283251771777,-0.2885379898463087,-0.1586731156362852,-0.2266126117434937,-0.103333710239873,-0.1631769845620653,-0.3787621169442232,-0.1885740225495719,-0.2478718256079752,3.153102094016952,0.3411705787021591,44.9901768172888,40.0,4.74,0,0.0,0.0,1.0,0.0,0.084,1.0,0.08305,0.98,0.1071428411764705,0.0,0.2415919130434783,0.1289682428571428,0.0,0.0084116631578947,0.0067724866666666,0.004699247368421,0.0256573473913043,0.904762,0.0,0.722222,0.0,0.166667,0.047619,4.02482,76.0,21995.0,0.076,0.3197,0.2376,0.0
0,-0.3642382911395015,-0.4343488224062762,0.156630862516313,-0.0370487768936206,-0.2993638926567566,-0.2326050720013061,-0.4163808061168386,-0.4656783338334098,-0.1406060655318724,0.5274939499096607,0.9890342759709184,50.97804391217565,35.294117647058826,4.69,1122,0.0,0.0,1.0,0.0,0.281,1.0,0.42369999999999997,1.0,0.3777777666666667,0.6982088333333335,0.13880952,0.0873289068965517,0.2407793499999999,0.0059454236842105,0.0166417327868852,0.056175927,0.0039263820143884,1.0,1.0,0.683333,0.805556,0.888889,0.544444,3.44388,34591.0,17137.0,0.0929,0.4924,0.1888,0.0
0,0.9901721896174492,-0.1058971127300877,0.2644506482662218,-0.4936381350775056,-0.1984845317608455,-0.2381995060999006,0.9515993983127536,-0.1208767762973853,0.6387519136476367,6.49046611050936,0.4162554727352551,45.11784511784512,42.35294117647059,-0.85,979,0.0,1.0,0.0,0.0,0.15605,1.0,0.096,1.0,0.5820106666666667,0.0046296416666666,0.0,0.1126985,0.0,0.0074074111111111,0.0,0.0050617255555555,0.0018939386363636,0.952381,0.0555557,0.225397,0.0,0.0,0.111111,17.0307,205.0,553.0,0.2117,0.4057,0.5218,0.0
0,-0.1745400909595227,-0.0949968539004605,0.620668659547966,-0.3201939991598655,-0.2850018362054035,-0.4492585322029879,-0.3189647366818177,-0.1311234572412793,0.9170719482742288,3.66872990563146,0.1747946173811005,46.06481481481482,38.23529411764706,-2.57,468,0.0,1.0,0.0,0.0,0.47240000000000004,1.0,0.0,0.0,0.37152773125,0.0,0.0,0.0756944708333333,0.0053571428571428,0.0064102538461538,0.0090592280487804,0.0008613255813953,0.0,1.0,0.0,0.527778,0.0833333,0.280952,0.111111,3.81299,20.0,31790.0,0.0889,0.4565,0.1948,0.0
0,-0.2967492197129009,0.2144642817838403,0.3043651823313487,-0.3358679312967015,0.0148918502892326,-0.3914373210932025,-0.3135602964384539,-0.0004401576172222,0.2644005394753345,2.2363002528449267,0.3999461189028017,48.95489548954895,38.82352941176471,-5.1,935,0.0,1.0,0.0,0.0,0.36365,1.0,0.0,0.0,0.5685995483870968,0.7069209677419355,0.0365900362068965,0.2224556470588235,0.3563777378378378,0.0025862068965517,0.0245984100719424,0.0546961910828025,0.0025252522727272,1.0,1.0,0.663492,1.0,0.952381,0.811111,4.55976,19467.0,115.0,0.1163,0.7783,0.1494,0.0
0,-0.5265333398157139,-0.0416249859376111,1.075777143796466,-0.0458234803818213,-0.1121364698266651,-0.3347631210216376,-0.2301832745367951,0.2873318309478178,1.4731067696771134,4.102225517106679,0.2500399974181767,48.16272965879265,35.88235294117647,-5.8,699,0.0,0.0,1.0,0.0,0.16799999999999998,1.0,0.3292,1.0,0.0,0.2525038023809524,0.3681942758620689,0.0041666625,0.0526323946428571,0.0040849705882352,0.0041152222222222,0.004342219924812,0.0049349541353383,0.0,1.0,0.0333333,0.545034,0.111111,0.177778,5.00904,322.0,19419.0,0.0484,2.1271,0.0228,0.0
0,-0.1399385297274916,0.0021051922679621,0.4245624504540977,-0.0755381516459269,-0.0354879932431229,-0.3488065815843068,-0.2546120354222257,-0.0012129694222004,-0.1006336954701986,1.68944673764112,0.4671708557256847,45.40367705835332,29.411764705882355,-6.12,811,0.0,1.0,0.0,0.0,0.0,0.0,0.17854999999999996,1.0,0.633333,0.0,0.0,0.6063492857142858,0.0,0.0026881709677419,0.1140523176470588,0.0030612244897959,0.0029149506172839,0.633333,0.0,0.888889,0.0,0.394444,0.0833333,4.209,19988.0,152.0,0.1163,0.3663,0.3173,0.0
0,-0.1015299874620745,-0.3362552261598165,-0.541646752055295,-0.0443262699511131,0.1359370408148449,-0.1549070129682829,-0.3084987043510975,-0.5542104601571036,-0.6959977397039009,0.3474999083286613,1.0,43.29643296432965,28.823529411764703,-7.65,430,0.0,1.0,0.0,0.0,0.0,0.0,0.5407000000000002,1.0,0.5333334,0.0138888833333333,0.0342733519230769,0.1823953363636364,0.0,0.0028425106382978,0.0482390895833333,0.0048331288461538,0.0036023353582554,1.0,0.0833333,0.5,0.0,0.420635,0.111111,4.23665,50565.0,25121.0,0.0652,0.4481,0.1454,0.0
0,-0.143127506678179,0.0235028106778916,-0.1616544662582095,-0.1662381840771786,-0.1762072385753618,-0.3273154635487085,-0.3647414945429949,0.2574152502892693,-0.0855294548185353,4.079319030864285,0.1340589837949335,46.04129083984766,38.82352941176471,-8.68,0,0.0,0.0,0.0,1.0,0.32979999999999987,1.0,0.0,0.0,0.8144144574074074,0.1021072517241379,0.1091394224137931,0.283253296,0.0089605677419354,0.0041844583756345,0.0611211357487922,0.0040160185185185,0.0027731333333333,1.0,1.0,0.732841,0.111111,0.587301,0.111111,6.01085,40743.0,3066.0,0.0807,0.4097,0.1969,0.0
0,-0.26945695713407,1.0071856581949716,-0.0265142703481188,-0.2943562807136582,-0.2022119581383696,-0.1909689706728776,-0.212841792014401,0.8435113934441374,-0.2041846083399591,0.099377690176214,0.9468411285953678,44.0809968847352,41.76470588235294,-7.15,253,0.0,1.0,0.0,0.0,0.0,0.0,0.3364499999999999,1.0,0.0122448942857142,0.0987654444444444,0.0,0.0124716485714285,0.0513889,0.0290903615384615,0.0032327586206896,0.0192958,0.0152389294871794,0.111111,0.888889,0.222222,0.402778,0.111111,0.703704,5.26712,242.0,764.0,0.036,0.3261,0.1104,0.0
0,0.414932052871474,0.0111079777007188,1.8144461614001373,-0.2211240164990418,0.631854209680406,-0.3320199148975037,-0.1064644032055072,0.110610990790093,2.2195516709544147,3.420234660757358,0.1134579007424941,51.69491525423729,49.41176470588236,-7.05,1756,0.0,0.0,0.0,1.0,0.0375,1.0,0.14550000000000002,1.0,0.0,0.0,0.0,0.0041152222222222,0.0023550739130434,0.0,0.0030045372670807,0.0038863350253807,0.0,0.0,0.0,0.111111,0.0666667,0.0833333,0.122222,4.9718,18047.0,6597.0,-0.0,0.5516,0.0,0.0
0,-0.0743178359040543,0.2124183225894558,0.1429696777360164,0.1128255632207176,-0.1633032724217518,-0.4658065363188878,-0.2670083625844005,-0.0717674927067637,0.1266354100720249,1.481440251570413,0.4345383618217431,43.56725146198831,34.11764705882353,-5.85,578,0.0,1.0,0.0,0.0,0.0408,0.97,0.18834999999999996,1.0,0.5224319518518518,0.4305225541666667,0.0,0.3787108297297296,0.0,0.0043859631578947,0.0435644668224298,0.0082355246478873,0.0006535964705882,1.0,1.0,0.958333,0.0,0.738889,0.222222,8.06726,4696.0,14089.0,0.4736,0.3159,1.4993,0.0
0,0.2014524076614846,-0.0089731078204979,2.564198243704438,-0.2949401866218283,-0.0451759887994303,-0.2701470546396159,-0.164503095530292,-0.1430772105273851,2.2471848353720336,1.902008832594344,0.6792032497010595,54.14462081128748,29.411764705882355,-5.76,422,0.0,1.0,0.0,0.0,0.29744999999999994,1.0,0.2545,1.0,0.1651403769230769,0.2716083256410256,0.0,0.152381,0.2221805555555555,0.0,0.0437970482352941,0.0428270174796748,0.0,0.952381,1.0,0.916667,1.0,0.587301,0.869048,4.91051,23.0,45.0,0.1074,0.3898,0.2755,0.0
0,-0.4201016733237886,0.2688352451296268,1.060366539300986,-0.0165315836634843,-0.0589955451934423,-0.3270911882626467,-0.3362836513436901,0.4777665130564474,1.0187689743126636,3.4920083646296054,0.1728696253658299,50.93240093240093,30.58823529411765,-3.69,527,0.0,1.0,0.0,0.0,0.38749999999999996,1.0,0.32015,1.0,0.5968942173913042,0.8401026882352941,0.0148148083333333,0.4460164821428571,0.2709094117647059,0.0,0.0443845261061947,0.0797619786764706,0.0109903347826086,1.0,1.0,1.0,1.0,0.511111,0.822222,4.6751,368.0,8288.0,0.1127,0.5729,0.1967,0.0
0,-0.3376292461512651,-0.1015998221394977,0.5006346884498374,-0.3392661221192962,0.1927311145078216,-0.3051323699885019,-0.1996187377327594,0.0538139920402107,0.2082524545604514,2.605016326489652,0.4718415806490835,43.64604125083167,36.47058823529412,-1.76,234,0.0,0.0,1.0,0.0,0.6201000000000001,1.0,0.27,1.0,0.5014498571428572,0.7907286791666667,0.0015360967741935,0.2109087823529412,0.24836172,0.0010683788461538,0.0206000989690721,0.0304008159574468,0.0033590181467181,1.0,1.0,0.722222,0.875,0.505556,0.438095,3.64647,24821.0,15396.0,0.0418,0.3983,0.1048,0.0
0,-0.2565299048481143,-0.030964720865695,-0.0750476297901133,-0.2326409701011436,-0.0817274699487757,-0.2599848552712798,-0.4855301235200749,-0.0040584560518067,-0.0786533159197836,2.6850650615444023,0.2984835853035835,44.35897435897436,34.705882352941174,2.02,619,0.0,1.0,0.0,0.0,0.08435000000000001,1.0,0.6905000000000001,1.0,0.0,0.8811713617021277,0.0,0.0,0.2217421628571428,0.0,0.0042005451219512,0.024640061883408,0.0039429350877192,0.0,1.0,0.0,0.851852,0.0833333,0.75,6.05262,13214.0,59141.0,0.1823,0.3486,0.523,0.0
0,0.1091832650266464,-8.002764934250534e-05,1.112634250723045,-0.2226827951232631,-0.3673530713259915,-0.2412786399063571,-0.3079831015299639,-0.1481153912022799,0.063978902439742,5.036231855436922,0.2099699220878028,49.621212121212125,32.94117647058823,2.6,650,0.0,0.0,0.0,1.0,0.27945,1.0,0.46089999999999987,1.0,0.22568545,0.0896825517241379,0.0092592523809523,0.0555555294117647,0.0319507309523809,0.004166665,0.0250682733870967,0.0283812443243243,0.0009746614035087,0.944444,0.793651,0.944444,0.722222,0.752381,0.603175,10.1598,23295.0,4299.0,0.1232,0.4944,0.2492,0.0
0,0.1373138341404098,0.1343447600051542,-0.0153719802889479,-0.2977739815613852,-0.0123284054377791,-0.3281938730064947,0.1764754093590881,0.1654772050037501,-0.0310237183134946,4.694021963210788,0.0834210951173071,46.858513189448445,44.11764705882353,29.31,357,0.0,0.0,0.0,1.0,0.14975000000000002,1.0,0.0,0.0,0.0,0.0108024805555555,0.4123846511627907,0.0,0.002166668,0.0059473556962025,0.0022675714285714,0.0028113611398963,0.0039368314176245,0.0,0.166667,0.0,0.0666667,0.047619,0.0833333,3.45864,1187.0,15364.0,0.0321,0.2371,0.1352,0.0
0,-0.2604217062989017,-0.4385595612489891,-0.2674079915514001,0.0012974606594539,-0.0775361453906697,-0.4019469979464514,-0.3752809096601283,-0.2856661627525188,-0.2130098689840977,1.2975405852434252,0.8083873957928797,47.84688995215311,32.94117647058823,37.23,126,0.0,1.0,0.0,0.0,0.55785,1.0,0.20769999999999997,1.0,0.146455016,0.9159352352941176,0.0053140173913043,0.0611838365853658,0.46666675,0.0054787548387096,0.0362138802158273,0.047124606557377,0.0030532636363636,1.0,1.0,1.0,0.666667,0.822222,0.344444,3.60115,32808.0,10218.0,0.1592,0.5465,0.2912,0.0
0,-0.399481100550078,-0.1423834816480682,0.5989614825629401,-0.4212306321800368,-0.0834512261208142,-0.3113347381130262,-0.1785301484065191,-0.1270026854291546,0.3822900822860049,2.3302607495931253,0.5143235413337618,46.06365159128978,30.0,8.52,524,0.0,0.0,1.0,0.0,0.22674999999999998,1.0,0.0,0.0,0.0,0.229166625,0.0,0.0,0.0208333,0.0037037,0.0,0.0069312093333333,0.0013440854838709,0.0,0.944444,0.0,0.194444,0.0,0.194444,4.95884,13702.0,22779.0,0.0795,0.5493,0.1448,0.0
0,-0.3530381181653851,0.4200187187106673,0.0787415426756752,-0.1412397715331771,-0.0543215844436575,-0.3305115370093915,-0.5585523732391422,0.4644017741286831,0.3591408259695782,3.219163638893739,0.3203709387915748,44.21235857267189,36.47058823529412,0.8,1648,0.0,1.0,0.0,0.0,0.18510000000000004,1.0,0.0,0.0,0.0,0.0743243513513513,0.0042242677419354,0.011238096,0.0632623105263157,0.0028632461538461,0.004742543902439,0.0097772928870292,0.0020907289682539,0.0,0.916667,0.15873,0.822222,0.111111,0.472222,18.0325,1473.0,25681.0,0.0514,0.3246,0.1584,0.0
0,-0.0500729283621736,-0.2366779647823439,0.6040063945861042,-0.1429140996753948,-0.0925501871711778,-0.320329252390437,0.0058707641699536,0.0398809885874174,0.4712703861203609,3.715160469907519,0.3142205144321072,50.697674418604656,40.588235294117645,0.77,0,0.0,1.0,0.0,0.0,0.13865,1.0,0.12100000000000001,1.0,0.2790815652173912,0.00617559375,0.1164261818181818,0.132564525,0.0036133658536585,0.0030651344827586,0.0161816484848484,0.0048035393442622,0.0064518915151515,0.933333,0.0833333,0.84127,0.111111,0.333333,0.111111,5.26126,26173.0,10431.0,0.0953,0.3211,0.2968,0.0
0,-0.0308417035508651,-0.0462415198027268,-0.0507041044871703,-0.2149111089954773,-0.2558530164204692,-0.2043014660001431,0.1801971607827143,-0.3677798804502793,0.0811139400259059,1.3439130076397188,0.7999866621046889,47.53787878787879,54.11764705882353,0.76,1791,0.0,0.0,0.0,1.0,0.10314999999999999,1.0,0.0,0.0,0.0177248571428571,0.00148809375,0.0079365285714285,0.026262609090909,0.0056681675675675,0.0074074,0.0081752447154471,0.0035597683890577,0.004166665,0.111111,0.047619,0.111111,0.111111,0.111111,0.208333,6.14314,4052.0,21533.0,0.1489,0.4126,0.361,0.0
0,0.0770592122560104,-0.0176349102490288,0.1063834241388579,-0.2782599711006248,-0.3545158055274265,-0.1984577739578152,-0.1308412050287319,-0.2405784899283534,0.5326577583483348,3.291588185375811,0.3675317581212518,47.474747474747474,40.588235294117645,0.76,365,0.0,0.0,0.0,1.0,0.5301999999999999,1.0,0.0,0.0,0.6770322121951219,0.002222228,0.0015360967741935,0.367925612,0.005277775,0.0068948410714285,0.0532970258620689,0.0030281343347639,0.0028462995495495,1.0,0.0555557,1.0,0.111111,0.777778,0.208333,6.14314,19449.0,5223.0,0.0644,0.3421,0.1882,0.0
0,-0.2774504923149508,-0.1240293627603818,-0.2125930349472647,0.3958236506279704,1.1556271725523537,1.4032581047101034,-0.2517053908248831,-0.0277880409202871,-0.0756812671823655,0.0866891052545938,0.9695554897476468,47.260516083421706,33.52941176470588,0.73,0,0.0,0.0,1.0,0.0,0.11649999999999999,1.0,0.34430000000000005,1.0,0.0029239842105263,0.5014957461538463,0.0031045745098039,0.0029629666666666,0.0622668105263157,0.0,0.0041701160869565,0.0215578159574468,0.0039838168797953,0.0555557,1.0,0.0555557,0.25,0.111111,0.888889,6.31351,35666.0,21287.0,0.0909,0.3565,0.2549,0.0
0,0.2290661609607028,-0.1134832579839199,-0.3323668779138966,-0.1450233637232534,-0.2263545935503001,-0.2871831939911314,0.2287948466848479,-0.6513667610903685,-0.5379668186732975,0.9252518055662816,0.5635019758888381,46.85242518059856,28.823529411764703,0.7,349,0.0,0.0,0.0,1.0,0.7341499999999997,1.0,0.23745000000000005,1.0,0.6710589117647059,0.006038652173913,0.0148032175438596,0.0989881,0.0025641025641025,0.006547619047619,0.0264853786885245,0.0023163339080459,0.0024880563157894,1.0,0.0833333,0.666667,0.0666667,0.822222,0.107407,4.00723,23134.0,51163.0,0.0661,0.4533,0.1458,0.0
0,1.0341856105852605,0.0476517422313084,1.628525061421314,-0.4924242394321217,-0.0734249340122944,-0.6124920554024798,0.7171770977119883,0.1357818080604788,2.1951332234228698,1.401205551018462,0.3239411482053809,51.9607843137255,44.70588235294118,0.64,191,0.0,0.0,0.0,1.0,0.21790000000000004,1.0,0.0,0.0,0.974074,0.0356725263157894,0.0,0.5376983333333333,0.0063025205882352,0.0,0.0344356083333333,0.0015220739726027,0.0,1.0,0.488889,0.861111,0.111111,0.095238,0.0555557,3.03872,19058.0,24.0,0.116,0.4927,0.2354,0.0
0,-0.1673859867032674,-0.290904014435955,-0.2257768912749444,-0.0998379118174292,-0.3933623974215141,-0.3617906672454352,-0.3998531154863027,-0.6289350743434101,-0.224761776160628,0.0,,43.85964912280701,35.294117647058826,0.63,283,0.0,1.0,0.0,0.0,0.46395000000000003,1.0,0.6265499999999999,1.0,0.8660833846153848,0.0,0.0080409315789473,0.4321596723404254,0.3698412299999999,0.0036897815789473,0.0916634437352245,0.1556255431372549,0.0025056458598726,1.0,0.0,0.901099,1.0,0.725253,0.833333,6.66426,16542.0,19768.0,0.2023,0.6188,0.3269,0.0
0,-0.3249570725079825,0.3417396883952941,2.2062745770543115,-0.1760053353072079,-0.1845427739233295,-0.4500190654094636,-0.1975314411528071,0.6642601447663863,2.2297536267748943,4.207217479074673,0.2045840829758496,54.285714285714285,55.294117647058826,0.62,1187,0.0,1.0,0.0,0.0,0.0,0.0,0.1275,1.0,0.0869281,0.0232189,0.0033333349999999,0.0311986896551724,0.0128836,0.0066666699999999,0.03631312,0.0151513069565217,0.00396825,1.0,0.508333,0.904762,0.15,0.7,0.555556,6.01085,308.0,28.0,0.1098,0.6087,0.1803,0.0
0,-0.4739393816666241,-0.3298235722268717,-0.0251954107814805,-0.2699381162305596,-0.2711293557496418,-0.1364593600721078,-0.4680697736931304,-0.4081296475846089,-0.5107701519021934,0.0460835207858262,0.8288730909494026,44.25427872860636,26.47058823529412,0.62,0,1.0,0.0,0.0,0.0,0.8084,1.0,0.19829999999999998,1.0,0.8453125,0.846079252,0.4392796129032258,0.1518166671875001,0.2992315714285715,0.1267618,0.059743170781893,0.0258347007751937,0.0186478529147982,1.0,1.0,0.733333,0.916667,0.916667,0.388889,3.84905,1113.0,62311.0,0.1021,0.3733,0.2735,0.0
0,-0.0690980734287897,0.0536194829477127,0.0059190322173432,0.0095347379931828,-0.0076588408486239,-0.2796409530378632,-0.0639712423415177,-0.0668264739557284,-0.0784760874250456,0.0200656580140677,1.0,46.49499284692418,40.0,0.23,510,0.0,1.0,0.0,0.0,0.3048,1.0,0.20095,1.0,0.247037,0.6677452307692308,0.0064102576923076,0.2519943615384615,0.0569530434782608,0.0045045054054054,0.043222232,0.0099184065934065,0.0036072555555555,1.0,1.0,0.933333,0.583333,0.6,0.194444,18.9405,47976.0,20660.0,0.0894,0.4299,0.208,0.0
0,-0.0245439991284612,0.1284526807867427,0.64736820394378,-0.2749991030787738,0.1284925368721106,-0.2643331587848964,-0.2414543936973105,0.0777352606370976,0.6512099818828012,4.58582758429487,0.1151577324375039,51.5686274509804,37.05882352941177,0.28,0,0.0,1.0,0.0,0.0,0.49760000000000004,1.0,0.0,0.0,0.072685225,0.0064484178571428,0.0,0.0032051307692307,0.002222228,0.0022222222222222,0.0097458339285714,0.0030925899999999,0.0028023865116279,0.805556,0.0833333,0.0416667,0.0555557,0.133333,0.122222,18.9405,11509.0,32161.0,0.0538,0.417,0.129,0.0
0,-0.1189073710391405,0.2531700821961656,0.1416944259326829,0.0194859910101154,-0.4713273266775865,-0.3712694769079474,-0.188213513002083,-0.0374920311062664,-0.1550068710854976,0.9065840189643188,0.3939549823651388,46.12676056338028,34.11764705882353,0.41,744,0.0,0.0,1.0,0.0,0.16675000000000004,1.0,0.4534500000000001,1.0,0.0138888833333333,0.0,0.0,0.0,0.0666667,0.0069444416666666,0.0,0.0253968142857142,0.0021825428571428,0.0833333,0.0,0.0,0.0666667,0.0,0.111111,8.3484,17533.0,18143.0,0.1636,0.3635,0.4502,0.0
0,-0.1123238752859403,-0.179351991107811,0.3510073869721365,0.0136911083469322,-0.0725816682765566,-0.228991928403157,-0.2509922240594989,-0.0544824911411035,1.2595462284894898,0.6087083263616784,0.6959483502219656,41.09195402298851,31.76470588235294,0.45,585,0.0,1.0,0.0,0.0,0.19095000000000004,1.0,0.37970000000000004,1.0,0.0,0.5,0.0,0.0,0.24861125,0.0,0.0031746047619047,0.0493333359999999,0.0060405703703703,0.0,1.0,0.0,0.694445,0.0666667,0.361111,5.34297,156.0,106.0,0.099,0.3584,0.2764,0.0
0,-0.0328077226778919,0.3431403522015938,0.6847758061257582,-0.3228998393966739,-0.1483968478378359,-0.4689887839424032,-0.2037588251527095,0.5910079693578769,1.269006966458876,2.8358735071639445,0.3290067471160751,48.68913857677903,40.588235294117645,0.5,6205,0.0,1.0,0.0,0.0,0.0,0.0,0.0,0.0,0.0108024611111111,0.219246,0.013888875,0.0,0.0,0.0,0.0066137619047619,0.0028180333333333,0.0,0.111111,0.916667,0.0,0.0,0.0833333,0.111111,12.2763,101.0,337.0,0.1167,0.6045,0.193,0.0
0,-0.0639806119566376,-0.1720828903839125,-0.4124796403241291,-0.0103606256870885,-0.1475452440802027,-0.2236652391102697,-0.0795137683651422,-0.1696474505575423,-0.3689094106981756,0.0246999964283401,1.0,41.63090128755365,38.82352941176471,0.53,411,0.0,0.0,0.0,1.0,0.12545,1.0,0.3704,1.0,0.107870374,0.0,0.0,0.05611798125,0.00555555,0.0111111062499999,0.0160981360655737,0.0056231,0.0045366405940594,0.952381,0.0,0.511111,0.0333333,0.944444,0.0833333,4.05163,1680.0,17900.0,0.1282,0.5421,0.2365,0.0
0,0.0621726642758606,0.1350010050169189,0.2061790918226413,0.1304864554944233,-0.1064674962569191,-0.1803405760561753,-0.1444059500086843,-0.0326021241013568,-0.0368843878228119,2.545852501776744,0.2137232901087534,49.79166666666666,37.64705882352941,0.56,443,0.0,1.0,0.0,0.0,0.38195,1.0,0.39644999999999997,1.0,0.8164290000000002,0.5092113641509434,0.1335248965517241,0.631073953488372,0.2165284804878048,0.0049180409836065,0.0677831228915662,0.0360065053435114,0.0029619661290322,1.0,1.0,1.0,0.944444,0.47963,1.0,4.9718,23252.0,4459.0,0.0849,1.7354,0.0489,0.0
0,-0.15825579254141,0.2096176652240919,0.3468232962634888,-0.1177286743390634,0.1234404391346451,-0.2005556160865058,-0.0966628860666554,0.1000260801040145,0.2540632343561977,4.142649918392687,0.1552567025697432,46.45550527903469,53.52941176470589,0.57,394,0.0,1.0,0.0,0.0,0.39644999999999997,1.0,0.05415000000000001,0.93,0.54142088125,0.0,0.0104166625,0.2032803272727273,0.0,0.0,0.0428042357798164,0.0031746,0.0018115934782608,1.0,0.0,0.944444,0.0,1.0,0.111111,4.9718,28156.0,1033.0,0.0484,0.512,0.0945,0.0
0,0.0967882795988457,0.4012855284333385,-0.0872937293570715,-0.3052789000073446,-0.2250893341968043,-0.2191513770951209,-0.2506393720579398,0.3865618478222564,-0.1414336777008715,2.956207400177707,0.468891729133697,45.58011049723757,37.64705882352941,0.61,771,0.0,1.0,0.0,0.0,0.26544999999999996,1.0,0.0,0.0,0.5505989827586206,0.0,0.3046626875,0.0624691166666666,0.0083333375,0.00345679,0.0193604813333333,0.0,0.002042484117647,1.0,0.0,0.588889,0.0666667,0.361111,0.0,4.34117,1159.0,23319.0,0.0402,0.423,0.0951,0.0
0,-0.075006412304467,0.264234756020075,0.3269540128428083,-0.3470999138937673,-0.1476985982734397,-0.161817371239758,-0.2685922176468509,0.2204050355866715,1.1151544511776177,2.472111873132536,0.4926057810397072,44.5045045045045,36.47058823529412,0.65,0,0.0,1.0,0.0,0.0,0.18950000000000003,1.0,0.0,0.0,0.2112183702702702,0.0,0.02654318,0.1325837933333333,0.0,0.0074074,0.0213048712962963,0.0059139806451612,0.0067234818181818,1.0,0.0,1.0,0.0,0.944444,0.0666667,5.78532,16441.0,26708.0,0.044,0.8234,0.0535,0.0
0,-0.0197403084543499,-0.3541427804784445,-0.4199006286784514,0.0140545629558241,0.2935864560101258,0.1816760974481285,0.3871151411369125,-0.3930550001967322,-0.294977953837727,0.0225039978123597,1.0,43.17789291882556,21.176470588235293,0.67,488,0.0,1.0,0.0,0.0,0.3019,1.0,0.29245,1.0,0.0020408160714285,0.1776575,0.017177288372093,0.0044037975609756,0.3319728571428571,0.0042410708333333,0.0056181025559105,0.0505914140495867,0.0031474661631419,0.0666667,1.0,0.0833333,1.0,0.122222,0.416667,22.7076,15623.0,26918.0,0.1593,0.4099,0.3885,0.0
0,-0.2865656221153246,-0.2164515489858008,0.6921501610091225,-0.1599631717894289,-0.19020403734487,-0.1156889605433532,-0.2528690310105272,-0.3303068082633092,1.2419174444140488,2.67680273150461,0.4020664981894225,47.39583333333333,40.0,0.73,283,0.0,1.0,0.0,0.0,0.17450000000000002,1.0,0.6658,1.0,0.0304973479999999,0.7252429600000001,0.0,0.0033119673076923,0.4327239392857142,0.0,0.0023717369158878,0.0682968322580645,0.0,0.648148,1.0,0.0833333,0.933333,0.0833333,0.566667,8.3484,72.0,7541.0,0.0394,0.2223,0.1774,0.0
0,-0.3286133512031005,-0.1725397367468424,0.8949945735162725,0.1288519345004546,0.130950521628923,-0.1218644442508628,-0.3535338878565616,-0.1851816913072664,0.6782047823703719,1.1600777096871648,0.4065599294623553,45.02283105022831,31.76470588235294,0.75,379,0.0,0.0,0.0,1.0,0.22959999999999997,1.0,0.0433,0.93,0.0238095285714285,0.0384012694915254,0.0031746,0.02777775,0.0203734022727272,0.002469137037037,0.011555548,0.0161191212218649,0.00674245,0.111111,1.0,0.111111,0.301588,0.111111,0.410606,5.00904,57522.0,10909.0,0.113,0.3968,0.2847,0.0
0,0.1889278794186754,-0.1217109384525891,0.8727474290087243,-0.01743921368316,0.1087549874164989,-0.3156551571869495,-0.1050964186652984,0.0674480042465237,0.3709878635095311,4.570092134749064,0.1456976122784299,47.5,34.705882352941174,0.86,201,0.0,0.0,0.0,1.0,0.5812000000000002,1.0,0.4633,1.0,0.4685407545454545,0.0032156551724137,0.07277773,0.3973112249999999,0.0018518545454545,0.0051587333333333,0.0703038610778443,0.0025003834415584,0.0006523150684931,1.0,0.0833333,0.952381,0.0666667,1.0,0.111111,5.61201,30030.0,585.0,0.0867,0.3578,0.2422,0.0
0,0.358561745292739,0.414072434349619,1.122801401506275,-0.0108149575429336,-0.1014318125476789,-0.3174999403580856,0.3812623593902762,0.4519768413463006,0.7530694082963035,1.5627623239112824,0.4694934420660184,45.04924831518922,31.176470588235293,0.93,833,0.0,0.0,0.0,1.0,0.0,0.0,0.15134999999999998,1.0,0.0045679044444444,0.2476686875,0.0009259266666666,0.0018939386363636,0.0061110999999999,0.0021367576923076,0.003938697069597,0.0023088034090909,0.00257988503937,0.0833333,0.722222,0.0833333,0.122222,0.111111,0.0666667,11.0199,13337.0,77.0,0.0792,0.4208,0.1882,0.0
0,0.6047620930058352,-0.2278944597443984,1.914964465279692,-0.0952803764077232,-0.0229275973154524,-0.1338048623855917,0.4369899807085579,-0.1498288438536374,1.9452770462384,5.353396622236228,0.4750862215840089,49.009009009009006,34.11764705882353,0.66,975,0.0,0.0,0.0,1.0,0.5124,1.0,0.0,0.0,0.4806008318181817,0.0,0.0,0.4968917952380952,0.0,0.0,0.1047542323529411,0.0,0.0079365,1.0,0.0,0.962963,0.0,0.865385,0.0,4.54561,12172.0,32891.0,0.0895,0.4184,0.2138,0.0
0,-0.2270323004187524,-0.3187746684999669,-0.3585682732618692,0.1513290557387319,0.339177899940198,0.9129858190476564,-0.297056856821398,-0.1782155900035415,-0.1011695480540572,0.3227708917453301,0.6895254409437849,45.11494252873563,36.47058823529412,0.63,1894,0.0,0.0,0.0,1.0,0.0765,1.0,0.0,0.0,0.0858585772727272,0.3259623432432432,0.0211655688172043,0.0,0.01583332,0.0024691347826086,0.005885120338983,0.0082039929824561,0.0046078797327394,1.0,1.0,0.0,0.122222,0.138889,0.152778,3.60115,4935.0,37484.0,0.088,0.3226,0.2729,0.0
0,-0.2977733688936431,-0.0045993891339942,0.0382763806973062,0.260449056321,0.3157186758273821,-0.0632064347417377,-0.2025174814450895,0.0953655174509326,0.1360430217317684,4.282336932901277,0.1919163649785217,49.083333333333336,36.47058823529412,0.62,0,0.0,0.0,0.0,1.0,0.1108,1.0,0.034,0.99,0.1631421516129032,0.0869793133333333,0.3258680625,0.091216096875,0.0052287647058823,0.0018518511111111,0.0201685014218009,0.0075014116751269,0.004682325203252,1.0,0.8,0.888889,0.0555557,0.605556,0.4,3.60115,310.0,10427.0,0.0258,0.4389,0.0587,0.0
0,-0.0513746554311533,-0.0159723757652925,-0.1453566258518401,0.4358933645317034,0.2953718618390596,0.4379933615834674,-0.1823236341084174,0.1962233616888655,0.0016615342004993,0.0488231436446904,1.0,42.72727272727273,40.588235294117645,0.62,796,0.0,0.0,0.0,1.0,0.044700000000000004,0.93,0.0,0.0,0.0069444416666666,0.0011904771428571,0.01666666,0.0,0.0,0.0222222,0.0010582,0.0034247548387096,0.0,0.0833333,0.0416667,0.0,0.0,0.037037,0.111111,5.34297,5206.0,8446.0,0.1067,0.396,0.2694,0.0
0,-0.0334057534840597,-0.2717100073926641,0.2255057881559412,-0.1878910891028623,-0.273547837235465,-0.3437259038015005,-0.0082225345222301,-0.2270816029480281,-0.1886781905162612,4.356267538491596,0.1965514823341028,43.99224806201551,34.705882352941174,-0.63,524,0.0,0.0,1.0,0.0,0.4582,1.0,0.14439999999999997,1.0,0.5611611432432433,0.0049019588235294,0.04098412,0.3649785573770491,0.0,0.0019047628571428,0.0513630793233082,0.0045374348484848,0.0054253975999999,1.0,0.0833333,1.0,0.0,0.588889,0.111111,6.31351,64024.0,36829.0,0.0691,0.4661,0.1481,0.0
0,0.0968759002063943,0.7164214680000589,0.5265393934608122,-0.0255208273449608,-0.0742618682376346,-0.5153614893115123,0.0508878939546547,0.4450623617168797,0.6351335589432955,5.157623874638533,0.0845598000733792,48.708920187793424,44.11764705882353,6.67,548,0.0,1.0,0.0,0.0,0.2555,1.0,0.0,0.0,0.0074074,0.0,0.2227513,0.0,0.0031746047619047,0.0018601187499999,0.0053099,0.0068039966292134,0.0020033769953051,0.111111,0.0,0.0,0.0666667,0.111111,0.111111,5.37208,401.0,639.0,0.0758,0.4826,0.1572,0.0
1,-0.017298817285365,0.1370680228781257,0.301209550338806,0.2705720762476722,-0.1362330583034211,-0.1238616363110225,-0.2831712994018874,0.2575199827257643,-0.0356031418300839,3.1233240411429577,0.4681124856355605,44.73942969518191,28.823529411764703,5.6,770,0.0,0.0,0.0,1.0,0.0,0.0,0.0326,0.94,0.0,0.0,0.0,0.013888875,0.0026455095238095,0.0034722208333333,0.0,0.0021183607407407,0.0,0.0,0.0,0.111111,0.0555557,0.0,0.047619,3.60115,689.0,1379.0,0.1166,0.3489,0.3343,1.0
1,-0.0154072908524942,-0.1583465985364465,0.5509750314384163,0.269284664076984,0.2153115302872378,0.750312988571572,-0.2842435606774299,-0.3140306652868927,0.4535424875586428,0.4302515092816649,0.8884375649455812,51.87165775401069,31.76470588235294,5.6,1179,0.0,0.0,0.0,1.0,0.00035000000000000005,0.07,0.032400000000000005,0.93,0.0015191,0.0,0.0107142857142857,0.0051075338709677,0.002777785,0.0,0.0036452201780415,0.0027336852713178,0.0023148208333333,0.0555557,0.0,0.0833333,0.0555557,0.111111,0.0666667,3.81299,30393.0,622.0,0.1008,0.3478,0.2898,1.0
1,-0.0445509367278912,0.5889550217359825,0.6592319549991149,-0.0976530187431662,-0.2408869539228826,-0.2602918061562944,-0.2348700322682949,0.3615942551550135,0.2647955577179655,0.7490303412529787,1.0,49.86338797814208,27.647058823529413,5.6,194,0.0,1.0,0.0,0.0,0.0,0.0,0.3735500000000001,1.0,0.0105071320754716,0.7562641428571428,0.0,0.0041404679245283,0.405047616,0.0094104428571428,0.0027917231092436,0.0385868588888888,0.0029461257575757,0.148148,1.0,0.0666667,0.7,0.111111,0.554762,3.81299,7829.0,23015.0,0.1505,0.4182,0.3598,1.0
1,-0.0655270951750501,0.3694663986306955,1.0728830665513478,-0.2584754101303753,-0.3077297734804024,-0.5016993009622149,-0.4128628372747618,0.7745160138569465,-0.2452824043396996,5.400778730130778,0.1791341666522823,45.3514739229025,29.411764705882355,5.6,567,0.0,0.0,0.0,1.0,0.0,0.0,0.22330000000000005,1.0,0.0063748064516129,0.0200945680851063,0.0,0.0043209844444444,0.0090311965517241,0.0074074,0.0058750519230769,0.0077388633484162,0.0,0.0833333,0.888889,0.111111,0.206349,0.111111,0.511111,3.64647,361.0,30774.0,0.0402,0.4387,0.0916,1.0
1,-0.3708212474790359,0.2950840182359935,0.94105636027328,0.1570203061334115,0.0561910804523541,-0.3150186883952034,-0.1142296470693858,0.352163427333979,0.7881123822431597,3.5628534740741173,0.303601947586373,50.03568879371877,43.52941176470589,5.6,0,0.0,1.0,0.0,0.0,0.0,0.0,0.10999999999999999,1.0,0.0102563846153846,0.0389030607142857,0.0079053862745098,0.0074786269230769,0.0125180272727272,0.0,0.0031650016129032,0.0055228315789473,0.0029021250936329,0.133333,1.0,0.111111,0.111111,0.111111,0.133333,3.64647,14689.0,18695.0,0.0295,0.4712,0.0626,1.0
1,0.0902845679468317,-0.130092270024491,0.6837302856694919,0.19892467221626,0.1003288541836028,0.2670469108511875,-0.0090474758808332,-0.1340372896699465,0.3367612960799394,0.309734970282692,0.6570129894819325,51.52079453755432,38.82352941176471,5.6,1979,0.0,1.0,0.0,0.0,0.034,1.0,0.0,0.0,0.0251851799999999,0.0,0.0,0.0206916071428571,0.0,0.0011904771428571,0.0038385577922077,0.0047178158730158,0.000753146491228,0.622222,0.0,0.694444,0.0,0.116667,0.111111,5.08398,34195.0,686.0,0.0507,0.4389,0.1156,1.0
1,0.0823369713218962,0.0397992908803027,0.4540125917433505,-0.2408471746490492,-0.0283862270454466,-0.0849743899450521,-0.1715732219803967,0.0154056543171025,0.8247274436393781,3.45594844411834,0.5894989490979191,46.40804597701149,42.94117647058823,5.6,478,0.0,1.0,0.0,0.0,0.12649999999999997,1.0,0.0,0.0,0.0011337897959183,0.005387203030303,0.0027777766666666,0.0006887045454545,0.0021786549019607,0.0012345666666666,0.005104430620155,0.0018153116022099,0.0029889549707602,0.0555557,0.111111,0.030303,0.0555557,0.111111,0.111111,6.01085,1633.0,5178.0,0.0813,0.4282,0.1898,1.0
1,0.2322573756606584,-0.2536254371996287,0.0797520195059188,-0.130959961451401,0.4303333632755482,-0.2941759038187373,0.3674615535141157,0.0623934682162627,0.0197531536077413,2.6789230619967337,0.2943694305872056,46.23456790123457,41.17647058823529,5.6,1912,0.0,1.0,0.0,0.0,0.0675,1.0,0.0,0.0,0.1574582826923077,0.0016666674999999,0.0059451628571428,0.0149020659574468,0.0007880212765957,0.0020885578947368,0.0100753951417004,0.0019732352941176,0.0030795892018779,1.0,0.0666667,0.488889,0.037037,0.305555,0.0833333,5.40413,1143.0,4073.0,0.0434,0.3451,0.1258,1.0
1,0.1940275548038871,0.3449596175360447,0.1202946776408448,-0.0844394306520067,-0.2363869657228226,-0.2307357968447842,0.1974741748838466,0.7289002536243162,0.8700531306390452,4.8896026773171,0.1836741794988146,46.7680608365019,42.35294117647059,5.6,1448,0.0,1.0,0.0,0.0,0.0,0.0,0.049,0.94,0.1675983260869565,0.0039682553571428,0.274197764516129,0.0027151184210526,0.0023191081632653,0.0012820519230769,0.0037120103139013,0.0028473725,0.0066721166666666,1.0,0.0833333,0.111111,0.0833333,0.111111,0.15,5.34297,241.0,15234.0,0.0945,0.6605,0.1431,1.0
1,-0.0341740700061308,0.301026135453533,0.4632168442946561,-0.2247370341305799,-0.0949013287490892,-0.0124784702232819,-0.0902721818860032,0.5138097752246822,0.7122061723283201,3.8548876949741,0.1178407590202837,47.19101123595505,42.35294117647059,5.6,6530,0.0,1.0,0.0,0.0,0.0,0.0,0.0,0.0,0.02148149,0.1205881911392405,0.0187157614035087,0.0033548014492753,0.0032985263157894,0.0035250026315789,0.0027314804166666,0.0027991112980769,0.0025446997206703,0.577778,1.0,0.111111,0.088889,0.111111,0.0833333,3.67481,1291.0,3679.0,0.1152,0.6102,0.1888,1.0
1,-0.0117186050507577,0.7170787693629197,-0.0829127523485948,0.5192562088625714,0.0406489781052616,0.1141975591181213,-0.037797803480874,0.8414056637092369,-0.0535356094608594,0.2002287219712003,0.7846601528462704,44.51790633608815,36.47058823529412,5.6,1233,0.0,1.0,0.0,0.0,0.0,0.0,0.38130000000000003,1.0,0.0021860184210526,0.0,0.0710899944954128,0.0026485258620689,0.0039682642857142,0.0016591734104046,0.0018751460251046,0.0018631426829268,0.0035533397435897,0.037037,0.0,0.0666667,0.0555557,0.111111,0.111111,3.24248,1647.0,267.0,0.0799,0.27,0.2957,1.0
1,-0.230225333548478,-0.4622089349882934,-0.2086258658409776,0.2347336004144879,0.145504793521409,0.2418259563079098,-0.3300000843170401,-0.2010238878789683,-0.4104942937968146,1.5589552501959008,0.7799923111207512,43.04556354916067,27.647058823529413,1.44,0,0.0,1.0,0.0,0.0,0.09445,1.0,0.0,0.0,0.7334335243243242,0.045634938095238,0.0027777766666666,0.303970843902439,0.003981485,0.0,0.054169620224719,0.0035617768240343,0.00463631875,1.0,0.916667,0.858586,0.0666667,0.618254,0.0833333,4.25421,82998.0,9477.0,0.1407,0.3594,0.3916,1.0
1,0.2016238319749528,-0.1606492241267676,-0.2635003313162688,-0.3626383298415357,-0.136015668441719,0.076416121450972,-0.4594405966660655,-0.4093643264353861,-0.4990718171706132,0.4186867341996252,0.8635354489806358,45.14124293785311,39.41176470588236,1.44,0,0.0,1.0,0.0,0.0,0.08695,1.0,0.35045000000000004,1.0,0.0197279057142857,0.951389,0.0143162423076923,0.0014124288135593,0.21527775,0.0032051269230769,0.0021982586345381,0.0237036933333333,0.0041501298611111,0.634921,1.0,0.0833333,0.288889,0.111111,0.111111,6.31351,6518.0,738.0,0.1533,0.5909,0.2594,1.0
1,-0.1102639831182047,-0.2264836952582312,-0.0889057854952527,0.1206904738443982,0.170470809481697,-0.490064012543329,-0.1920961617921771,-0.0537069266245259,-0.0210383534568992,2.017958589149729,0.577760948292665,47.66081871345029,37.05882352941177,1.44,1212,0.0,1.0,0.0,0.0,0.28715,1.0,0.35950000000000004,1.0,0.1479423888888889,0.4701658181818182,0.002619046,0.0932461764705882,0.0970238142857142,0.0040322580645161,0.0812232396825396,0.0398924365269461,0.0011426863468634,0.962963,1.0,0.576852,0.866667,0.740741,0.583333,3.45864,24074.0,6659.0,0.0707,0.3051,0.2317,1.0
1,-0.1837671479986029,-0.0450424121214992,-0.0966894376907307,0.2017448832237077,-0.1539983665900334,-0.2199009957814837,-0.4830925321997643,-0.0207185166620826,-0.3580439410889888,3.584144819751146,0.4272479312844684,45.45454545454545,25.882352941176475,1.45,490,0.0,0.0,1.0,0.0,0.1848,1.0,0.36349999999999993,1.0,0.0052910047619047,0.1416666928571428,0.0,0.0056689285714285,0.0150462916666666,0.0013227547619047,0.002743486419753,0.0200027963157894,0.0037286650943396,0.0833333,1.0,0.111111,0.111111,0.111111,0.544444,4.34117,3058.0,43047.0,0.0325,0.3815,0.0851,1.0
1,0.0003724813523595,-0.2848720878123741,-0.1443531279525838,0.360947967632175,0.1785675114624091,0.5123962297893689,-0.2231794009317824,-0.4334901109830279,0.2154059119503571,1.6715148199117076,0.569037768548147,40.75425790754258,37.05882352941177,1.45,130,0.0,1.0,0.0,0.0,0.39579999999999993,1.0,0.4159999999999999,1.0,0.0297619,0.0032407388888888,0.0010964921052631,0.0136712580645161,0.0031362064516129,0.0068518566666666,0.0079878103030303,0.0039456836363636,0.0005005,0.277778,0.0833333,0.22619,0.0555557,0.133333,0.111111,4.34117,9208.0,37141.0,0.1766,0.5092,0.3468,1.0
1,0.1838930423290723,1.3625604953933346,1.747679896864773,-0.1679697699630004,-0.2888221966904379,-0.4709158952356155,0.2453558016244286,-0.1059916198334353,1.5106639431666489,2.249366108391268,0.4637905693543047,49.46236559139785,32.94117647058823,1.45,1205,0.0,0.0,0.0,1.0,0.21140000000000003,1.0,0.0,0.0,0.0,0.0,0.0,0.0,0.0119047555555555,0.0,0.0047052142857142,0.0063395280487804,0.0,0.0,0.0,0.0,0.0833333,0.0833333,0.111111,5.00904,182.0,46.0,0.0881,0.3278,0.2689,1.0
1,0.0592753661136215,0.0012325849994036,0.7116423878068563,0.3503293276950637,-0.2269787951911366,-0.3031546929579299,0.0877366995179297,0.0147010882056235,0.7091979812464752,1.8559963831843875,0.6326431684549455,48.735632183908045,32.35294117647059,1.46,232,0.0,1.0,0.0,0.0,0.21450000000000002,1.0,0.19049999999999997,1.0,0.0,0.1240362857142857,0.0021367512820512,0.0,0.00833333,0.002849,0.0,0.0068783101010101,0.0044438126984126,0.0,0.690476,0.0,0.0833333,0.0,0.261111,9.68414,35.0,22830.0,0.0819,0.6123,0.1338,1.0
1,-0.208053338212885,-0.531344987345349,-0.3555726471636495,-0.1313022969018621,-0.347737215004744,-0.2011068016711828,-0.4738379673152758,-0.4107476287456784,-0.6744781307558348,0.1875571321685718,0.899312789140779,43.48864994026284,38.23529411764706,1.51,645,0.0,0.0,0.0,1.0,0.18635000000000002,1.0,0.5251,1.0,0.8923645517241379,0.8796296666666666,0.896891611111111,0.4496532961538461,0.5922901428571429,0.2870605535714285,0.0527896688622754,0.0511832872727272,0.0374265579310345,1.0,1.0,0.869048,0.933333,0.62381,0.916667,4.6751,4517.0,12395.0,0.0166,0.4385,0.0379,1.0
1,-0.4124779019054886,0.0324762019282298,0.3076272710202313,0.1918651999132346,0.1326444927520328,0.5757754012136882,-0.2498669006064962,-0.0843643525405797,0.3429305055676396,1.1870133316551494,0.7860794586549404,49.69853574504737,41.76470588235294,1.52,716,0.0,1.0,0.0,0.0,0.21099999999999997,1.0,0.0,0.0,0.0054466294117647,0.2392103913043478,0.0031525562499999,0.0124657965517241,0.042928553125,0.0056763347826086,0.0103871853260869,0.0073520772727272,0.0050084166666666,0.0555557,1.0,0.0833333,0.527778,0.222222,0.111111,5.00904,15495.0,1658.0,0.0696,0.4317,0.1612,1.0
1,-0.1323508080929565,-0.0304445488855567,1.3897312610601142,-0.2673841501793544,0.1221719597921044,-0.2397657805954854,-0.2202008077355466,0.0574297776493238,1.516735326968225,4.195555083366558,0.1934409868875933,54.69255663430421,27.647058823529413,5.92,1360,0.0,1.0,0.0,0.0,0.0,0.0,0.09999999999999998,1.0,0.0024807,0.1023786672413793,0.0,0.0025368482142857,0.0855185862068965,0.0069444416666666,0.0021632223367697,0.0038549251082251,0.0,0.0666667,1.0,0.0666667,0.722222,0.111111,0.111111,5.4697,1809.0,3324.0,0.0952,0.5004,0.1903,1.0
1,-0.1247056861329678,-0.1487254250737253,-0.3972768585364936,0.0259953160912898,-0.013738110771862,-0.3698425094233086,-0.3641708635447722,-0.2798761661421483,-0.5474853435708275,0.0,,40.849673202614376,40.588235294117645,5.91,689,0.0,1.0,0.0,0.0,0.0011,0.16,0.26449999999999996,1.0,0.2771993389830508,0.033950625,0.0,0.0821644981818181,0.0068056803921568,0.0,0.0082534424501424,0.0048900784313725,0.0099849837837837,1.0,0.777778,0.888889,0.206349,0.400794,0.111111,5.62029,955.0,1211.0,0.2542,0.3295,0.7713,1.0
1,-0.053017059578095,0.0544654454014622,-0.0840934470494269,0.0587906613899595,0.239237349611205,-0.1078428051745882,-0.1949943023846659,0.0507175266296445,-0.1887906442285809,1.832867173836176,0.6935128534158755,42.51115360101976,34.11764705882353,5.9,1333,0.0,1.0,0.0,0.0,0.0,0.0,0.2645,1.0,0.0565957204545454,0.042885,0.4770724444444444,0.0302611419354838,0.0106678027027027,0.0013888895833333,0.0105439141304347,0.0060167205607476,0.0021889601941747,0.607143,0.777778,0.365079,0.206349,0.373016,0.111111,3.89097,450.0,1336.0,0.1378,0.2398,0.5744,1.0
1,0.0185907194886784,-0.1977390621931588,0.2350184050158377,0.1672300438544488,0.2355194362341031,-0.0056151028132911,-0.3349308627504785,-0.0270746358283991,0.0498325503550534,0.5465703291684659,0.7129702752422251,43.48717948717949,34.11764705882353,5.87,576,0.0,0.0,1.0,0.0,0.21849999999999994,1.0,0.0,0.0,0.2076563529411765,0.0020325195121951,0.0011148260869565,0.0413800916666666,0.0044406666666666,0.004017853125,0.0509233307189542,0.0035111867986798,0.0034507543859649,1.0,0.0833333,0.48254,0.0833333,0.866667,0.111111,4.55976,8795.0,109986.0,0.0611,0.4181,0.1461,1.0
1,-0.1845431744054107,-0.1719280328319173,0.9453514973789586,0.2711315902957824,0.5349289688614085,-0.1870163614781272,-0.2813460989268256,0.0616465577892384,0.688755214579211,3.595236446486016,0.2426793133962556,48.26388888888889,45.88235294117647,5.84,368,0.0,0.0,0.0,1.0,0.043100000000000006,1.0,0.0,0.0,0.001692709375,0.3914183538461538,0.0,0.0046783710526315,0.1321679431034482,0.0,0.0020285606177606,0.0072673758957654,0.0066666657142857,0.0666667,1.0,0.0666667,0.916667,0.0833333,0.35,4.55976,93266.0,25608.0,0.0797,0.4068,0.1958,1.0
1,-0.0715659585595437,-0.2250394244915332,0.3908164179813816,-0.0022460561586289,0.006770458165212,-0.2633855683655988,-0.3089523066116162,-0.1535294076344114,0.5327168678393475,1.533891863538741,0.2140934636967248,51.252408477842,27.647058823529413,5.77,160,0.0,1.0,0.0,0.0,0.6862499999999998,1.0,0.4905,1.0,0.0628645441860465,0.0,0.0,0.0055837021276595,0.19652775,0.0111111062499999,0.0045125905759162,0.073682556,0.0095628360655737,1.0,0.0,0.111111,0.933333,0.111111,0.511111,3.60115,21917.0,96853.0,0.0498,0.622,0.0801,1.0
1,0.0995656803768509,-0.0286529798920349,0.9578552400666546,0.2856289378108,0.1419334130647244,-0.3401755418291071,0.1236866056954655,0.2132374640537759,1.4956406292887068,2.4207566019307416,0.6758687894019095,48.52767962308599,38.23529411764706,5.78,612,0.0,1.0,0.0,0.0,0.1085,1.0,0.3258,1.0,0.008547,0.0725071,0.05833325,0.0,0.0,0.0095238142857142,0.0030257962499999,0.0061564685714285,0.0022988517241379,0.111111,0.822222,0.0,0.0,0.0833333,0.114286,3.45864,298.0,33217.0,0.1177,0.6729,0.1749,1.0
1,-0.3126792789897404,-0.0780973253213895,0.1307438180153319,0.542601724257843,0.0580389749258238,0.3082014494864852,-0.2284150818364941,0.0298404658138394,0.059091118963331,2.69633939728531,0.6245087898615853,41.90031152647975,31.76470588235294,5.78,674,0.0,1.0,0.0,0.0,0.5905999999999999,1.0,0.0,0.0,0.0,0.0036929061224489,0.0,0.005952375,0.001190475,0.0087037133333333,0.0029084988235294,0.0025388682819383,0.002207341875,0.0,0.0666667,0.047619,0.0333333,0.0833333,0.0833333,3.45864,6934.0,26780.0,0.085,0.3612,0.2353,1.0
1,-0.1951877547342684,-0.6009345082791593,-0.0982021015562265,0.653157291183399,0.9328179950214376,0.9001441608046946,-0.0141355350712975,-0.6504007657963382,-0.1729493986514525,0.2219778225147995,0.9905080770718582,52.75200989486704,35.88235294117647,5.8,0,0.0,1.0,0.0,0.0,0.0,0.0,0.0,0.0,0.0,0.037037,0.0022988517241379,0.0,0.0,0.0009469704545454,0.0024112659722222,0.0,0.0042204832298136,0.0,0.111111,0.0,0.0,0.0833333,0.0,5.34297,8942.0,22168.0,0.0331,0.36,0.0918,1.0
1,-0.3629482327073031,0.1539004935571269,0.2645731126016696,0.1628703285873112,0.034463513994918,-0.3047078377571292,-0.2225298159928598,0.172738796808358,0.4268712439191646,4.054074015755787,0.1213260193911393,45.58303886925796,42.94117647058823,5.84,1885,0.0,0.0,1.0,0.0,0.0018,0.22,0.081,1.0,0.0,0.0,0.23557,0.0,0.0,0.0163194375,0.0,0.0007183913793103,0.0027322393442622,0.0,0.0,0.0,0.0,0.0,0.0416667,4.66032,26425.0,1634.0,0.081,0.5731,0.1413,1.0
1,0.5520160888043845,0.2746095179469027,-0.2633477629101427,-0.2825953861152958,-0.1804253214722545,-0.328012458897951,0.7793728656969632,0.3040530805508638,-0.1669958101886057,4.332376813221888,0.2646540201522867,43.50282485875706,35.88235294117647,6.62,289,0.0,1.0,0.0,0.0,0.20879999999999999,1.0,0.2763999999999999,1.0,0.006555564,0.0266666571428571,0.0546416621212121,0.0789682727272727,0.0029761875,0.0034691546391752,0.0785411572289156,0.0737226408284023,0.0041500906329113,0.0666667,0.933333,0.406349,0.047619,0.888889,0.833333,3.67481,10940.0,1660.0,0.018,0.3429,0.0526,1.0
1,-0.0158389910289915,-0.0992299142364643,1.378701509845676,-0.1806128726749847,-0.244643792184129,-0.4295997367257593,0.5616306096507937,-0.0062935472093597,1.6356530678378358,3.165045024586007,0.2006959567692915,50.89285714285714,42.94117647058823,6.64,334,0.0,0.0,0.0,1.0,0.2709,1.0,0.0,0.0,0.0301146305555555,0.0075757545454545,0.0,0.00721958,0.0019607852941176,0.0,0.0636203830845771,0.0027407406666666,0.0029495373134328,0.933333,0.0833333,0.115741,0.0666667,0.833333,0.111111,3.67481,337.0,98.0,0.1856,0.6044,0.307,1.0
1,0.7185141866716076,-0.0623053576035001,0.1733290110770398,-0.1287383436871723,-0.0320524747515575,-0.2078978086995143,0.3302870364872622,-0.1145401599160363,0.5062104829492049,1.285034052969588,0.8138240546552765,43.52179034157832,28.823529411764703,6.85,1729,0.0,1.0,0.0,0.0,0.15899999999999997,1.0,0.0,0.0,0.0017094025641025,0.1461309625,0.0708253939999999,0.0059996178571428,0.0071428562499999,0.0044299235294117,0.0026101560344827,0.0009746614035087,0.0035943863636363,0.0666667,0.904762,0.0833333,0.0666667,0.0833333,0.0555557,4.86195,629.0,2304.0,0.0589,0.5341,0.1104,1.0
1,0.1220512661354058,0.1886214602564177,1.517197484932903,-0.094157096968964,-0.1046487350705791,-0.1330732246301051,-0.1984020966342745,0.1481735386261125,0.8439887780149886,4.868567486846743,0.1754959647713737,50.3448275862069,37.64705882352941,6.86,4574,0.0,1.0,0.0,0.0,0.0,0.0,0.0,0.0,0.0998185914285714,0.2714285875,0.0208333375,0.0060931967741935,0.005291,0.0066666699999999,0.0026554488721804,0.0023640638297872,0.0029239842105263,1.0,0.904762,0.0666667,0.047619,0.111111,0.111111,3.60115,1784.0,1247.0,0.0602,1.0744,0.056,1.0
1,-0.0230294085577228,0.0377004708656003,0.3282874974356705,0.7465650616362101,0.4313338736712781,0.2651490654999718,-0.3826254456610569,-0.0076805668650017,0.0037671264705006,0.914700657068287,0.7414233624843153,47.40061162079511,35.294117647058826,6.93,401,0.0,0.0,1.0,0.0,0.07295,1.0,0.054450000000000005,1.0,0.1697924233333333,0.0742578037037037,0.0,0.0145795853658536,0.0184703999999999,0.0,0.0060745552727272,0.0132538003311258,0.0086563348837209,0.962963,1.0,0.472222,0.47619,0.111111,0.327778,5.06454,5357.0,8143.0,0.0498,0.6185,0.0805,1.0
1,-0.3076575327130126,0.0991694878090304,1.827506440747081,-0.2143180077050462,-0.030179256196549,-0.3693697711275375,-0.4711387779101654,-0.0835722603994037,0.8596269579897072,3.215894946444501,0.334735714776416,51.698113207547166,30.58823529411765,7.01,927,0.0,0.0,1.0,0.0,0.14295,1.0,0.0,0.0,0.0,0.0032894736842105,0.0,0.0,0.0030349833333333,0.0,0.0026341051724137,0.0038124960144927,0.0054421761904761,0.0,0.0833333,0.0,0.0666667,0.0555557,0.111111,4.34117,234.0,444.0,0.1008,0.4796,0.2101,1.0
1,-0.138707249125138,0.1584208156247595,0.5070882574918427,-0.2513686674267472,-0.1096051942425662,-0.3896576985998534,-0.3116892562211466,-0.4048078884136984,-0.0439649380838429,2.245587482674447,0.6785821741557321,46.15384615384615,32.94117647058823,7.1,334,0.0,1.0,0.0,0.0,0.0275,1.0,0.24635000000000004,1.0,0.0202020272727272,0.0429292954545454,0.0109126928571428,0.0,0.0108400975609756,0.0,0.0032437042253521,0.0043572986928104,0.0016711845528455,0.138889,1.0,0.0,0.444444,0.111111,0.111111,6.19856,78464.0,3953.0,0.0952,0.1944,0.4898,1.0
1,-0.1961371283181229,-0.0720613347466826,0.6470910121350266,0.1616040768161689,0.0347803556004194,-0.2319992286548096,-0.2828309645174409,0.0381513602978222,0.901516444472504,4.188158474355054,0.1773445327066008,52.38095238095239,32.94117647058823,7.15,437,0.0,0.0,0.0,1.0,0.05250000000000001,1.0,0.102,1.0,0.0,0.0039682642857142,0.03333335,0.0,0.0087301714285714,0.0,0.00347223125,0.003418111,0.0,0.0,0.0555557,0.0,0.0666667,0.0555557,0.111111,6.19856,72171.0,10077.0,0.0693,1.4778,0.0469,1.0
1,-0.2314186206770133,0.9349694743283614,1.6291638027181137,0.1443704293381887,-0.0772133382042174,-0.1103570991642716,-0.2115864887299132,1.1383129622111068,1.578905877306334,2.4020982824857087,0.3857710820379464,48.55967078189301,48.8235294117647,7.22,341,0.0,1.0,0.0,0.0,0.29795,1.0,0.122,1.0,0.0042735153846153,0.0798611249999999,0.0,0.0,0.014856146875,0.0,0.0026455,0.0167120609467455,0.0069444416666666,0.0555557,0.916667,0.0,0.15,0.111111,0.588889,6.19856,18525.0,64002.0,0.1341,0.7823,0.1714,1.0
1,-0.1683866802007876,-0.0244975001299127,-0.0100675686630826,0.4059335111243037,0.0092153153995556,-0.3282127907952803,-0.1985790242999978,-0.034746433879768,-0.4772618995796519,1.3445977819438333,0.7565132410818932,48.78787878787879,30.0,7.45,349,0.0,1.0,0.0,0.0,0.4241500000000001,1.0,0.0,0.0,0.0,0.0104166625,0.0,0.0,0.0,0.0,0.0123456666666666,0.0069767465116279,0.005555565625,0.0,0.0833333,0.0,0.0,0.111111,0.111111,3.67481,45121.0,37015.0,0.0429,0.4814,0.0892,1.0
1,-0.1355863267316507,0.0690687344522834,0.8871740340626857,-0.0748056293307906,0.0892689755314955,-0.2460513090768004,-0.2183383073992808,0.1779856002887818,1.3852607007646955,4.726653944169948,0.4078631594187014,53.05975521958244,35.294117647058826,7.64,0,0.0,1.0,0.0,0.0,0.10965,1.0,0.0,0.0,0.0074074111111111,0.0106397366666666,0.00444444,0.0,0.0020833333333333,0.004629625,0.0016260170731707,0.0032522603351955,0.0046296266666666,0.0666667,0.111111,0.0,0.0416667,0.0666667,0.111111,3.67481,64587.0,16310.0,0.0402,0.5188,0.0775,1.0
1,-0.1266685385158403,-0.0519469695099154,-0.3068975478355343,-0.0739159346363646,-0.1431371834528138,-0.1133502296288331,-0.218132520595316,-0.1494560789680031,-0.2166293213058753,1.0536722923997308,0.6457337003112104,43.44086021505376,34.705882352941174,7.68,614,0.0,1.0,0.0,0.0,0.091,1.0,0.0,0.0,0.0,0.0096724878787878,0.0,0.0,0.0019230769230769,0.0020576185185185,0.0,0.0036045627777777,0.0039548033898305,0.0,0.111111,0.0,0.0416667,0.0,0.111111,3.67481,13026.0,68756.0,0.041,0.3753,0.1091,1.0
1,0.201327102897766,0.0212751795226472,-0.0305780839741497,-0.162642735742224,0.2198577680766552,0.1975766453416071,0.4618245941387414,-0.1881024510511899,-0.0404861654574625,0.0333689959728755,0.8552962418029784,47.815414825724105,27.058823529411764,0.63,0,0.0,1.0,0.0,0.0,0.2026,1.0,0.0,0.0,0.3719225105263157,0.0,0.0,0.0774248846153846,0.0,0.0,0.0127323746835443,0.0222222,0.0030321068181818,1.0,0.0,0.703704,0.0,0.222222,0.111111,8.01446,57498.0,3511.0,0.6821,4.1271,0.1653,1.0
1,-0.0342968272482946,0.0042821529070504,0.1467239825680366,-0.0651499292097202,-0.1304037210589017,-0.2670984276798525,-0.3085685245887056,-0.0998742898160188,0.2205151137269456,2.6416961887372983,0.3825183078169712,43.091787439613526,34.11764705882353,-2.6,0,0.0,0.0,0.0,1.0,0.099,1.0,0.23079999999999998,1.0,0.9017273529411765,0.0277777666666666,0.0948863083333333,0.2744178466666666,0.0,0.0,0.0312739620689655,0.0039215705882352,0.0,1.0,0.0833333,0.626984,0.0,0.366667,0.0666667,3.67481,10726.0,6760.0,0.0268,0.5146,0.052,1.0
1,-0.1788275398194316,-0.122244924194449,0.297217873777334,0.0614013794160032,-0.0467674247240431,-0.3301636016723728,-0.3157780269544462,0.1686902760801974,0.4782825124142819,4.173017345649219,0.1506059967660331,45.45454545454545,37.64705882352941,-2.47,0,0.0,0.0,0.0,1.0,0.166,1.0,0.16745000000000002,1.0,0.0,0.262169347826087,0.3515620793650794,0.0,0.1180747952380952,0.0281522146153846,0.0,0.0066189035019455,0.0183042427553444,0.0,1.0,0.0,0.685185,0.0,0.197619,4.45679,3737.0,8505.0,0.0663,0.3704,0.1789,1.0
1,0.0196408712693176,0.3926672261852943,0.7172186494439552,-0.0586118936338631,-0.1039929799489699,-0.2763967538214209,-0.1985127222978877,0.8341432237191805,0.2827224439107938,0.9943990488526308,0.9638977218079908,51.54679040989946,32.94117647058823,-2.42,870,0.0,1.0,0.0,0.0,0.0655,1.0,0.0,0.0,0.0033436194444444,0.0013888899999999,0.0029239736842105,0.0009718163265306,0.0,0.0059523793103448,0.0033643511904761,0.0029406387283236,0.002574959047619,0.0833333,0.0277778,0.047619,0.0,0.144444,0.0833333,4.45679,7409.0,325.0,0.0864,0.4713,0.1833,1.0
1,0.0779288017572449,0.0775426197766749,1.1914430525303354,0.1808994624657033,-0.0196707032815841,-0.2131473619116923,-0.0158046878195002,0.131195699599523,1.3144156493311263,5.203164403799861,0.2756059852641453,45.45454545454545,38.23529411764706,-2.32,476,0.0,0.0,0.0,1.0,0.5103499999999999,1.0,0.09600000000000002,1.0,0.0,0.0631226206896551,0.0,0.0111111166666666,0.001126127027027,0.0,0.0069233404255319,0.0019204748691099,0.0,0.0,0.767857,0.0666667,0.0416667,0.166667,0.111111,4.34117,2213.0,42228.0,0.187,0.3323,0.5626,1.0
1,-0.0377956691177273,0.4143507144569647,1.486438686263428,0.166261511611558,-0.2120864893002764,-0.4676184233065375,0.1803555940264211,0.0607421991283288,2.115153218152997,2.676531759593781,0.2490990913093821,48.13519813519814,42.94117647058823,-2.22,327,0.0,0.0,0.0,1.0,0.33849999999999997,1.0,0.05295,1.0,0.2512969682926829,0.9666665,0.0,0.0681817727272727,0.32499975,0.0068027142857142,0.0087797795180722,0.0137777719999999,0.0,1.0,1.0,0.694444,0.633333,0.177778,0.111111,4.34117,31469.0,12794.0,0.0886,0.4818,0.1838,1.0
1,-0.1481775754004876,0.0528797703188172,0.6135339747040472,-0.0672415106384606,-0.0081103107855658,-0.1478435223953025,-0.3919204249870499,-0.061002848813738,0.3270672876139775,1.271455556569054,0.498168729842339,46.98887610280016,33.52941176470588,-2.14,0,0.0,0.0,1.0,0.0,0.0,0.0,0.036950000000000004,0.93,0.0084019148148148,0.0136507849999999,0.1310758466666667,0.0,0.00402777,0.0,0.0020925704819277,0.002025416184971,0.002283105479452,0.111111,0.111111,0.0,0.133333,0.0833333,0.152778,4.34117,22017.0,20155.0,0.1393,0.7575,0.1839,1.0
1,-0.1096528879818654,-0.3152364982759665,-0.1162258020650918,0.0972123764627427,0.3324536965619009,0.8522389323526331,-0.1508903322178847,-0.3839116535828565,-0.2386794428641062,0.0180268478760501,1.0,45.560109289617486,35.294117647058826,-2.05,325,0.0,1.0,0.0,0.0,0.3263,1.0,0.2662999999999999,1.0,0.1635033127659574,0.4615384615384615,0.0231481433333333,0.0954463553191489,0.0712823894736842,0.0054563464285714,0.0130800327659574,0.0231011454545454,0.0015452536423841,1.0,1.0,0.958333,0.52381,0.253968,0.527778,4.02482,29654.0,14187.0,0.2226,4.4023,0.0506,1.0
1,0.623729507600237,0.2208728228428759,0.3615422757820102,-0.193643134152794,-0.0195784606167691,-0.2690441632810949,0.590536630640992,0.3208691431669619,0.2363358063732332,2.5964630465945384,0.2747501444396037,45.07857733664185,33.52941176470588,-1.86,706,0.0,0.0,1.0,0.0,0.38014999999999993,1.0,0.0825,1.0,0.3194443999999999,0.0,0.0999999999999999,0.2191077272727272,0.0,0.0046296277777777,0.0444128537313432,0.0,0.0015873023809523,1.0,0.0,0.902778,0.0,0.555555,0.0,4.02482,476.0,36241.0,0.1687,0.4005,0.4213,1.0
1,0.1088409562811919,-0.118749021506937,-0.238442237715296,0.1930331095177788,-0.0569176206519143,-0.1348327495457817,0.527020199721709,-0.3121671621933102,-0.3127305411086415,0.816425441498185,0.9882326773201658,43.80165289256198,25.294117647058822,1.35,724,0.0,1.0,0.0,0.0,0.17345000000000002,1.0,0.16445,1.0,0.2059665107142857,0.149539696,0.0116732783333333,0.2277763976190475,0.0137426842105263,0.0028196193877551,0.1019784093023255,0.0107131747899159,0.0033625699398797,1.0,1.0,0.962963,0.15,0.888889,0.388889,7.71651,5555.0,23265.0,0.0646,0.3686,0.1752,1.0
1,-0.0627439204044398,-0.4102849706274929,-0.1703351369283646,0.3511961656949161,0.1658809491976854,-0.0887223058888874,-0.4335209274992656,-0.4424103506856732,-0.1758230122644648,2.025258366643278,0.2477409235386508,44.42658092175777,31.176470588235293,3.52,0,0.0,0.0,1.0,0.0,0.4395,1.0,0.0,0.0,0.9241548333333331,0.007215,0.0694360531746031,0.3227695161290322,0.0,0.0030637249999999,0.0375792984693877,0.0018229177083333,0.0041372212328767,1.0,0.111111,1.0,0.0,0.527778,0.0666667,5.67691,48239.0,42761.0,0.0882,0.4214,0.2093,1.0
1,-0.0798565470795483,0.4750527614655128,-0.0026073344576221,-0.1801567125460475,-0.1300655969656782,-0.4807505945130828,0.0112773641300741,0.7100416037726504,-0.0215945671006517,2.2394028875048044,0.3118729247764482,44.94623655913978,46.47058823529412,6.27,0,0.0,1.0,0.0,0.0,0.0,0.0,0.1225,1.0,0.0,0.0075569347826086,0.0049019588235294,0.0,0.0026455,0.0017543868421052,0.0,0.0053126,0.0026960084848484,0.0,0.0833333,0.0,0.047619,0.0,0.111111,71.9164,26650.0,30976.0,0.025,0.3764,0.0663,1.0
1,0.4074368957850022,0.0605848471539317,1.7099232643646451,-0.1728026060642548,0.1011326929042687,-0.5850661493375157,0.6445071249015719,0.0506248996183565,2.025629371647697,4.420944272775802,0.1272988270054154,52.54237288135594,42.94117647058823,6.27,448,0.0,1.0,0.0,0.0,0.2816,1.0,0.0,0.0,0.66858460625,0.0039215705882352,0.0,0.13631024,0.0067460285714285,0.0,0.0260699717277486,0.0013227537037037,0.0,1.0,0.0666667,0.634921,0.111111,0.533333,0.0555557,3.60115,16846.0,42520.0,0.0037,0.4841,0.0077,1.0
1,0.4427245933305649,0.2766331309327962,0.0530184076942852,-0.4300130086970862,0.089396789562982,-0.4210529789928651,0.5637990283779034,0.0655839881607299,-0.2814006369537244,0.8385408803835797,0.6207050095005815,43.333333333333336,38.82352941176471,6.28,629,0.0,0.0,0.0,1.0,0.3092,1.0,0.0,0.0,0.0,0.0416666666666666,0.0069444625,0.0047789677419354,0.0028703728571428,0.0,0.0059600096153846,0.0034990914062499,0.0030303038961038,0.0,1.0,0.111111,0.0666667,0.0833333,0.166667,6.77864,1267.0,26787.0,0.627,0.7726,0.8116,1.0
1,0.2767123360789309,0.0291833886922456,2.329653247035668,0.1402074457041617,-0.1409800911743492,-0.368169288165347,0.1207094746042944,0.0984757243635909,2.369430663217482,2.6538377156697845,0.2274872916974416,55.85106382978723,28.823529411764703,6.28,899,0.0,0.0,0.0,1.0,0.17499999999999996,1.0,0.30905,1.0,0.0,0.0,0.0,0.0026455095238095,0.005291,0.0,0.0033779380165289,0.0044868752475247,0.0,0.0,0.0,0.0555557,0.111111,0.0833333,0.0833333,4.34117,5795.0,85.0,0.0897,0.4097,0.219,1.0
1,-0.0007122921756821,0.2892096455820736,0.1537539944390839,-0.1435139139041389,0.1425462100009293,-0.3014891575127239,-0.3836311933147863,0.3541762092604512,0.4946881963248059,2.518204981833027,0.0908843412391021,47.940074906367045,37.05882352941177,6.28,261,0.0,1.0,0.0,0.0,0.2103,1.0,0.2502,1.0,0.0,0.3282557522388059,0.0,0.0,0.1060362185185185,0.0,0.0,0.0206908810584958,0.005291,0.0,1.0,0.0,0.838462,0.0,0.972222,5.29581,57561.0,29750.0,0.1162,0.4376,0.2656,1.0
1,-0.0630894154744614,-0.1014028658932409,-0.0921474360368414,0.2639484657127119,-0.197107231290108,0.1682024681755457,-0.1208178533975559,-0.5864162654818625,-0.4641087974572693,0.0348598820474884,0.8452659127998924,43.56902356902357,38.23529411764706,2.4,0,0.0,0.0,0.0,1.0,0.7486000000000002,1.0,0.5276500000000001,1.0,0.41770285,0.6995842857142858,0.0423280714285714,0.3313491928571428,0.3299934166666666,0.0077972631578947,0.0861671423913043,0.0644444088888888,0.0039498237704918,1.0,1.0,0.933333,0.779762,0.738889,0.944444,10.6859,9776.0,22607.0,0.0681,0.444,0.1534,1.0
1,-0.2236524745423742,0.7640477696349537,-0.1076164879407396,-0.2001856927158589,-0.1904436770822018,-0.135632078052125,-0.3166992923353841,0.5841658161991375,0.100111636853514,4.299949148366888,0.1791898352308115,42.204301075268816,31.76470588235294,2.55,3160,0.0,1.0,0.0,0.0,0.0,0.0,0.0,0.0,0.0055555566666666,0.0,0.0740740833333333,0.0024801625,0.0064484178571428,0.007017547368421,0.0026849547945205,0.0033837829457364,0.0028853308411214,0.111111,0.0,0.0555557,0.0833333,0.111111,0.111111,4.55976,20538.0,4322.0,0.0709,0.3381,0.2096,1.0
1,0.2326734931208258,-0.1487995610889619,0.5135896118026664,0.208582682018957,-0.1978518306905778,-0.2520593602060275,-0.0882600242438606,-0.5101579201510484,0.4882237080166539,4.13096999696541,0.1687774267033744,47.86620530565167,38.82352941176471,3.77,0,0.0,0.0,0.0,1.0,0.66445,1.0,0.45254999999999995,1.0,0.90418655,0.2699429,0.293847064516129,0.4222985,0.1448199419354838,0.2649541553571429,0.0480446570588235,0.0237657883064516,0.058307552173913,1.0,1.0,0.888889,1.0,0.539683,0.722222,4.55976,8061.0,16434.0,0.1552,0.3154,0.4921,1.0
1,0.0586448232702679,-0.2103505541612789,0.0301763674081738,0.0127036690506204,-0.1643900046700598,0.0713472941539551,0.0124628633244531,-0.0899399938093399,-0.0102437286990402,0.8232991541932569,0.3795737006054862,45.56905083220873,44.11764705882353,3.88,0,0.0,0.0,0.0,1.0,0.09940000000000002,1.0,0.23409999999999997,1.0,0.0378788181818181,0.0056761588235294,0.1283847058823529,0.0037037133333333,0.0009920642857142,0.0,0.0047619021428571,0.0031296781132075,0.001100108910891,0.416667,0.0666667,0.0555557,0.0416667,0.111111,0.111111,4.23665,830.0,14196.0,0.0607,0.2832,0.2144,1.0
1,-0.0356295365539192,-0.1201447070463991,0.043605979518248,0.5613737954064071,0.0539475695336076,0.0313380221514921,-0.5782049316407355,-0.248061508994753,-0.1082681204287936,3.953076854365648,0.631421564074367,48.35680751173709,32.35294117647059,3.92,278,0.0,0.0,1.0,0.0,0.047950000000000007,0.95,0.5637000000000001,1.0,0.0381834296296296,0.1157520771428571,0.0057634119047619,0.0019841321428571,0.0979479648648648,0.0,0.0039647420353982,0.007710382122905,0.0022519450617283,0.666667,1.0,0.0555557,0.838095,0.130952,0.355556,5.37208,32197.0,3347.0,0.1513,0.5042,0.3001,1.0
1,0.3746492713455721,0.0046222143308651,0.1093213374796329,-0.3933540120670337,-0.1573458860814078,-0.063477476193988,0.5026189960599745,-0.0708982508511814,0.1275741989333571,1.766968841201069,0.4597458538985227,47.81553398058252,41.76470588235294,4.09,1757,0.0,1.0,0.0,0.0,0.0315,1.0,0.0,0.0,0.00277778,0.0416666523809523,0.008680553125,0.0138888818181818,0.0024509823529411,0.0020294246575342,0.0044973595238095,0.005145231292517,0.0024345767567567,0.0416667,0.833333,0.111111,0.0416667,0.0666667,0.111111,5.00904,405.0,250.0,0.0755,0.5921,0.1275,1.0
1,-0.1743819933787092,0.2264625019209043,0.349654392021322,0.1665648203577832,0.0008772491493707,-0.1962870685656221,-0.2284956146876401,0.1818388260490973,0.380309142152149,2.817489569805093,0.5589351017553875,42.89473684210526,37.05882352941177,4.26,572,0.0,1.0,0.0,0.0,0.1636,1.0,0.4325,1.0,0.0892972,0.0148147952380952,0.0333932320754717,0.0286733327868852,0.0065608425,0.0041658674698795,0.0446360698360655,0.0034090922727272,0.0027227825174825,0.933333,0.244444,0.783333,0.111111,0.805556,0.111111,4.66032,992.0,38788.0,0.0397,0.2603,0.1524,1.0
1,-0.4602018924234278,-0.2178990321250216,0.1723296956548055,0.4109089653091898,0.3040045962402331,0.1204432620001495,-0.399848844235532,-0.1010753525656714,0.176951075179684,2.03979469057482,0.4108586319886512,51.11111111111111,37.05882352941177,4.37,191,0.0,1.0,0.0,0.0,0.16649999999999998,1.0,0.18619999999999998,1.0,0.0,0.542866595238095,0.0116958947368421,0.0,0.0827136488888889,0.0077635307692307,0.0054012305555555,0.0127096559210526,0.0028301896226415,0.0,1.0,0.0,0.662699,0.111111,0.604762,5.37208,14918.0,9122.0,0.1356,0.2875,0.4714,1.0
1,0.5673301848991745,-0.2958214893311263,0.0174111363780067,-0.2774801247244801,0.1580746314066295,0.0675860612232366,0.6179341834905973,-0.3053815220126558,-0.2141176062063417,1.2823371962274477,0.3441809714740126,50.72463768115942,32.35294117647059,4.41,2124,0.0,1.0,0.0,0.0,0.0,0.0,0.0,0.0,0.0016260170731707,0.045539431372549,0.0714285714285714,0.0020576111111111,0.0026881725806451,0.0,0.0013769971608832,0.0047067906249999,0.0026455,0.0666667,1.0,0.111111,0.111111,0.111111,0.111111,3.44388,631.0,14733.0,0.1287,0.3056,0.4212,1.0
1,-0.0065685054911089,-0.1539447596128034,0.2616434841026748,0.0948839300477326,-0.0429906586184035,0.0866432424327584,-0.2632191200818524,-0.0985441350275194,0.3394616337519928,3.542536169925848,0.1448853937424421,49.56140350877193,42.35294117647059,4.42,308,0.0,1.0,0.0,0.0,0.051500000000000004,0.99,0.26265,1.0,0.0932098575757575,0.8089788,0.0029761892857142,0.0485922516129032,0.3749889459459459,0.0036375642857142,0.0264667368715083,0.0380549153846153,0.0047142586021505,0.944444,1.0,0.738889,0.952381,0.683333,0.355556,3.44388,8134.0,6747.0,0.0549,0.3588,0.153,1.0
1,0.025637908942504,-0.4461020507315535,-0.2806197182031759,0.5761339009327515,0.6173401043492871,1.4444531169843444,-0.0447983558223921,-0.3535617747380309,-0.1746792472681069,0.1479874611385191,0.9292951538275334,47.56944444444444,31.76470588235294,4.44,352,0.0,1.0,0.0,0.0,0.0003,0.06,0.5341000000000001,1.0,0.56495075,0.4341931153846153,0.0092731747368421,0.1679638021276595,0.1265152090909091,0.0042084394736842,0.0182290427792915,0.0392060167938931,0.0038458802139037,1.0,1.0,0.772727,0.277778,0.366667,0.394444,3.67481,12133.0,29618.0,0.0854,0.3177,0.2688,1.0
1,-0.3423933285410055,-0.1882627749317204,-0.0073329277658962,0.2444155506264148,0.3698229257591776,0.7087287821939552,-0.319008632706859,-0.179274621518853,-0.5210709071330666,2.567998717117685,0.5672240701396484,46.23323013415892,33.52941176470588,4.48,502,0.0,0.0,1.0,0.0,0.33210000000000006,1.0,0.0375,0.92,0.3353534545454545,0.0,0.0616161659090909,0.0340908818181818,0.0028011176470588,0.00748148,0.0112086950819672,0.0047541980582524,0.0012437813432835,0.944444,0.0,0.208333,0.047619,0.177778,0.111111,12.3556,9027.0,2427.0,0.0351,0.3566,0.0983,1.0
1,-0.0221315101178008,-0.1574582664837018,1.997496190444982,-0.1634205930362986,0.0506678068312541,-0.4157166731231385,0.0537927930327312,0.1962006337437559,2.761464150997358,1.5732335031886098,0.5622237709348761,52.85913528591352,38.82352941176471,4.67,378,0.0,0.0,1.0,0.0,0.24660000000000004,1.0,0.18295000000000006,1.0,0.1496296,0.3259334942857143,0.0066666699999999,0.06436835625,0.1177189933333333,0.0,0.0301306958955224,0.067071124102564,0.0,0.748148,1.0,0.333333,0.722222,0.457672,0.765873,4.05163,39315.0,15075.0,0.104,0.6099,0.1706,1.0
1,-0.2706992460158938,-0.1301498476830953,-0.4273812435886509,0.1656114565851581,0.1404006997258943,-0.1570291527338626,-0.1947560412184831,-0.2491172351720061,-0.2919389699039084,0.0,,45.31963470319635,38.23529411764706,4.69,691,0.0,1.0,0.0,0.0,0.1259,1.0,0.22785,1.0,0.0717872384615384,0.5499418,0.2094625121951219,0.0415651325581395,0.224269602173913,0.0147163366666666,0.0261513538745387,0.0199281690566037,0.0028603085470085,1.0,1.0,1.0,1.0,1.0,0.266667,9.35021,29655.0,23501.0,0.1647,0.7979,0.2064,1.0
1,-0.178197414605065,0.0575048709017941,1.9385028437587275,0.2652610859494811,-0.0933155944818465,-0.2479735807333113,-0.1604278416689073,0.1410050907887769,1.8547334142156613,2.210333119361576,0.358609762285826,55.3448275862069,31.76470588235294,4.7,341,0.0,1.0,0.0,0.0,0.7689500000000002,1.0,0.0326,0.91,0.2314814777777777,0.0363224566666666,0.005681825,0.1481481666666666,0.0030030108108108,0.0033033081081081,0.008465619047619,0.0114699187279152,0.0,1.0,0.944444,0.888889,0.0555557,0.177778,0.316667,9.35021,43292.0,10075.0,0.1109,0.5679,0.1952,1.0
1,0.0726086548168117,0.036206570099011,0.1621162622059806,-0.0744199494874963,-0.04953081276173,-0.1670405666471406,-0.0306195958860489,0.0731752120068482,0.2505028619177296,4.637953082175321,0.2359666665682758,48.12768569674647,37.64705882352941,4.71,445,0.0,1.0,0.0,0.0,0.347,1.0,0.15695,1.0,0.3982638343749999,0.0,0.1061904485714285,0.044378690625,0.0,0.0039115642857142,0.00965748,0.0113843262295081,0.0022805687919463,1.0,0.0,0.711111,0.0,0.277778,0.111111,9.35021,49357.0,2829.0,0.043,0.3949,0.1088,1.0
1,-0.1774248567599531,0.6419471846723723,-0.0432542247621217,-0.073862772259986,-0.1466085288058635,-0.2959929274957263,-0.1799593228129481,0.8808634194733523,-0.1086899137754435,5.1559461811838005,0.1482237079005839,45.21313766596786,37.05882352941177,4.78,776,0.0,0.0,1.0,0.0,0.0,0.0,0.43670000000000003,1.0,0.0,0.2105354516129032,0.313318724137931,0.0101532517241379,0.0412244914285714,0.0023301953488372,0.0047135451612903,0.0546733434999999,0.0023789857142857,0.0,1.0,0.0833333,0.638889,0.111111,0.771429,3.81299,76236.0,16609.0,0.0376,0.3167,0.1186,1.0
1,-0.1544634136926251,0.1208969564087177,0.6984010948134644,-0.0288591729776079,0.0303476785227631,-0.199537772691704,-0.2246258954074341,0.2267756694243086,0.9490105544855038,5.483891211623264,0.1787481521518834,52.74509803921569,38.82352941176471,4.79,4943,0.0,0.0,0.0,1.0,0.0,0.0,0.0,0.0,0.0053363585714285,0.1926910232558139,0.135509493548387,0.0017522155844155,0.0298070022727272,0.0,0.0030688641337386,0.0095309821022727,0.0018814199999999,0.111111,1.0,0.0833333,0.527778,0.111111,0.666667,3.81299,289.0,1655.0,0.0585,0.4378,0.1336,1.0
1,0.1613629030755063,-0.1002193984682454,0.1853918120218833,-0.1919138454043876,0.3239301818114541,-0.2449590713558981,0.2951515127987263,0.0752683674539339,0.0421325081406079,0.9125246917695022,0.4887878614233457,44.918699186991866,30.0,4.81,458,0.0,1.0,0.0,0.0,0.0,0.0,0.217,1.0,0.0006944449999999,0.0,0.0083333375,0.0,0.0055555583333333,0.0,0.0048904480225988,0.0087398292682926,0.0,0.0277778,0.0,0.0,0.0666667,0.216667,0.122222,4.87215,72456.0,11360.0,0.1593,0.4757,0.3349,1.0
1,-0.0621909569715404,0.085738868632108,-0.2706128463085561,0.2559504020694861,0.0428098225902212,0.0501935121242403,0.0885510349651456,0.178526365526149,-0.1552672664703347,0.6623735120687033,0.6066136284394759,41.221374045801525,34.11764705882353,4.81,0,0.0,1.0,0.0,0.0,0.1091,1.0,0.0,0.0,0.5623377142857143,0.0024216538461538,0.1119483458823529,0.0050505181818181,0.0,0.0904238219178082,0.0201169513761467,0.0030677685897435,0.0153269699757869,1.0,0.0666667,0.0555557,0.0,0.933333,0.0666667,4.87215,60572.0,14225.0,0.0798,0.3571,0.2234,1.0
1,-0.2906867165608419,-0.0360596774395789,0.2813425233414479,-0.1051775644471277,0.0688670927639798,0.9355014415643496,-0.1955077660434426,0.0040504754735965,-0.1056073501559851,0.3335769969794903,0.7494182874560774,51.953125,35.88235294117647,4.83,719,0.0,1.0,0.0,0.0,0.6293000000000001,1.0,0.0,0.0,0.9685183333333331,0.0,0.0,0.593064,0.0051203225806451,0.0,0.1628364176470588,0.0067392291428571,0.0,1.0,0.0,0.883838,0.111111,0.388889,0.138889,4.87215,39495.0,44537.0,0.1205,1.0407,0.1158,1.0
1,-0.238181400080054,-0.3207344809313859,-0.2533155711840437,-0.1108489241067492,0.0620691464274582,-0.0268860596062017,-0.2317310502200393,-0.1740169505042301,-0.3773162544284849,0.1239896033523043,0.8597790250696447,43.091787439613526,35.88235294117647,4.84,0,0.0,1.0,0.0,0.0,0.25139999999999996,1.0,0.5642499999999999,1.0,0.5835827714285713,0.47189412,0.205615875,0.343860905882353,0.2640340658536585,0.052984362,0.0631246867724867,0.0222840111842105,0.021374723297491,1.0,1.0,0.916667,0.933333,0.555556,0.333333,3.67481,25858.0,55653.0,0.1919,0.7041,0.2726,1.0
1,0.168674211617211,-0.2532963011404163,0.4902830685075705,-0.1018461398468608,0.0637518984444948,-0.1260497025771809,0.5881345621104169,-0.057848456147768,0.2537866653127645,3.1019527095816293,0.2059613019401064,49.69788519637463,40.588235294117645,4.86,386,0.0,1.0,0.0,0.0,0.5733999999999999,1.0,0.034,0.99,0.9271008823529412,0.1672441212765957,0.1924174243243243,0.2893945117647059,0.034148156,0.00757125,0.061042535106383,0.0158968577854671,0.0043597905454545,1.0,1.0,0.587301,0.534921,0.638889,0.368687,3.67481,76362.0,5384.0,0.0894,1.753,0.051,1.0
1,0.4093866253365824,-0.1533460985303039,0.1409469472828123,-0.4533762204074341,0.0014589290732254,-0.1542649337066964,0.7440950772405921,-0.2107612536741188,0.654513213572437,3.649890837000751,0.162289712838517,47.45098039215686,40.0,4.86,88,0.0,0.0,0.0,1.0,0.03375,0.98,0.1293,1.0,0.2650833769230769,0.051198262745098,0.1470588235294117,0.0371356039215686,0.0075670465517241,0.0011820361702127,0.0151002675078864,0.0024244147619047,0.0049450549450549,1.0,0.944444,0.534921,0.15,0.368687,0.111111,3.67481,80375.0,2876.0,0.0403,0.4471,0.0902,1.0
1,0.3800548539612736,0.1972348161615487,-0.0561573520255671,-0.3034371678268329,0.121312423620187,-0.3381321511789013,0.2987818211018211,0.3188504480378339,-0.1569679588157297,3.8688549645015913,0.3256655437139363,46.25468164794008,37.05882352941177,4.89,926,0.0,1.0,0.0,0.0,0.3282,1.0,0.0,0.0,0.0,0.0038714634146341,0.2388888571428571,0.1305555,0.0038855839285714,0.0,0.0092592523809523,0.002412075490196,0.0009107491803278,0.0,0.111111,0.261111,0.0833333,0.111111,0.111111,3.67481,27919.0,58755.0,0.029,0.4416,0.0658,1.0
1,0.0465307228005913,0.5008177720915347,1.0217388683053108,-0.0533844279238529,-0.1759941870921924,-0.4020774421002195,-0.0311882464212329,0.1514994751544815,1.1039195309389611,1.2479979075487275,0.6885491085574994,44.091710758377424,40.588235294117645,4.89,363,0.0,1.0,0.0,0.0,0.06899999999999999,1.0,0.0,0.0,0.0636685891891891,0.0,0.0,0.0143514627118644,0.0050505181818181,0.0,0.0023946294416243,0.0023036415525114,0.0026748975308641,0.638047,0.0,0.684343,0.0555557,0.0666667,0.0833333,3.67481,40928.0,47004.0,0.0562,0.4775,0.1177,1.0
1,-0.1448113906329856,-0.0882111460587783,-0.2532257710049401,0.1241976551949319,0.4918579107885112,0.4510440079044877,-0.2166019807753119,-0.2052275897587638,-0.5004468479475714,1.116708851945452,0.9939952236495436,42.30769230769231,31.176470588235293,4.9,1922,0.0,1.0,0.0,0.0,0.0,0.0,0.0625,1.0,0.0,0.0222222,0.005847947368421,0.04166665,0.152778,0.0,0.0081967262295081,0.0048500851851851,0.0042676140350877,0.0,0.111111,0.0833333,0.305556,0.166667,0.0833333,11.0153,34980.0,52301.0,0.0864,0.2849,0.3032,1.0
1,0.0801653554720183,0.1488162058877252,1.067945247837914,-0.1798701721337304,0.1366201306172281,0.0612456081764911,-0.0119681411965634,-0.0773214948430299,2.043846545006213,1.493369792364754,0.3918724955898169,48.4375,38.82352941176471,4.94,547,0.0,1.0,0.0,0.0,0.26785000000000003,1.0,0.06549999999999999,1.0,0.2818717727272727,0.0046685294117647,0.0123456666666666,0.1469461199999999,0.0012919930232558,0.0,0.1134420137096773,0.0029733888198757,0.0,1.0,0.111111,1.0,0.0555557,0.857143,0.0833333,7.34962,6099.0,2020.0,0.0392,0.1113,0.3524,1.0
1,-0.2588926912629647,-0.0908495630237129,1.1953238979242111,0.0671442965807748,0.0573630318983624,-0.4137260766889271,-0.0985102559903492,-0.0780221766391628,0.8432273553875869,2.564891387353258,0.5152073022612453,46.27006610009443,24.11764705882353,4.95,1480,0.0,0.0,0.0,1.0,0.2255,1.0,0.14045,1.0,0.0072463782608695,0.2969135555555555,0.0,0.0056677909090909,0.0518518333333333,0.0,0.0084439606060606,0.0031345212121212,0.0025203783783783,0.111111,0.933333,0.0666667,0.311111,0.333333,0.0666667,5.71948,475.0,12268.0,0.1238,0.5046,0.2453,1.0
1,0.1692859855623835,0.1864795054319116,1.5611379580335767,-0.0327796336837786,0.0509836197938394,-0.398409887671372,-0.0290626329750698,-0.1142078663733671,1.0510784922418812,3.628010222653764,0.3074096531823794,49.10394265232975,30.58823529411765,5.0,171,0.0,1.0,0.0,0.0,0.6221,1.0,0.061500000000000006,1.0,0.4152536106382979,0.00347223125,0.0,0.2730503233333333,0.0,0.0038580305555555,0.082028346031746,0.0038931797297297,0.0011737084507042,1.0,0.0555557,0.897727,0.0,0.833333,0.0833333,3.24248,41279.0,6099.0,0.0803,0.434,0.1851,1.0
1,-0.1809348352633094,0.1264397976025171,0.235246344021293,0.2875022051302221,0.1072918344845077,-0.2769541835196141,-0.1791548255224433,0.2941368642439174,-0.1497404866568164,0.8046048021254779,0.6075792564354165,43.953732912723446,32.35294117647059,5.02,1316,0.0,0.0,0.0,1.0,0.15194999999999997,1.0,0.036300000000000006,0.99,0.0,0.0025793666666666,0.0,0.0,0.0025676921568627,0.00925925,0.0064814770833333,0.0032388847736625,0.0032453277227722,0.0,0.0666667,0.0,0.0833333,0.111111,0.111111,3.24248,36267.0,212.0,0.0776,0.3546,0.219,1.0
1,-0.0554378917429693,-0.2198621188757769,0.3580799133859907,0.1768112784223123,0.7320100645270946,0.965484434588894,-0.1210919292387316,-0.0760774061111982,0.0630764544770751,2.4613335621390777,0.739291927487847,50.36231884057971,34.705882352941174,6.5,338,0.0,0.0,0.0,1.0,0.0,0.0,0.0359,0.93,0.0020531413043478,0.0096153846153846,0.0067049758620689,0.0011904767857142,0.0135802666666666,0.010101,0.0022496423357664,0.0028116560975609,0.0023640638297872,0.0666667,0.0833333,0.0666667,0.0666667,0.0833333,0.0666667,3.89097,17625.0,100592.0,0.1064,0.5394,0.1972,1.0
1,-0.1295426158073248,-0.1230334179428181,-0.3175819642828513,0.430829898342118,0.4091357714273863,1.1813289603571406,-0.1405671397962254,-0.3167409258190578,-0.0971462923432659,0.1718163329267881,0.8307745516697114,44.56859093730602,37.05882352941177,6.5,314,0.0,0.0,0.0,1.0,0.5120000000000001,1.0,0.0635,1.0,0.1690570571428571,0.2942136294117647,0.0159230207317073,0.0090123566666666,0.0402701538461538,0.0036089648648648,0.0084954747252747,0.0156980392592592,0.0023733766109785,1.0,1.0,0.177778,0.708333,0.122222,0.294444,3.89097,83588.0,32073.0,0.1048,0.3547,0.2955,1.0
1,-0.0656494843978956,-0.2082095590438852,-0.0584384269730332,-0.0424406265850073,0.8894123225173228,-0.2077738012631806,-0.0817151629450162,0.0010154910755871,0.2108065843319933,2.498472273676084,0.2233586339166626,46.95863746958637,34.705882352941174,6.5,1768,0.0,0.0,0.0,1.0,0.0,0.0,0.13949999999999999,1.0,0.0023060830188679,0.0011820361702127,0.0739104736842105,0.0030774224489795,0.0025213707692307,0.0023809539682539,0.0034609363636363,0.0028840197132616,0.0032337287410926,0.0666667,0.0555557,0.0555557,0.0666667,0.0666667,0.111111,3.89097,39856.0,76218.0,0.0314,0.3137,0.1,1.0
1,-0.0556165846398214,0.0995868805662569,0.5463299088390625,-0.027386376948141,0.1559395485611933,-0.0783349751920073,0.0147682757180695,0.108813438192672,0.6136573384745243,2.4991508732651413,0.1595444685156372,47.16775599128541,33.52941176470588,6.5,1120,0.0,0.0,0.0,1.0,0.43184999999999996,1.0,0.07,1.0,0.0,0.0936196647058823,0.0043083904761904,0.0,0.087658748,0.00148809375,0.0555555066666666,0.0046554092651757,0.0,0.0,0.888889,0.0,0.904762,0.472222,0.206349,3.89097,64356.0,52988.0,0.0639,0.8936,0.0715,1.0
1,0.0681474179447322,0.6332723441505659,0.2027097902335985,-0.0576802211575694,-0.1119179982072825,-0.2028169227682694,-0.103656292095463,0.7851386694860526,0.1175935703396491,2.849952157850828,0.2307367044334455,43.333333333333336,33.52941176470588,6.63,74,0.0,0.0,0.0,1.0,0.0,0.0,0.07970000000000001,1.0,0.0096343164556962,0.0025974022727272,0.0404040454545454,0.0029471807017543,0.0097530977777777,0.0,0.0025739055045871,0.0035334691304347,0.0039049612903225,0.672222,0.0666667,0.0833333,0.177778,0.0833333,0.111111,3.38932,4353.0,15788.0,0.0512,0.572,0.0895,1.0
1,-0.0089610610945516,-0.3343502375354104,0.5465762600739036,-0.0664945851289498,0.3397572061900369,-0.2351984377291114,-0.0616789740266866,-0.1482795160604279,0.1504474231361141,5.47725289167234,0.1618276074574381,47.46906636670416,34.705882352941174,6.62,578,0.0,1.0,0.0,0.0,0.14495,1.0,0.1573,1.0,0.0026936015151515,0.0312310964285714,0.1136342495798319,0.0053140173913043,0.0090387972222222,0.002974538125,0.0070157698039215,0.0381389848249027,0.0047420957952468,0.111111,0.327778,0.0666667,0.222222,0.125,0.75,6.34478,228.0,1306.0,0.0639,0.4564,0.1399,1.0
