Maize,location,group,GC_genic,GC_prom,avg_expression,tau,Ka,Ks,O,acr_Lup,acr_Ldown,acr_S,recomb,CHH_up_avg,CHH_down_avg,CHH_body_avg,CHG_up_avg,CHG_down_avg,CHG_body_avg,CG_up_avg,CG_down_avg,CG_body_avg,CHH_up_max,CHH_down_max,CHG_up_max,CHG_down_max,CG_up_max,CG_down_max,TEdist,TEdenseAvgUp,TEdenseAvgDown,TEdenseMaxUp,TEdenseMaxDown,TE1,TE2,TE3,TE4,H2AZ_down,H3K4me1_down,H3K4me3_down,H3K9ac_down,H3K27ac_down,H3K27me3_down,H3K36me3_down,H3K56ac_down,H2AZ_genebody,H3K4me1_genebody,H3K4me3_genebody,H3K9ac_genebody,H3K27ac_genebody,H3K27me3_genebody,H3K36me3_genebody,H3K56ac_genebody,H2AZ_up,H3K4me1_up,H3K4me3_up,H3K9ac_up,H3K27ac_up,H3K27me3_up,H3K36me3_up,H3K56ac_up,WGD
Zm00001d030026,0.0,II,0.464854,0.51,3.732505402517344,0.2017913263288833,0.0161,0.0902,0.178,529645.0,77.0,5.2658,0.43,0.04,0.055,0.01,0.73,0.18,0.345,0.76,0.24,0.82,0.41864999999999997,0.72915,1.0,0.9243,1.0,1.0,0,0.185,0.24250000000000005,1.0,1.0,0.0,0.0,1.0,0.0,0.0180934823179696,-0.0493929275171753,0.2722028135417382,0.4989653718428531,0.9635406357778032,0.0238241127007183,-0.040953746860954,0.587322418206956,-0.2155536014432094,1.726515673938648,0.1844151685480814,0.0359231085899345,0.218212342213453,-0.0720928299712484,2.024773509294116,-0.0599162521513754,-0.1228232466465865,-0.1567409443400979,-0.0744506919617663,-0.0618793796029646,-0.0482245184048594,-0.1110504835625265,-0.1637116588761306,-0.0533313226516992,0
Zm00001d030031,0.0,II,0.497934,0.388235,3.847650044736552,0.2915544013628702,0.0316,0.1202,0.2631,127927.0,325112.0,26.3817,0.42,0.045,0.01,0.015,0.8049999999999999,0.41000000000000003,0.08499999999999999,0.92,0.5700000000000001,0.575,0.49134999999999995,0.12095,1.0,1.0,1.0,1.0,1267,0.5995,0.0,1.0,0.0,0.0,0.0,1.0,0.0,-0.0580092400057073,-0.0568009874889302,-0.0600472349446016,-0.0342540107004526,-0.0502552637737285,-0.0279375871469032,-0.0723101653696692,-0.0505200132616953,0.4593704661035597,0.6795809268753998,0.4028784544314535,0.2796209994072265,0.6615644471367341,-0.023967047195101,0.6553129985308772,0.4763402744008301,-0.0356602788863421,-0.0410502619624645,-0.0257336956121782,0.0035536945634482,0.0345941335536879,-0.0407491539490474,-0.059244782214365,0.0241986165340846,0
Zm00001d030032,0.0,II,0.713725,0.54,1.1619996626571285,0.6537471656048591,0.0451,0.7953,0.0567,379543.0,76415.0,20.6036,0.42,0.02,0.05,0.0,0.27,0.6599999999999999,0.0,0.25,0.7,0.0,0.38780000000000003,0.33185,1.0,1.0,1.0,1.0,2503,0.044500000000000005,0.17350000000000002,1.0,1.0,0.0,0.0,1.0,0.0,-0.0438356587050325,-0.0473166268845459,-0.0490554876803481,-0.0213456000937015,-0.0395082313443874,-0.0239921124199769,-0.0661259597552646,-0.0269255996065196,0.2933694070208844,0.0513026215291961,0.7396677803451073,0.2911506515543069,0.4348072796605621,0.0298338279596802,0.065388420953412,0.3993122601543276,0.3739103646809317,-0.0576574557527915,0.0143472345663141,0.1442738511359293,0.3988716520684604,0.0311923223353958,-0.1233974470009201,0.3077751477605818,0
Zm00001d030040,0.0,II,0.597592,0.55,2.530388164571604,0.3695236309805903,0.0232,0.1425,0.1631,115.0,124522.0,13.9065,0.41,0.015,0.04,0.005,0.715,0.405,0.005,0.825,0.63,0.48,0.09720000000000001,0.47914999999999996,1.0,1.0,1.0,1.0,0,0.4779999999999999,0.27449999999999997,1.0,1.0,0.0,0.0,1.0,0.0,0.2499315873479653,0.0739148660415474,-0.0033042711026131,0.0734333065654299,0.2416906336815481,-0.0026920804671913,-0.0406333890623861,0.1042865818965407,0.3315462264515945,0.2004003035448648,1.0560503058995951,0.2748364498902059,0.5995002607774121,-0.0009182662863977,0.5429072178632731,0.6912771187500941,-0.0708371564904086,-0.08568373673482,-0.0496482827254273,-0.0684418153347859,-0.0552555406122269,-0.0661315103515037,-0.0895018757780045,-0.0600077767898114,0
Zm00001d030053,0.0,II,0.636364,0.41,2.4221286899055325,0.5564382233030021,0.0281,0.0861,0.3267,13589.0,382843.0,39.2638,0.39,0.01,0.015,0.0,0.425,0.645,0.0,0.53,0.76,0.065,0.05184999999999999,0.18665,1.0,1.0,1.0,1.0,12713,0.9705000000000001,0.056499999999999995,1.0,1.0,1.0,0.0,0.0,0.0,-0.0263153159000106,-0.0265497394419111,-0.0319897807823272,0.0018398737425117,-0.0367347246848114,-0.006380793876854,-0.0352544383877035,-0.0526108949139276,0.4551613482124685,0.3701292887049408,0.5955827887362447,0.3645467830795175,0.8851603867319413,-0.0004008869872719,0.4937339684443588,0.6686526904687172,0.3121234354286567,-0.0694514155327917,-0.0520046807143559,-0.0452184242292053,0.0611609824945016,-0.0727764486414061,-0.1370192146940954,0.0075567458060402,0
Zm00001d030061,0.0,II,0.413333,0.34,1.9754738183342568,0.3549640544830792,0.0653,0.1209,0.5401,364276.0,23122.0,8.6407,0.38,0.035,0.045,0.0,0.73,0.63,0.175,0.855,0.77,0.7,0.22775,0.32794999999999996,1.0,1.0,1.0,1.0,0,0.0,0.5245000000000002,0.0,1.0,1.0,0.0,0.0,0.0,-0.0067029409825929,-0.0136399665666796,-0.0231857949241708,3.622855104843704e-05,-0.012028483030289,-0.0017573970851308,-0.0241179921705072,-0.0087715585561382,-0.1327028250016066,1.3019807119682334,0.1944219126280243,0.055853645252103,0.2130353473488944,-0.0908505391359121,1.7185912402437733,0.0553505435358516,-0.0086162277969794,-0.0567819636596472,0.0265168065751696,0.0649576352242064,0.1041347330420468,-0.0277239244184634,-0.0153038308678879,0.092204566328714,0
Zm00001d030062,0.0,II,0.51954,0.552941,0.4619402153214869,0.6118393047720251,0.0336,0.1134,0.2963,312547.0,206797.0,8.6407,0.37,0.01,0.025,0.035,0.79,0.69,0.425,0.9,0.835,0.72,0.1125,0.26145,1.0,1.0,1.0,1.0,0,0.019999999999999997,0.5905,0.4,1.0,0.0,0.0,1.0,0.0,-0.0624329763293017,0.251217107297965,-0.032376324470277,-0.0420200298592388,-0.0710024318542048,-0.0429952990590058,0.1143164783499546,-0.054597193085686,0.2408728981361999,0.4406581280853219,0.1413251041393337,0.0665318239632016,0.3128923611818874,-0.0392052221982029,0.3300099417880654,0.2290909583903049,-0.024293212105033,-0.0438195872307569,-0.0672697515719073,-0.0094260030603376,-0.0482464235841278,-0.0172337734447948,-0.0681123955892722,-0.0508995694453754,0
Zm00001d030023,0.0,II,0.687016,0.59,0.2497210137119746,0.7221504143178773,0.0882,0.3002,0.2938,301667.0,259233.0,5.2658,0.43,0.025,0.05,0.0,0.375,0.58,0.0,0.575,0.615,0.0,0.32875,0.50345,1.0,1.0,1.0,1.0,2478,0.23800000000000002,0.28590000000000004,1.0,1.0,0.0,0.0,1.0,0.0,-0.0386415443140069,-0.0478645296550626,-0.0433653948079004,-0.0213514668793816,-0.0379689329459056,-0.013940919397409,-0.063780268667066,-0.0449826760804056,0.5093779840461059,0.2078827433658887,0.3840481238265035,0.1522813467398235,0.2341519391075755,0.4419113432924383,-0.0268032117282848,0.1439056957044487,0.2699204943594968,-0.0494485492126522,-0.0175938248774485,0.0626414430393048,0.1136107252303451,0.3086927842752336,-0.1037638802232781,0.015353497150024,0
Zm00001d030021,0.0,II,0.525692,0.62,2.363524137030481,0.4662272701793812,0.0095,0.1352,0.0703,1288.0,556624.0,63.295,0.44,0.095,0.04,0.0,0.515,0.55,0.01,0.625,0.6,0.47,0.69495,0.41664999999999996,1.0,1.0,1.0,1.0,1421,0.0325,0.623,0.65,1.0,0.0,0.0,1.0,0.0,-0.0258893974984225,-0.0231429687577894,-0.029618115221987,-0.008731889189104,-0.0268740018152896,-0.0081305511616233,-0.0389299176581164,-0.0237144145715625,0.204690864418728,0.6496585171836684,0.4866520743404151,0.1171300675715571,0.3653103847389982,-0.007251736674364,0.8934867948078205,0.2415746792280235,0.1201324624569267,-0.1112666483438872,-0.0617498730570255,-0.0480343265079971,0.0428281398765231,-0.0193039835909288,-0.116086785923717,-0.0195490011391266,0
Zm00001d030020,0.0,II,0.486819,0.67,5.681794267828053,0.3110059662894587,0.0123,0.0895,0.1375,11.0,133630.0,32.1071,0.44,0.01,0.025,0.0,0.01,0.46499999999999997,0.005,0.14,0.73,0.5,0.1335,0.2689,0.2119,1.0,0.9472,1.0,1387,0.0,0.4805,0.0,1.0,0.0,0.0,1.0,0.0,-0.0345200828107673,-0.0249546048267482,-0.0111492487246439,-0.0063951549193201,-0.0415695168873918,0.0148350751822829,-0.0594332967504421,-0.0218946051419901,0.1230688852977369,0.7415924689255993,0.5902161538981359,0.0762177751089478,0.2720231268579205,-0.047584418057547,1.1297761643893502,0.1393165437472434,0.3527651715295087,0.3487151203461435,0.0427631990307757,0.0573896494660315,0.3346884320961936,0.0172349962953699,0.2839065096767276,0.1186996245583321,0
Zm00001d030018,0.0,II,0.51938,0.5,3.629872416003541,0.2799197233518796,0.0311,0.137,0.2267,15.0,157543.0,12.9347,0.44,0.0,0.01,0.005,0.005,0.6200000000000001,0.005,0.55,0.78,0.5549999999999999,0.01595,0.11829999999999999,0.10419999999999999,1.0,1.0,1.0,4403,0.0,0.08729999999999999,0.0,1.0,1.0,0.0,0.0,0.0,0.0371655404083083,0.0281453880527076,-0.0154105579506767,-0.0308849443594427,0.0079363097709063,0.0046625244000893,-0.0642138023118273,-0.0192167801535951,0.4245169460492514,0.5725208807301638,0.4496381728066485,0.2308815273360129,0.4994229976988015,-0.0176278279531967,0.5770182469738406,0.5087707836203258,0.1904217646823709,0.5441325236994754,0.730736778318881,0.2475942707824539,0.5844563719408378,-0.0024019271668566,1.110876555910742,0.6716406273681614,0
Zm00001d030014,0.0,II,0.516667,0.54,4.534136786556526,0.2974974134399493,0.0204,0.0729,0.2801,167.0,353609.0,11.0438,0.45,0.060000000000000005,0.03,0.01,0.775,0.5900000000000001,0.025,0.79,0.77,0.45999999999999996,0.5034,0.2881,1.0,1.0,1.0,1.0,0,0.43349999999999994,0.06180000000000001,1.0,1.0,0.0,1.0,0.0,0.0,-0.060746530423306,-0.0879059545457379,-0.0853897349439083,-0.0482097916639095,-0.0887189668058998,-0.0276082927026559,-0.1102918737532995,-0.0972322472668648,0.13502128963846,0.5488875718393267,0.5441211930984529,0.37980533000526,0.6842657704962306,0.0005583113022972,0.896098989681675,0.5665328422670238,-0.0186939448596765,-0.0685708719577819,-0.0398974398160195,-0.0206109267948181,0.0726902819950111,0.004257218883001,-0.0854901864620858,-0.000641178236884,0
Zm00001d030002,0.0,II,0.649171,0.56,0.1469868066211552,0.862337293016212,0.038,0.3852,0.0986,127897.0,68517.0,10.072,0.46,0.02,0.05,0.0,0.64,0.61,0.005,0.845,0.75,0.01,0.1857,0.5143,1.0,1.0,1.0,1.0,0,0.6980000000000001,0.055,1.0,1.0,1.0,0.0,0.0,0.0,-0.0397026619518426,-0.0443051543727077,-0.029553372717715,-0.0170960024495936,-0.0348399154527019,0.1732842501608766,-0.0653159995001152,-0.0474365935275596,0.7322641604835967,0.162857520839557,0.2644213640827938,0.0948238747549306,0.2367532279827676,1.3089775542715991,-0.0804355558214373,0.100628311061321,0.0758148462590642,-0.0528846507394764,-0.0480130494185788,-0.0370596022458695,-0.0536560276572251,0.9436433635996532,-0.1597350484461393,-0.0695166652647019,0
Zm00001d029997,0.0,II,0.562963,0.48,4.920141710626558,0.3286690023062198,0.0409,0.2096,0.195,42.0,196414.0,10.5316,0.47,0.075,0.005,0.0,0.23,0.815,0.205,0.35,0.89,0.975,0.5381,0.06215,0.96665,1.0,1.0,1.0,381,0.0,0.1605,0.0,1.0,0.0,1.0,0.0,0.0,-0.0113580603314657,-0.0289244521198045,-0.0187189197765379,-0.0011020008620454,-0.0129309463388866,-0.0014404888991528,-0.0395199968047155,0.0084746671005244,-0.0064127468263164,0.0792425513794352,0.1843904138031523,0.0457327947344771,0.1127396616220221,0.0171321487840113,0.1749826409371107,0.1294529811100644,0.4639154878125348,-0.0717066864018897,-0.0499556101842866,0.067010792546227,0.1724523983429389,0.2011843315215158,-0.0915002386553181,0.0778043163569257,0
Zm00001d029983,0.0,II,0.698068,0.49,3.484023363108047,0.5551638510864131,0.0231,0.3188,0.0725,35545.0,299691.0,16.3096,0.48,0.060000000000000005,0.04,0.0,0.6499999999999999,0.65,0.005,0.775,0.89,0.015,0.3333,0.36665000000000003,1.0,1.0,1.0,1.0,0,0.7525,0.6425,1.0,1.0,1.0,0.0,0.0,0.0,-0.0082733783548076,0.0035761977443697,0.0101226765644773,0.0290616132298427,0.0119497819587959,0.0264776182014211,-0.0290051270306323,0.00306110443377,0.3164750597787134,0.1993906561092446,0.7342977886449091,0.1480399660158482,0.361413187596637,0.0062394283561999,0.2614235951240481,0.1992591923910889,-0.0184390997632908,-0.0537356553992909,0.1317538591859567,0.021352280233313,0.132191255757555,-0.0001899964666937,-0.0280968804547725,0.0559600644786833,0
Zm00001d029980,0.0,II,0.505,0.49,1.989615200980224,0.4112450227839898,0.0275,0.1047,0.2624,215203.0,118145.0,16.3096,0.48,0.01,0.055,0.02,0.81,0.33499999999999996,0.15500000000000003,0.9,0.58,0.55,0.08115,0.402,1.0,0.9582999999999999,1.0,1.0,9389,0.7775,0.11250000000000002,1.0,1.0,1.0,0.0,0.0,0.0,0.00947947434119,-0.0634660747643701,-0.0464221693343394,-0.0544335792400321,-0.0010472922835706,-0.0202973677420416,-0.1257788952920079,-0.0479824855334146,0.2663488390910656,0.5559670902171125,0.3215217664905048,0.1111002569852835,0.3844034914081343,-0.0538327568542139,0.6819587497452665,0.2711284560283288,-0.0472318076046526,-0.0903386698340282,-0.0310286271647558,0.0006317138678933,0.0058082828094842,-0.0290626403048139,-0.1289776006976212,-0.0357522476096364,0
Zm00001d029889,0.0,II,0.430569,0.48,3.964945748095044,0.1665611896801709,0.0645,0.1444,0.4467,121.0,173386.0,16.3096,0.53,0.025,0.02,0.0,0.8200000000000001,0.8300000000000001,0.04,0.9,0.955,0.67,0.27649999999999997,0.1215,1.0,1.0,1.0,1.0,1233,0.7865000000000001,0.8545,1.0,1.0,0.0,0.0,1.0,0.0,-0.0299997150941232,-0.0206907005570707,-0.0149163044611273,-0.0050644251082077,-0.0394726842062856,0.0214586886821562,-0.0683536902735108,-0.0365574264565829,-0.1550798049235116,1.3278453469527478,0.3096376948165203,0.1257211075899453,0.3199605680723882,-0.0246072202423822,1.90172925479002,0.1171566674023984,-0.0568324709209996,-0.0718618268700317,-0.0223132007586051,0.0260949392250257,-0.0097082049120065,-0.0290192794715971,-0.0945152270529773,0.0097491099442988,0
Zm00001d029896,0.0,II,0.713628,0.48,0.6188598831722675,0.7529185084136263,0.0316,0.2525,0.125,151.0,338.0,88.5995,0.53,0.045,0.025,0.0,0.7,0.605,0.0,0.745,0.6799999999999999,0.0,0.39580000000000004,0.19375,1.0,1.0,1.0,1.0,2984,0.36700000000000005,0.498,1.0,1.0,0.0,0.0,1.0,0.0,0.002651323313219,-0.008438579424354,0.0012678147518108,0.0476718016790724,0.0156878603983455,0.0497787897814655,-0.0087355281239651,0.0139259932790062,0.0920777465794822,-0.0196612029703001,0.9379642811057158,0.408156459866273,0.5788234279287398,0.0277683118934398,0.0385657493938566,0.6194232448606332,0.0539775332017069,-0.068638919001363,-0.0281080537949337,0.1097656095569197,0.4050123961043999,0.0332845308521036,-0.1037729627112216,0.2320790174087499,0
Zm00001d029899,0.0,II,0.672556,0.64,3.440561515261066,0.5035515448358329,0.0191,0.4811,0.0398,202.0,269.0,127.049,0.53,0.08,0.035,0.0,0.8049999999999999,0.355,0.0,0.9199999999999999,0.49,0.0,0.61905,0.5636000000000001,1.0,1.0,1.0,1.0,188,0.6,0.133,1.0,1.0,0.0,1.0,0.0,0.0,-0.0781024663829796,-0.1317994084104007,-0.0633179920629376,-0.1092215908901741,-0.0296494624665128,-0.0430201772810309,-0.1380775599564114,-0.1120227946471537,0.242073943912121,0.0265884910671585,1.3690287657128777,0.6017216313027011,0.8420204696079022,0.0645027501035615,0.2443645472761376,0.6724437584930112,0.0716616290040123,-0.0819550208871698,-0.0323462995598104,0.0934511609229538,0.2916515381238341,0.0043166211076258,-0.0903288716172482,0.1966192346043753,0
Zm00001d029910,0.0,II,0.475356,0.45,2.7124381313525627,0.3319386351536024,0.0173,0.0968,0.179,437383.0,102140.0,45.0417,0.52,0.01,0.015,0.005,0.625,0.735,0.035,0.74,0.9099999999999999,0.5700000000000001,0.19519999999999998,0.24664999999999998,1.0,1.0,1.0,1.0,0,0.0,0.60295,0.0,1.0,0.0,0.0,1.0,0.0,-0.0143656801206217,-0.0032553587384615,-0.0173988883912083,0.0022508038644493,-0.0093659413815961,0.0003227424618351,-0.0131574266746963,-0.0049517471222857,-0.0293510178958784,0.776949898136729,0.4418577082685223,0.0765005788376665,0.2079967675470613,0.0054494049405747,1.0790132633115437,0.1547817417610616,-0.0659904266100265,-0.1077722689850884,-0.0312662381350423,-0.0439122044398187,0.0084649890897692,-0.0468964900080658,-0.1104440430697025,-0.025852919090784,0
Zm00001d029918,0.0,II,0.544165,0.36,1.2256978423274167,0.4804853957150607,0.1213,0.1386,0.875,54026.0,1052.0,7.20936,0.51,0.10500000000000001,0.005,0.02,0.85,0.025,0.33999999999999997,0.915,0.395,0.6499999999999999,0.5396,0.10719999999999999,1.0,0.29164999999999996,1.0,1.0,0,0.8594999999999999,0.0825,1.0,1.0,0.0,0.0,1.0,0.0,0.0980909067797331,0.7629852877523127,0.1765846330901551,0.1785797245870515,0.3136879239496289,0.0510931991583913,0.9728492727977328,0.1108097715681729,0.3118169132496499,1.0094687475345407,0.3580798442888296,0.1506868164482626,0.4753407495204523,-0.0211749056191849,0.9345700659105892,0.3467092056393911,-0.0321714159933478,-0.083624352753256,0.0255257178747195,0.0331928193456885,0.1017922846536772,-0.0491138745525672,-0.0644249989522562,0.0926919610845882,0
Zm00001d029920,0.0,II,0.552718,0.61,1.096800870677015,0.5574193731042082,0.0238,0.105,0.2261,134.0,2052.0,11.5034,0.51,0.1,0.005,0.0,0.28,0.025,0.0,0.395,0.505,0.28500000000000003,0.8206,0.09,0.9762,0.29164999999999996,1.0,1.0,1295,0.07200000000000001,0.0,1.0,0.0,0.0,0.0,1.0,0.0,0.2810597056917669,0.4743236325761902,0.7451360649790695,0.2897051761775355,0.5436816734317205,0.0509114703858595,0.9579602677849198,0.5409597748180361,0.1615509009641357,0.3961576772239751,0.1258417020973372,0.165831710185468,0.4082937649306942,0.0302855305008059,0.3990102955423573,0.1639228387778994,0.0483093816332686,-0.0771271830833114,-0.0429596312799975,0.044247275916028,0.1443199383232577,-0.038208824329972,-0.0796426529307226,0.03312858954494,0
Zm00001d029872,0.0,II,0.491395,0.65,3.5853571724646844,0.3664550430929387,0.0202,0.1181,0.1707,895.0,104831.0,51.2794,0.55,0.025,0.055,0.0,0.755,0.605,0.0,0.965,0.785,0.72,0.15625,0.39165,1.0,1.0,1.0,1.0,137,0.1375,0.0,1.0,0.0,1.0,0.0,0.0,0.0,0.0,0.0,0.0,0.0,0.0,0.0,0.0,0.0,0.2231394948303727,0.788942807743764,0.4324093728889266,0.2403047860126597,0.4425416807198926,-0.0348814367893316,0.9476767392883164,0.2172680786149649,0.1307949457749149,-0.0468693807934358,0.0465352000461638,0.1135603671574744,0.3607314991612352,0.0293273895278315,-0.0449303633160317,0.1940832347139292,0
Zm00001d029868,0.0,II,0.452819,0.42,2.4143135455682487,0.2506780459599696,0.0972,0.188,0.5172,336.0,2189.0,10.5316,0.55,0.03,0.07,0.005,0.44,0.15000000000000002,0.05500000000000001,0.5900000000000001,0.32,0.56,0.2486,0.4708,1.0,0.92855,1.0,0.97915,5652,0.09250000000000001,0.05449999999999999,1.0,1.0,0.0,0.0,1.0,0.0,0.2303369594384461,0.0019741831970395,0.448729301550406,0.2687684813144699,0.618415039358065,0.059939920824718,0.0548083400793121,0.4370621132252087,0.1788116518768721,0.5773632026451418,0.4294243396970761,0.3662104509176551,0.7843762783416467,-0.0635540983650613,0.8710885239674375,0.5695934923511667,0.1252129819091248,-0.0930665580807927,-0.0324949547913359,-0.0169788632079743,0.1624846856576474,-0.0708590353525598,-0.1089367756181149,-0.0024323328651323,0
Zm00001d029862,0.0,II,0.709795,0.35,0.8154131786001142,0.6800942440277885,0.0217,0.2501,0.0869,265789.0,474.0,12.4752,0.55,0.01,0.0,0.0,0.775,0.005,0.0,0.86,0.095,0.03,0.12115000000000001,0.08424999999999999,1.0,0.06,1.0,0.5833,928,0.03900000000000001,0.0,0.78,0.0,0.0,0.0,1.0,0.0,0.3339210522363396,0.1287319705745345,0.6104540474106555,0.1109279038968765,0.3781552110503941,0.03137614241475,0.3157857817909367,0.369712146484658,0.0152792509063975,-0.0041601726885265,0.7994702630903199,0.1990022005319392,0.4094634898925861,0.0335818677027706,0.0036424243962985,0.7888063582871453,-0.0383508309039164,-0.0631108889428656,0.0154346933233897,-0.0203902120545698,0.0383426822120305,-0.0225655762051947,-0.0563850908395174,0.0057666226572844,0
Zm00001d029856,0.0,II,0.671958,0.535294,0.0510204622014482,0.8417272038497671,0.025,0.2673,0.0935,75.0,190378.0,31.1352,0.55,0.065,0.015,0.025,0.56,0.33,0.485,0.765,0.39,0.835,0.3574,0.16665,1.0,1.0,1.0,1.0,0,0.09399999999999999,0.05999999999999999,1.0,1.0,0.0,1.0,0.0,0.0,-0.0036130568305918,-0.0074221568565899,0.0073411024678955,0.0019410645603013,-0.0098155062617889,0.0063336256270564,-0.0147338257241879,0.0025932195815305,-0.0456467870272129,1.360527936221842,0.3301538612921568,0.0896332880762351,0.1544052161262675,-0.0251270237336806,1.5817396412289546,0.0457119085603328,0.3633548719684781,-0.0696679490639185,-0.0217041717634126,0.0017810194989756,0.1672909910983287,0.0360871873502875,-0.0937460127761358,0.0478958847563004,0
Zm00001d029849,0.0,II,0.422057,0.56,2.5678127245617697,0.3284740231141598,0.0674,0.1516,0.4449,5426.0,3771.0,6.69714,0.56,0.08499999999999999,0.03,0.01,0.765,0.42000000000000004,0.015,0.9299999999999999,0.6000000000000001,0.47,0.66665,0.173,1.0,1.0,1.0,1.0,0,0.8857,1.0,1.0,1.0,1.0,0.0,0.0,0.0,0.7508501795030997,-0.0144102201383027,0.004169877901947,0.0862849286960142,0.1871986332703401,0.3255157216757483,-0.0757608240613522,0.1286808265249149,0.2521593668433582,0.6515485614848411,0.4885610032409967,0.3744905036909379,0.7396796852351749,-0.0236272224248399,1.0271159685713966,0.4462931378316073,-0.0059295547430362,-0.0052925698243756,0.0158014355973313,0.0148704664049051,0.0139381411734856,0.0077832847670655,0.0013692731615141,0.0212986276310092,0
Zm00001d029846,0.0,II,0.48831,0.53,2.190746858211176,0.272094185445458,0.0353,0.1279,0.2756,66679.0,34230.0,7.20936,0.56,0.02,0.045,0.005,0.6000000000000001,0.495,0.005,0.68,0.635,0.485,0.33194999999999997,0.54775,1.0,1.0,1.0,1.0,0,0.23349999999999999,0.039999999999999994,1.0,0.8,1.0,0.0,0.0,0.0,0.2004418391984586,0.1018124889173143,0.0808399585340502,0.2959781148225937,0.8530801475567703,-0.0101726795279805,-0.0209555880952521,0.6157743433565331,0.3767515710701384,0.6345542465089437,0.5975281743234183,0.5040045294135728,1.0749276739541016,-0.0178254680273826,0.8870200765156271,0.7920496260039361,0.1622331951417294,-0.0807438047286272,0.2638675064789527,0.1568521982868536,0.3138472827622886,-0.0206957904922997,0.0589027657831002,0.3335656803149212,0
Zm00001d019145,0.0,II,0.682505,0.664706,1.665026920566923,0.7209770268906442,0.0505,0.7358,0.0686,373.0,211451.0,45.554,0.37,0.09,0.02,0.0,0.355,0.785,0.0,0.42500000000000004,0.895,0.0,0.63405,0.235,1.0,1.0,1.0,1.0,261,0.18749999999999997,0.7295,1.0,1.0,1.0,0.0,0.0,0.0,-0.0010667086086909,-0.0664708926959779,-0.0714742707140987,-0.0416337802370497,-0.0285295607698862,-0.0311196932207384,-0.0729228614270649,-0.0210876270483398,0.3216315947726344,0.069441978017842,1.2064772257039005,0.2681128992621907,0.6250131752277065,0.0248847701200512,0.3647645194423393,0.8190336224318184,0.1171224006965186,-0.1051790700815157,-0.0092201617346367,-0.0577429163287899,0.0712781031106951,-0.0154346911738971,-0.1014881192529719,0.0399400875968627,0
Zm00001d019149,0.0,II,0.532777,0.61,3.7703472706395953,0.4808218272667782,0.0031,0.2365,0.013,150.0,137155.0,14.3661,0.33,0.065,0.02,0.0,0.75,0.815,0.005,0.8300000000000001,0.87,0.64,0.56075,0.21665,1.0,1.0,1.0,1.0,870,0.4669999999999998,0.986,1.0,1.0,1.0,0.0,0.0,0.0,-0.0305372241494276,-0.0116795555175449,-0.0359375968662201,-0.0047749097143244,-0.0108034454242051,0.0124992927925964,-0.0300997379460748,-0.0236602843625369,0.0823826525622121,0.6586698442281299,0.7559916679931544,0.5956502832812355,1.002019904235477,0.0606899285541993,0.9845642708685876,0.7592950537639732,-0.0432811083910302,-0.0679799102435248,-0.0594912607324113,-0.0372550749506394,0.0405736853977329,-0.0254681795180356,-0.0767023844187605,-0.0129543386429564,0
Zm00001d019164,0.0,II,0.491924,0.62,5.561622047019164,0.2164379997061057,0.0207,0.1182,0.1748,121.0,1756.0,28.2199,0.35,0.025,0.095,0.01,0.255,0.455,0.455,0.6399999999999999,0.5800000000000001,0.745,0.2738,0.8208500000000001,1.0,1.0,1.0,1.0,3411,0.0,0.4065,0.0,1.0,0.0,0.0,1.0,0.0,0.0067040908793434,-0.0282804267164638,-0.066847617150817,-0.0088040056101427,0.0560321573857055,-0.0526322988091566,-0.0598069173904421,-0.0052143336608554,-0.020232942277097,0.8464789466666286,0.3101105048894657,0.0958991771473743,0.1633015475393694,-0.0565254472168659,1.0340019653888346,0.1289346654324174,0.1010212365868412,0.4861570168826311,0.025641990983215,0.0057734532884908,0.1319636192513868,-0.013529100868008,0.3924361335889589,0.0021134923973797,0
Zm00001d019166,0.0,II,0.603256,0.69,3.1834511188670667,0.2252123770293914,0.034,0.199,0.1707,26.0,271234.0,305.785,0.41,0.035,0.055,0.005,0.8,0.79,0.045,0.865,0.88,0.575,0.2625,0.5655,1.0,1.0,1.0,1.0,2947,0.32599999999999996,0.3245,1.0,1.0,0.0,0.0,1.0,0.0,-0.0232036166273533,-0.0262489939099358,-0.0274183861067186,-0.0265507133302074,-0.0248537576055541,-0.0055459634371281,-0.0394756956144468,-0.0331983720231918,-0.0206984223655221,0.7311844660336988,0.4525482034996125,0.2719379203456558,0.4924999798663043,-0.0425313313465824,1.03245232918719,0.3426647498229735,-0.0201297103847872,-0.0694772057966643,-0.0494388777932596,-0.0298696367935576,-0.0228507578160172,0.0371378774411991,-0.0731994919501178,-0.0070836607506834,0
Zm00001d019169,0.0,II,0.498818,0.42,3.5201862741832595,0.2637064963838503,0.0534,0.1723,0.31,122343.0,139602.0,305.785,0.46,0.035,0.13,0.01,0.52,0.375,0.365,0.61,0.44,0.74,0.28095000000000003,0.63185,1.0,1.0,1.0,1.0,0,0.22249999999999998,0.23149999999999998,1.0,1.0,1.0,0.0,0.0,0.0,0.3395591372667251,-0.1045131427538502,-0.06529169866645,-0.0567977077351105,-0.007817447070187,1.0118879147646056,-0.1279093952942676,-0.0744787833417435,-0.0046263380056456,1.3612581608954553,0.2330474490228158,0.0260822758773116,0.1462887748785534,-0.0334472950350131,1.6828406967373757,0.0270667494053089,0.1725694921939761,-0.037406168353625,-0.0168543283937559,-0.0012057804593241,0.2011183839812761,0.0096993561491055,-0.0654695026946407,0.1012371939277626,0
Zm00001d019182,0.0,II,0.50267,0.64,4.5236320148897,0.2580798156847094,0.0213,0.1582,0.1346,61.0,5086.0,10.5316,0.43,0.15500000000000003,0.01,0.005,0.5700000000000001,0.015,0.02,0.6799999999999999,0.32999999999999996,0.6599999999999999,0.67085,0.11995,1.0,0.25465,1.0,1.0,0,0.2447,0.0498,1.0,0.84,0.0,1.0,0.0,0.0,0.03513436799528,0.2234845183679837,-0.0643581057044643,0.0278287505003883,0.2143427368566557,-0.0092749399930548,0.1791524627008504,-0.0149354250667401,-0.0053766143599776,0.8296203658959314,0.6147001536273637,0.2290340566658772,0.342471851640015,-0.0229695000771528,1.4449779657857191,0.2827636721368249,0.1468114476895653,-0.0012660293268633,0.1718293924478246,0.0821916632537806,0.2275107203564921,-0.0178994760265515,-0.0371262828580494,0.1901649907907404,0
Zm00001d019191,0.0,II,0.538333,0.61,9.05886894505386,0.1251558428737648,0.0,0.1342,0.0,230.0,101.0,48.8236,0.22,0.10500000000000001,0.02,0.0,0.8200000000000001,0.365,0.005,0.875,0.635,0.41000000000000003,0.7799,0.3436,1.0,1.0,1.0,1.0,1247,0.31300000000000006,0.18049999999999997,1.0,1.0,0.0,0.0,1.0,0.0,0.0873760392805567,-0.0002882658291901,0.0388566488075421,-0.0015472900006711,0.0784980623541742,0.0249858625898836,-0.0301502468351612,0.041660210794393,-0.0620876104973633,0.4255181207703908,0.8760421714328797,0.2866039640009049,0.4940841941062309,-0.0264110869201613,1.0859765157111751,0.376266442686482,-0.0728454284078636,-0.1031323283626628,0.0381183113302869,-0.0234212738731115,-0.0140430552137621,-0.031977222688296,-0.089410049880992,0.0011890944008562,0
Zm00001d019194,0.0,II,0.462963,0.41,2.347473723248493,0.3569902804334413,0.0217,0.1005,0.2159,26275.0,37627.0,48.8236,0.21,0.02,0.03,0.0,0.55,0.62,0.01,0.6799999999999999,0.695,0.725,0.18730000000000002,0.3729,1.0,1.0,1.0,1.0,0,0.0,0.7505000000000002,0.0,1.0,1.0,0.0,0.0,0.0,-0.0547920085872128,-0.0835289253799914,-0.0586893168634815,-0.0177418572350893,-0.0804629875045442,-0.0019443745818924,-0.0995358088307902,-0.0589313032843241,-0.0322968183482652,1.02781171855719,0.3345865395386603,0.207920864917692,0.463675757575302,-0.0441482901234631,1.4533256783645423,0.2493626788813009,0.0030945852996935,-0.0779021676814442,-0.0894692271261292,-0.0164132776777117,-0.0090902154825798,-0.010268163577535,-0.1044042130813418,0.0063918560113544,0
Zm00001d019207,0.0,II,0.699889,0.676471,2.0390906980736427,0.5541129930001487,0.0286,1.9473,0.0147,1373.0,18278.0,22.4946,0.17,0.08499999999999999,0.1,0.0,0.5800000000000001,0.41000000000000003,0.0,0.5800000000000001,0.515,0.0,0.66665,0.7919,1.0,1.0,1.0,1.0,2547,0.17,0.2028,1.0,1.0,0.0,0.0,1.0,0.0,-0.0157505498443313,-0.0037797628553574,-0.0123043568032401,0.01172538885051,-0.0091684381163701,-0.0243670471849688,-0.0330841355134821,-0.0137338715201954,0.1120075126105434,0.0096140677883282,1.0351169530169444,0.3030958004437972,0.442710820319783,0.0017886553242338,0.2278897728341643,0.4950679726199573,0.0688290308847755,-0.1146116164384104,-0.0546722485587719,0.034456550520272,0.2438300351843954,-0.0220279051002067,-0.1297318081985917,0.0337077390417374,0
Zm00001d019215,0.0,II,0.498305,0.41,2.7659704555908795,0.4441736155063345,0.0282,0.1475,0.1914,82350.0,3184.0,7.20936,0.21,0.01,0.05,0.005,0.605,0.44499999999999995,0.235,0.775,0.675,0.735,0.10575000000000001,0.37744999999999995,1.0,1.0,1.0,1.0,1225,0.345,0.0,1.0,0.0,0.0,0.0,1.0,0.0,0.0783016294518611,-0.0513531046836659,0.3641096530507632,0.0185230314364084,0.1523103218017052,-0.0064814369951321,0.0151372042884489,0.0706797542912718,0.1983003686160819,0.6976972825148635,0.3980106042339997,0.2052381443353209,0.5677886377991263,-0.0164068173861267,0.7781250642416728,0.5107084580666795,-0.0589343135068141,-0.0831151228218663,-0.0631158266013697,-0.031897986502577,0.0056204425825653,-0.0335617877201009,-0.1018864070782518,0.0038083491383716,0
Zm00001d019219,0.0,II,0.560284,0.59,8.018818018596798,0.1666659411864008,0.0065,0.2399,0.0271,30.0,564.0,31.5948,0.28,0.045,0.0,0.005,0.255,0.0,0.015,0.495,0.045,0.365,0.57235,0.019,0.96875,0.025,1.0,0.53715,6694,0.0655,0.020999999999999998,1.0,0.42,0.0,0.0,1.0,0.0,0.3141382256570199,0.2552521988868648,0.6881805369367073,0.1442072130043967,0.2855777975419103,0.0646542223993479,0.6721350539239779,0.1446650952400454,0.048013622229727,0.5018762024679859,0.8388694647687103,0.2199120481141346,0.4462034132576008,-0.0080159653456112,1.2061021844690258,0.247034729654429,0.3603846812116859,-0.0319280824651945,0.0041280444192517,0.0181578762565083,0.2065338809990996,0.0056300135259362,-0.0358763074908027,0.0268285356292523,0
Zm00001d019222,0.0,II,0.676587,0.43,0.6109519977576753,0.8599130414505803,0.0714,0.1679,0.4251,248762.0,4393.0,19.1723,0.4,0.015,0.06,0.0,0.14500000000000002,0.26,0.0,0.21,0.475,0.0,0.25,0.57665,1.0,0.9091,1.0,1.0,5517,0.0625,0.26600000000000007,1.0,1.0,1.0,0.0,0.0,0.0,0.5339345002384216,0.0415939101762481,0.120650583942421,0.0647347941460987,0.1817960522147076,0.2007797216190438,-0.0945085153851778,0.0636877514879749,0.2168804609436883,0.0821397896263878,0.2301264629898476,0.0482060267266199,0.0838028871200665,0.0878300184908483,-0.0183377237758326,0.0595609238341182,0.6310251547822453,-0.0094981743825013,-0.0261951008428258,-0.0023889255973964,0.1223348051845619,0.2208782181874378,-0.0836531324771099,0.0381239840183381,0
Zm00001d019233,0.0,II,0.488095,0.452941,4.338907628291655,0.2698301778249504,0.0081,0.1092,0.0739,148027.0,368906.0,28.7848,0.43,0.015,0.060000000000000005,0.0,0.75,0.685,0.015,0.8200000000000001,0.895,0.59,0.22915,0.4235,1.0,1.0,1.0,1.0,0,0.0,0.5535,0.0,1.0,1.0,0.0,0.0,0.0,-0.0319365845653211,-0.0504483762298384,-0.0548383982530179,-0.0124306850095577,-0.0555338117621079,0.00021007455087,-0.0859907589216103,-0.0339022601830848,0.1458176713645433,0.763606060048533,0.339535402147568,0.1674721547921733,0.4987762353040326,-0.0228205673181841,0.8999527838882317,0.3727131551616159,-0.0511100115980166,-0.0770149518276078,-0.053392951091256,0.0005709899480206,0.0359076970671625,-0.0318168102540089,-0.0706682987280202,0.061165980741564,0
Zm00001d019234,0.0,II,0.577333,0.43,3.385970282814346,0.1942919580877274,0.047,0.1174,0.4002,260289.0,256384.0,28.7848,0.43,0.025,0.015,0.01,0.74,0.51,0.01,0.905,0.73,0.545,0.2222,0.16175,1.0,1.0,1.0,1.0,459,0.6769000000000004,0.0805,1.0,1.0,1.0,0.0,0.0,0.0,-0.0608477179553996,-0.0641680462906668,-0.1268686540018288,-0.086673152742244,-0.0410265284161027,-0.0483044847178331,-0.1085766482276278,-0.0830227120429263,0.0516194856676591,0.7704072215042621,0.3191902061162253,0.1469405374027346,0.4405023326290436,-0.0577472779265593,1.0114827425873527,0.2936767672817171,-0.0166163989021166,-0.0725181703369192,0.0137222597949414,-0.0256761749690725,0.0451720782834021,0.0051847460889865,-0.0474490436302308,0.0423126976909735,0
Zm00001d019241,0.0,II,0.446429,0.61,3.227481065510863,0.3688605713193431,0.0217,0.3534,0.0615,475.0,8586.0,25.3572,0.43,0.01,0.055,0.0,0.365,0.355,0.02,0.52,0.575,0.615,0.13885,0.5917,1.0,1.0,1.0,1.0,0,0.079,0.19150000000000006,0.85,1.0,0.0,1.0,0.0,0.0,0.2365158765252107,-0.0030571316362156,-0.0960805467466902,-0.0749644548255508,0.0908512243949708,-0.0398395508787857,-0.0936898125076441,-0.0366639930517293,0.2361796905415021,0.6144792090732547,0.4088447205831705,0.2647071569386907,0.5649331192881718,-0.0061585326397367,0.9184701781960456,0.4520416278397142,0.1850408983488274,-0.0644110572836164,0.3384569134261633,0.1680202946551804,0.3228129024044246,-0.0040981435076263,-0.0439842543924016,0.3126867773731276,0
Zm00001d019283,0.0,II,0.499214,0.6,8.427986662900517,0.2052648025703082,0.0106,0.1799,0.0589,42.0,152.0,43.1508,0.39,0.065,0.0,0.005,0.74,0.005,0.005,0.88,0.5449999999999999,0.315,0.40554999999999997,0.04585,1.0,0.0625,1.0,1.0,914,0.4774999999999999,0.0,1.0,0.0,0.0,1.0,0.0,0.0,0.1223727927694282,0.4197406651207355,0.003150717999286,0.038400113916062,0.1978176371472294,-0.0226915525427043,0.3355627901796302,0.0589913278128866,0.3012402738686728,0.3434778580976417,1.4587897398610792,0.2353186051228442,0.5160946861106525,0.0184363998913967,1.1632130655564086,0.2323173561439845,-0.0710600379293208,-0.1102412125038958,-0.0575373938542645,-0.0546211468173681,-0.0235543210297267,-0.0687441411056725,-0.098295438467821,-0.0695178237477972,0
Zm00001d019287,0.0,II,0.519192,0.48,5.228432941915214,0.1223600841538922,0.025,0.1605,0.1556,1334.0,44402.0,9.10026,0.43,0.07,0.02,0.0,0.495,0.575,0.015,0.7,0.7,0.5549999999999999,0.73055,0.22105,1.0,1.0,1.0,1.0,3966,0.2624,0.20634999999999998,1.0,1.0,0.0,0.0,1.0,0.0,0.0666428635246741,-0.0373558525627854,-0.0931322391844345,-0.0471224962569744,0.0276764359667689,-0.0498441370844374,-0.1158512155828801,-0.0421570078545038,-0.0775083844357674,0.7823094892109572,0.0079093581511426,0.0652275418041877,0.2041899056002688,-0.027316475710784,0.9237105777610782,0.006037759534521,-0.0310736252344716,0.1501506631778451,0.958991489446358,0.3748636388442777,0.6891860510022234,-0.0030669902832838,0.7314015544157,0.5757460913643027,0
Zm00001d019288,0.0,II,0.545385,0.46,2.091262491941708,0.1821866434729981,0.0411,0.1309,0.314,596323.0,23336.0,9.10026,0.43,0.035,0.02,0.005,0.6699999999999999,0.65,0.005,0.6950000000000001,0.715,0.6499999999999999,0.24195,0.20274999999999999,1.0,1.0,1.0,1.0,1305,0.3705,0.584,1.0,1.0,0.0,0.0,1.0,0.0,-0.0702103458430681,-0.0302999977935936,-0.0614858856544513,0.0158268881214555,0.0954252857124146,-0.0131538402788511,-0.0657563328756052,0.0003202186146737,-0.049252555701231,0.7143142886483366,0.3145453430945503,0.0205971492209225,0.213898074151397,-0.0992930377705582,1.1068155954310712,0.0382422076165719,0.068391569658783,-0.0760872920299001,-0.0141517046007717,0.0500410077977415,0.2098724158327674,0.0009333503328969,-0.0937173338885192,0.0793440307107633,0
Zm00001d019298,0.0,II,0.496063,0.44,0.5833078890578863,0.7688965651495578,0.0301,0.1526,0.1973,164800.0,286445.0,7.66892,0.47,0.04,0.045,0.01,0.77,0.15,0.095,0.89,0.31,0.495,0.33885,0.5823,1.0,1.0,1.0,1.0,0,0.9025,0.20189999999999997,1.0,1.0,1.0,0.0,0.0,0.0,-0.0394146267760242,0.6355381408048254,-0.0259521323480083,-0.0188662701995372,0.0064206616462667,-0.0323680791211506,0.5638673196437789,-0.0267436476993026,0.340995678294853,0.4572502546171382,0.1461107769929062,0.0260081692554385,0.2343289038934747,-0.052853185823312,0.2753774546178805,0.2015197643249661,0.0015152656808831,-0.0414348236732132,-0.0158789050440341,0.0136871800073445,0.0640251269417854,0.0114485316594099,-0.0336011476983868,0.0205505309540714,0
Zm00001d019314,0.0,II,0.488774,0.458824,3.1201667513829108,0.2712740937131253,0.0418,0.0998,0.4189,206123.0,14025.0,12.4225,0.43,0.015,0.045,0.01,0.72,0.48,0.07,0.845,0.73,0.59,0.24995,0.29164999999999996,1.0,1.0,1.0,1.0,678,0.2175,0.5395,1.0,1.0,0.0,0.0,1.0,0.0,0.0119663319387183,-0.0065899432941078,-0.019759380385378,0.0239311268510872,0.1096316353345701,0.0177018437343702,-0.0105988964294933,0.0252900786227622,-0.072903014887688,0.9077395422016517,0.2115851311239688,0.080031865476781,0.3240800147488555,-0.0364389517576296,1.1667905414942874,0.110599268150756,-0.0523289547901962,-0.0828695993144601,-0.0520707855081197,0.0112194389811985,0.0283686767212166,-0.0149460224218034,-0.0950925852963651,-0.0309512565715048,0
Zm00001d019317,0.0,II,0.546948,0.59,4.566036205223825,0.4732919656132294,0.0092,0.2292,0.04,8.0,422.0,97.2928,0.4,0.04,0.125,0.0,0.125,0.43000000000000005,0.0,0.245,0.575,0.27,0.5287,0.9514,0.75955,1.0,1.0,1.0,3836,0.12299999999999998,0.2851000000000001,1.0,1.0,0.0,0.0,1.0,0.0,-0.0718005107199316,-0.0624887148955471,-0.0573461987103012,-0.0201447563350108,-0.0236116574463439,0.0198725881588554,-0.0885604892007654,-0.0543138080924054,-0.0654949196116014,0.2673578546314151,1.1318049802525167,0.8617776565372317,1.2567550550676274,0.0822343929714745,0.7671532398044317,0.7727253588748666,0.0395876783809135,-0.1022339135467872,-0.0690982358630855,0.0780852844116193,0.3255594088126487,-0.0107110545351274,-0.0985700900448569,0.014487429784795,0
Zm00001d019363,0.0,II,0.460494,0.511765,2.1952941670125927,0.3895535105051275,0.0391,0.1362,0.2873,258750.0,531860.0,18.7127,0.2,0.09,0.01,0.0,0.54,0.635,0.15000000000000002,0.5549999999999999,0.7949999999999999,0.735,0.8,0.125,1.0,1.0,1.0,1.0,509,0.29800000000000004,0.616,1.0,1.0,0.0,1.0,0.0,0.0,-0.0670120720680652,-0.081497295081547,-0.0488678007085912,-0.0367647962988791,-0.0770479253091309,-0.0592161962814187,-0.0945758363700298,-0.0661442592822669,-0.0227783429582694,0.7525900575818297,0.2156213741537221,0.052835193794132,0.2419644484411698,-0.04431560021543,0.99749777079384,0.1958919432448711,0.2119041461643001,-0.0815457948550953,-0.0408014080972331,0.0216077954926141,0.1476034540375798,0.1527631425218616,-0.1008775170617366,0.014892434239696,0
Zm00001d019457,0.0,II,0.637902,0.52,0.3214551725549394,0.77428724981122,0.1462,0.0805,1.8159,440713.0,127893.0,19.1723,0.1,0.015,0.06,0.01,0.665,0.65,0.10500000000000001,0.89,0.795,0.24,0.20740000000000003,0.39525,1.0,1.0,1.0,1.0,0,0.0,0.6592999999999996,0.0,1.0,0.0,0.0,1.0,0.0,0.0023514034211903,-0.0321039697408071,-0.0512261924528787,-0.011951396367467,0.0251231228022429,0.0115631573996324,-0.0480793492330381,-0.0241552299584382,0.4240490167286285,0.0938792773327895,0.1741452461831262,0.0553257977559828,0.2135637761037999,0.2016752294021815,-0.0431470238791231,0.1267744776954856,0.1187312450119823,-0.003247013223585,-0.0588414143233957,0.0361675735209689,0.0702997735447978,0.0624261833693337,-0.0845991925074405,0.0053737267953008,0
Zm00001d019467,0.0,II,0.520958,0.62,5.618143889418126,0.248297323783447,0.0154,0.1984,0.0775,95.0,108567.0,27.813,0.09,0.025,0.03,0.005,0.74,0.64,0.03,0.8049999999999999,0.765,0.615,0.2821,0.3107,1.0,1.0,1.0,1.0,0,0.6694999999999999,0.32800000000000007,1.0,1.0,0.0,1.0,0.0,0.0,-0.0671504970163333,-0.1039602814860247,-0.1027679488906394,-0.0492975954703738,0.0114232426040049,-0.0412461669664737,-0.0979193718144345,-0.0759492123133605,0.0245971042289256,0.5682463283856819,0.4902436671795363,0.2802586861816223,0.47093557810386,-0.0044926879377685,1.1208914796900098,0.2231655904639071,-0.0512652519272189,-0.1075378259661382,-0.0663571302108142,-0.0170742019543401,0.0583386898987271,0.0028105736713106,-0.1026393689752883,-0.0376001105253237,0
Zm00001d019507,0.0,II,0.475008,0.56,5.10552394389995,0.4028457719322487,0.0066,0.1185,0.0554,16028.0,156830.0,12.4225,0.03,0.03,0.02,0.01,0.69,0.815,0.055,0.685,0.915,0.645,0.34830000000000005,0.134,1.0,1.0,1.0,1.0,2422,0.657,1.0,1.0,1.0,0.0,0.0,1.0,0.0,-0.007840872883869,-0.0113600264378764,-0.0102466625788875,0.0029196602070243,-0.0065237168676197,0.000467016725119,-0.0291178396686136,-0.0253100261002336,0.0198209542199643,0.6433466405508643,0.7638811055578442,0.2735471985048217,0.5636558156019126,-0.0194620120773767,1.088921786886419,0.3951237897434788,0.0419434378277055,-0.0541044092024615,-0.05526209646212,0.0221063445872691,0.0997187393409107,0.003626755972823,-0.0638606738326845,0.0243966179176667,0
Zm00001d019515,0.0,II,0.448773,0.55,4.811103829554953,0.201323657616181,0.0087,0.1263,0.0689,57083.0,92043.0,17.2288,0.02,0.015,0.025,0.02,0.825,0.69,0.445,0.935,0.755,0.735,0.1222,0.21825,1.0,1.0,1.0,1.0,0,0.31800000000000006,0.447,1.0,1.0,0.0,1.0,0.0,0.0,-0.0925689623595088,-0.1159628957344947,-0.1201725870620213,-0.0686779635543535,-0.014575479380253,-0.0719681455405559,-0.1362572003834963,-0.0893494413867107,-0.0773073603454443,1.4077004155652435,0.2590045690545555,0.1196341153695688,0.2072042830805124,-0.0219019294976249,1.7120885207258714,0.1433077259788915,-0.0921771049536219,-0.0884426392284382,-0.0894203805125914,-0.0805794308735978,-0.0765795571865357,-0.0544050826048014,-0.1216550489109161,-0.0901712226788821,0
Zm00001d019518,0.0,II,0.671533,0.64,2.870061725105149,0.7468945885306999,0.0424,0.4304,0.0985,61.0,396379.0,22.5472,0.02,0.035,0.14500000000000002,0.0,0.575,0.575,0.01,0.815,0.755,0.01,0.28695000000000004,0.69,1.0,1.0,1.0,1.0,379,0.306,0.7234999999999999,1.0,1.0,1.0,0.0,0.0,0.0,0.3824884580300736,0.0005124951325858,-0.0002748655653875,0.0236337306124092,0.0892038479207862,0.1112396424802583,-0.1072137628752732,-0.002879111070055,0.1839956725775736,0.0102179598800141,0.8335538449658081,0.1877268937756012,0.290462407266681,0.131948196658866,0.3011310162738463,0.136093469851349,-0.029443529375765,-0.1017144557746517,-0.0823086843262721,0.0067166601735106,0.0172966036686465,-0.0119060512668442,-0.1261461290301196,-0.0296471617322729,0
Zm00001d019520,0.0,II,0.577508,0.52,2.100060088518066,0.2410195647943648,0.0356,0.1174,0.3031,208963.0,184770.0,10.5316,0.01,0.04,0.015,0.06,0.655,0.435,0.315,0.795,0.875,0.6950000000000001,0.345,0.15835,1.0,1.0,1.0,1.0,0,0.0,0.7245,0.0,1.0,1.0,0.0,0.0,0.0,3.934534748749035e-05,0.4715319842937306,0.0482014759234389,0.0454179900793902,0.0001989736983706,0.0084284741761516,0.4622295811543069,0.0058019490765967,0.332941072355314,0.2854876393623697,0.6551396065854636,0.2626924633058104,0.5922367633347732,0.0297304591877562,0.499704927328416,0.6816279922734225,0.2541292900641364,0.0398540163471683,0.0229462039389467,0.0058664541464812,0.1031174763901108,0.0150988796362944,-0.0344442761221708,0.0440903868096653,0
Zm00001d019522,0.0,II,0.57659,0.57,2.959603573117332,0.2604417796005254,0.0218,0.1659,0.1316,43.0,393264.0,10.5316,0.01,0.02,0.01,0.0,0.745,0.715,0.005,0.865,0.71,0.615,0.1347,0.11069999999999999,1.0,1.0,1.0,1.0,2122,0.1675,0.4315,1.0,1.0,0.0,0.0,1.0,0.0,-0.0368666106005177,-0.0503497927939999,-0.0977127947813472,-0.0229392168718115,0.0301656129797061,-0.0197413318645012,-0.1010332460247855,-0.0580945157764674,0.0337018407816806,0.6645972884816518,0.3408175672361568,0.214956645795606,0.4287848297763525,-0.0092238677550113,0.929385696659646,0.2522090053791461,-0.0232848046406671,-0.061131686718434,0.0324719987462419,0.05318209589558,0.1354474270119968,0.0221011688039867,-0.0547689039327057,0.0783833089586709,0
Zm00001d019546,0.0,II,0.563934,0.45,0.2417558173115379,0.7668217316812295,0.1286,0.0834,1.5409,6483.0,13552.0,33.5384,0.02,0.02,0.01,0.0,0.6799999999999999,0.615,0.0,0.815,0.75,0.005,0.43920000000000003,0.1262,1.0,1.0,1.0,1.0,11498,0.12000000000000002,0.0,1.0,0.0,1.0,0.0,0.0,0.0,-0.0675863659432662,-0.0975674873187471,-0.0767030176113176,-0.0367299673074787,-0.08546161861598,-0.0248112675819084,-0.1314556022967651,-0.1084869523711981,0.5193204741744248,0.0699147734099602,0.168892916183434,0.135297274089091,0.3703491411826514,0.1642971814487236,-0.0730108138136534,0.3183864443721191,0.1357248650303466,-0.0544247787390751,-0.041392943718921,-0.0191297322354436,0.0515304704484745,0.0818532987444455,-0.1208832358123027,-0.0057101271790662,0
Zm00001d019553,0.0,II,0.572327,0.311765,6.420125762860739,0.1698580109093508,0.0552,0.3796,0.1454,177843.0,9608.0,9.10026,0.02,0.02,0.005,0.0,0.74,0.345,0.01,0.765,0.875,0.56,0.23145,0.09045,1.0,1.0,1.0,1.0,1643,0.0175,0.0,0.35,0.0,0.0,0.0,1.0,0.0,-0.0741629265335718,0.8908633298814215,0.0387244278715849,-0.0141261043595943,-0.0869492230006992,-0.045223347205653,1.2781818574283264,-0.1116888845508499,-0.0765278190914194,0.4874533776763837,0.5917390850934277,0.3833614789560148,0.6984322771449072,-0.0827523340754844,0.9756083227404252,0.6392125768769249,-0.0486856239135526,-0.0778524123398516,-0.0670066332758883,0.0076322488524011,-0.0045120321916441,-0.0097171384820852,-0.0955489936787996,0.0003168768126145,0
Zm00001d019563,0.0,II,0.693013,0.51,8.085827122402813,0.2528845299662878,0.0026,0.458,0.0056,1.0,1350.0,84.3055,0.01,0.12,0.02,0.0,0.15,0.20500000000000002,0.0,0.21,0.285,0.0,0.6890000000000001,0.20124999999999998,0.9375,0.875,0.94445,0.99245,6323,0.19599999999999995,0.03799999999999999,1.0,0.76,0.0,0.0,1.0,0.0,0.2007445984966955,-0.0993594690859485,-0.0420818553731666,0.1407137946196563,0.5374131126330154,0.0110675184132707,-0.1211625033605818,0.3584949080277348,0.1531918405682821,-0.0797343782729017,1.1205401275911362,0.2821296611209335,0.6191546457124146,-0.0099911902047556,-0.0197585964613704,0.5086830345420592,0.4283916552168453,-0.1003496432657861,0.0464294070051724,-0.0188756581235715,0.1660779695674422,0.0072462666921767,-0.1136425742132438,0.0062461832934635,0
Zm00001d019576,0.0,II,0.523517,0.51,2.8970219218622653,0.3247924985259627,0.0082,0.1514,0.0542,34484.0,77608.0,9.10026,0.01,0.02,0.01,0.0,0.675,0.78,0.0,0.845,0.9299999999999999,0.04,0.21925,0.0972,1.0,1.0,1.0,1.0,0,0.6439999999999999,0.9811,1.0,1.0,0.0,0.0,1.0,0.0,-0.0160718359427139,0.0025057506074007,-0.0191344631027803,-0.0096515355495789,0.0105551006275116,-0.0028443318897275,-0.0328453214321701,-0.0150901091936421,0.3594454498553296,0.3235081260010101,0.7750311142194798,0.2684316006712916,0.59803072319738,-0.0664239007383267,0.6308468517453614,0.4946475873635921,-0.0162100348463936,-0.0507416419376959,0.0091574768043292,-0.0139531331150955,0.0027219722211783,-0.0299910571626729,-0.0544045642322187,-0.0034132958771659,0
Zm00001d019579,0.0,II,0.495751,0.47,3.775548422892223,0.373460860646808,0.0268,0.101,0.2651,750795.0,237709.0,15.7974,0.01,0.08,0.015,0.0,0.775,0.575,0.005,0.9,0.705,0.5700000000000001,0.5622,0.21484999999999999,1.0,1.0,1.0,1.0,754,0.9580000000000001,0.5125,1.0,1.0,0.0,0.0,1.0,0.0,-0.0271634441636547,-0.0807667147438747,-0.101337044662876,-0.01485881047707,0.0420872217981827,-0.0428560373160592,-0.1118113002443735,-0.0486552322034268,-0.0269776360149,0.7292269964090974,0.3177845270347206,0.3028317618496179,0.4886964676125397,-0.0038077165558217,1.1296423793556398,0.3908719271922725,-0.023545054974175,0.0015462086250983,0.0171092832944986,0.0870338811007294,0.1329582447628287,0.029647927353119,-0.0012096137740144,0.1405156742370918,0
Zm00001d019595,0.0,II,0.532369,0.66,3.867100340033937,0.3972308366297938,0.0069,0.1292,0.0537,150.0,145690.0,53.1702,0.0,0.115,0.065,0.0,0.775,0.52,0.0,0.87,0.65,0.43999999999999995,0.53895,0.42915000000000003,1.0,1.0,1.0,1.0,1306,0.664,0.5467,1.0,1.0,0.0,0.0,1.0,0.0,-0.0695155594099185,-0.0570101090900725,-0.0694222398490748,-0.0152938954281558,-0.0548078920384457,-0.0017275253654041,-0.0832146368638269,-0.0180221917985786,-0.0346159157452533,0.6836605088885943,0.4216350528262294,0.1455547723264903,0.4904583049330805,-0.0134737097747466,1.0325705307152857,0.3390472865453844,0.0071353244093747,-0.0783842319639278,-0.0099541462442044,-0.0262501340979713,0.0331091871507252,-0.0257039149259417,-0.0739631953420187,0.0386941344471115,0
Zm00001d019597,0.0,II,0.663024,0.58,4.131218323494859,0.4043675952850842,0.0109,0.2959,0.0369,62.0,147471.0,18.6601,0.0,0.045,0.015,0.005,0.77,0.495,0.0,0.915,0.77,0.21500000000000002,0.4111,0.20425,1.0,1.0,1.0,1.0,179,0.0,0.0,0.0,0.0,1.0,0.0,0.0,0.0,0.0452362811279498,-0.0437691306239246,-0.0405309959473381,-0.0186865240278994,0.0422311188304771,-0.0158151208023341,-0.1099651640662928,-0.0246457387748013,0.1347272891230912,0.3627334783221051,0.7409951388052832,0.3614559101561979,0.7122986291130019,0.0061298692125829,0.8393868128290387,0.500499855299078,-0.0007810191459271,-0.0522689957552264,-0.0001006828839622,0.029540961500942,0.0278401281459815,0.0125442473025187,-0.0580200931220497,-0.0141505989386202,0
Zm00001d019600,0.0,II,0.570764,0.41,3.1942605900704755,0.3003305785742537,0.0279,0.1174,0.2379,280626.0,261615.0,8.12848,-0.01,0.045,0.025,0.0,0.75,0.565,0.05,0.885,0.63,0.575,0.54435,0.2375,1.0,1.0,1.0,1.0,4235,0.225,0.5055000000000001,1.0,1.0,1.0,0.0,0.0,0.0,-0.0212860398135624,-0.0356137985105652,-0.0062865855952566,-0.0182305677709463,-0.0315170704673279,-0.0108219388187381,-0.0444557096076874,-0.0392993176744126,0.0034244538108689,0.904329014534239,0.4042345808089494,0.1071594751348848,0.2565113689439948,-0.0143891229901642,1.3000512551049543,0.1390471346556642,-0.0472879871765912,-0.1118601160633926,-0.0354732125224338,-0.0111973241222413,-0.0406953642315942,-0.1034238980161104,-0.1119110921494194,-0.0703725260900036,0
Zm00001d019650,0.0,II,0.579404,0.441176,1.701874188197251,0.3344822024038827,0.0317,0.1796,0.1764,164633.0,191486.0,11.5034,-0.02,0.04,0.015,0.005,0.715,0.28,0.535,0.8200000000000001,0.45999999999999996,0.69,0.47145000000000004,0.2455,1.0,1.0,1.0,1.0,0,0.16599999999999998,0.06849999999999999,1.0,1.0,0.0,0.0,1.0,0.0,0.514132975755334,0.056324131005536,-0.0041156356231261,0.1113766051870255,0.2460881946719687,0.028220033300981,-0.05054950777821,0.122295154228433,0.1997723611266876,0.5152721972077162,0.2772343971371637,0.0909374783410802,0.2479805515895358,0.0028567584515987,0.2124567008993941,0.2715863190273397,-0.0586932086257136,-0.1005119200305445,-0.0868080625436478,-0.0186347245863141,-0.0434201175638807,-0.0412938101993094,-0.1262295331909599,-0.0686503300336499,0
Zm00001d019856,0.0,II,0.461538,0.53,1.6642037520094572,0.4908258134379713,0.0674,0.111,0.6077,412485.0,333520.0,7.66892,0.0,0.055,0.03,0.0,0.8,0.845,0.005,0.85,0.895,0.665,0.8223,0.20415,1.0,1.0,1.0,1.0,111,0.063,0.0,1.0,0.0,1.0,0.0,0.0,0.0,-0.0485836880770553,-0.0391358716484071,-0.0603561782707049,0.0406402111248323,-0.0358215588431732,0.0264742976576072,-0.062833502734517,-0.0368004838863496,-0.0200919603982423,0.9389009611615388,0.4211097567133693,0.1014210642914608,0.2277924110520933,-0.0204361637167328,1.3197661652758472,0.1293724358350858,-9.099547432312936e-05,-0.0563339156954907,-0.0199029475161844,-0.0113819715604298,0.0569521244417246,-0.0268557539399957,-0.0600272222225694,0.048604686558429,0
Zm00001d019875,0.0,II,0.502584,0.47,2.0536838695198054,0.2443417974887111,0.0559,0.1178,0.4742,498197.0,322062.0,8.12848,0.0,0.015,0.02,0.0,0.835,0.6699999999999999,0.04,0.915,0.71,0.6799999999999999,0.1189,0.12445,1.0,1.0,1.0,1.0,0,0.7755,0.1125,1.0,1.0,1.0,0.0,0.0,0.0,-0.045614981137752,-0.0087154659866507,-0.067675863161896,-0.0262775606538678,0.0221510144411403,-0.0535390877317239,-0.0195190854944998,-0.0462588835128495,-0.0197414336666123,0.6585023367238335,0.4344479379586834,0.1959766012381945,0.4096363543322372,0.0087054479256764,0.9814456800405756,0.3809099457176614,-0.1104993842223139,-0.1456864142113186,-0.1293586150256388,-0.0647287980080388,-0.1151072164925493,-0.1036697665180212,-0.1690727207178179,-0.0831441979156544,0
Zm00001d019759,0.0,II,0.568019,0.48,1.7885503551271318,0.5735100326209567,0.0226,0.1667,0.1357,1996972.0,385348.0,7.20936,-0.01,0.01,0.015,0.005,0.665,0.8,0.0,0.7949999999999999,0.955,0.005,0.1434,0.22915,1.0,1.0,1.0,1.0,2390,0.3190000000000001,0.9145,1.0,1.0,0.0,0.0,1.0,0.0,-0.0548818520813927,-0.0157084393704416,-0.0459098305443182,0.0686133422153471,0.011040802310087,0.00430616109141,-0.0505698907870528,0.0040999873115902,0.4277897811367876,0.1880747151982057,0.8088836154212438,0.3025585929165604,0.7361099456313658,-0.0141943993168895,0.4575119646158225,0.7037018822033613,-0.0529789906172124,-0.1165627074776638,-0.0669242894512461,-0.0510702345771783,0.0227884264505253,-0.0864903530494238,-0.1183085199736125,0.005852198599401,0
Zm00001d019733,0.0,II,0.531835,0.56,0.7327315655079634,0.5230111059847828,0.0387,0.0883,0.4381,76977.0,272859.0,13.4469,-0.01,0.045,0.02,0.01,0.845,0.8300000000000001,0.09,0.9099999999999999,0.9199999999999999,0.56,0.7444500000000001,0.14989999999999998,1.0,1.0,1.0,1.0,0,0.9789999999999998,1.0,1.0,1.0,0.0,0.0,1.0,0.0,-0.0292773824682516,-0.0548071480010386,-0.099278393604205,-0.0314987672610088,-0.0843378848762592,-0.0390156779914485,-0.1168922179150051,-0.0351346193290271,0.5391176713801364,0.574315526897593,0.5030287441834081,0.0836141690135389,0.5369061800519058,-0.061049462294906,0.5463406990509518,0.5095109318098795,-0.0392373859684716,-0.0628952990828637,-0.0600731302144143,-0.0182521795542996,-0.0198434256996319,-0.0510115131890256,-0.0883303598349102,-0.0464410910945806,0
Zm00001d019718,0.0,II,0.594982,0.39,3.147958755712359,0.2302625143871983,0.0366,0.1961,0.1865,114705.0,3150.0,42.1264,-0.01,0.065,0.005,0.0,0.78,0.03,0.0,0.885,0.32,0.635,0.48514999999999997,0.17450000000000002,1.0,0.6,1.0,0.9694499999999999,178,0.6382000000000001,0.0,1.0,0.0,1.0,0.0,0.0,0.0,-0.0346772198454614,0.5699449929604159,0.1170285561601582,0.0189388225348865,0.0810203841429731,-0.01372202966776,0.6883113596944608,-0.0131630059698039,-0.0415112860367234,0.2962912446626808,0.9738382589767278,0.4021507105982994,0.5790628653955399,-0.0479413396848465,0.8631851479456694,0.5531370079989375,-0.0841830394998741,-0.0930857126600361,-0.0255690088237851,0.0151883312450305,0.0245621676733869,-0.044074215554462,-0.1031045867389007,0.0607019860756809,0
Zm00001d019701,0.0,II,0.667876,0.54,0.3826540342544348,0.8744992834570308,0.0451,0.2563,0.1761,29.0,874400.0,11.5034,-0.01,0.05,0.065,0.0,0.76,0.74,0.015,0.87,0.905,0.0,0.6652,0.5095000000000001,1.0,1.0,1.0,1.0,1028,0.92,0.5695,1.0,1.0,0.0,0.0,1.0,0.0,-0.0080178608207607,-0.0045697832148486,-0.0080178608207607,0.0006111773233813,-0.0069296112258629,0.0021631820558017,-0.0069043993085506,-0.0080178608207607,0.4357385665329945,0.0935469492700388,1.0926972966242496,0.0891782071773439,0.3137782409144523,0.0425926722491279,-0.0047693874806596,0.4237339647745782,-0.0200802512992644,-0.04409389170601,-0.0092182022648613,-0.0059451551909587,-0.0176098205832044,-0.0173861652923986,-0.0639534198835226,-0.0237807331936962,0
Zm00001d019700,0.0,II,0.482802,0.47,2.9038805137066386,0.5525783858478036,0.0517,0.1326,0.3896,193.0,215631.0,26.2763,-0.01,0.01,0.01,0.0,0.01,0.675,0.0,0.05,0.91,0.060000000000000005,0.23335,0.0736,0.19045,1.0,0.70835,1.0,2372,0.0,0.0,0.0,0.0,0.0,1.0,0.0,0.0,-0.0793637078180103,-0.0775726750021163,-0.086775397714463,-0.0227651626603311,-0.0564962373651001,-0.0436726063527179,-0.091606136909344,-0.0639499673629357,0.1544749437271645,0.7083019310462983,0.8296940900832649,0.4911875779063132,0.9292433315475224,-0.0272069039757806,1.375951517379243,0.5464888389850296,0.4892107650863796,-0.0507196291224711,-0.0844140316764131,0.0891802888056494,0.4104288036333559,0.0103438110784357,-0.1133092733424347,0.1259747447982852,0
Zm00001d019696,0.0,II,0.714777,0.56,0.9889343282144828,0.8438404053745223,0.0385,0.2843,0.1355,197307.0,131208.0,31.0826,-0.01,0.05500000000000001,0.045,0.605,0.815,0.30000000000000004,0.48000000000000004,0.745,0.30500000000000005,0.33499999999999996,0.70475,0.53805,1.0,1.0,1.0,1.0,1092,0.09250000000000001,0.15800000000000003,1.0,1.0,1.0,0.0,0.0,0.0,0.1143653863229341,-0.0462757231178146,-0.0541844450838912,0.0033080952891629,0.1361167557841456,-0.0210626703141406,-0.0780423903380448,0.0043331820875304,0.3378784274698897,0.0593582809385171,0.8538945611491163,0.1023930964479355,0.2194219671796787,0.0603649688144807,0.1035665247649948,0.2763920732179032,0.050921876185849,-0.0397582482693467,0.0143467824571214,-0.0119654234889987,0.0598872787270133,0.0118090591572613,-0.032493743303281,-0.0009347163195681,0
Zm00001d019988,0.0,II,0.453522,0.55,3.090851390671183,0.4198575349657653,0.027,0.1523,0.1776,130590.0,210247.0,13.3943,0.0,0.045,0.035,0.005,0.635,0.765,0.2,0.71,0.905,0.715,0.40495000000000003,0.39815,1.0,1.0,1.0,1.0,3759,0.008700000000000001,0.575,0.54,1.0,0.0,0.0,1.0,0.0,0.0050900445466066,-0.0250692864669718,-0.0479607789437504,0.0173747154018067,0.0131807603150926,0.0183716664733569,-0.0646870883479182,-0.02325966399341,0.3455603260230055,1.3413975530276794,0.3325506794062666,0.1493963162214328,0.5088399543278026,-0.0466212720241168,1.6068152652714889,0.3971425288908178,0.0801127157909768,-0.0865080328558415,0.0080711652446929,-0.038200487150459,0.1022327519567854,-0.0299252240527055,-0.1078521928123194,0.0753016938918242,0
Zm00001d019987,0.0,II,0.426217,0.49,3.305514517878802,0.356410144607882,0.0656,0.1519,0.4317,51876.0,298474.0,13.4469,0.0,0.035,0.03,0.0,0.645,0.635,0.005,0.8700000000000001,0.77,0.48,0.31245,0.277,1.0,1.0,1.0,1.0,4549,0.051000000000000004,0.5419999999999999,1.0,1.0,0.0,0.0,1.0,0.0,-0.1081790046496411,-0.0943444805647465,-0.0671419613087768,-0.0443065271779698,-0.0920466631097073,-0.0681730254197785,-0.1131358880952067,-0.0736429716515588,0.2529617816396789,0.5960307687249471,0.3131438571447619,0.0710719948318956,0.3276317836514471,-0.0592748476459943,0.8611564316063369,0.2936868840619784,0.0444485604051901,-0.0227877611815866,-0.0020821778238729,-0.0013084853054547,0.06361186299563,0.1033779638179756,-0.049136952350593,0.061336008080623,0
Zm00001d019981,0.0,II,0.516779,0.358824,2.580942916442777,0.5253078851979247,0.0029,0.1172,0.0251,1267718.0,16156.0,8.12848,0.0,0.035,0.01,0.0,0.615,0.305,0.03,0.77,0.365,0.505,0.3321,0.09225000000000001,1.0,1.0,1.0,1.0,0,0.2694999999999999,0.10200000000000001,1.0,1.0,0.0,0.0,1.0,0.0,0.0128997128955966,0.004477308135095,-0.0385388390329867,-0.0026973629929403,0.0228940313650108,0.0082204868862323,-0.0534571498356059,-0.0023689279211606,0.4541593930773184,0.6301413436392702,0.2123942968132021,0.161153228111561,0.6142063421995391,-0.0405302108682978,0.4125091757236572,0.5734219050814614,-0.030114527869859,-0.06184167032462,-0.0530062351576571,-0.031710416010141,0.0708035029179395,-0.0542913956137156,-0.1051644783391846,0.0172699300929548,0
Zm00001d019980,0.0,II,0.564315,0.38,1.7037033977372955,0.6145451973969014,0.0525,0.1217,0.4312,118878.0,1166524.0,8.12848,0.0,0.030000000000000002,0.01,0.0,0.7,0.645,0.015,0.85,0.755,0.565,0.38334999999999997,0.10375000000000001,1.0,1.0,1.0,1.0,244,0.3949999999999999,0.08749999999999998,1.0,1.0,0.0,1.0,0.0,0.0,-0.0274113969341396,-0.0172233606819112,-0.0380365482070006,-0.0080962400154158,0.000727604437147,0.0078781122299544,-0.0334415307479646,-0.0380995353506065,0.1226279862348313,0.4121664861582516,0.5686457378805033,0.0948300245583411,0.3047580096544365,-0.1013862419751339,0.8093953977133923,0.2135975112020741,-0.0040587268713583,-0.0078794670752895,0.0282883646059978,0.0490399407215247,0.0881048338659501,0.0303028905463513,-0.0347455872855787,0.116440267120406,0
Zm00001d019968,0.0,II,0.492126,0.46,1.886499438156456,0.3577344229559835,0.028,0.1433,0.1953,781493.0,493031.0,18.7127,0.0,0.055,0.005,0.005,0.755,0.75,0.06,0.8999999999999999,0.935,0.86,0.35000000000000003,0.1361,1.0,1.0,1.0,1.0,0,0.7204500000000001,0.369,1.0,1.0,0.0,0.0,0.0,1.0,-0.0923963031064233,0.974581421371956,0.0345912764952844,0.0059262812354573,-0.0999185472187431,0.0104243435011578,1.2057602190517689,-0.044045156000093,-0.207343566357548,1.4846921748955533,0.2489605002476565,-0.0151367642989913,0.088359444375716,-0.0363876969537898,2.0800033497600485,0.0584373546945325,0.0099502344596372,-0.0040091449278819,0.026173058175129,0.0246603890871064,0.0297181138184926,0.0046187531561788,-0.0010283855118752,0.041259582393877,0
Zm00001d020004,0.0,II,0.524823,0.59,5.943430151197866,0.2906224123737448,0.0214,0.1168,0.1831,95.0,94412.0,29.2444,0.0,0.11000000000000001,0.01,0.0,0.7050000000000001,0.65,0.02,0.925,0.725,0.6,0.41664999999999996,0.13005,1.0,1.0,1.0,1.0,471,0.22649999999999998,0.18150000000000005,1.0,1.0,1.0,0.0,0.0,0.0,-0.0684180997309865,-0.1282970763739218,-0.0919864048013835,-0.0676380989971295,-0.0359824305055658,-0.046535666023869,-0.128920820808214,-0.0976958566074941,0.1383948963234963,0.6397960805937132,0.4166098223791649,0.0235041565695452,0.2359908010384014,-0.0532087067363367,0.9868562711564444,0.1252025248697401,0.0135953440131319,-0.0148318898926246,0.0177707256176,0.0216793807307201,0.0406330286335062,-0.007110884959891,-0.0111095998998597,0.0272821371694287,0
Zm00001d020019,0.0,II,0.542784,0.42,3.0041406940785023,0.3478880603044291,0.0285,0.1865,0.1529,542928.0,116530.0,16.7692,0.01,0.025,0.05,0.0,0.575,0.745,0.01,0.655,0.875,0.435,0.4252,0.42775,1.0,1.0,1.0,1.0,188,0.32099999999999995,0.929,1.0,1.0,0.0,0.0,1.0,0.0,-0.0253764404073126,-0.0473350268121913,-0.0506491172422249,-0.012368975286622,-0.048310250442612,-0.0267990031270292,-0.0578952243547628,-0.0280717271799671,0.177619993213569,0.7771085705130585,0.3858637171131954,0.1650115517859137,0.5372304296957818,-0.1003991504773435,1.0010396921056146,0.5080192586175822,0.0685137661588443,-0.0609059762304252,-0.0187262582819917,0.0076293493787543,0.1310504087746575,0.0070226442237703,-0.1016157710610764,0.1213606310903228,0
Zm00001d020023,0.0,II,0.626437,0.541176,1.3108469989570406,0.6743707498822336,0.0377,0.3095,0.1218,177885.0,27639.0,9.55982,0.01,0.05,0.015,0.015,0.71,0.755,0.035,0.715,0.855,0.44499999999999995,0.34375,0.15845,1.0,1.0,1.0,1.0,0,0.0,0.8515,0.0,1.0,1.0,0.0,0.0,0.0,-0.0278717768918925,-0.0147612164755723,-0.0880410124250233,-0.0211167237292406,0.0009422156058252,-0.0170864646010093,-0.0879435542879495,-0.0125579851830229,0.2645754681801883,0.5531866747805246,0.3812083828482811,0.0819579734724568,0.3962186560634729,-0.0440400899990663,0.6733588404000914,0.3153586610726794,-0.0070779034798858,-0.0168176804935998,0.0316194952545436,0.0131258561487345,0.0541926335613646,-0.0010348550766775,-0.0194365019770278,0.0606199970795485,0
Zm00001d020037,0.0,II,0.670203,0.46,0.2351770397250293,0.9780309690315468,0.0257,0.3017,0.0852,105.0,18208.0,9.10026,0.01,0.060000000000000005,0.025,0.0,0.5549999999999999,0.665,0.0,0.79,0.7150000000000001,0.0,0.57255,0.1423,0.97915,1.0,1.0,1.0,2170,0.5755,0.0743,1.0,1.0,0.0,0.0,1.0,0.0,-0.011540386653174,-0.0028820086754031,0.000219183923798,-0.0097463914906045,-0.0117859278065896,0.192692678312743,-0.0119465263198693,0.00828680986587,0.4011369804321781,0.2079471497355053,0.5445348057921191,0.0724468879814645,0.0947835136130897,1.1023593207253897,-0.0501811238121264,0.0809418942013798,0.0708832097281631,-0.0316595992055489,-0.014750449093078,0.0031615907295883,-0.0069597786115801,0.5197141758497794,-0.044806849587909,-0.0062941218213134,0
Zm00001d020038,0.0,II,0.405229,0.46,2.7326497222726256,0.2748646266382023,0.0538,0.1193,0.4513,561862.0,28077.0,71.883,0.01,0.025,0.01,0.015,0.195,0.8,0.41500000000000004,0.435,0.94,0.865,0.30725,0.07500000000000001,0.9167000000000001,1.0,1.0,1.0,0,0.0405,0.3975,0.81,1.0,0.0,1.0,0.0,0.0,-0.0590186585533149,0.2739104383615322,-0.042579101319147,-0.029390194115756,-0.0792028036061432,-0.0298641597544983,0.4373191725541431,-0.0771968490365132,-0.0922809645059964,1.2240109819332556,0.2672883996215728,0.0615304497786328,0.1075196966361848,-0.0672981504481921,1.5865471429137818,0.0962323051372615,0.2494998428274362,0.2588529054738656,0.0503638687779466,0.0013699894622568,0.181058784226794,0.0089641078324195,-0.0342166145350372,0.1631950859919822,0
Zm00001d020040,0.0,II,0.441935,0.45,2.365143313213778,0.3862386187028877,0.0281,0.1311,0.2143,407487.0,192963.0,71.883,0.01,0.05,0.015,0.01,0.7350000000000001,0.545,0.01,0.855,0.755,0.475,0.32915,0.1875,1.0,1.0,1.0,1.0,240,0.7314999999999999,0.264,1.0,1.0,1.0,0.0,0.0,0.0,0.1553045579718112,0.1006992543892217,-0.027847242481446,0.0377124544752437,0.092688797868593,0.00949351007104,-0.055295664310549,0.0540711115579756,0.2728699297109335,0.6493026175145176,0.3594517264173458,0.0935609504485354,0.4292024459915167,-0.0665115415768125,0.7828119608692503,0.3182323048173096,-0.011881926011751,-0.0639107677783002,-0.0416684618158844,0.0237787386433068,0.0979015164258837,-0.0116493436184109,-0.0757289520405027,0.0562854203057883,0
Zm00001d020046,0.0,II,0.555265,0.5,3.7855211682049936,0.1774046361973938,0.0387,0.1439,0.269,28.0,91.0,5.2658,0.0,0.03,0.07,0.01,0.835,0.325,0.305,0.885,0.355,0.815,0.30555,0.55235,1.0,1.0,1.0,0.9696,0,0.0,0.0032,0.0,0.31,1.0,0.0,0.0,0.0,0.1278001535067796,-0.1175023722834456,-0.1072048417101559,-0.0080945789941966,0.104293350072451,-0.0242745546479023,-0.1175121993170005,-0.0305814464762701,-0.1472780685128423,1.5568491408088887,0.2636022163702084,0.058157309265205,0.1440252775575819,-0.0393067325406551,1.837240902763868,0.0434848305765365,-0.0346429883966087,-0.0527482569924094,-0.0028676218918203,0.0024967384165144,0.0607861993815687,-0.0237901503302787,-0.0419988387044726,0.0472631250562161,0
Zm00001d020051,0.0,II,0.425624,0.77,2.90967864753519,0.2673110119808275,0.033,0.1118,0.2951,151499.0,315268.0,5.2658,-0.01,0.015,0.015,0.01,0.505,0.01,0.46499999999999997,0.935,0.095,0.69,0.0933,0.18245,1.0,0.1493,1.0,0.93055,3474,0.17,0.051000000000000004,1.0,0.96,0.0,1.0,0.0,0.0,0.1440077296741235,-0.0628964589188554,0.6780107449394275,0.2052926109578875,0.4941766048111059,-0.0523328006119183,0.2036892601916239,0.5525145792737166,-0.0246032465560673,0.9667209946604448,0.2350480776105573,0.1530681300800994,0.1930433779708405,-0.0104655454859515,0.8708014729684652,0.1002681231108625,-0.0553020349494169,0.8927301348771379,0.0151979620728114,-0.014986254864847,-0.0295054906148721,-0.0132496515758277,0.7022301236424563,-0.0463343139610452,0
Zm00001d020071,0.0,II,0.665392,0.58,0.0598228728583756,0.9722231620333958,0.0205,1.3636,0.015,341414.0,528799.0,19.6319,-0.03,0.01,0.01,0.07,0.485,0.44,0.28500000000000003,0.585,0.675,0.44,0.1587,0.18330000000000002,1.0,1.0,1.0,1.0,1127,0.4155,0.0,1.0,0.0,0.0,0.0,1.0,0.0,-0.0279896052921666,-0.0819703317451221,-0.0649051778322633,-0.0495852505616682,-0.0114438198884726,-0.0267270156288253,-0.0814427770080534,-0.027531787883537,0.4059281483185277,0.0468017496402718,0.3454114011918286,0.0021204530308081,0.2440240151087194,0.2176779444312959,-0.1265744500312444,0.1486134171142591,0.193475787217254,-0.0276693137500143,0.1361519624195026,0.0414298960745336,0.2502167464672648,-0.0169189620484556,-0.1091932424733339,0.2154325728504521,0
Zm00001d020093,0.0,II,0.424642,0.39,2.342083607127655,0.3699434657542457,0.05,0.166,0.3015,28320.0,526127.0,17.741,-0.03,0.015,0.025,0.01,0.73,0.625,0.37,0.935,0.815,0.76,0.24995,0.356,1.0,1.0,1.0,1.0,0,0.5890000000000001,0.4885,1.0,1.0,1.0,0.0,0.0,0.0,-0.02826560646409,-0.0408591756982115,-0.0835011957883925,-0.0507971831375875,-0.0175968204556843,-0.0348343974293195,-0.0807464000325628,-0.0475356356144278,0.0768033724958148,0.9072616899822682,-0.0053694449361043,0.0124569938731901,0.2244329926564282,-0.0358033532723619,0.911503600700167,0.1418727792004674,-0.008306847946019,0.5258572947848107,0.0421676553799204,0.0140345937337081,0.0390671762151562,-0.0124224099459872,0.6697170696342232,0.0261570467198983,0
Zm00001d020097,0.0,II,0.439199,0.59,2.986468406631172,0.2819089644176735,0.0195,0.1383,0.1413,29.0,254897.0,21.0632,-0.03,0.01,0.02,0.0,0.665,0.72,0.02,0.735,0.77,0.595,0.1097,0.12635000000000002,1.0,1.0,1.0,1.0,253,0.67375,0.43450000000000005,1.0,1.0,0.0,1.0,0.0,0.0,-0.0775983997979391,-0.0714351678483344,-0.0493346588225497,-0.0643378340517097,-0.028052946031314,-0.0276249695916144,-0.0891784940050468,-0.0577622425638294,-0.0542253234635418,0.8142253538091765,0.2419288775941074,0.2612442415382738,0.5202683002089683,-0.0467471234870931,1.1458636243099585,0.2336582602855407,-0.0129433677621199,-0.105382150361616,-0.0363203077595278,0.0524685582397732,0.2248651174276496,-0.0342205999513791,-0.1119089101653996,0.0447361110322619,0
Zm00001d020178,0.0,II,0.501187,0.54,2.715494979850401,0.3464363399121522,0.0205,0.1274,0.1607,111.0,476848.0,12.9347,0.1,0.07500000000000001,0.04,0.01,0.365,0.78,0.30500000000000005,0.395,0.92,0.635,0.51875,0.27775,1.0,1.0,1.0,1.0,0,0.066,0.96055,1.0,1.0,0.0,1.0,0.0,0.0,-0.0286490213484946,-0.0287173663245946,-0.0107486650035349,-0.0149276936549242,-0.0328010097203764,-0.0132196269629225,-0.039778714710711,-0.0335742204890583,-0.0592139504576901,1.1294193925644365,0.3691190872713166,0.0837192312809873,0.2137096943970985,0.0202989091065484,1.539595366532218,0.119250377478285,0.1544863385868903,-0.1133850569004421,-0.0683049599341509,-0.0699653997525355,0.0508135571226377,-0.0362219672431067,-0.1131456155206545,-0.0622497997327798,0
Zm00001d020201,0.0,II,0.577608,0.55,7.97897397503258,0.1641906094006264,0.0071,0.2448,0.0292,64.0,482299.0,10.072,0.13,0.02,0.025,0.03,0.8200000000000001,0.745,0.03,0.865,0.87,0.365,0.2222,0.40065,1.0,1.0,1.0,1.0,0,0.7116499999999999,0.0405,1.0,0.81,1.0,0.0,0.0,0.0,-0.1012707952229605,-0.1208600279891483,-0.1569527056772688,-0.1162714368807524,-0.0735670454474529,-0.0616619793383878,-0.1385388667839359,-0.1291387992310479,0.0852691301962369,0.2588858095585364,1.11933367954911,0.1857440238673735,0.42730493104108,-0.0206141167656342,1.140466138735651,0.2259806156983569,-0.0748001040852756,-0.091360535516983,-0.0367477662400944,0.0013940014068065,-0.0077920734645919,-0.0506963987192378,-0.0783592351465066,-0.0786761096137722,0
Zm00001d020205,0.0,II,0.559524,0.41,3.7550562180004254,0.1655499393931726,0.03,0.1732,0.1729,264735.0,113185.0,13.3943,0.13,0.075,0.03,0.005,0.79,0.6799999999999999,0.24,0.89,0.86,0.65,0.6926,0.2962,1.0,1.0,1.0,1.0,0,0.3115,0.0,1.0,0.0,1.0,0.0,0.0,0.0,-0.0422820976911146,-0.0129686696236525,-0.029395822763815,-0.017681062111482,-0.0327950891138501,-0.0143305431212246,-0.0567744645714861,-0.0129134079803768,-0.0673955811524948,0.9603571578286344,0.3357247381057194,0.1083075806058027,0.2885788694291429,-0.0478636211168067,1.276399936042342,0.2288296219968992,-0.063192502493748,-0.0931654678703104,-0.0465800763885406,-0.0331805208417422,-0.039660146415262,-0.0368456873429336,-0.1244345055392078,-0.0356553617862161,0
Zm00001d020219,0.0,II,0.482551,0.49,5.851406325390873,0.2002254039903798,0.0459,0.1587,0.289,296894.0,6831.0,9.55982,0.17,0.045,0.02,0.0,0.675,0.635,0.08,0.86,0.8049999999999999,0.6699999999999999,0.5,0.13335,1.0,1.0,1.0,1.0,5696,0.617,0.05250000000000001,1.0,1.0,0.0,0.0,1.0,0.0,0.0022558634984336,-0.0331115326603045,0.12350378551363,-0.0046129768020254,0.0017558230429042,-0.0186672293416335,-0.0015205493830499,0.0001507496033924,-0.0555771780422933,0.6503302412710716,0.4335205062652209,0.2144601896733813,0.422161695827106,-0.063416364000034,1.1837478614768338,0.269134852612338,-0.0077754742480398,-0.0342738022736036,0.0305791173257122,0.0300664264473518,0.0820190230384405,-0.0241113887535187,-0.0407639380394487,0.0356244382078938,0
Zm00001d020228,0.0,II,0.529379,0.51,2.221835658061712,0.2155492166084125,0.1177,0.1451,0.811,142170.0,1174.0,15.3378,0.18,0.03,0.005,0.005,0.83,0.01,0.0,0.925,0.095,0.29000000000000004,0.22675,0.08245,1.0,0.18330000000000002,1.0,1.0,3543,0.1575,0.0,1.0,0.0,0.0,0.0,1.0,0.0,0.1187456000771178,-0.0761930548417599,0.3307780944538715,0.0366575405304732,0.0825682419506582,-0.0028353809293122,0.0037856497106913,0.0884730038015764,0.0890841777846026,0.6183612238726119,0.5310430819116453,0.2926940398061029,0.596018296655357,0.0033110238866017,0.7935622020669624,0.494110601397586,0.0068602105789371,-0.0045696532468644,0.1733115482409363,0.1017780956277714,0.1765493034192098,0.0093694558331543,0.0817890306377556,0.2283755688283854,0
Zm00001d020233,0.0,II,0.523911,0.4,2.003235597045315,0.5231733681168893,0.0591,0.1281,0.4615,192053.0,14482.0,12.4225,0.19,0.01,0.05500000000000001,0.005,0.45499999999999996,0.42500000000000004,0.0,0.91,0.6699999999999999,0.48,0.0781,0.44445,1.0,1.0,1.0,1.0,846,0.725,0.428,1.0,1.0,0.0,0.0,1.0,0.0,-0.0190664103698376,0.153961678371662,-0.0724238066828449,-0.0176414597226561,0.0978110642261036,-0.0478156879301683,-0.0047765488926653,-0.0326074930829569,0.1415615161398912,0.7132827009056779,-0.0383448018849699,0.0566887812505175,0.279521240616086,-0.0193251898057464,0.5218012345002341,0.1490834115524763,-0.0218688141379096,0.2942439673488498,0.0062062431583931,-0.0104968818111638,-0.0120024486047127,-0.0069931109236036,0.3250329527112767,-0.0221336034269424,0
Zm00001d020257,0.0,II,0.670757,0.51,1.8865375864426088,0.570049189803741,0.0117,0.3753,0.0313,178989.0,13311.0,12.9347,0.22,0.01,0.03,0.005,0.6200000000000001,0.7050000000000001,0.0,0.8200000000000001,0.925,0.0,0.15944999999999998,0.3333,1.0,1.0,1.0,1.0,5416,0.09200000000000001,0.972,1.0,1.0,0.0,0.0,1.0,0.0,-0.0124686016091986,-0.0233952823537154,-0.0271840128331222,-0.0152622491854043,-0.0241013085772748,-0.0188989003730001,-0.0319775845873643,-0.0305749690988906,0.5528408320726761,0.1258141659319925,0.4475688461398894,0.0622316753860257,0.221525846514996,0.3357403642683395,-0.0660875266930118,0.0721516676743268,0.2405357066016586,-0.0429265921110805,0.0249031738722014,-0.0069105514127361,0.1484072031599794,0.0247074489953246,-0.0983965185014752,-0.0085576453888273,0
Zm00001d020264,0.0,II,0.745421,0.62,2.4236215093620106,0.625692341775129,0.0395,0.38,0.1038,2.0,211.0,37.8324,0.26,0.02,0.03,0.0,0.565,0.735,0.0,0.8200000000000001,0.895,0.045,0.22904999999999998,0.22260000000000002,1.0,1.0,1.0,1.0,1634,0.34159999999999996,0.7539999999999999,1.0,1.0,0.0,0.0,1.0,0.0,-0.0505182820907186,-0.0548713353611689,-0.0589741689507465,-0.0034225529368068,-0.0565747091751702,-0.035505249989358,-0.0755007795539013,-0.0257661825062901,0.2383408804264569,0.0256583539112228,0.8780693620620237,0.2181256185529072,0.3714760572109978,0.0946507233052911,0.1307527516412531,0.4477785459700701,0.038956161695031,-0.047444616322804,0.0697117901074211,0.018666000229163,0.0827534858479677,0.0053294968351596,-0.0549972368490644,-0.0030986355814411,0
Zm00001d020268,0.0,II,0.702222,0.59,1.061265984795313,0.8265388038297088,0.0889,0.1814,0.4899,255.0,61680.0,24.8977,0.3,0.025,0.025,0.0,0.5,0.775,0.0,0.61,0.885,0.0,0.29164999999999996,0.1548,1.0,1.0,1.0,1.0,3213,0.3525,0.9940000000000001,1.0,1.0,0.0,0.0,1.0,0.0,-0.0599163349767034,-0.0646056522446622,-0.0502035722182231,-0.0232899655921072,-0.0553208761652937,-0.0384598668023468,-0.0863564174418246,-0.0805417328591871,0.3000116390260066,0.05521663332086,0.1623506019347204,0.0577998656580696,0.1221202306377079,0.332989881186977,-0.0611629208378928,0.0878329549227566,0.2341581649404165,-0.0303780629804956,-0.0349977605337683,0.0720020694130225,0.0914211306618784,0.2874644018239649,-0.0718827180200189,0.012077109414707,0
Zm00001d020274,0.0,II,0.471861,0.6,0.7453194922842021,0.7895883118861192,0.1314,0.1814,0.7247,116.0,149567.0,52.7107,0.32,0.015,0.07,0.035,0.27,0.77,0.04,0.56,0.91,0.21500000000000002,0.22615000000000002,0.46040000000000003,0.975,1.0,1.0,1.0,2033,0.0,0.6762,0.0,1.0,0.0,0.0,1.0,0.0,-0.0307964210401866,0.0390484859980551,-0.0285005582172181,0.0040374690704907,0.0032473807990039,-0.0112966496502312,-0.0247452104353654,-0.0325346904930139,0.0575874815103074,0.1801604398134152,0.5703970190976893,0.1453457685280627,0.3721895787440173,0.0062571978429885,0.5237066418948938,0.158761520850405,0.620932809616242,0.267221359177579,0.2811595289067544,0.2130908424709147,0.6369963049890071,0.0375177961031361,-0.0343735701394675,0.673195510566928,0
Zm00001d020296,0.0,II,0.449045,0.41,2.2392146332712675,0.470471102498998,0.0079,0.1006,0.0787,14003.0,113462.0,17.741,0.4,0.03,0.01,0.0,0.8,0.07,0.005,0.9,0.25,0.185,0.3237,0.15425,1.0,1.0,1.0,1.0,4862,0.0,0.0,0.0,0.0,1.0,0.0,0.0,0.0,-0.0583322041492685,0.4872130827503537,-0.043709324123108,-0.0345545879748911,-0.0214602216686963,-0.0152773122333828,0.6399592352117291,-0.0527421303561826,0.1379246997751437,0.3522149083262778,0.4767916836296285,0.1585480127390684,0.5410947960342896,-0.0664902268675866,0.6751304096872426,0.4543564105016933,-0.0380971380074383,-0.0386383882890159,-0.0049557292289292,0.0090754867622742,0.0170024367223091,0.0395972448592043,-0.0596707556727872,0.0271145842888882,0
Zm00001d020309,0.0,II,0.450926,0.39,3.423772747823627,0.4219556898831328,0.0247,0.123,0.2008,143571.0,105411.0,11.5034,0.41,0.01,0.025,0.005,0.015,0.825,0.02,0.835,0.9299999999999999,0.485,0.1703,0.375,0.22915,1.0,1.0,1.0,3737,0.0,0.9856,0.0,1.0,0.0,1.0,0.0,0.0,-0.0052937343294659,-0.0242090090105013,-0.0538881123573639,-0.0228663232726745,-0.0080683350225371,-0.028161582098069,-0.0759004186099803,-0.0409524595363456,0.4316934269040769,0.7282891146542629,0.0358476543766394,-0.020359269257338,0.3514227931463307,-0.0781900398665328,0.6295626331128483,0.193419131071455,0.359659763295046,0.7330473253023319,0.0360334213139013,0.0977173600833851,0.4559283790692868,-0.0238107518151966,0.8357584253547692,0.3663982933797795,0
Zm00001d040589,0.0,II,0.69,0.66,1.0131206969786002,0.7320173124821182,0.0253,0.3988,0.0634,1515.0,914.0,6.23758,0.16,0.1,0.025,0.0,0.75,0.39,0.0,0.7849999999999999,0.47,0.485,0.34809999999999997,0.42915000000000003,1.0,1.0,1.0,1.0,1607,0.0785,0.068,1.0,1.0,0.0,1.0,0.0,0.0,-0.0630314429199118,-0.0919074193414225,-0.0520671548295073,-0.0542694219264957,-0.0694320923250579,0.2123920323406264,-0.115856473242918,-0.0827235438354296,0.4410811021617998,0.1864351548561725,0.5576337511711817,0.0762220007903151,0.1969041410582964,0.4582855033560762,-0.035492993342451,0.1670555176341456,0.3918581125255394,0.073091818295604,0.0741036869135151,0.0178585945197788,0.1044527816198809,0.5637910424663397,-0.081217512462732,0.0443880179454043,0
Zm00001d040593,0.0,II,0.670918,0.617647,1.3188179751921194,0.7958184991019487,0.0279,0.3403,0.0821,32046.0,590.0,11.5034,0.16,0.1,0.060000000000000005,0.0,0.235,0.455,0.0,0.305,0.635,0.0,0.60835,0.80555,0.96665,0.95835,1.0,1.0,5106,0.13249999999999998,0.5315,1.0,1.0,0.0,0.0,1.0,0.0,0.3451717631666092,-0.075614842701949,-0.0564201610865074,0.0028087153569464,0.1630054978043165,0.0508823143986037,-0.12656315131,-0.0156601148747421,0.8130469261051247,0.1710886251597851,0.1510953037087269,0.0629462332553855,0.1292237670943662,1.0264953025647827,-0.0746487572484237,0.0467413192561818,0.8405057600337539,0.02105809049577,-0.0258787070669501,0.0691271107854906,0.1073522078015192,0.9577443702494234,-0.0911541100949334,0.020224726681641,0
Zm00001d040596,0.0,II,0.619048,0.62,3.461974091342894,0.2129066249373616,0.0188,0.2192,0.0857,192377.0,454414.0,11.5034,0.16,0.01,0.18,0.025,0.65,0.445,0.035,0.85,0.81,0.39,0.0557,0.9099999999999999,0.9861,0.95835,1.0,1.0,1801,0.6255,0.23590000000000003,1.0,1.0,0.0,0.0,1.0,0.0,0.0128001018724468,-0.092459706489977,-0.0398532351387778,-0.0535899626798439,-0.026496027836224,-0.0556356193099603,-0.1380201434107978,-0.0603134788481359,0.11154271190914,0.5222805287408593,0.5508111576261405,0.2408840456233734,0.4952098637816644,0.0394616956347576,0.9944056779452068,0.4398979883218351,-0.0326659326583578,-0.0772949313291478,0.0612308599654559,0.0561498928430758,0.0610468507613322,-0.0013179367710501,-0.0538900884249732,0.11624493251245,0
Zm00001d040603,0.0,II,0.45276,0.55,4.5011504654291015,0.3476412254970903,0.0078,0.1096,0.0716,1649.0,629859.0,20.1441,0.16,0.015,0.02,0.01,0.375,0.615,0.61,0.5800000000000001,0.87,0.865,0.21665,0.18435,1.0,1.0,1.0,1.0,0,0.0,0.1505,0.0,1.0,0.0,0.0,1.0,0.0,-0.0287543218968234,-0.0631572573221348,-0.0295424154718343,0.027260611516508,0.0114315648725829,-0.0174034442139035,-0.0702298772710043,-0.0447268858966829,-0.1442787108094094,1.565342637537153,0.1195669850829339,0.062067046692409,-0.03611044673163,-0.0149926388818423,1.5572047300305336,-0.110987641527263,0.1066327566306546,0.3106166827677732,0.8870046404907581,0.2161008546330913,0.5082541036500079,0.0034754704900794,0.8451097918119246,0.5120081958549502,0
Zm00001d040606,0.0,II,0.653784,0.55,1.914649006940836,0.559618068238678,0.0374,0.2708,0.138,175.0,799938.0,11.9629,0.16,0.02,0.02,0.0,0.645,0.78,0.005,0.855,0.8300000000000001,0.0,0.12985,0.2964,0.9582999999999999,1.0,1.0,1.0,678,0.41300000000000003,0.09795000000000002,1.0,1.0,0.0,1.0,0.0,0.0,-0.063704871608346,-0.0672425192768511,-0.0690111100625902,0.0233297875423035,-0.0705690434923634,-0.0442687245939325,-0.0912858891100911,-0.0746987586464468,0.4639777866040681,0.1371229830606546,0.9692023176506994,0.4686293855998384,1.0768709596122346,0.0630359239078657,0.2804627987472808,0.9853997565829284,-0.0103606855913201,-0.073106030297081,-0.0286270585630648,-0.0156524432998709,-0.0158019257752985,-0.0320672779243811,-0.0896317221644719,-0.0337410232784885,0
Zm00001d040614,0.0,II,0.655072,0.6,2.386695307374157,0.6091129833941938,0.0245,0.3536,0.0693,226.0,346.0,43.1508,0.15,0.04,0.01,0.0,0.185,0.275,0.0,0.22,0.43999999999999995,0.0,0.572,0.06545000000000001,0.95835,1.0,1.0,1.0,1293,0.0,0.0,0.0,0.0,1.0,0.0,0.0,0.0,0.3359650160777094,-0.0780773973785375,-0.0790447798435234,0.2397273716869676,0.5240765684557811,-0.0012026307313,-0.136425236187185,0.1872644910880076,0.4829263703415233,0.0930964544431204,0.7424660115971745,0.7113260163711759,1.002997795675871,0.0998765557238046,-0.0189875816259048,0.6653914726702654,0.5772290141187443,-0.0751563543903112,-0.0291075975565924,0.0672054122683601,0.1739518215926747,0.6444217286869136,-0.1051747407564847,0.0191633541896735,0
Zm00001d040619,0.0,II,0.683333,0.65,1.6065301223103885,0.7988288314387444,0.0625,0.2236,0.2796,270.0,222020.0,8.12848,0.15,0.02,0.02,0.0,0.635,0.625,0.0,0.8,0.8,0.0,0.19924999999999998,0.15415,1.0,1.0,1.0,1.0,3798,0.013300000000000003,0.4564999999999999,0.68,1.0,0.0,0.0,1.0,0.0,-0.0633023464793878,-0.0788649387724142,-0.0913285857371268,-0.052067438113461,-0.0859724465151149,-0.0598771584754371,-0.1102467613244825,-0.0543467478688481,0.0159680911782268,0.0078038774055515,0.0857993704653957,0.083700679151474,0.0949844555974812,0.0981921658057549,-0.0357259649948613,0.1063025987467962,0.1576174327130173,-0.0314857108780742,-0.0014776199736193,0.0821216811189319,0.0728743780032418,0.3044979194176949,-0.0842934616188057,0.0108309787246133,0
Zm00001d040621,0.0,II,0.651643,0.55,2.1229559230837216,0.3504190491579708,0.0528,0.4143,0.1274,135.0,575.0,125.001,0.15,0.03,0.015,0.02,0.55,0.025,0.0,0.62,0.385,0.05,0.2516,0.16845,1.0,0.5375,1.0,1.0,0,0.43599999999999994,0.22550000000000003,1.0,1.0,0.0,0.0,1.0,0.0,0.1273272640141387,-0.0076631006499088,0.575852029162929,0.0795026990351067,0.268504624553447,-0.0018150750593335,0.2048649615672515,0.2740680279428269,0.0708262524431592,-0.0927802712764379,0.7962931197841189,0.905030119640361,1.2493518036217073,0.0589974505445799,0.0187789498224761,0.9545308246879668,0.0022640048276706,-0.0846652076700073,-0.0365844350188785,0.0571575609666096,0.1897063997695797,-0.0052196199194956,-0.090703882430614,0.1732188281421518,0
Zm00001d040644,0.0,II,0.537787,0.43,2.2224853499987454,0.4304194761226395,0.0638,0.1303,0.4891,171882.0,85992.0,9.10026,0.13,0.045,0.025,0.0,0.71,0.85,0.015,0.85,0.8999999999999999,0.355,0.4606,0.2238,1.0,1.0,1.0,1.0,744,0.4810000000000001,0.6054999999999999,1.0,1.0,0.0,0.0,1.0,0.0,-0.0232796291372476,0.0019781584142352,-0.0050672297540478,-0.003408462092764,-0.0156237924285745,-0.0263885238614737,-0.0285791395946345,-0.0270459743223738,0.0541344394541054,0.4719577336678083,0.4855641789799019,0.4229243951962944,0.7390540727349858,-0.0231898130410901,0.5853590892331606,0.6168435466727085,-0.0362384242850791,-0.1101861863298728,0.2711991791974927,0.1897710151171923,0.3686378935490172,-0.0686007238812727,0.0361560769300793,0.3927393717450325,0
Zm00001d040651,0.0,II,0.693277,0.388235,1.871659327366969,0.7186006296298431,0.0386,0.196,0.1968,32544.0,482571.0,12.9347,0.13,0.055,0.025,0.0,0.705,0.65,0.0,0.86,0.77,0.02,0.62915,0.21955,1.0,1.0,1.0,1.0,6850,0.8944999999999999,0.1255,1.0,1.0,0.0,0.0,1.0,0.0,0.0993741337806783,-0.0621243985933911,0.3225997869259617,0.0312654597734645,0.1470839199790842,0.3704565544799628,-0.1037341248884202,0.1259177086409463,0.2444982379003817,0.0442359158473418,0.5603412386613067,0.1816393389898086,0.3034114967550337,0.0675397636213887,-0.0117465395207727,0.3839119351260579,-0.0265828493004084,-0.0717661531748357,-0.027775039389298,-0.0019163979250936,-0.0185343518738765,-0.0200738708870405,-0.0974547643527229,-0.0342209298768694,0
Zm00001d040656,0.0,II,0.546784,0.55,0.0070059269440362,0.9907637826189128,0.0425,0.1922,0.221,45.0,2428.0,23.9785,0.12,0.02,0.025,0.04,0.6699999999999999,0.635,0.375,0.775,0.905,0.47,0.41664999999999996,0.22915,1.0,1.0,1.0,1.0,0,0.0,0.70125,0.0,1.0,0.0,1.0,0.0,0.0,-0.0066761224125401,-0.0136220203217038,-0.0397461188993585,0.0237472689724552,-0.0236852661060888,0.0029232654938606,-0.0360187617979635,-0.0006934095206938,0.2121540358685304,0.1134828834643842,0.3002391397426136,0.3277313790016849,0.5501959791619798,0.1666758840431738,0.0233219507121225,0.2303338591347981,0.0212867718855959,-0.0828653270035478,-0.0160200810389104,0.0568800738509612,0.2092463814975343,0.1843874272869062,-0.0914095532085891,0.0289353844708155,0
Zm00001d040717,0.0,II,0.490566,0.54,3.092042515797067,0.3128670845770392,0.0437,0.1126,0.388,361923.0,67562.0,13.4469,0.09,0.055,0.03,0.005,0.805,0.45,0.01,0.925,0.52,0.625,0.39480000000000004,0.2396,1.0,1.0,1.0,1.0,0,0.9630000000000001,0.1045,1.0,1.0,1.0,0.0,0.0,0.0,-0.0274431162815627,0.4722422741632827,-0.0097738245647867,-0.0115442892060902,-0.0385604010430231,0.0037874099453034,0.2794629448119584,-0.0387099707983958,-0.0531560512169889,1.1351361661866923,0.3343586229914286,0.1499841723532926,0.3040413207205679,-0.0154466555787129,1.6418376710353582,0.1771013396317794,-0.0358596386441003,-0.063634262922738,-0.0617406422313586,0.0029521446586474,-0.0294355446308016,-0.0225477213959315,-0.0718078016900026,-0.0205362461504029,0
Zm00001d040721,0.0,II,0.515212,0.45,5.3359336680593765,0.182185343412036,0.0103,0.1013,0.1013,43951.0,386026.0,13.4469,0.09,0.06,0.02,0.01,0.865,0.11499999999999999,0.445,0.935,0.345,0.8200000000000001,0.49824999999999997,0.2253,1.0,0.83335,1.0,1.0,715,0.9455000000000001,0.198,1.0,1.0,0.0,0.0,1.0,0.0,0.0601230154003869,0.3788856295739598,-0.0143473431308197,-0.0044726682703899,0.1412960009221149,-0.0510520012794073,0.1725556240588293,-0.0183792617913312,-0.0640199755435341,1.2327032835379237,0.3239142077304195,0.1255373485959034,0.1029202337762728,-0.0175733857317646,1.377121445100622,0.0704627963236932,-0.1290426944759392,-0.1248801125734779,-0.050354539160099,-0.0341708689036614,-0.0531819253505607,-0.0856225066098526,-0.1164752132031292,-0.0479078159717012,0
Zm00001d040726,0.0,II,0.481707,0.62,1.500427884088247,0.5084897093071803,0.015,0.1186,0.1267,17.0,3154.0,30.1634,0.09,0.055,0.0,0.005,0.71,0.0,0.16499999999999998,0.8600000000000001,0.0,0.645,0.385,0.0,1.0,0.0,1.0,0.0,1212,0.4524999999999999,0.0,1.0,0.0,0.0,0.0,1.0,0.0,0.466549453175634,0.1202669104623347,0.6153412374639831,0.2126507942428497,0.430326860995241,0.0458986358442573,0.0731610721551366,0.3273623951140231,0.2216961437915776,0.8366624822694696,0.5063642335043219,0.290290653984056,0.5067968820192233,-0.0022043129265654,1.0198891254750464,0.3639820954523378,-0.0219698569086997,-0.0724826796677482,-0.0181889061749781,0.0167109301467188,0.0554788861349104,0.0187893171793599,-0.0632248435078108,0.0306264407719235,0
Zm00001d040735,0.0,II,0.545117,0.51,2.314592727420319,0.436990522512486,0.0271,0.1316,0.2058,100.0,262307.0,12.9347,0.09,0.03,0.02,0.0,0.77,0.62,0.005,0.815,0.875,0.535,0.336,0.29455,1.0,1.0,1.0,1.0,0,0.20400000000000007,0.33099999999999996,1.0,1.0,1.0,0.0,0.0,0.0,-0.0226170680499559,-0.0205702226872416,-0.0034778883545868,-0.0196391208853084,-0.0195323855421942,0.0165950930940094,-0.0365631810247961,-0.0189673197991624,-0.0329122511424345,0.4254724253446421,0.6212862140374036,0.3331971316239197,0.6439572831419608,-0.0220848871051601,0.6959365783795588,0.371657844597078,-0.0648809259815294,-0.1013213121214798,-0.0836208341241378,-0.0024628695521139,0.0396773877508127,-0.0595099539219842,-0.105309892483956,-0.0374935539604221,0
Zm00001d040748,0.0,II,0.430938,0.54,3.6892699136147,0.1556941432454845,0.0297,0.1124,0.2647,76416.0,21499.0,11.0438,0.07,0.08,0.015,0.0,0.76,0.81,0.065,0.825,0.92,0.725,0.5082,0.12395,1.0,1.0,1.0,1.0,0,0.9105000000000001,0.5505,1.0,1.0,1.0,0.0,0.0,0.0,-0.0844225730458402,-0.1139356061931646,-0.126000880477189,-0.0519604328676406,-0.100099027579143,-0.0511039939916514,-0.1433554268393533,-0.1084948511023447,-0.2901742796629735,1.6786130422651784,0.223124520964046,-0.0980082650780574,0.0327110109953997,-0.1066821592132395,2.234752695425157,-0.0648483494104447,-0.0460587620614344,-0.0760327301878483,-0.0462384269045285,-0.0143433106920234,0.0490003058186171,-0.0179000127391108,-0.0619749081958683,0.018825671517437,0
Zm00001d040752,0.0,II,0.544674,0.44,5.1396408731531125,0.143293603729913,0.0,0.1303,0.0,258395.0,37712.0,28.2199,0.07,0.025,0.015,0.0,0.835,0.74,0.0,0.91,0.8999999999999999,0.30000000000000004,0.32739999999999997,0.14165,1.0,1.0,1.0,1.0,1494,0.048499999999999995,0.0,0.97,0.0,0.0,0.0,1.0,0.0,-0.0717971750718935,-0.0866440002397208,-0.0756817870760082,-0.0237759447296324,-0.0961880197091614,-0.0643654889638458,-0.1052124266222122,-0.0393733270398666,-0.0275594449046363,0.3438640521458994,0.8958991044871485,0.4473489094739545,0.6822490974921837,-0.0313583121480361,1.0185379250652633,0.5392852586646255,-0.0662664617192679,-0.100284033430804,-0.0654558159249985,-0.036119214735168,-0.0071260307662914,-0.0316443022542876,-0.0790947137625133,-0.0139972956563832,0
Zm00001d040760,0.0,II,0.437821,0.42,2.992303279406312,0.2580671144123937,0.0372,0.0922,0.4036,423876.0,736401.0,28.2199,0.07,0.025,0.0,0.01,0.8049999999999999,0.005,0.225,0.925,0.08,0.7050000000000001,0.19425,0.06775,1.0,0.06545000000000001,1.0,0.9375,0,0.08199999999999999,0.0,1.0,0.0,0.0,0.0,1.0,0.0,0.4343459339028288,0.0851014014038987,0.3989510965211734,0.0758283314467181,0.4441722852314943,-0.0415660293942816,-0.0843704801997678,0.5020629400350072,-0.0582497863016074,1.177648573776381,0.2530922837148062,0.0330501730895987,0.1368740555285215,-0.0241264634688495,1.4581999630626263,0.0912008690871383,-0.0146156724005228,-0.0711509657370978,0.0088456061700241,-0.0176803584196225,-0.0034498575184768,0.015742859396358,-0.0729637861223157,-0.0026050904504666,0
Zm00001d040775,0.0,II,0.551802,0.57,2.5919709432060207,0.4845814489323877,0.0369,0.1216,0.3033,4071.0,380682.0,27.813,0.06,0.07,0.025,0.0,0.335,0.395,0.0,0.42500000000000004,0.645,0.005,0.62035,0.23015000000000002,1.0,1.0,1.0,1.0,5005,0.40950000000000003,0.07400000000000001,1.0,1.0,0.0,0.0,1.0,0.0,-0.0266317340376559,-0.0325923913147258,-0.0469143151979416,-0.0226870032399292,-0.0252127700862869,-0.0196647886638104,-0.0697427119054053,-0.0520128962529859,0.614790022385183,0.3125195086212639,0.4432722316243861,0.489842457439795,0.951583454206979,0.0186666173134825,0.0821671781525517,0.6742679657750222,-0.0313903729980832,-0.117017730153736,-0.1064831482941891,-0.0545349418967413,0.0508119238950301,-0.0617528778416034,-0.1541891696366281,-0.0899090529823049,0
Zm00001d040788,0.0,II,0.5709,0.58,2.7314811028230177,0.3163454748879098,0.0107,0.1137,0.0943,262.0,1020.0,22.4946,0.06,0.04,0.015,0.0,0.65,0.32,0.0,0.575,0.46,0.74,0.41664999999999996,0.1805,1.0,1.0,1.0,1.0,968,0.7820000000000001,0.0,1.0,0.0,0.0,0.0,1.0,0.0,0.1167533747211616,0.2119565300328451,0.3384445994727257,0.3662286284909408,0.6608812206458178,0.0535207840915734,0.1440731892245492,0.6126866847645316,0.0364354329835705,0.4533086195732555,0.729783512915448,0.2357485258442754,0.4480533147183613,-0.0189753012520114,0.6932975670560388,0.4268025741228715,0.0155494442701622,-0.0395536727999388,0.0073925438160685,0.0470833586044322,0.1288649826926162,0.028113103780569,-0.0271869595299363,0.0804115149333206,0
Zm00001d040796,0.0,II,0.538462,0.45,2.4681261084484007,0.2644319534123316,0.0653,0.0983,0.6642,46.0,384209.0,7.66892,0.05,0.025,0.02,0.0,0.6799999999999999,0.75,0.0,0.79,0.85,0.525,0.20395000000000002,0.2318,1.0,1.0,1.0,1.0,13011,0.743,0.30229999999999996,1.0,1.0,0.0,0.0,1.0,0.0,-0.0749705207608596,-0.0943982660680538,-0.087895196755249,-0.0798925532862024,-0.061045985869169,-0.0561823394316971,-0.0996875068770914,-0.0781104278712094,-0.052576923754539,0.6309279750466937,0.6357017497194091,0.3073097460540396,0.5581057926814748,-0.0102526240148245,1.1645520584404907,0.5300355146687278,0.0159220305429229,-0.0787423829280605,-0.0563333702724447,0.0430618595542139,0.1279439425957984,-0.0051231738899181,-0.0987913554845429,0.0957842734624337,0
Zm00001d040805,0.0,II,0.484074,0.58,2.114931928402061,0.6609004792244382,0.0195,0.1297,0.1505,63.0,107209.0,11.0438,0.05,0.055,0.02,0.0,0.62,0.7949999999999999,0.005,0.695,0.89,0.165,0.5609,0.3055,1.0,1.0,1.0,1.0,1297,0.157,0.0,1.0,0.0,0.0,0.0,1.0,0.0,0.0368518985750707,0.012529714195527,-0.0226862666921435,0.008480374957859,0.0130324599410595,0.019609956394556,-0.0278750767280401,-0.0081198588618635,1.1460258968648736,0.6231608998749033,0.2649163071266883,0.1057206573212387,0.4079988521777632,-0.0535890578950787,-0.1222380980507878,0.3059565305509751,0.2017108420892033,-0.0349203702615874,-0.0547530201883608,0.0806109226742113,0.1778340031681523,0.0016278571079274,-0.0754326342872986,0.0473192947637891,0
Zm00001d016545,0.0,II,0.659574,0.53,1.4571768429355425,0.5412939119825205,0.0366,0.0931,0.3929,124113.0,221952.0,9.10026,0.26,0.015,0.01,0.0,0.655,0.305,0.27,0.77,0.44,0.53,0.19995000000000002,0.10414999999999999,1.0,1.0,1.0,1.0,0,0.3985000000000001,0.23400000000000007,1.0,1.0,0.0,0.0,1.0,0.0,-0.0543488704161452,-0.047215517761468,-0.0313907173122461,-0.004243365407555,-0.0419087658329131,-0.0021896807298777,-0.0651890374425773,-0.0514386954038456,0.3256948866928378,0.649696026962858,0.258538501784226,-0.0674502416229317,0.0657889934063941,-0.129780906304874,0.5341223108935265,-0.0491257959909185,-0.0600722585014469,-0.1015958930161268,-0.027324572545276,-0.0065850507572292,-0.0301787773561849,-0.0234084688543286,-0.1108307638466135,-0.0348353752533995,0
Zm00001d016552,0.0,II,0.516387,0.288235,4.555584500076455,0.1626836320642121,0.0179,0.1214,0.1477,97154.0,123219.0,10.5316,0.32,0.025,0.07,0.01,0.79,0.19,0.28500000000000003,0.865,0.39,0.76,0.14165,0.63335,1.0,0.925,1.0,1.0,0,0.42449999999999977,0.17900000000000002,1.0,1.0,1.0,0.0,0.0,0.0,0.0814969862092276,0.1576775330125818,1.0306913793936567,0.5872542549500682,1.05871621674281,0.0226379350565218,0.8307886706331544,0.8613651479867761,-0.0680315726139722,1.0043916173371268,0.2366542012635659,0.102993745142294,0.2135135509610561,-0.0330786801979332,1.359653037012369,0.1187437177612731,-0.0534886917692584,-0.0585941405617586,0.0357938385751422,0.0081549326382925,0.0084580077206131,-0.008036712493664,-0.0682236100440253,0.0638632626206847,0
Zm00001d016570,0.0,II,0.645062,0.61,1.6802816989820573,0.5627363484450807,0.0817,0.3266,0.2501,32995.0,2638.0,33.9979,0.51,0.035,0.0,0.0,0.77,0.0,0.0,0.865,0.085,0.0,0.279,0.025,1.0,0.01665,1.0,0.8368,1270,0.8365,0.0,1.0,0.0,0.0,0.0,1.0,0.0,0.2331576097610382,0.0904004175295628,0.7601751307212617,0.2075988711380965,0.4654706230310649,0.0075311930996063,0.4807128100004899,0.4133479519433838,0.5646421383042982,0.2219561955993156,0.5649165861617994,0.4223425079085586,0.6866250528744839,-0.0439266244321059,-0.0707140056212939,0.6661487539497248,0.0193731856634282,-0.0306348660981688,-0.0119411906339345,0.0032725475732093,0.0162797149600374,-0.0268893182911729,-0.0453646431388473,0.0147438736796104,0
Zm00001d016572,0.0,II,0.593114,0.629412,5.505521697985654,0.2829170637825857,0.0196,0.1343,0.146,192.0,26246.0,33.9979,0.52,0.0,0.05,0.0,0.0,0.605,0.0,0.10500000000000001,0.665,0.0,0.03335,0.44655,0.0125,1.0,0.8646,1.0,5569,0.0,0.6444999999999999,0.0,1.0,0.0,0.0,1.0,0.0,-0.0962923480910309,-0.1404110375999475,-0.109264620365294,-0.0670656482443017,-0.1360755288343399,-0.0476085983917421,-0.1504124901447528,-0.1092333031167394,0.1536945994895254,0.3288085525707059,0.8376148529715592,0.2526558984962291,0.5527727054337902,0.0139127356967857,0.8816268676067542,0.3450267462225935,0.6060760810398136,0.2459071589211003,0.1581159266431072,0.0821736077707395,0.357527421234135,-0.0259170138383074,0.0450534293651691,0.2567403557687416,0
Zm00001d004564,0.0,II,0.531208,0.46,3.4840240566823866,0.3779087343277076,0.0248,0.1528,0.1622,820.0,269465.0,7.20936,0.01,0.03,0.105,0.005,0.64,0.215,0.065,0.77,0.275,0.495,0.2916,0.8270500000000001,1.0,1.0,1.0,1.0,0,0.7345000000000006,0.079,1.0,1.0,0.0,0.0,1.0,0.0,0.5331727341441235,0.0941488067489881,-0.0133342010966117,0.1538773548288257,0.2726922448223067,0.0132451717485137,-0.0802449852925962,0.117328295125742,0.1773846660888625,0.7724107495047947,0.5154561667073565,0.2979596106668086,0.6988802053736833,-0.0175073755617742,1.1135920192669262,0.4332535277461039,0.0301818464538878,-0.0682207063210015,-0.0359121799135445,0.0423902440896299,0.0867144957931252,0.0213800754448948,-0.0693578446780343,0.0112398914851235,0
Zm00001d004557,0.0,II,0.510032,0.33,0.680842230906373,0.7067148292894775,0.0386,0.1717,0.2247,273806.0,2283.0,31.5948,0.01,0.025,0.015,0.0,0.71,0.475,0.005,0.775,0.665,0.54,0.39170000000000005,0.1607,1.0,1.0,1.0,1.0,3479,0.39929999999999993,0.0,1.0,0.0,0.0,0.0,1.0,0.0,0.0529366135346733,-0.000996085646192,-0.054484047665586,-0.0189237906268472,0.0496019764157324,-0.0158249958140811,-0.0762453275591139,-0.0483692943582893,0.4235142316382934,0.428601502045105,0.5297558660022309,0.5724312203008202,1.2000018033999051,-0.0201164662142463,0.5038759363539902,1.014308324579356,-0.0300302070836082,-0.0769503316432896,-0.0065833178581461,0.0175559921072579,0.1493459066705187,-0.0382354397002744,-0.0808560674488615,0.1304244759728247,0
Zm00001d004555,0.0,II,0.684404,0.45,0.6857997768194605,0.9273021880458802,0.1053,0.0685,1.5384,341078.0,109202.0,8.6407,0.01,0.04,0.03,0.0,0.64,0.615,0.0,0.78,0.7849999999999999,0.0,0.4002,0.4375,1.0,1.0,1.0,1.0,0,0.23590000000000003,0.8375,1.0,1.0,1.0,0.0,0.0,0.0,-0.1027039146990489,-0.1091552527724197,-0.1045948108436017,-0.0381583829526756,-0.0961158371068146,-0.0180294582246325,-0.1259759654503722,-0.0965807268486613,0.2932564561830039,0.1219490746356741,0.3293290972972074,0.0598364490322041,0.1205084942665552,0.5677070778779172,-0.0261903236772188,0.0646442815312768,-0.0232633945073594,-0.0634294009917709,-0.0391446885585854,-0.0330077849617208,-0.0226424210936955,0.26599911737325,-0.1049343726132772,-0.0219464338797564,0
Zm00001d004554,0.0,II,0.502801,0.570588,1.6743234560996354,0.5604518385090219,0.0477,0.1982,0.2407,260624.0,188143.0,5.2658,0.01,0.045,0.01,0.005,0.5800000000000001,0.56,0.065,0.73,0.655,0.5349999999999999,0.49975,0.11665,1.0,1.0,1.0,1.0,7519,0.008700000000000001,0.0,0.54,0.0,0.0,0.0,1.0,0.0,0.0041329867366067,0.1206772616137183,-0.0017100080116745,-0.0267367245444206,0.0337132391087306,-0.0366249315834123,-0.0243526188573179,-0.0102906383144142,0.3829165578372096,0.4097493076365401,0.2875276611081088,0.1760096286612684,0.4251460605171921,-0.0362868605103482,0.4156036452669731,0.3358482214865326,-0.0285194591628078,-0.1074537704636196,-0.0244157810828789,-0.0253158739414515,0.0206111530190493,-0.0613726420853298,-0.1089228199210945,0.0324549794815766,0
Zm00001d004551,0.0,II,0.508197,0.49,4.142253492148847,0.2230982770925278,0.0254,0.0857,0.2959,20.0,445977.0,5.2658,0.01,0.03,0.02,0.005,0.76,0.495,0.055,0.9,0.615,0.565,0.30665,0.29005000000000003,1.0,1.0,1.0,1.0,1454,0.7215,0.4235,1.0,1.0,0.0,0.0,1.0,0.0,-0.0045505814552654,-0.0034058608572946,-0.0045505814552654,-0.001718173361556,-0.0003215336078852,-0.0045505814552654,-0.0045505814552654,-0.0045505814552654,0.0307541842442539,0.970530730472225,0.4392972904560202,0.1673570254945202,0.3850772014486241,-0.0418831067623814,1.5116235115073555,0.2198241105260718,-0.0264212733934482,-0.0736819656110477,-0.0095785883605699,0.0014316489034065,-0.0043903692650043,-0.0320182786699575,-0.0859753867049633,-0.0121379964237299,0
Zm00001d004547,0.0,II,0.506224,0.39,0.5699199608456688,0.4655465514370485,0.0414,0.1534,0.2696,108004.0,74731.0,5.2658,0.01,0.035,0.005,0.01,0.54,0.845,0.060000000000000005,0.71,0.94,0.085,0.45209999999999995,0.0986,1.0,1.0,1.0,1.0,0,0.7744999999999999,0.7025,1.0,1.0,0.0,0.0,1.0,0.0,-0.0032781456306984,-0.0066006022399244,-0.0111887618398073,0.0012965196375161,-0.0037966410766345,0.0277063696111626,-0.0100157617631941,-0.0055210467720438,0.9253646848897952,0.4320586163661667,0.5764422221873302,0.2833664480122352,0.8305303156711791,0.0248493829380148,0.1320981294548615,0.8244162678057263,0.0595273227478039,-0.0082765834836519,0.0312316394798503,0.0248115422787162,0.1130652723956835,-0.0090912022813078,-0.0230258699581169,0.067560119137067,0
Zm00001d004546,0.0,II,0.599574,0.61,1.5544612037999357,0.312105122986563,0.0683,0.1396,0.4888,133067.0,50853.0,11.0438,0.01,0.015,0.05500000000000001,0.0,0.69,0.255,0.005,0.785,0.4,0.38,0.1122,0.347,1.0,0.95835,1.0,1.0,229,0.7284999999999999,0.32799999999999996,1.0,1.0,1.0,0.0,0.0,0.0,0.2373278424256835,-0.0358722235380867,-0.0859384400979749,-0.0279851207886605,0.1514507035581723,-0.034835777420191,-0.0877929145630446,-0.0077150938926296,0.0890155876633986,0.443840405961141,0.6065351314304254,0.3606850467099489,0.6574429330419498,-0.0101959847689139,0.8847015214522017,0.5544656203983693,-0.0412165718883991,-0.053295334702222,0.0139466456978502,0.0336580248615107,0.0122715994020674,-0.0294872828466992,-0.0579622670300969,0.0256950625327528,0
Zm00001d004545,0.0,II,0.643471,0.55,1.2661821859540423,0.5429497004543041,0.0459,0.3027,0.1517,36.0,568529.0,11.0438,0.01,0.04,0.02,0.02,0.48,0.055,0.015,0.56,0.42000000000000004,0.165,0.3333,0.33185,1.0,0.69645,1.0,1.0,1159,0.5605,0.0,1.0,0.0,0.0,0.0,1.0,0.0,-0.0504075476868194,0.3241316748002508,0.0205935602154419,0.0272735251218896,0.2233396983296989,0.0063682813793529,0.3843595254652591,0.0261568480632393,0.1795128313022069,0.2245521121348318,0.5871670492880505,0.1978847735034928,0.5490705113634697,-0.0411031054916679,0.3467382528753883,0.4030025361380588,0.0452607379852689,-0.0945669330239432,-0.0778826215968963,-0.0191716057120072,0.1458199258598636,-0.0258496183636915,-0.1027460620687612,0.0113588893251327,0
Zm00001d004543,0.0,II,0.528986,0.55,5.251380927592486,0.2923320311395879,0.0072,0.1388,0.0518,563668.0,3715.0,11.0438,0.01,0.03,0.035,0.0,0.675,0.05,0.03,0.86,0.2,0.505,0.20834999999999998,0.46575,1.0,0.5,1.0,0.96355,2512,0.49919999999999976,0.0,1.0,0.0,0.0,0.0,1.0,0.0,0.1239058064347453,0.0264515392798723,0.7020792934776797,0.2071349278550922,0.548377358348692,-0.0217364858893013,0.3057511731084761,0.4978697611755451,-0.0802671718294698,0.6078112501916482,0.5441915185500574,0.1634413469720944,0.4211339042090014,-0.0385712546465208,1.1535573938312855,0.1775274741347471,-0.0985776053513798,-0.1230174105125488,-0.0413715451237397,-0.0617729424626684,-0.0324601249799532,-0.0766537504381216,-0.1283076908020642,-0.0770396598150682,0
Zm00001d004541,0.0,II,0.489071,0.57,3.032675416399522,0.343813119151571,0.035,0.0975,0.3593,107650.0,454252.0,11.0438,0.01,0.055,0.065,0.005,0.7050000000000001,0.22,0.03,0.83,0.395,0.735,0.5524,0.7159,1.0,1.0,1.0,1.0,96,0.08900000000000001,0.08650000000000001,1.0,1.0,0.0,1.0,0.0,0.0,0.1742632032375153,0.1065894294834814,0.6018455742781895,0.2408954157026523,0.4391567046835413,0.0075993626317928,0.248386436557132,0.4553698443878174,-0.0619080740289781,1.1024469417650125,0.1477399240150899,-0.0624251281492287,0.1561855687663603,-0.1289280712724729,1.5498317798677912,0.036288416392234,-0.0192286775124927,-0.0365356498176207,-0.0024494599539358,-0.0104815576786857,0.0039687670162742,-0.0072860486455657,-0.0379069454935675,0.0696510011612851,0
Zm00001d004517,0.0,II,0.511586,0.41,4.047651435639641,0.1827859244054894,0.0215,0.122,0.1765,216983.0,272592.0,16.7692,0.01,0.03,0.01,0.005,0.825,0.825,0.165,0.895,0.9199999999999999,0.615,0.6278,0.0738,1.0,1.0,1.0,1.0,0,0.023999999999999994,0.41900000000000004,0.48,1.0,0.0,1.0,0.0,0.0,-0.0625671431797381,-0.0596418278789067,-0.0407196423704231,0.0007391272402182,-0.0704983497054127,-0.0414230295434067,-0.0921854527207451,-0.0504009516107455,-0.083435901049677,0.9653630034367126,0.3493847334451193,0.0009959060684691,0.1580135411809163,-0.0362346601766349,1.382546085277634,0.049192590510876,-0.0217729608454662,-0.0202375301137262,0.0125829521088007,0.0176419474074176,0.0497428983532404,0.005765800305485,-0.0076698080309274,0.0187553069408334,0
Zm00001d004497,0.0,II,0.726087,0.35,0.27424760476205,0.8794711042543781,0.0723,0.4758,0.1521,406.0,324617.0,19.1723,0.0,0.005,0.01,0.0,0.034999999999999996,0.795,0.0,0.395,0.87,0.0,0.05275,0.095,0.5583,1.0,1.0,1.0,33,0.0,0.0,0.0,0.0,1.0,0.0,0.0,0.0,0.0236995603636812,0.006058766152144,-0.0069523161769012,0.0358351831534674,0.0232743192985376,0.0287167187346466,-0.0266750141437814,0.0001162139740388,0.1413715113884646,0.019921993398135,0.4748325947131838,0.0854972554194221,0.1801031598766531,0.0096502942459335,-0.0021595549344914,0.1859407617026703,0.0230314226120626,0.3377773244691323,-0.0360229038410382,0.0629800635489881,0.2645068442096123,-0.0068977791902808,0.2778551382731008,0.0552493214228463,0
Zm00001d004437,0.0,II,0.70073,0.441176,0.3146715550772547,0.8609692479528512,0.0515,0.4125,0.1249,146087.0,323882.0,8.12848,0.01,0.01,0.035,0.0,0.7350000000000001,0.08499999999999999,0.0,0.8300000000000001,0.55,0.005,0.06925,0.58135,1.0,0.90625,1.0,1.0,0,0.058499999999999996,0.06250000000000001,1.0,1.0,0.0,0.0,1.0,0.0,-0.0461425041861494,0.5163592464858466,-0.02081453593193,-0.098823652186678,-0.0253631643765728,-0.0542140433523578,0.6166614264826953,-0.1007370088185589,0.2515141054476963,0.0796309054619346,0.1722571560103092,0.0749272021883262,0.1401853333652066,0.0455252010608103,-0.0216160423452664,0.1290620924693113,0.0886375474052785,-0.008221190380999,0.002910988772704,0.0377494182527421,0.051720620743299,0.0055405238248358,-0.1074960982625156,0.075997681383027,0
Zm00001d004401,0.0,II,0.629956,0.52,2.161141155918384,0.691082624824699,0.0186,2.8595,0.0065,89336.0,689336.0,17.741,0.01,0.02,0.04,0.0,0.43,0.73,0.015,0.475,0.92,0.225,0.21815,0.40280000000000005,1.0,1.0,1.0,1.0,3691,0.07200000000000001,0.7868499999999998,1.0,1.0,0.0,0.0,1.0,0.0,-0.0646723274981691,-0.1248152622683828,-0.094749155177252,-0.0383126626228125,-0.0954062577333692,-0.0650180685427126,-0.1322580895129137,-0.0639646027524484,0.6608951560591413,0.0559621486588975,0.1055522393336118,0.1096838169160644,0.156837869986553,1.0276477031037958,-0.0822487864074692,0.0883136710038457,0.5755479560654624,-0.0213157020372389,-0.0258097442481474,0.0449412786401947,0.1506171717798324,0.8373938032585958,-0.1228806848782936,0.0350097190957188,0
Zm00001d004357,0.0,II,0.737003,0.68,1.6997657524663143,0.6585026879618098,0.1693,0.1834,0.9226,61.0,1248.0,21.5754,0.01,0.01,0.035,0.135,0.575,0.6799999999999999,0.15000000000000002,0.8400000000000001,0.745,0.135,0.07289999999999999,0.3155,1.0,1.0,1.0,1.0,1050,0.0,0.68,0.0,1.0,0.0,0.0,1.0,0.0,-0.0235358755490164,-0.0191535097999683,-0.0097515094838949,-0.014639715694933,-0.017111887623907,-0.0021730172780986,-0.0267936605215826,-0.0125027987950208,0.3529666797257834,-0.0057908240141901,0.0853329947829599,0.0535177757035987,0.0882676339112205,0.2922024902944046,-0.1133668707568108,0.069113227764825,0.1439056412227987,-0.0331049609491967,-0.0140456481510309,0.0113304011950665,0.0455692039977626,0.1322360541046879,-0.0724398900825152,-0.0107244248884396,0
Zm00001d004372,0.0,II,0.533939,0.429412,2.024111249007185,0.3502966506023508,0.0322,0.2725,0.118,22.0,129810.0,16.7692,0.0,0.04,0.05,0.0,0.8,0.675,0.005,0.9199999999999999,0.775,0.665,0.4657,0.651,1.0,1.0,1.0,1.0,0,0.4084999999999999,0.0,1.0,0.0,1.0,0.0,0.0,0.0,-0.0388065474421156,-0.0491370198888636,-0.0641356400234522,0.0262171801255953,-0.0607244197298665,0.0038481034147937,-0.0817791436909151,-0.0369997396033864,0.0984734442530852,0.5630840885399294,0.8045490088940921,0.5826446678647204,0.9336005910116932,0.0245272733364049,1.0318183041900786,0.6790175382610844,-0.0475083708861734,-0.0505473171771076,-0.0094327359101123,-0.0023005927304201,0.0158989485233104,-0.0015336565315844,-0.0676718717345008,0.0022390933968975,0
Zm00001d004383,0.0,II,0.459655,0.45,3.7093178848491855,0.2253858347776192,0.0544,0.056,0.9715,536.0,16264.0,11.5034,0.0,0.155,0.025,0.005,0.675,0.405,0.125,0.78,0.51,0.815,0.7197,0.3647,1.0,0.9048,1.0,1.0,0,0.43200000000000016,0.0752,1.0,1.0,0.0,0.0,0.0,1.0,-0.071095664207426,-0.1111449615757554,-0.0627567916441318,-0.0453698440755792,-0.0976379128415272,0.0309977691574778,-0.1226162428246809,-0.0610485520702116,-0.2038581188858846,1.669082846057566,0.1411567718856999,-0.0390080853316604,0.137080202912702,-0.1002526393626816,2.166576477251318,-0.0313889172226298,0.0214036321381825,-0.1172926596577965,-0.0539267885895523,-0.0462244001973091,0.1346903425459056,-0.1170618988033907,-0.1405953920187194,-0.0086919717633726,0
Zm00001d004396,0.0,II,0.482587,0.49,4.055835289689656,0.2348791833177566,0.0205,0.1125,0.1825,323909.0,280825.0,9.10026,0.01,0.045,0.01,0.0,0.825,0.63,0.25,0.91,0.775,0.785,0.35,0.0857,1.0,1.0,1.0,1.0,0,0.3484999999999999,0.26809999999999995,1.0,1.0,1.0,0.0,0.0,0.0,-0.1022633130678831,-0.1257464806749098,-0.0850045940608029,-0.0951470126214165,-0.0979796120452935,-0.0680466371312067,-0.1311351771917238,-0.0842865014626517,-0.3665686142361002,1.7826002092319289,0.2478244436494246,-0.1989200622628142,-0.2146858614307217,-0.1280139802023014,2.283901713703389,-0.2391934205174443,-0.0734327804016061,-0.094269993268303,-0.022675564588248,-0.0230473137822284,-0.0280637331735239,-0.016985484215864,-0.0809968594758969,-0.0482426606084627,0
Zm00001d004358,0.0,II,0.510067,0.36,0.546190648084835,0.7304298000127534,0.1278,0.1692,0.7553,71162.0,102509.0,58.8955,0.01,0.065,0.03,0.005,0.78,0.65,0.25,0.89,0.795,0.55,0.56865,0.29995,1.0,1.0,1.0,1.0,0,0.19399999999999998,0.6185,1.0,1.0,0.0,0.0,1.0,0.0,0.0315576702557867,-0.0234008306347175,-0.0634129514273539,-0.0243113580332883,0.000941507817352,-0.0120861367970281,-0.0859605580298336,-0.0426501542793686,0.3547306277053406,0.582046478466006,0.1538933559500136,-0.0310693296463586,0.1203316818026797,-0.0763916388364952,0.2716327191778017,0.1044014085375261,0.0217832696928598,-0.048136961268835,-0.0073449062860323,-0.0335852005441345,0.0129811439962373,-0.0421617809418434,-0.0867305412840495,-0.0417023678791114,0
Zm00001d004366,0.0,II,0.617626,0.52,0.557830384000359,0.7401203010853719,0.0777,0.3628,0.2141,215535.0,287496.0,9.10026,0.0,0.015,0.015,0.045,0.71,0.52,0.0,0.765,0.78,0.04,0.22915,0.42655,1.0,1.0,1.0,1.0,2825,0.0,0.0,0.0,0.0,0.0,0.0,1.0,0.0,0.308426848818256,0.0313167989892738,-0.0089524992168117,-0.0037049630862329,0.0119700432688664,-0.0181208822061189,-0.0940520752844247,0.0140983080253232,0.3741476726150079,0.1398164624905796,0.2839932797011099,0.0365186685055818,0.1009883168891454,0.0858779619744446,-0.0137788285414598,0.0743938272677657,-0.0233453756366474,-0.115958228926338,-0.0753739526646679,-0.0968015004685054,-0.0636869645739885,-0.0355109931596005,-0.1534118229803897,-0.0955730265823066,0
Zm00001d004339,0.0,II,0.451031,0.605882,1.3875091708934004,0.4640354381012008,0.0714,0.1474,0.4844,189632.0,270.0,13.3943,0.01,0.065,0.015,0.0,0.75,0.6699999999999999,0.01,0.89,0.8049999999999999,0.47,0.5948,0.1067,1.0,1.0,1.0,1.0,198,0.8184999999999998,0.0425,1.0,0.85,0.0,1.0,0.0,0.0,-0.0211893190506836,-0.0822629266716546,-0.0942168581695499,-0.0923997874752377,-0.0779818270134622,-0.032138919673821,-0.1133818979142017,-0.0810834715222831,0.6439494727490178,0.7986880352690395,0.3615152185940742,-0.0622720362394193,0.1415321373306295,-0.1192571611429934,1.1108163261492927,0.0042373884704255,-0.008121857772397,-0.026979928461438,0.01649645814289,-0.0040744067310341,0.0118396994564472,0.0283457905231976,-0.0439406570122969,0.0045438402048789,0
Zm00001d004335,0.0,II,0.574429,0.58,0.7879037717641072,0.700179678199834,0.0447,0.6158,0.0726,95244.0,117573.0,15.7974,0.01,0.01,0.060000000000000005,0.0,0.5449999999999999,0.285,0.0,0.79,0.665,0.0,0.0804,0.36235,1.0,0.88195,1.0,1.0,0,0.3890000000000001,0.6629999999999999,1.0,1.0,0.0,0.0,1.0,0.0,0.0010563300951424,-0.046628952551378,-0.0374326595923737,-0.0542346523482154,-0.009453713530531,-0.046413714031993,-0.1078585872098623,-0.0754969381208043,1.0677038057442716,0.3759443601592311,0.4199841891022359,0.3477439143884928,0.5822695963741937,0.0646380899690189,-0.0770999286309805,0.3775076567575722,-0.0176631302379213,-0.0875640058186363,-0.0243670711359776,-0.0492796913294943,-0.021098560425777,-0.0255215842075665,-0.1160930430574886,-0.0476796389817088,0
Zm00001d004300,0.0,II,0.442206,0.61,3.856605770595314,0.338007571936895,0.0349,0.1079,0.3235,214201.0,304706.0,10.072,0.01,0.025,0.04,0.01,0.72,0.7150000000000001,0.245,0.775,0.79,0.76,0.2676,0.38545,1.0,1.0,1.0,1.0,5055,0.0345,0.39799999999999996,0.69,1.0,0.0,0.0,1.0,0.0,-0.0782870248098497,-0.1036027871772332,-0.0733278426638219,-0.0335971372492736,-0.1028969546368406,-0.0195583936892327,-0.1236085454915973,-0.074627818700583,-0.1379110144520177,1.292957578870379,0.2993416600283539,0.0169818082604979,0.0432602420681405,-0.0741718983786235,1.7249509472869025,-0.0148403598015021,-0.0505768135945589,-0.0762152558508473,-0.0647884867792006,-0.0012171628162001,0.0178499054838351,-0.0147756360687661,-0.0904681197812725,-0.006301646365424,0
Zm00001d004293,0.0,II,0.563802,0.370588,2.5067061651524694,0.2902893676245631,0.0203,0.1888,0.1073,340809.0,92992.0,11.5034,0.02,0.08,0.04,0.01,0.575,0.585,0.52,0.645,0.675,0.825,0.5329999999999999,0.38770000000000004,1.0,1.0,1.0,1.0,0,0.5660000000000001,0.1295,1.0,1.0,0.0,1.0,0.0,0.0,-0.0804192231214697,-0.0719805156331327,-0.0501158614490973,-0.0274194531951342,-0.0663627621146633,-0.0113041820189353,-0.0868023141190768,-0.0510432755702938,-0.1450256805893097,1.365263137193836,0.221867302302554,0.1149603935295301,0.0222649171212718,-0.0295218306364511,1.349270135119652,0.0055587163472364,0.0560313324418261,-0.0542236157333479,0.0317968783726903,0.0652153717285361,0.29406334796126,-0.0053858323999137,-0.0415940883525395,0.2859731871400597,0
Zm00001d004125,0.0,II,0.441817,0.68,5.673888974448302,0.2057479719329157,0.019,0.1158,0.1638,11.0,123545.0,29.2444,0.07,0.02,0.07,0.0,0.725,0.7749999999999999,0.01,0.845,0.91,0.75,0.15105,0.5029,1.0,1.0,1.0,1.0,0,0.4489999999999999,0.95,1.0,1.0,1.0,0.0,0.0,0.0,-0.0462606270529208,-0.0437089469036014,-0.0491180060757659,0.0006564707451996,-0.0570422670204261,0.0073913463719502,-0.0615130726366181,-0.0487017046443019,-0.1439579102707869,1.4122234980101822,0.3959465708664153,0.0304685161369786,0.1753475821927134,-0.0329053435375995,2.0140722149541994,-0.0138673035511751,0.0191536259019317,-0.0999775337291737,-0.0644883396519177,-0.0508950411977442,-0.0071382106979468,-0.0379338217961221,-0.1013199807089279,-0.0491965443833513,0
Zm00001d004152,0.0,II,0.49359,0.45,2.460300081708821,0.3258196571082966,0.0069,0.1202,0.0578,610048.0,935757.0,14.3661,0.07,0.03,0.01,0.005,0.77,0.7050000000000001,0.37,0.885,0.81,0.81,0.29735,0.15275,1.0,1.0,1.0,1.0,0,0.221,0.015599999999999998,1.0,0.74,0.0,0.0,1.0,0.0,-0.0372463430406257,-0.0831435285547469,-0.0740511388462823,-0.0283989140849978,-0.0904983205251934,-0.0420086713578592,-0.0967439210976996,-0.0816853433426701,-0.0349971949556543,1.1638659064438464,0.3247460913295726,0.1469817708859659,0.2845048237372977,-0.0075602465002232,1.2457521083456429,0.2867243154259772,-0.0907229618150698,-0.0925700129914567,-0.0387420361049469,-0.0417936617828459,-0.0118474645425938,-0.060648316358085,-0.0821722814443473,0.0074525830342354,0
Zm00001d004169,0.0,II,0.480298,0.364706,3.659026749032555,0.2886426012456931,0.0128,0.083,0.1538,95348.0,50041.0,10.5316,0.03,0.065,0.02,0.01,0.49,0.745,0.6599999999999999,0.605,0.845,0.81,0.68875,0.18775,1.0,1.0,1.0,1.0,0,0.5389499999999999,0.0325,1.0,0.65,0.0,0.0,1.0,0.0,-0.0461838991794985,-0.042446319364799,-0.065425574681036,0.0142473288116065,-0.0193770626653669,-0.0010866057048494,-0.0633489626813299,-0.0353223028843304,-0.1613084536082886,1.4722613132199598,0.3418699980098626,0.1653913785836892,0.0261725217433918,-0.0436879276218697,1.6844931340781426,0.0854384335033223,0.0315459184027445,-0.1474799770868505,-0.0465044970454314,-0.0066511428220137,0.1722562497764936,-0.0925353815584909,-0.1640172265585117,0.0579700324604846,0
Zm00001d004198,0.0,II,0.686916,0.58,4.836903298137897,0.388276648592838,0.0097,0.4397,0.0221,123.0,172.0,9.10026,-0.01,0.04,0.065,0.0,0.745,0.735,0.0,0.83,0.87,0.005,0.41995,0.85415,1.0,1.0,1.0,1.0,1004,0.6870000000000002,0.617,1.0,1.0,0.0,0.0,1.0,0.0,-0.0555063624804087,-0.0606240748783619,-0.061563002421404,-0.0417152098853546,-0.0681567541988064,-0.0392311712321006,-0.0853744308649569,-0.0497646225294631,0.2644443110876314,0.0429395296682069,0.8153970600930934,0.2706190010047137,0.4670398785403203,-0.0114745139201295,0.0832149988019554,0.2857130416990123,0.0010679840252718,-0.0293601947818293,-0.0026567619506906,0.0050181254964366,0.0571010436623965,-0.0163848728857444,-0.0525218959979859,0.0190895212179447,0
Zm00001d004091,0.0,II,0.504561,0.53,4.644312248448906,0.1798106423411382,0.0171,0.0898,0.19,641694.0,556435.0,37.3728,0.07,0.03,0.02,0.01,0.765,0.655,0.485,0.875,0.75,0.865,0.19440000000000002,0.2121,1.0,1.0,1.0,1.0,0,0.0345,0.32415,0.69,1.0,0.0,1.0,0.0,0.0,-0.0204099572550397,-0.0341433232674398,-0.0784628619749628,0.002821921458358,0.1090137207120147,0.0071870961495762,-0.0748490556350502,-0.003477317098726,-0.231752234036353,1.9403425567354096,0.1959870383115123,-0.0091161783961114,-0.0554497553700057,-0.1029094533462305,2.192179410100916,-0.0792902063578218,-0.0751612301383939,-0.0846281247151769,0.0392419230752789,0.0007681138444462,0.0019097560181697,-0.0527577764901977,-0.0739378590125413,0.0305875934670257,0
Zm00001d004070,0.0,II,0.566462,0.69,4.653821404843441,0.3079721669826015,0.1464,0.2293,0.6382,66.0,1076916.0,19.1723,0.11,0.025,0.02,0.0,0.72,0.785,0.0,0.765,0.94,0.725,0.3125,0.30555,1.0,1.0,1.0,1.0,0,0.0,0.23199999999999998,0.0,1.0,0.0,0.0,1.0,0.0,0.1093041050929015,0.0001904451805734,-0.0161742830170808,0.0223402502221551,0.0411255744760513,0.0087133192077192,-0.0223792531014948,0.0186900077294938,0.1335776040173993,0.8451226829882706,0.6443710732080428,0.1321866970473573,0.4138238067829817,0.0060520593377674,1.279455550344496,0.2479738288627849,-0.005302951786745,-0.01192468175631,0.0228984884006403,0.0061598009239242,0.0034497176857555,0.0242805590390951,-0.0131923625888549,0.0243357596595667,0
Zm00001d004042,0.0,II,0.489362,0.73,3.606710352892341,0.5439863058333968,0.1486,0.1419,1.0475,2447164.0,424541.0,9.61248,0.18,0.015,0.05,0.01,0.805,0.645,0.65,0.9199999999999999,0.7849999999999999,0.86,0.09584999999999999,0.45625000000000004,1.0,1.0,1.0,1.0,0,0.647,0.2526,1.0,1.0,0.0,0.0,1.0,0.0,-0.0577011230960423,-0.0560064263985255,-0.0544807853914268,-0.0047823598994163,-0.0577471426347729,-0.0287120313681101,-0.0905408941010007,-0.0304079756724919,-0.028375102351174,1.4665715997297035,0.0470848672078336,0.0048285014463805,-0.0544705545654696,-0.0427992111639437,1.1383823462813791,-0.0123343842217702,0.0009976459620514,0.3789723875042964,0.0434081197755625,0.0056146139941183,0.0031579829309593,0.0102382027294817,0.341921342324665,-0.0071215914155865,0
Zm00001d003996,0.0,II,0.525731,0.68,0.3343326479839019,0.869993498682968,0.0492,0.1523,0.3232,87.0,61255.0,9.61248,0.41,0.03,0.015,0.0,0.41000000000000003,0.7,0.0,0.595,0.75,0.07,0.2435,0.22915,1.0,1.0,1.0,1.0,9079,0.5770000000000001,0.18299999999999994,1.0,1.0,1.0,0.0,0.0,0.0,0.0084257787060296,-0.0221004214368958,-0.0506029488844034,-0.0058968724509158,-0.0152718968388043,-0.0356387076171854,-0.083829751730404,-0.0271413841777226,0.717103076623939,0.493789761579017,0.4639600045586179,0.2751143895967988,0.6712090198787318,-0.0392916061226401,0.1904260111656562,0.5501633392475881,0.0570709690636778,-0.0502723905811274,0.0505186719126607,0.0066069286605716,0.0653069128958428,0.0614398139713893,-0.0639834990184092,0.0143633505172571,0
Zm00001d004007,0.0,II,0.686165,0.56,0.1409620601205528,0.982815341931538,0.0617,0.3245,0.19,178894.0,30064.0,16.3096,0.38,0.034999999999999996,0.015,0.0,0.595,0.5700000000000001,0.0,0.725,0.81,0.0,0.22735,0.24680000000000002,1.0,1.0,1.0,1.0,1984,0.8009999999999999,0.7075,1.0,1.0,0.0,0.0,1.0,0.0,-0.0258502431470774,-0.1497374219129408,-0.1301448932268122,-0.1144979562233009,-0.0809857224414981,-0.0763376690492567,-0.1736311093819176,-0.1103441852240692,0.2972243107471538,0.08737346338895,0.4125004315786226,0.0223387321429877,0.1010622739581745,0.1950497397760386,-0.0639676986156461,0.0640807179492912,-0.0017039604920675,-0.045607197335792,-0.0514174238288328,-0.0541449720778047,-0.0130446786534289,-0.0236123819910559,-0.0900675590129093,-0.0258708204369639,0
Zm00001d004019,0.0,II,0.502969,0.46,3.1600969945495176,0.4047505966703723,0.0087,0.1371,0.0636,543374.0,41112.0,9.10026,0.32,0.11000000000000001,0.034999999999999996,0.0,0.56,0.76,0.015,0.675,0.92,0.5700000000000001,0.7271000000000001,0.3472,1.0,1.0,1.0,1.0,0,0.222,0.9915999999999999,1.0,1.0,0.0,1.0,0.0,0.0,-0.0785153121653748,-0.0932789571976934,-0.1010620164719494,-0.0295360215006382,-0.084127732203538,-0.0544394362484476,-0.1175019230056714,-0.057452013945346,0.4852765223090055,0.4663531842189072,0.3842183016450978,0.2135735375531463,0.5890604230220726,-0.0377398435723735,0.3914827542842081,0.3942973827638623,0.2446105279742836,-0.0487948135717404,0.0237585498133224,0.0669012332638319,0.2478908943043241,-0.0084094489550606,-0.0764428536619674,0.1255198781130117,0
Zm00001d004022,0.0,II,0.473186,0.45,2.830179885577357,0.5110800462134969,0.0547,0.0894,0.6119,2888682.0,272.0,16.3096,0.32,0.035,0.01,0.0,0.28500000000000003,0.005,0.0,0.45999999999999996,0.22999999999999998,0.365,0.31525000000000003,0.1814,1.0,0.1,1.0,0.86875,6500,0.0,0.0755,0.0,1.0,0.0,0.0,1.0,0.0,0.2127548070957359,0.3551645176107002,0.0188680600101388,0.0477391352627124,0.3079454238723872,-0.0188612231067931,0.2965917303502495,0.1019536879078916,0.52769035027931,0.7101901316472444,0.4413585354143682,0.2324740704604547,0.6935001974932258,-0.0147825569209711,0.7590388376650653,0.6034640971156587,0.1349292095441302,-0.102261434802368,-0.003761137327164,0.0153439605376136,0.1449777671307704,-0.0388621735312144,-0.0980480357918404,0.0609212314226938,0
Zm00001d004023,0.0,II,0.493769,0.38,3.590499934335624,0.3316074436322466,0.0268,0.115,0.2327,2643355.0,235198.0,16.3096,0.31,0.03,0.01,0.01,0.715,0.8049999999999999,0.38,0.865,0.915,0.745,0.4364,0.09720000000000001,1.0,1.0,1.0,1.0,0,0.3064,0.9540000000000001,1.0,1.0,1.0,0.0,0.0,0.0,-0.033039070506338,-0.0294220091347018,-0.0456202372813419,0.0153019609949611,-0.0165938059895079,0.0203264841357785,-0.0696514448392993,-0.0046079415763485,-0.0818673598465815,1.0995768062249436,0.2554994091502301,0.1412334436800807,0.2269504799161598,-0.0440198233786126,1.084656471891234,0.1469590602331201,-0.0881948647465401,-0.1176671682798338,-0.1108656560340169,-0.0794500630026052,-0.0054221168977638,-0.1064250113350494,-0.1271066507501379,-0.067632946234287,0
Zm00001d004036,0.0,II,0.462719,0.641176,1.9414698008201448,0.3975574158375029,0.0522,0.1285,0.4061,1624633.0,1257137.0,9.61248,0.22,0.015,0.02,0.01,0.7,0.675,0.545,0.88,0.785,0.9,0.1205,0.1792,1.0,1.0,1.0,1.0,0,0.36949999999999994,0.5740000000000001,1.0,1.0,1.0,0.0,0.0,0.0,-0.0809012315710076,-0.0741236700045314,-0.0290658698669317,-0.0283610385902501,-0.0882745054111383,-0.040429300608842,-0.1139652309466207,-0.0586468313291809,0.0148339098106371,1.447080400117602,0.3422036211985079,0.1207517581096816,0.0658584842031446,0.0061162373850245,1.223451070969507,0.1903385059635909,-0.0260903673948316,-0.0638496384783178,0.0279782447743768,-0.0212205146428263,-0.0042454444408712,-0.0319087952585623,-0.0654462705984508,0.0357117912243812,0
Zm00001d003975,0.0,II,0.539162,0.47,3.602813623504049,0.4237469168265654,0.0134,0.0878,0.1526,169971.0,5910.0,10.5316,0.47,0.02,0.07,0.0,0.665,0.33499999999999996,0.025,0.755,0.41000000000000003,0.42,0.22494999999999998,0.6625000000000001,1.0,1.0,1.0,1.0,5702,0.06595,0.0625,1.0,1.0,0.0,0.0,1.0,0.0,0.2694861709568948,0.0463362818047763,-0.0456906671688712,0.0015542414890621,0.1203815986180016,0.0164327600236823,-0.0891231607037857,0.0680297159959427,0.0551672600707154,0.6810404280304373,0.3873756639434828,0.0948376251305332,0.3030708175798913,-0.0324686011776561,0.9377883141138535,0.1851785639802903,-0.0315992545226221,-0.0884394461271809,-0.018669182736528,-0.0396060221157238,0.0303613914745699,-0.0763553236409582,-0.0873108641705933,0.0502739713545826,0
Zm00001d003958,0.0,II,0.437415,0.452941,2.580543663136266,0.3851219220909174,0.0286,0.0879,0.3257,208298.0,3624.0,9.10026,0.49,0.1,0.02,0.01,0.29000000000000004,0.11,0.035,0.45999999999999996,0.495,0.62,0.91665,0.44,1.0,0.9524,1.0,1.0,20,0.1555,0.1985,1.0,1.0,0.0,1.0,0.0,0.0,-0.0171033035420112,0.3675979979358964,0.0130526625040115,0.0076169322820799,0.0732111801698452,-0.0060061879184604,0.4929767261914443,-0.0237625003752658,0.0735763707945452,1.0592751418459123,0.4112314821304405,0.293579719127114,0.5504338893636035,-0.016467532035798,1.4862180578870916,0.2912804391845937,0.184344075047647,-0.0755063933633844,-0.0076159160153961,0.1311613455429642,0.3942824534323009,-0.0164880141918437,-0.0872765930348461,0.1789633878858188,0
Zm00001d003957,0.0,II,0.613936,0.429412,2.8980444226348343,0.2014512089975955,0.0746,0.18,0.4143,42.0,217690.0,9.10026,0.49,0.045,0.03,0.0,0.6799999999999999,0.095,0.005,0.82,0.425,0.365,0.40135,0.38055,1.0,0.9143,1.0,1.0,2366,0.24599999999999994,0.2725000000000001,1.0,1.0,0.0,0.0,1.0,0.0,-0.0005382958052191,0.6893251191852384,0.0497715385797286,0.0113535687141001,0.1581765194305481,0.0119244145932215,0.8375577886508996,3.444169993805785e-05,0.0096140974923827,0.5130894749850418,0.6836559409022782,0.2086943317643962,0.4388961898355694,0.0182001572174808,0.9298364230561073,0.4311626395908144,-0.0391460862190804,-0.0909402022942872,-0.0679855152725977,-0.0234429213939046,0.0044282781918835,-0.035951668261661,-0.0936584403877432,0.0111192701112027,0
Zm00001d003948,0.0,II,0.485753,0.51,3.159694166761988,0.2676746964998537,0.0261,0.1929,0.1351,1761.0,727.0,8.6407,0.51,0.0,0.13,0.0,0.0,0.39,0.01,0.15000000000000002,0.545,0.84,0.0104,0.8542,0.07780000000000001,1.0,1.0,1.0,1362,0.0,0.20600000000000002,0.0,1.0,1.0,0.0,0.0,0.0,0.1494204835544742,0.0797515547960195,-0.0646828108526495,0.1708455042268478,0.5229343434234683,-0.0098355352019847,-0.0254347376774378,0.2508541984051933,-0.055758949575513,0.80070601023801,0.0558229361350495,0.1486366557866532,0.2324043373405329,-0.0343199635243786,0.9001359319923669,0.1307663495246215,0.0669806697532011,0.1532633732404629,0.6843287048108456,0.3604385127868047,0.7124655912730099,-0.0069517395010321,0.6104036902626969,0.5303453653491857,0
Zm00001d003945,0.0,II,0.670185,0.62,5.025168284447716,0.3771772623686505,0.0617,0.5993,0.103,368.0,317.0,25.3572,0.53,0.01,0.01,0.08,0.07,0.42000000000000004,0.02,0.25,0.36,0.085,0.29164999999999996,0.06445000000000001,0.66665,1.0,1.0,0.9732000000000001,3696,0.01275,0.0,0.58,0.0,0.0,0.0,1.0,0.0,0.1692423251842511,-0.1103990799155041,-0.0979879235922741,-0.0104287555400147,0.2085147850088201,0.0041280432057996,-0.1063704926190789,0.0271996784430096,0.4005257595118288,-0.0031044575089342,1.1935881398497674,0.1526726096448355,0.4969149197635782,0.0240094610307763,0.2391208772296677,0.5065152515086079,0.1776809983170585,-0.1324441840979604,-0.1036234496017736,-0.0571503189687373,0.0665110948536987,-0.0037943746434305,-0.142141674184259,-0.0575421625855427,0
Zm00001d003929,0.0,II,0.652464,0.42,0.8998889976464554,0.7042070849408708,0.0967,0.2137,0.4525,77437.0,187564.0,12.9347,0.56,0.045,0.01,0.005,0.45499999999999996,0.605,0.0,0.655,0.75,0.034999999999999996,0.5277499999999999,0.08435000000000001,1.0,1.0,1.0,1.0,1968,0.32150000000000006,0.30050000000000004,1.0,1.0,0.0,0.0,1.0,0.0,0.1726966334792975,-0.0386735306310091,-0.0308560475217874,-0.0222384111730883,0.0779348763813715,0.0699704948321424,-0.0928575038612838,-0.019600488580462,0.5657011218638514,0.2241293539991666,0.2645649757028704,0.0451083469320433,0.1558597606970337,0.1025329499923306,-0.0934401444304765,0.1149468572642862,0.0113393055408424,-0.0764232942990943,-0.0502266079856403,-0.0070500014577564,0.0419162248335695,0.1158156645453558,-0.1060194800332996,-0.008204083033166,0
Zm00001d003928,0.0,II,0.524548,0.264706,3.6467796465384414,0.3457028097998945,0.0326,0.0813,0.4015,105025.0,32216.0,8.6407,0.56,0.04,0.01,0.0,0.765,0.52,0.015,0.9,0.75,0.59,0.3901,0.10225000000000001,1.0,1.0,1.0,1.0,2201,0.1805,0.10649999999999998,1.0,1.0,0.0,0.0,1.0,0.0,-0.0455662749319065,-0.0704926177753539,-0.0756547864598258,-0.0119862944089997,-0.0568301481929031,-0.0050234689989537,-0.0961215572034907,-0.0432721932763935,-0.0544910885807214,0.82323538089266,0.3543181828768112,0.2524134537145137,0.4318553559303482,-0.0391427432362356,1.1809421155644064,0.3327132033903587,-0.0423373046824189,-0.0982981837029892,-0.0323150301321852,-0.0038273829048026,0.0777126217750572,-0.0451359721528139,-0.0873568066802273,0.0436502761507045,0
Zm00001d003913,0.0,II,0.540498,0.5,2.875944487090237,0.4346014958310466,0.056,0.1147,0.4882,99.0,64346.0,5.72536,0.58,0.045,0.02,0.01,0.7250000000000001,0.265,0.375,0.865,0.43,0.75,0.2924,0.2528,1.0,0.94445,1.0,1.0,0,0.45600000000000007,0.2475,1.0,1.0,0.0,0.0,1.0,0.0,0.0004155364122566,0.0644356858135435,-0.1023975984762072,-0.0714509101542848,0.1068204131513474,-0.084284011872082,-0.0737384404524263,-0.035606599772962,-0.0275017134111338,0.7486715934769468,0.4126917734112773,0.1917178102580469,0.3324289012675591,-0.0602742260580564,1.0515702459537764,0.2716324140295859,-0.0365710085689157,-0.0599254799782183,0.002492695919606,0.040998203399907,0.0698855432413221,0.0026207698817695,-0.0554182589211193,0.0748433043369508,0
Zm00001d003911,0.0,II,0.482639,0.64,4.413782003471419,0.2146174005760749,0.0182,0.1648,0.1104,77.0,2351.0,35.4819,0.58,0.12,0.015,0.01,0.535,0.795,0.22,0.525,0.875,0.585,0.5791999999999999,0.24995,1.0,1.0,1.0,1.0,0,0.29600000000000004,0.6829999999999999,1.0,1.0,1.0,0.0,0.0,0.0,-0.0344926567737101,-0.0605646886727569,-0.0489853569815804,0.0314852698966605,-0.0370370787823238,-0.0082619595311801,-0.0594049118119178,-0.0235848224349519,-0.0630212898026089,0.4234935831717296,0.7114569425061543,0.378069833662203,0.6116208907324252,0.0182515615468406,1.0245243652792662,0.3198510086158179,0.1152682974625258,-0.0889438563970009,-0.0722955240007804,-0.0083736391400651,0.1428174914938516,-0.0181224476372742,-0.0860482608439517,0.0377269254559414,0
Zm00001d003904,0.0,II,0.45107,0.31,4.396107159808183,0.1514923129136217,0.0279,0.111,0.2516,169498.0,43188.0,12.0156,0.57,0.125,0.04,0.0,0.6299999999999999,0.385,0.04,0.7050000000000001,0.62,0.6799999999999999,0.7292000000000001,0.21945,1.0,0.9722,1.0,1.0,0,0.5049999999999999,0.4514999999999999,1.0,1.0,0.0,1.0,0.0,0.0,0.0338765886182772,-0.0626574632669099,-0.0500027393002444,0.0082791750591658,0.1373208643593683,-0.0386206198603094,-0.0870693054285178,-0.0355575944348017,-0.0563602184110963,1.095208862112186,0.2483718382148943,0.1494029861517578,0.4385584994227339,-0.0189722117189511,1.469020286714782,0.2150486929281108,0.2348893555641982,-0.0962331019846419,-0.0649673677818925,0.0019625896832896,0.1807214635593423,0.0337343698833491,-0.1422533802640348,0.0033029886221311,0
Zm00001d003894,0.0,II,0.478308,0.52,4.699308151616701,0.2054858132475374,0.0042,0.117,0.0357,720.0,64547.0,30.6757,0.57,0.05,0.015,0.0,0.7,0.6950000000000001,0.025,0.88,0.78,0.74,0.5468999999999999,0.2901,1.0,1.0,1.0,1.0,5173,0.1405,0.0,1.0,0.0,0.0,0.0,1.0,0.0,-0.0626864114120545,-0.063614601418617,-0.0267869661400561,0.0217321117896382,-0.0560699371670494,-0.0291601745556621,-0.0929696501968912,-0.0339538996471368,-0.1050576395827649,1.0321491275135617,0.2840534971377725,0.0885377382699157,0.1605870623039652,-0.0171384560144326,1.4054214599014976,0.0099611834300602,-0.0098937645693207,-0.0434637373738345,0.3984896232633536,0.2429710737939764,0.4007450790893103,-0.0290015190011645,0.25412772450597,0.3944423771978873,0
Zm00001d003890,0.0,II,0.536067,0.6,2.014190048991292,0.4522451076275189,0.0505,0.1123,0.4498,80856.0,3485.0,6.23758,0.57,0.03,0.055,0.015,0.73,0.0,0.015,0.85,0.18,0.435,0.31935,0.6864,1.0,0.0542,1.0,1.0,4695,0.7184999999999999,0.0415,1.0,0.83,0.0,0.0,1.0,0.0,0.1427131195414274,0.4358658800123408,0.0326064085154842,0.0716483896751797,0.372264651230963,-0.0446851199138222,0.4647872285374001,0.1022627586755361,0.0689608219609636,0.4040326285972023,0.4540411852869839,0.1384775905766854,0.3467152363160761,-0.0402340404220936,0.8125036434670273,0.2628178176883915,-0.0313952433485637,-0.0873238895893937,-0.0660430145740844,-0.0221147807301282,-0.0231440365614125,-0.0120701554509941,-0.0822993027569166,-0.0139946424118559,0
Zm00001d003889,0.0,II,0.68,0.52,2.2704870131743022,0.4946043768352451,0.0225,0.2995,0.0752,132.0,83585.0,6.23758,0.57,0.015,0.015,0.05,0.63,0.025,0.0,0.865,0.46499999999999997,0.15,0.15335,0.16499999999999998,1.0,0.43329999999999996,1.0,1.0,3725,0.044,0.0,0.88,0.0,0.0,0.0,1.0,0.0,0.0429347717431134,-0.0597871729871286,0.3117326836948711,0.1011072826686334,0.2268717191762736,-0.0216481077804623,0.1285665980558458,0.3157602847344128,0.1050172176558544,0.339543759076686,0.2531201549030035,0.1035759962400855,0.3897400832111314,-0.0307953618358468,0.3551374319664924,0.2763554228306913,-0.0167673582393134,-0.0751127810987438,0.0047935196364598,-0.0013889029442457,-0.0082129809551433,-0.0077889211455056,-0.0870205134259322,-0.0284771959028178,0
Zm00001d003884,0.0,II,0.732262,0.388235,0.1919753192700611,0.9120847720681772,0.086,0.2314,0.3716,108341.0,76904.0,32.1071,0.56,0.035,0.005,0.0,0.7,0.175,0.0,0.885,0.315,0.0,0.29664999999999997,0.07050000000000001,1.0,0.9375,1.0,1.0,4639,0.8705000000000002,0.0,1.0,0.0,0.0,1.0,0.0,0.0,0.3154004498916803,-0.0901681053714871,-0.0435958665572771,0.0734489064930787,0.125007531761403,0.8431133224885132,-0.1004450895099315,0.0169516049858543,0.2671474469239353,0.0317926079126845,0.3272325084882935,0.1715357599185507,0.2438521554713198,0.5426425520966549,-0.0464906061105854,0.1898710432446421,-0.0161616522303253,-0.0533843663408619,-0.0384681585095706,0.0033482280822871,-0.0020143144772789,0.1624747397504329,-0.0786970454505161,-0.0164859819071748,0
Zm00001d003872,0.0,II,0.456976,0.52,2.565985818849684,0.339642411867431,0.0729,0.115,0.634,185823.0,235162.0,23.4663,0.56,0.015,0.06,0.01,0.665,0.445,0.6,0.915,0.6699999999999999,0.845,0.21425,0.5331,1.0,1.0,1.0,1.0,14729,0.14125000000000004,0.07419999999999999,1.0,0.68,0.0,0.0,1.0,0.0,0.0894336887756284,-0.081240932472146,-0.0970162052420579,-0.0713343109698569,0.0530685300417684,-0.0832154873575645,-0.142169326421149,-0.0484688156528424,0.0682607501215249,1.7117303555924477,0.1256383334265944,0.0469363692010838,-0.0410926306352417,-0.0549712384837203,1.6102646001246146,-0.0322283377448957,-0.0090792817729414,0.8816704693530675,0.0639242393403462,0.0211057960114595,0.1322672121113431,0.0269366602753135,0.8178818949657332,0.1042716441145267,0
Zm00001d003864,0.0,II,0.456218,0.66,3.2368327454901427,0.2916132108104205,0.0331,0.0695,0.4759,220.0,288269.0,6.23758,0.57,0.04,0.025,0.0,0.3,0.7050000000000001,0.22499999999999998,0.42000000000000004,0.835,0.75,0.40565,0.2361,0.95,1.0,1.0,1.0,0,0.08900000000000001,0.5175,1.0,1.0,1.0,0.0,0.0,0.0,-0.1047200574115008,-0.1041655360793453,-0.1129240045993806,-0.0756400436198461,-0.1132253723346096,-0.0867792048755912,-0.1316064754662199,-0.0857015572407228,-0.0704599311197323,1.0161187220081502,0.298609530621175,0.0833843053435269,0.2136801642738407,-0.053517984622993,1.41070879736123,0.1232870965434766,0.357411381955251,-0.1316108323855746,-0.0947318375601431,0.0139644293133257,0.0703029959492586,0.2028737053406904,-0.121507617752106,-0.0290329846838686,0
Zm00001d003857,0.0,II,0.503427,0.61,6.924991570315271,0.1760488384070608,0.0101,0.1423,0.0711,63.0,207.0,35.4292,0.57,0.05,0.04,0.0,0.275,0.275,0.0,0.39,0.505,0.345,0.47645,0.33055,0.86665,1.0,1.0,1.0,13494,0.1495,0.209,1.0,1.0,0.0,0.0,1.0,0.0,0.1371123091005441,0.2001869939786273,-0.0005415087485235,0.0354692464538663,0.2568467798367791,0.0053469368911109,0.0001888651711333,0.12911906442308,0.0583132816052675,0.4658625402503474,1.1578991688548164,0.3630534393229106,0.6878105490085573,0.0205830809380006,1.1324841346447658,0.3176250543351553,0.3831455798096009,0.0024652743547687,0.0728381743570554,-0.0194479053115764,0.2234275197510738,-0.0175854832670186,-0.0889995222441249,0.1308404587229224,0
Zm00001d024364,0.0,II,0.5,0.32,3.823939282761576,0.3768319668110751,0.0273,0.2293,0.1191,492829.0,68.0,8.6407,0.01,0.035,0.02,0.0,0.74,0.72,0.015,0.83,0.77,0.685,0.28345,0.24525,1.0,1.0,1.0,1.0,0,0.7229999999999999,0.6675,1.0,1.0,0.0,0.0,0.0,1.0,-0.0132100138735656,-0.0618962085230972,-0.0524989169603605,0.0136521899447555,-0.032875705644861,0.0063117038966285,-0.0735925413382381,-0.0446732563358132,0.0854031502246319,0.658024208535208,0.7162036149072659,0.3608460146372823,0.7427736655680823,-0.0055091553312096,1.2583107246616472,0.360686696465731,-0.1014785686552164,-0.1231994707612089,-0.0978627967301313,-0.0842257528637486,-0.0514667390451374,-0.1111153226713067,-0.1182471210953352,-0.081679426526419,0
Zm00001d024408,0.0,II,0.473473,0.5,4.01952086817811,0.3265961532520766,0.0178,0.1723,0.1034,47159.0,365292.0,9.10026,-0.07,0.085,0.03,0.005,0.775,0.46499999999999997,0.055,0.89,0.63,0.625,0.6205499999999999,0.2857,1.0,1.0,1.0,1.0,0,0.6016999999999999,0.08,1.0,1.0,0.0,0.0,1.0,0.0,-0.0155570039996971,-0.0872157582319685,-0.0804018242835876,-0.0573037322586625,0.017934286143348,-0.0584124949585194,-0.0919125952831252,-0.0587613182641057,0.0225145611581069,0.8044880062444646,0.3592536850597031,0.0720723116136123,0.2588880042604918,-0.0225364864072528,1.2694282138680664,0.200690904764178,-0.0718992392518005,-0.0990408002925413,0.0055341539173072,-0.0457707855746054,0.0030374722105474,-0.0621764797897384,-0.0999365256111482,-0.013231166225112,0
Zm00001d024412,0.0,II,0.561429,0.58,0.3005798647554467,0.7303305242146653,0.0335,0.1535,0.2184,201881.0,35382.0,8.12848,-0.06,0.02,0.02,0.03,0.6699999999999999,0.855,0.15,0.86,0.9,0.2,0.16335,0.21384999999999998,1.0,1.0,1.0,1.0,0,0.0,0.25135,0.0,1.0,0.0,1.0,0.0,0.0,-0.0109442524024858,-0.0363437023389155,-0.0470092584846291,-0.0094277811359273,-0.0215899645382663,0.0175603956798387,-0.059974337239822,-0.03661066081696,0.952247951890771,0.3589588238415097,0.295952667238415,0.1043754536952923,0.4196375858242702,0.0092248134968785,-0.1447490699108791,0.3601734776227693,0.0052663776599202,-0.0779004033968303,-0.0203870380005985,-0.0266294422577543,0.0222583658137466,0.0123105441616282,-0.1039191813945145,-0.0757799891225527,0
Zm00001d024203,0.0,II,0.523288,0.46,3.053747088641068,0.2971474204098391,0.0183,0.112,0.1636,152129.0,69844.0,12.9347,0.09,0.045,0.05500000000000001,0.005,0.765,0.865,0.015,0.93,0.925,0.595,0.8125,0.36675,1.0,1.0,1.0,1.0,0,0.07115,0.3996499999999999,1.0,1.0,0.0,1.0,0.0,0.0,-0.0399654482725544,-0.0688088284596811,-0.0566242827057389,0.019477582011312,-0.0674460081443863,-0.017395317135518,-0.0845106504269438,-0.0713202953584441,0.1381270618244235,0.6499839320781151,0.3156243764552394,-0.0217269834095593,0.183968318178761,-0.0855556736369602,0.7101579781350409,0.2027717150007106,-0.062159391932243,-0.097748722581506,-0.0372418590869019,-0.0040650555863623,-0.05485916373574,-0.0396118004550934,-0.1021591628938307,-0.0344049863912198,0
Zm00001d024066,0.0,II,0.596667,0.62,2.6952228781204624,0.4259322640962482,0.0202,0.2051,0.0987,802341.0,176209.0,30.623,0.03,0.02,0.015,0.005,0.6799999999999999,0.495,0.21,0.74,0.7,0.8400000000000001,0.33055,0.25485,1.0,1.0,1.0,1.0,0,0.09500000000000001,0.369,1.0,1.0,0.0,0.0,1.0,0.0,0.1086840902024374,-0.0051856377161546,-0.0187078137227829,0.0913935038990741,0.1840832566894554,0.0088101297281212,-0.0561179873351305,0.0473344132811566,0.1757444618295485,1.2712878992129608,0.2705819342388003,0.1876760851243583,0.4283701976123059,-0.0086400711306411,1.282526040370465,0.3070119509847709,-0.051288426458319,-0.1007019704386234,0.0088834304559219,-0.0411450119716647,0.0479537963526881,-0.0551529801022373,-0.1238841114533887,0.0254828641050845,0
Zm00001d024082,0.0,II,0.491409,0.32,2.131303855315444,0.3578179260752693,0.03,0.1266,0.2368,49257.0,257522.0,48.7183,0.01,0.015,0.01,0.0,0.565,0.6000000000000001,0.0,0.855,0.69,0.045000000000000005,0.1667,0.08295,1.0,1.0,1.0,1.0,0,0.5954999999999999,0.0335,1.0,0.79,1.0,0.0,0.0,0.0,-0.0903600056666329,-0.0836177296930762,-0.0849556936245485,-0.0533480429125876,-0.0932042123677355,-0.0310481694707156,-0.1087397024642439,-0.0475496535759804,0.0096299501656462,0.2415891907689745,-0.053922327708706,0.0276502425309449,0.1709099121433917,-0.048644976747388,0.0793279293200582,0.0273540384031089,-0.0275512667872952,0.4592491349544884,-0.0196768852911779,-0.0301198138176209,-0.0381886209172113,-0.056635828933371,0.333608132413366,-0.06751363857168,0
Zm00001d024088,0.0,II,0.501005,0.51,2.7624171674133,0.3143079204109776,0.0551,0.108,0.5102,249.0,533661.0,14.3661,0.0,0.04,0.015,0.0,0.7849999999999999,0.495,0.005,0.895,0.6699999999999999,0.49,0.4125,0.19165,1.0,1.0,1.0,1.0,1922,0.642,0.254,1.0,1.0,0.0,0.0,1.0,0.0,-0.0033190901922709,0.0006841211384304,-0.0033190901922709,-0.0007338754715391,-0.0033190901922709,0.0043056520787081,-0.0033190901922709,-0.0033190901922709,-0.0297002616354852,0.6360647656583993,0.6985716088004005,0.2990901040149218,0.5357745145609355,-0.0040072929237291,1.0890564271859489,0.4205902357492818,-0.057606215366205,-0.0668158044196781,0.0584525209895664,0.0334298356670961,0.0797819805522072,-0.0188848826002236,-0.0781079803968074,0.1722022360220592,0
Zm00001d024105,0.0,II,0.616352,0.5,1.3558389992886826,0.7747637940261483,0.1041,0.1856,0.5608,2389598.0,375792.0,22.4946,-0.02,0.005,0.08499999999999999,0.0,0.365,0.605,0.015,0.52,0.73,0.21,0.0833,0.64785,1.0,1.0,1.0,1.0,3230,0.0,0.7070000000000001,0.0,1.0,1.0,0.0,0.0,0.0,0.0600855727193543,-0.0204512046244708,0.0090963195849714,-0.0147978870409839,0.0612463517938003,-0.0168451029079184,-0.0687613774496807,0.0234929409665394,0.2354349577562039,0.023914944566673,0.3292528586799975,0.0609316422517646,0.3443569685357793,-0.0599117562241954,-0.059618636900553,0.4205336952223151,0.3591012140656187,0.0866006635391273,-0.0032422108860228,0.0184303886369061,0.2469751012206252,-0.0374456226216611,-0.1159210883819299,0.1188706853451294,0
Zm00001d024126,0.0,II,0.56087,0.65,2.227308359248943,0.3183451825893159,0.0595,0.1758,0.3384,54.0,2762125.0,12.9347,-0.02,0.06,0.055,0.03,0.78,0.8300000000000001,0.13,0.875,0.92,0.46,0.6667,0.42445,1.0,1.0,1.0,1.0,0,0.0,1.0,0.0,1.0,0.0,0.0,1.0,0.0,-0.0169044105566514,-0.0148050644149693,-0.0162298903925672,0.0122500147273462,-0.0103907373082744,0.0080700680689106,-0.0291211728687961,-0.0121639534817469,-0.0337151153708485,0.3941971059197673,0.8566272045623867,0.3121853831386291,0.5285947531404267,-0.0276992624138556,0.941462853861142,0.3148229888686541,-0.0206898761291973,-0.0334251565075458,0.0023307398246482,0.0174814979872355,0.102576785891812,0.0014152606547569,-0.0303797075969849,0.060844512084763,0
Zm00001d035240,0.0,II,0.497797,0.42,0.0,,0.0765,0.098,0.7807,166586.0,7136.0,26.329,0.19,0.02,0.025,0.0,0.6,0.54,0.01,0.915,0.875,0.45999999999999996,0.188,0.2798,0.94445,1.0,1.0,1.0,2857,0.9829000000000001,0.5504999999999999,1.0,1.0,0.0,0.0,1.0,0.0,-0.0168816051652505,-0.0384161582033154,-0.035038101195439,0.0616977091375224,0.0049696245928965,-0.0027486087470148,-0.060331175448914,-0.0317862206478775,0.5787952043275186,0.4607004200181337,0.0639229091033876,0.0699341981362679,0.2472312541026028,-0.02587967374516,-0.0936358876367257,0.3259951156316683,-0.0137208820200992,-0.0430845088068212,-0.0439565361690405,-0.0402474621830709,-0.0045250584925571,-0.0231599553114495,-0.0677701543329924,-0.0135771887065803,0
Zm00001d035266,0.0,II,0.701117,0.6,0.311427513693159,0.9754282197978535,0.0552,0.2977,0.1852,4897.0,159505.0,15.3378,0.15,0.015,0.04,0.01,0.71,0.67,0.0,0.7,0.7849999999999999,0.0,0.1521,0.2042,1.0,1.0,1.0,1.0,0,0.5765,0.396,1.0,1.0,1.0,0.0,0.0,0.0,0.0012246772344443,-0.0098062638844328,-0.01436791970212,0.0014811063168283,-0.0116691396876,0.0362040671285371,-0.0080904462171009,-0.0041409449687605,0.382488013191687,0.1636133136471724,0.2948605643044478,0.0587311159631685,0.1372828616852318,0.8200963119915612,-0.052130239466196,0.1020999694086228,0.0642324152189337,-0.0776597622856094,-0.0455728712641572,0.0189615670640745,0.0309929708064761,0.5733057599412221,-0.0796714488248507,-0.0213025061043844,0
Zm00001d023943,0.0,II,0.419637,0.41,5.318400404058748,0.2096862732906017,0.0082,0.1117,0.073,80167.0,81765.0,7.66892,0.2,0.07,0.02,0.01,0.86,0.665,0.29500000000000004,0.91,0.85,0.7,0.62815,0.20645,1.0,1.0,1.0,1.0,0,0.7043,0.44799999999999995,1.0,1.0,0.0,0.0,1.0,0.0,-0.1012894952476454,-0.1350830326728937,-0.137841098772649,-0.1310961995797031,-0.1021353084968871,-0.1366756860348147,-0.158791276663443,-0.1213561024225711,-0.0969645796928094,1.281523554133732,0.2703493296417795,0.157146818480683,0.203120561717132,-0.0409852014868989,1.3374709192897434,0.1621437665855545,-0.089052809835556,-0.1017075911132862,0.0317091559970166,0.0072525378335051,0.0733592197001097,-0.0042666808360673,-0.0716611205884049,0.042948538771574,0
Zm00001d023962,0.0,II,0.499461,0.48,4.057075480655432,0.1740027529427509,0.0174,0.1837,0.0948,2.0,127762.0,19.6845,0.2,0.03,0.01,0.0,0.77,0.71,0.005,0.8400000000000001,0.8,0.315,0.45335,0.1666,1.0,1.0,1.0,1.0,1610,0.37224999999999997,0.735,1.0,1.0,0.0,0.0,1.0,0.0,-0.0583119118055026,-0.0576310737618436,-0.0737956711572254,-0.0134694886181505,-0.0092173921705025,-0.0657548438805309,-0.0813726685703968,-0.0370868849651798,0.1319626165754102,0.6481127557617344,0.5777568736795201,0.2703892399081941,0.5593597044748498,-0.0138517803056686,1.0036274497037916,0.3770433941513162,0.0014052121292761,-0.0383073313111654,-0.0002527409658826,0.001302436772855,0.0117172175611223,0.0205710639936836,-0.0475632920675197,-0.0142330262592905,0
Zm00001d023998,0.0,II,0.415465,0.47,2.4253436066513543,0.2704289486226949,0.0705,0.1245,0.5662,31589.0,261710.0,10.5316,0.17,0.04,0.035,0.005,0.6799999999999999,0.585,0.02,0.935,0.6799999999999999,0.72,0.5644,0.4586,1.0,1.0,1.0,1.0,0,0.8432,0.0,1.0,0.0,0.0,1.0,0.0,0.0,0.2209067554695826,0.0280728164364217,0.0545283562137371,0.1558357218033357,0.3282607405018394,-0.0272327907384463,-0.0935502685612894,0.1926260895673497,-0.1097989675276459,0.9439453317109308,0.3221676181205093,0.0869762621416681,0.2630513191066223,-0.0443332025125932,1.3522343549746436,0.1143783122853338,-0.0468750282848202,-0.0533769711914693,-0.0239121121282643,-0.0085336017840793,-0.0140890605208745,-0.0016929422132358,-0.075170837052203,0.0218120003581491,0
Zm00001d024003,0.0,II,0.577307,0.417647,0.0585966589790573,0.93939950967102,0.0294,0.2297,0.1282,90518.0,2332.0,10.5316,0.16,0.025,0.03,0.01,0.675,0.475,0.49,0.755,0.6799999999999999,0.63,0.3402,0.26665,1.0,1.0,1.0,1.0,0,0.7289999999999998,0.14300000000000002,1.0,1.0,0.0,0.0,1.0,0.0,0.0821774112696814,-0.0126982275772529,1.0194530929268724,0.2553244085128878,0.4100599437922493,0.0552679380724948,0.2621812025049579,0.3540163051161118,0.2911556744840251,-0.0551290376355507,-0.0946494031357365,-0.0471005130570777,0.0431818504774425,0.0324930493751327,-0.3139587519642745,-0.0098526425760549,0.0048789779154438,-0.0524602963487228,-0.0352883097734743,-0.0047753398241131,0.0034487819188678,0.0231815189228941,-0.0846748022799264,-0.0226990655501337,0
Zm00001d024030,0.0,II,0.64,0.54,0.8299626674309462,0.7820342490213297,0.0448,0.1917,0.2339,173.0,362.0,15.7974,0.09,0.03,0.02,0.0,0.645,0.61,0.0,0.775,0.7749999999999999,0.015,0.1921,0.3333,1.0,1.0,1.0,1.0,0,0.0,0.537,0.0,1.0,1.0,0.0,0.0,0.0,0.0021469475173922,-0.0167292962230897,-0.0214089697364884,0.0196887500390963,-0.0131416517005265,0.0189849146017416,-0.0266444184594454,-0.0203336688904846,0.6478291160621064,0.1511131593543054,0.884711290039862,0.1809799816188468,0.354111458504294,0.5228227680253592,-0.0165829545205469,0.2634039405364762,0.4570370544370618,0.0904906680164579,0.0290718905782403,0.0639668833488621,0.1684547413339456,0.4406528267532056,-0.0953764636960319,0.0878225396350905,0
Zm00001d024041,0.0,II,0.483092,0.51,3.675127621717762,0.281528234490254,0.1211,0.1017,1.1901,35000.0,94233.0,16.3096,0.07,0.01,0.02,0.0,0.8200000000000001,0.755,0.005,0.955,0.87,0.39,0.19999999999999998,0.25425,1.0,1.0,1.0,1.0,0,0.6293,0.8380000000000001,1.0,1.0,1.0,0.0,0.0,0.0,-0.0843957626801269,-0.1142098622481375,-0.1168866045290469,-0.0340799468948368,-0.0837491134020477,-0.0781791681071628,-0.1276564131051646,-0.0836492610825547,-0.042424355317826,0.8409721737607583,-0.0005301575343367,0.029581434164396,0.2108172798684479,-0.0449461976047206,1.0833931004997823,0.0164408927881417,-0.0141721529579503,0.8239313706029223,0.1012349262410804,0.0405567871349569,0.0081305143607414,0.0284978022291608,0.7327639000669384,0.0211542567541983,0
Zm00001d023797,0.0,II,0.42909,0.429412,1.8746953547202212,0.4441951029571173,0.0459,0.1,0.4592,94.0,148462.0,23.0067,0.18,0.02,0.02,0.005,0.65,0.62,0.215,0.6799999999999999,0.69,0.705,0.25115,0.2662,1.0,1.0,1.0,1.0,0,0.38599999999999995,0.4475,1.0,1.0,0.0,0.0,1.0,0.0,-0.0217757089988967,-0.0378388186043768,-0.0383599669803275,-0.0077304825132297,-0.0457083727686435,-0.0232980813265005,-0.0540844705096303,-0.0366385853280034,-0.0821933066502416,1.123213184728319,0.3570313870888263,0.0425553206036836,0.1829159755952065,-0.0627550982928928,1.4479244149708372,0.0779378561671015,-0.0432231682262039,-0.1109555001899019,-0.0172557547277806,-0.0529669688472497,0.0473876989929574,-0.0680212482006402,-0.0912807510592292,0.0221464049514065,0
Zm00001d023802,0.0,II,0.527936,0.417647,5.383646258436659,0.3027035926675824,0.0046,0.105,0.0442,224.0,148145.0,13.3943,0.16,0.015,0.015,0.0,0.7150000000000001,0.74,0.01,0.825,0.87,0.6,0.2014,0.16845,1.0,1.0,1.0,1.0,0,0.5185,0.535,1.0,1.0,1.0,0.0,0.0,0.0,-0.0034983251955372,-0.0057396373550487,-0.0101663976902572,-0.0022773890429513,-0.0105842901239611,0.0136470647793392,-0.010951236631915,-0.0052928563751979,-0.04310780597624,0.7382491502109337,0.5745523601399202,0.1081965248586349,0.3129143829978547,-0.0037086898365928,1.248965918119226,0.2074205908622734,-0.0043039910922903,-0.0663339066054972,-0.0503929181169279,-0.0364885621931965,-0.0103049656178517,-0.0567744519439372,-0.0910261913577306,-0.0416850458368575,0
Zm00001d023785,0.0,II,0.684631,0.5,0.6243993072857218,0.8895707051791301,0.0584,0.2492,0.2343,126158.0,482902.0,13.4469,0.07,0.11,0.05,0.21000000000000002,0.595,0.845,0.435,0.6599999999999999,0.9,0.05,0.75005,0.5089,1.0,1.0,1.0,1.0,2924,0.06770000000000001,0.7494999999999998,0.72,1.0,0.0,0.0,1.0,0.0,-0.04601692366395,-0.0580206920677171,-0.044130529339748,-0.0134129501784963,-0.0533036566341349,0.0086655903667774,-0.0791306901385844,-0.0469737634091431,0.4349094548553814,0.0204126592224625,0.2184223043824911,0.1647561698255932,0.2363100535584067,0.3555194344898391,-0.0724609124904561,0.1714709129566375,0.2063034423622083,-0.0320414024419075,-0.0072666526096486,-0.0043086496586603,0.0778884846335183,0.1737276460395084,-0.0765506672841056,0.0179022001300182,0
Zm00001d023733,0.0,II,0.608156,0.61,4.118325220705623,0.3105879420352198,0.0159,0.0829,0.1923,35.0,101821.0,13.8538,0.76,0.0,0.025,0.015,0.01,0.515,0.215,0.54,0.71,0.745,0.0909,0.4232,0.13194999999999998,0.96875,1.0,1.0,0,0.057999999999999996,0.0705,1.0,1.0,1.0,0.0,0.0,0.0,0.1881456348771073,0.0175261766449455,-0.0382835800524011,-0.0009222478450165,0.0755349027663355,-0.0279098475066924,-0.0678932167774537,0.0209225727051571,0.0786507145549018,0.8258781173594981,0.3376416816363513,0.0901445101763543,0.2871593485400565,-0.0402314637885553,1.036656081268738,0.2386764139298228,0.237328613990814,0.4570297905456132,1.0807939063772034,0.2680994636811675,0.3266938759246698,0.0303666381696614,1.2681067259942822,0.294075137875755,0
Zm00001d023734,0.0,II,0.537037,0.59,7.431306276897949,0.1494155320857413,0.0682,0.1451,0.4702,127.0,176667.0,13.8538,0.76,0.005,0.015,0.0,0.24000000000000002,0.6599999999999999,0.01,0.825,0.86,0.5700000000000001,0.10715,0.15034999999999998,1.0,1.0,1.0,1.0,0,0.1305,0.3015,1.0,1.0,1.0,0.0,0.0,0.0,-0.0266346646521913,-0.0674382810713842,-0.0563143368436229,-0.0325143300019805,-0.0640598144378177,-0.0246659272886914,-0.0925117092770135,-0.0710112454537882,0.201478196928073,0.6362453489744759,0.7224156531106468,0.225546811635339,0.2981939686248084,0.0473548651711758,1.1378923606022906,0.2532665112758527,0.0655913138827608,0.5400895263605195,0.5954079032698025,0.1531717808102867,0.3851238959970889,-0.0427559194618338,1.0525124504319017,0.4451565339648728,0
Zm00001d035323,0.0,II,0.546613,0.49,1.365015104215411,0.4486728273470161,0.0364,0.1574,0.231,285630.0,2719.0,7.66892,0.25,0.015,0.02,0.0,0.815,0.08,0.0,0.865,0.27,0.5449999999999999,0.12085000000000001,0.2809,1.0,0.6845,1.0,1.0,5610,0.0,0.029500000000000002,0.0,1.0,0.0,0.0,1.0,0.0,0.3685938731222375,0.1025737307399822,-0.0665133925576514,-0.0010015810763252,0.1235843463505303,-0.0297022998934509,0.0247034249494532,0.0765006222528011,0.2477538590731442,0.7413828648194408,0.2059204255111189,0.0345123819517053,0.2269855080562419,-0.0376236799245763,0.9306412561635724,0.0525414177297461,-0.0412779094428204,-0.0553260840591275,-0.0299664411154528,0.0037761741829408,-0.0122236173699729,-0.0242277205848406,-0.0573567247039352,0.00118862899229,0
Zm00001d035320,0.0,II,0.519608,0.43,0.7503485482835578,0.5480942465502381,0.0318,0.1135,0.2805,55801.0,1050.0,11.9629,0.24,0.04,0.02,0.0,0.53,0.42000000000000004,0.0,0.69,0.525,0.6699999999999999,0.525,0.217,1.0,1.0,1.0,1.0,2081,0.5734999999999999,0.29125,1.0,1.0,1.0,0.0,0.0,0.0,-0.0424033527895341,-0.0528652406357215,-0.0489400784775643,0.0177333498812867,-0.0875206228090647,-0.0115385588723509,-0.0921546896561747,-0.040243430521249,0.0396419637948701,0.7617955950480575,0.1608615789404766,0.0427221639768707,0.2273183848509142,-0.0164581611191949,0.9839595202894958,0.0117542457850431,0.0215237955579484,0.0599412793894894,-0.0515349463362736,0.0382097819743008,0.1361159428836884,0.0057219805458174,0.0551962334514773,0.0138271013867127,0
Zm00001d035318,0.0,II,0.540404,0.6,2.7535983263053403,0.3399076164910757,0.0432,0.127,0.3399,52785.0,2046.0,35.8888,0.24,0.05,0.005,0.035,0.81,0.01,0.19,0.905,0.115,0.565,0.6275,0.16165,1.0,0.125,1.0,1.0,0,0.5325,0.0,1.0,0.0,0.0,1.0,0.0,0.0,0.4593334482426371,0.2197603078995938,0.8385669815805004,0.3119768146878957,0.6566881041891671,0.0252890635128044,0.3753238937681359,0.4239702177019175,0.1254359717551039,0.7118109827305654,0.1873828533585782,0.0906902819775095,0.3584674635458765,-0.0568707714044465,0.7319075726734059,0.2604157520439757,-0.0725424421963617,-0.047356999380079,-0.0152539620151968,0.0140332929853538,-0.0208182806216062,0.0163571543527377,-0.0759485371755371,0.0058889207816894,0
Zm00001d035317,0.0,II,0.536232,0.49,1.9947985293326145,0.4488957240071174,0.0798,0.1105,0.7217,11.0,56942.0,35.8888,0.24,0.015,0.0,0.0,0.45499999999999996,0.11,0.005,0.745,0.49,0.005,0.22110000000000002,0.10085,1.0,0.8583000000000001,1.0,1.0,3172,0.04999999999999999,0.19449999999999995,0.99,1.0,0.0,1.0,0.0,0.0,0.0130093990894525,0.5527881516711959,0.2599044463158103,0.0684784894816324,0.250529672490453,-0.0595589416205134,0.7035659779541384,0.2668758114686937,0.4541160083896309,0.2067686804667191,0.8604962466993591,0.303941287068286,0.6552193120452473,0.0176121707333991,0.367500709934985,0.4142342867972215,0.0611290180801608,-0.0508918093898677,-0.0712153666235255,0.0228954898212334,0.2083516566740289,0.0140708322835571,-0.0974179598630156,0.1004199748083496,0
Zm00001d035312,0.0,II,0.56092,0.55,6.250591594598457,0.1692494867884834,0.0892,0.1338,0.667,146.0,174810.0,29.7039,0.22,0.015,0.035,0.0,0.165,0.44999999999999996,0.0,0.8049999999999999,0.505,0.0,0.2389,0.5631,0.7619,1.0,1.0,1.0,1534,0.0,0.5764999999999999,0.0,1.0,0.0,0.0,1.0,0.0,-0.0859262786401425,-0.1324076703982478,-0.1183656657105669,-0.0977127460363135,-0.0407031410633098,-0.0822541813888583,-0.1411855132065605,-0.1069613961810274,0.1164077664465338,0.1689870978103719,1.3851023558089646,0.2502494858127909,0.5811844188926246,-0.0090248959050554,1.020943760898781,0.2807739926753445,0.2940563546107918,0.475541700755285,0.7961795222305584,0.2357801910866812,0.5600383661381343,0.0145979410192514,0.8330027259987842,0.6772842430307564,0
Zm00001d035304,0.0,II,0.537415,0.55,4.731614244977088,0.2889697899312136,0.0088,0.1602,0.0549,130.0,29873.0,7.20936,0.2,0.04,0.01,0.0,0.685,0.615,0.005,0.835,0.875,0.01,0.3333,0.11460000000000001,1.0,1.0,1.0,1.0,3672,0.7605000000000001,0.10350000000000001,1.0,1.0,0.0,0.0,1.0,0.0,-0.0695601658838939,-0.0257886053567501,-0.0601655006092231,-0.0589611256646781,-0.0129979396468493,-0.0441517466197738,-0.1013749631772451,-0.0268649239623101,0.2942353553690213,0.1572811646859488,1.054256290619057,0.6862119707108223,1.009163936243007,0.041693299957564,0.7677895611228254,0.6096830495332783,0.0151580679913765,-0.0383169331434734,-0.0046194266712121,0.0200858656190542,0.0724600005604616,-0.0193674728405836,-0.0396604744121002,-0.0003360834294063,0
Zm00001d035285,0.0,II,0.453002,0.54,2.2075014481785744,0.3428348235284543,0.033,0.1549,0.2131,83.0,64691.0,8.6407,0.17,0.12,0.045,0.01,0.6799999999999999,0.735,0.535,0.8,0.885,0.875,0.7777499999999999,0.5394,1.0,1.0,1.0,1.0,0,0.3205000000000001,0.05550000000000001,1.0,0.91,0.0,0.0,1.0,0.0,0.0018899932656273,-0.0232552087777966,-0.0115366469072616,0.0067944531479168,-0.0183452994277431,0.0021651256913465,-0.029197902610287,-0.0249311132047003,-0.0706532754744719,1.2977890441573174,0.0886222034837233,0.0113041334883208,0.0248342438872435,-0.0844821331990265,1.353555461263407,0.0050954265826739,-0.0533050390006731,-0.0950998724721509,-0.0704357246765314,0.0132455160915164,0.0978052657528906,-0.0996940588614781,-0.0893253544223501,0.0273572322587541,0
Zm00001d023927,0.0,II,0.670028,0.535294,0.59673113082355,0.6276721803934728,0.0232,0.2756,0.0841,14398.0,62732.0,26.3817,0.21,0.015,0.01,0.0,0.7,0.45499999999999996,0.0,0.815,0.565,0.030000000000000002,0.2333,0.11735,1.0,1.0,1.0,1.0,1010,0.27149999999999996,0.255,1.0,1.0,0.0,1.0,0.0,0.0,0.1842339816796384,0.0978506458417905,0.0198983821439479,-0.0428936866013956,0.1018676306449075,-0.054224450878661,0.0087770064586943,-0.0207355203114796,0.3420552844389476,0.0393673551914706,1.29444040106073,0.2965175479725618,0.7778485072230557,0.0161220175721742,0.3181554507593686,1.2582673676618137,-0.0623769841925028,-0.0970003017355222,0.0064972040414544,-0.028772445472829,0.0245045510117602,-0.0975363393218948,-0.0929535316620509,0.0633393715557607,0
Zm00001d023919,0.0,II,0.530129,0.48,2.6312287938745684,0.2112601881586255,0.0132,0.189,0.0697,387707.0,252877.0,8.6407,0.22,0.025,0.02,0.0,0.7350000000000001,0.385,0.01,0.8200000000000001,0.755,0.585,0.2589,0.16199999999999998,1.0,1.0,1.0,1.0,1289,0.07150000000000001,0.12325,1.0,1.0,1.0,0.0,0.0,0.0,0.0109498975032547,-0.0345824040025187,-0.0447591444473033,-0.014511080942818,0.0284964560653661,-0.0113901822803579,-0.0886207270858645,-0.0093510350583929,0.1230991153684012,0.636117721270569,0.6468116467563713,0.3828518903923249,0.6615950564670262,0.0276432915293596,0.9358799404656648,0.5574918014530325,-0.0301643540499725,-0.1077026119474399,0.0106088261694773,-0.0287671430656331,0.0016886825039262,-0.0311540580070546,-0.1139636928529588,-0.0300312973363881,0
Zm00001d023914,0.0,II,0.481527,0.61,2.680174198876061,0.2705297197215078,0.0552,0.2003,0.2757,23.0,214.0,15.3378,0.22,0.04,0.08,0.0,0.745,0.56,0.035,0.765,0.685,0.6799999999999999,0.2783,0.55835,1.0,1.0,1.0,1.0,0,0.7230000000000001,0.2279999999999999,1.0,1.0,1.0,0.0,0.0,0.0,-0.0751138657014245,-0.0877275482247644,-0.0807311079802732,0.013169437685896,-0.073595904460493,-0.0403730940002622,-0.111964836146583,-0.0872218152166341,-0.0965370317685866,1.012923217980814,0.3194639054442551,0.0736757395639097,0.2868253049294774,-0.0484726155995268,1.4560671418868456,0.1321627048338245,-0.0664129000526525,-0.0849802650345917,-0.0516292873476504,-0.003956597192479,-0.0225153607882391,0.0325249715241922,-0.0756240188507727,-0.0208317709463519,0
Zm00001d023912,0.0,II,0.464844,0.682353,2.06014281491662,0.3372290710389802,0.0886,0.1564,0.5665,23436.0,93661.0,11.9629,0.22,0.055,0.04,0.01,0.7,0.5,0.045,0.855,0.7,0.645,0.60865,0.3689,1.0,1.0,1.0,1.0,0,0.0605,0.0695,1.0,1.0,0.0,0.0,1.0,0.0,-0.0229340495534298,-0.0068696112310597,-0.0158372603930575,-0.0117941760707242,-0.0053954589068585,-0.0004619592171227,-0.0238011523086002,-0.000328723481393,0.0177582282251753,0.7018065061992492,0.2508838699602501,-0.0294240397266864,0.1964959773142002,-0.0634670740033745,0.9488291604913682,0.0950212932714922,-0.0191478589303446,-0.0477776146065949,0.0320660196717824,0.0152202308941303,0.0477368277044082,0.0020663511070022,-0.0703577236209004,0.1314789895307869,0
Zm00001d023904,0.0,II,0.543417,0.49,4.735832576812962,0.1439969543042338,0.0425,0.1059,0.4012,338401.0,61700.0,6.23758,0.23,0.04,0.025,0.0,0.72,0.75,0.025,0.855,0.935,0.6499999999999999,0.47095,0.24995,1.0,1.0,1.0,1.0,0,0.35050000000000003,0.7565000000000001,1.0,1.0,0.0,0.0,1.0,0.0,-0.0249524393449594,0.1744845196634518,-0.011955088811052,-0.0211560694862688,-0.0263355641095195,-0.0027649550451058,0.2362963298775438,-0.0351876775873375,0.1095784699708483,0.724579482260815,0.4954317043990226,0.2645981922697777,0.5405779743606713,-0.0634613373896013,1.116112621861736,0.5172521293133171,-0.0326396248583226,-0.1386643555231574,-0.0589605381762974,-0.045330961173753,-0.0352230701360148,-0.0537281289595741,-0.1699805902787358,-0.0245512833235804,0
Zm00001d023897,0.0,II,0.445677,0.46,2.069381030330893,0.3155576414844872,0.0252,0.1278,0.1974,260000.0,173703.0,37.3728,0.23,0.03,0.03,0.01,0.75,0.6699999999999999,0.395,0.8049999999999999,0.825,0.69,0.28335,0.3406,1.0,1.0,1.0,1.0,1151,0.47900000000000004,0.8413000000000004,1.0,1.0,0.0,0.0,1.0,0.0,-0.0277888774589151,-0.0544352428893898,-0.0137367630283223,-0.0301671137490534,-0.0461110175305421,0.0058393119604869,-0.0676671272013628,-0.0291075748257207,-0.087399166401035,1.4527916758855983,0.2182816095907827,0.1294125361290611,0.2587087733356238,-0.0745486468884615,1.645459984406537,0.142284657332103,-0.0099119326989809,-0.0540264086839581,0.0292466210353422,0.0133820402890287,0.0917967831235482,-0.0257087641789747,-0.0609888670761543,0.0770330640424285,0
Zm00001d023887,0.0,II,0.553191,0.53,1.9008246884436328,0.6574132857063194,0.0329,0.2428,0.1356,763180.0,513.0,11.9629,0.24,0.005,0.005,0.045,0.45499999999999996,0.10500000000000001,0.05500000000000001,0.61,0.45000000000000007,0.195,0.075,0.07415,1.0,0.70835,1.0,1.0,0,0.0038000000000000004,0.0138,0.34,0.6,1.0,0.0,0.0,0.0,0.162702497261822,0.5111215684283112,0.132017819272262,0.1095140749925932,0.3005226102490658,0.0063362347708189,0.3434366251445089,0.1796427208348429,0.3538151426561468,0.4778318559911629,0.6933331068369808,0.1889081639310989,0.5890766941531826,0.0114352175870336,0.8235342223847886,0.4834742800868582,0.1911828549773266,-0.0456167163740046,0.059615699350403,0.0624987386755602,0.1728197355980891,0.0404936374726605,-0.0480732508150574,0.0920008299921006,0
Zm00001d023885,0.0,II,0.535205,0.55,2.8648422572087298,0.2534379257033359,0.0409,0.162,0.2524,108021.0,655296.0,11.9629,0.24,0.01,0.03,0.05,0.85,0.365,0.26,0.92,0.5349999999999999,0.685,0.08249999999999999,0.3861,1.0,1.0,1.0,1.0,7693,0.3295,0.0,1.0,0.0,0.0,0.0,1.0,0.0,0.2742091611065264,0.074631425088019,0.1850782215413905,0.1141602094714132,0.4183065173739232,0.0659234927292698,-0.0481685198041677,0.3519391899987749,0.1276530400896857,0.393074427576651,0.6675774441076788,0.4511282824807819,0.753651824764307,0.029031587571446,0.7820346888775245,0.7281144756529081,-0.0356139936143704,-0.0659037361608154,-0.0252201916326862,-0.0141934658999988,-0.035090944887789,-0.0453667568206245,-0.0653424418010202,-0.0370592187380196,0
Zm00001d023880,0.0,II,0.524766,0.75,1.9916695744407715,0.3563248080734013,0.0308,0.1445,0.2134,222542.0,541754.0,11.9629,0.25,0.015,0.015,0.0,0.015,0.775,0.03,0.71,0.925,0.345,0.23445,0.12764999999999999,0.3095,1.0,1.0,1.0,4588,0.0,0.9364999999999999,0.0,1.0,0.0,0.0,1.0,0.0,0.0193801880852042,-0.0006930495933802,-0.0047133742144089,0.0459718906820799,-0.0014574228216293,0.0505966219932792,-0.0170878583747387,0.0176435145065466,0.2158874066475959,0.3713266576090999,0.4036551913967509,0.0959193463248582,0.3110409961921935,-0.0050428749786968,0.5346623306706915,0.2691743423673121,0.0493355601046402,0.3932791920288173,0.5847216394915109,0.0950276106495996,0.278538219955505,-0.0595870541246786,0.8424645597336721,0.3862079912306036,0
Zm00001d023877,0.0,II,0.55665,0.39,3.93877347576672,0.3041024255430459,0.0757,0.1909,0.3966,422737.0,340422.0,11.9629,0.26,0.045,0.035,0.0,0.685,0.16999999999999998,0.005,0.92,0.37,0.495,0.4595,0.2868,1.0,0.94445,1.0,1.0,3368,0.915,0.21050000000000002,1.0,1.0,0.0,0.0,1.0,0.0,-0.0199252858418133,-0.0343094397052176,-0.0588077994097192,-0.0245136765340966,-0.0172498948253372,-0.0209391217297161,-0.104994569462285,0.0066038995826089,0.0555311891873582,0.7651268217694113,0.2787498810711725,0.1309599298043267,0.3849558148296745,-0.0218305249538005,1.00405847595093,0.2211675829689116,-0.0331763058372131,-0.0478939040088084,0.0181779658043755,0.0217841331690059,0.0437973678525818,-0.0017808070306206,-0.0447175037942159,0.048507185278101,0
Zm00001d023867,0.0,II,0.452457,0.48,2.980584319505898,0.2805994475225572,0.0205,0.1151,0.1777,48738.0,10845.0,10.072,0.3,0.09,0.02,0.0,0.755,0.77,0.01,0.915,0.925,0.77,0.7381,0.21184999999999998,1.0,1.0,1.0,1.0,2540,0.389,0.9797499999999999,1.0,1.0,0.0,0.0,1.0,0.0,0.2601507585806848,0.1751481620892814,-0.0555526358997783,0.0242229521205602,0.0960888027746703,-0.0057930728825215,-0.0843749679908764,0.0872589652395638,-0.0426941309370039,0.950382699850318,0.3371562344581004,0.0993632557559635,0.2778531368074027,-0.1071630075887855,1.4100662178701806,0.2235115433420465,-0.0283597907602301,-0.0581977536992862,-0.0255710110420412,0.0057308806750878,0.1025436316311424,-0.0242135585556692,-0.0748635903570191,0.0697112610636813,0
Zm00001d023853,0.0,II,0.546667,0.43,1.445582195151888,0.4415224392554417,0.1027,0.2009,0.5112,129507.0,23279.0,22.035,0.32,0.01,0.04,0.0,0.12,0.7,0.015,0.5800000000000001,0.85,0.6699999999999999,0.20829999999999999,0.41485,0.975,1.0,1.0,1.0,216,0.0,0.35100000000000003,0.0,1.0,0.0,0.0,1.0,0.0,-0.0264840741915435,-0.0292152725840307,-0.0525425621039875,-0.0293737589007303,-0.0018616490866965,0.0164571158242764,-0.0331998391974076,-0.0310702301265708,0.0232383159666575,0.5167958908134935,0.0004542755407115,0.053843466838337,0.2140244513180352,-0.0171597381143559,0.3917775433268308,0.0883488174307138,0.0568707983599426,0.2277800279272365,0.5892586666334529,0.2854922408185503,0.5238861230253712,0.0058522141116524,0.6105236894957716,0.429573644903971,0
Zm00001d023838,0.0,II,0.494838,0.59,3.456070597291172,0.294056195611843,0.0478,0.1237,0.3862,329.0,22356.0,92.9988,0.24,0.01,0.03,0.0,0.015,0.6100000000000001,0.16,0.12,0.855,0.74,0.1209,0.4394,0.20829999999999999,1.0,0.8572,1.0,0,0.08950000000000001,0.29834999999999995,1.0,1.0,1.0,0.0,0.0,0.0,-0.0379089510184389,-0.054015702833328,-0.0510735079472408,-0.0373260486934403,-0.028623315518356,-0.0327312084548389,-0.0897723576759492,-0.0395300727080029,-0.066721567220969,1.1341175989888606,0.2415417916303496,0.1254637122263065,0.2482348948569706,-0.0639545259048655,1.2928190627822338,0.1187613249765756,0.2029517513857435,-0.0181292846207576,0.115257140131933,0.1148652061612475,0.4310699209707401,-0.0040972572486741,-0.0448802618629693,0.3719810274287288,0
Zm00001d023825,0.0,II,0.559254,0.74,2.935793122078774,0.361525356616632,0.0223,0.1316,0.1691,125.0,169643.0,7.66892,0.2,0.02,0.04,0.0,0.445,0.685,0.035,0.505,0.885,0.6950000000000001,0.22699999999999998,0.3056,1.0,1.0,1.0,1.0,1079,0.5190000000000002,0.152,1.0,1.0,0.0,0.0,1.0,0.0,-0.0610571121452832,-0.0584395159337229,-0.1030917926993417,-0.0316258488187135,-0.0075486482776758,-0.0588595719513203,-0.0946883307302119,-0.0388792870165669,0.0126732732985718,0.7273141567779882,0.3850687287364408,0.1228566197228098,0.277137052808707,0.009976012984119,1.0171432463877008,0.1724193076807347,0.0729744182341455,-0.0584416042030718,-0.0474505551727793,0.0177987531043174,0.0901798805910098,0.0226053417989387,-0.063442555391138,-0.0144640905039805,0
Zm00001d023820,0.0,II,0.525351,0.5,1.343889774746331,0.3945891125448028,0.0483,0.1201,0.4023,169278.0,661.0,23.4663,0.19,0.015,0.035,0.035,0.675,0.36,0.345,0.88,0.6,0.7,0.16075,0.3,1.0,1.0,1.0,1.0,146,0.8155000000000001,0.345,1.0,1.0,0.0,1.0,0.0,0.0,-0.0654131160173132,0.1184952610151766,-0.0668581958909255,-0.0704793709078288,-0.0298921105481135,-0.0154879085517706,-0.0094056709321354,-0.0285767525596065,0.0575625465568926,0.3535679765563912,0.4338888794316586,0.1766663545947022,0.4371045767749623,0.0186538901337623,0.5856257862147702,0.4537528587844373,-0.0314224723776121,-0.0462928730819214,-0.0522499105497939,-0.0332015841877883,-0.0336090158643805,-0.0083761690390059,-0.0617623717081243,-0.0432323664459214,0
Zm00001d023817,0.0,II,0.552576,0.33,1.9643303689090208,0.4219169927401851,0.043,0.131,0.3283,70800.0,124531.0,23.4663,0.18,0.045,0.035,0.0,0.79,0.83,0.185,0.885,0.895,0.705,0.2903,0.32405,1.0,1.0,1.0,1.0,3750,0.5104999999999998,0.1435,1.0,1.0,0.0,0.0,1.0,0.0,-0.0794011880499787,-0.11920956849643,-0.0868088542046602,-0.0369667532600825,-0.0473860166175035,-0.0685465889551212,-0.1310663598508951,-0.0649229586976377,-0.0080405933107278,1.3652562151987753,0.2282216122546159,0.071828903887538,0.3011512719896252,-0.0589064789165315,1.67596044672614,0.1367430376598638,-0.064679224410909,-0.1086396913048089,-0.044570836337611,-0.0630023767940428,-0.0206024685087215,-0.0434460997415484,-0.1031696572115379,-0.0137982863112013,0
Zm00001d023815,0.0,II,0.534216,0.68,0.5206925341104252,0.8087924967932926,0.0392,0.1288,0.3047,36672.0,163356.0,58.4361,0.17,0.025,0.02,0.02,0.78,0.26,0.325,0.91,0.41,0.55,0.25515,0.16965,1.0,1.0,1.0,1.0,10474,0.15255000000000002,0.27899999999999997,1.0,1.0,1.0,0.0,0.0,0.0,0.003104358773058,-0.0062298655930103,0.0070737152223877,-0.0070897212033671,-0.002887943227031,0.0096366371472018,-0.0106674761505633,0.0196610215931386,0.5408104795453119,0.5292887440028972,0.2872678325279814,-0.0153073985389477,0.2425299348313256,-0.006062383157182,0.0886870007339924,0.1999114720184041,-0.048374404001943,-0.0804010289457608,-0.061634940103251,-0.0446223310810101,-0.0490463931342332,-0.0003986731698258,-0.0995974626855679,-0.0270602964641345,0
Zm00001d030613,0.0,II,0.436306,0.46,1.2042569901275293,0.5592003339528234,0.0288,0.0732,0.394,56769.0,128806.0,10.072,0.12,0.025,0.035,0.015,0.655,0.665,0.035,0.8600000000000001,0.825,0.305,0.31165,0.28705,1.0,1.0,1.0,1.0,1226,0.31804999999999994,0.49599999999999994,1.0,1.0,1.0,0.0,0.0,0.0,-0.0521495898780921,-0.045573294830459,-0.0905320238494385,-0.0480390405522411,-0.0333147891334173,-0.0320675799973581,-0.0869242102469007,-0.0651070259464528,0.5412801864997604,0.40832639948714,0.5357499857958528,0.1971583977892185,0.5092794149705593,-0.0855504963488101,0.4166824575974358,0.4003537757743255,-0.0061369009784529,-0.0383450516630777,-0.0094650764784782,0.0184291310752198,0.0761059223175747,-0.006655290752901,-0.0663935776160093,0.0710745717717389,0
Zm00001d030614,0.0,II,0.489135,0.558824,3.2808127332958232,0.4360974347156126,0.0073,0.1094,0.0664,6.0,184082.0,10.072,0.12,0.05,0.04,0.0,0.63,0.755,0.005,0.865,0.885,0.095,0.49665000000000004,0.4236,1.0,1.0,1.0,1.0,586,0.4585,0.47100000000000003,1.0,1.0,0.0,1.0,0.0,0.0,0.0179367170863881,0.0192643924676246,-0.0061219136212813,0.0237163989120806,-0.0342893374526932,0.0141893558727015,-0.0518219420438363,-0.0053202662117276,1.0261284326241975,0.5754298479424473,1.1382483891297783,-0.0183239556521596,0.1961711390499741,-0.0558469986893187,0.7834849646719728,0.1709872118699392,0.0205813155147909,-0.0652867656031454,-0.0427827168861116,-0.062429951187241,0.0105765327739031,-0.0045789256017242,-0.0809804531952566,-0.0270903927229369,0
Zm00001d030620,0.0,II,0.453107,0.54,3.372963000398963,0.3586000351181981,0.0408,0.1496,0.2728,210202.0,135417.0,25.3572,0.12,0.045,0.025,0.01,0.745,0.555,0.42000000000000004,0.86,0.76,0.8200000000000001,0.57645,0.29979999999999996,1.0,0.9582999999999999,1.0,1.0,0,0.0795,0.5370999999999999,1.0,1.0,0.0,0.0,1.0,0.0,0.0360919102665088,-0.1129799158245836,-0.1049248905276032,-0.0791912823983877,0.0050940759792089,-0.0331560754487618,-0.1297232721439608,-0.0811323992519011,-0.0448675288896185,1.3054925291580752,0.2602843574161497,0.1577268371739252,0.1617370102148204,-0.001793128599429,1.1638853381690892,0.1300445132285249,-0.104528909173494,-0.1212687759087928,-0.0171070415357273,-0.0253579336265032,0.0025966258724368,-0.0819417506627207,-0.1158826803964498,-0.0010970890361139,0
Zm00001d030622,0.0,II,0.722467,0.42,0.0,,0.0582,0.394,0.1478,110037.0,54104.0,17.2288,0.12,0.035,0.035,0.0,0.69,0.57,0.0,0.84,0.75,0.01,0.33435,0.36750000000000005,1.0,1.0,1.0,1.0,438,0.044,0.642,0.88,1.0,0.0,0.0,1.0,0.0,0.1275663189898859,-0.01985943599476,0.0500568731904933,0.0040083111530454,0.0347166435078801,0.06149308683193,-0.0874574288619102,0.0065006482592742,0.1169480166117336,0.0624567902837034,0.2505215295372506,0.0405276697345284,0.0731330668152043,0.0884687221425276,-0.0063641627317666,0.0379008712494119,0.0329189112781119,-0.0337572643402208,-0.0204670143023581,0.020940152884496,0.0300879132721099,0.0385257137723082,-0.0651738670243698,-0.01179586743436,0
Zm00001d030626,0.0,II,0.499177,0.48,2.9147636489473228,0.210870350923113,0.0298,0.1167,0.2557,83067.0,513273.0,7.66892,0.12,0.03,0.03,0.01,0.37,0.77,0.275,0.445,0.59,0.75,0.24995,0.3353,1.0,1.0,1.0,1.0,0,0.12000000000000002,0.8155,1.0,1.0,0.0,0.0,0.0,1.0,-0.0493047646728103,-0.0463292069909717,-0.022314352951235,-0.0076856275623754,-0.0445158334450688,-0.0215946838080453,-0.05568209637663,-0.0403454446108435,-0.1041904922862848,1.280201124777625,0.29227609534228,0.103843185609141,0.2629931545106174,-0.0060049388388756,1.7389169786583498,0.1189931884316074,0.09255907758473,-0.0999211223978207,-0.0221596770835292,0.0572239842233062,0.2895992078198145,-0.0593991927797251,-0.0687826586839272,0.0946105754153583,0
Zm00001d030627,0.0,II,0.514035,0.5,4.579766326236084,0.2459187095260634,0.0155,0.1742,0.0891,165974.0,433174.0,7.66892,0.12,0.055,0.035,0.01,0.865,0.69,0.045,0.9299999999999999,0.825,0.585,0.78125,0.3643,1.0,1.0,1.0,1.0,232,0.1067,0.5105000000000001,1.0,1.0,0.0,1.0,0.0,0.0,-0.0488403471478845,-0.0307083694588799,-0.049482728219059,-0.0174344255515131,-0.0348512369733593,-0.0260392432678261,-0.0594311174026403,-0.0108573177687611,0.0310573109385749,1.0898109861568086,0.299120509606912,0.1303558313814348,0.4103390834269779,-0.021593005728361,1.4882070728832997,0.2367616901762109,-0.0024372028744607,-0.0205452784469186,-0.0045210088015452,0.0130721821004985,-0.0054912286736854,-0.0022852357930561,-0.0276592034233907,-0.0166992811654681,0
Zm00001d030642,0.0,II,0.655556,0.63,0.0179874097295522,1.0,0.1718,0.087,1.9758,69049.0,53264.0,7.20936,0.13,0.005,0.03,0.0,0.5,0.365,0.0,0.6699999999999999,0.69,0.0,0.05595,0.26665,1.0,1.0,1.0,1.0,4198,0.038,0.0012000000000000001,0.76,0.17,0.0,1.0,0.0,0.0,-0.0094499511391614,-0.0264620947096257,-0.0320362319376993,0.0054710227376633,-0.005782341280106,0.1419137515362689,-0.0485986797676579,0.0029061310560581,0.5295995082629983,0.1926214723675062,0.4855198423539744,0.1716504147381562,0.3622517137030846,0.6863324497287813,-0.048762925315059,0.1706506839286998,0.0326854849672114,-0.1504825107545437,-0.0945903337892798,-0.0917155110037309,0.0268671192022338,0.3033580637531313,-0.1710834450601442,-0.1011727880421821,0
Zm00001d030644,0.0,II,0.657197,0.42,0.2112317256961968,0.9090643344713784,0.0818,0.347,0.2357,210812.0,65782.0,23.4663,0.13,0.01,0.02,0.0,0.605,0.635,0.0,0.71,0.725,0.0,0.0838,0.3333,1.0,1.0,1.0,1.0,1176,0.20800000000000002,0.2805,1.0,1.0,0.0,1.0,0.0,0.0,0.2362384534332754,-0.0737184894005864,-0.0611991099601563,-0.0259693163629493,-0.0085012877504817,0.6407072962050456,-0.1222566858859779,-0.072524943214285,0.5692707377222502,0.1383596881153565,0.2997485047603006,0.1113712935415052,0.191953192697637,0.7442440544798395,-0.058903458397949,0.1099749775150847,0.2246804571417959,-0.0584710539726086,-0.0279532503641886,-0.0647360981054635,-0.0120008493164788,0.6308741909584785,-0.1381237707326784,-0.0555389108258433,0
Zm00001d030656,0.0,II,0.529108,0.5,1.8395092901632488,0.6854167722498624,0.0123,0.136,0.0908,450800.0,4164.0,10.072,0.13,0.01,0.0,0.0,0.215,0.04,0.0,0.48,0.515,0.05500000000000001,0.15155,0.04345,1.0,0.2708,1.0,0.9375,7162,0.0,0.0,0.0,0.0,0.0,0.0,1.0,0.0,-0.0008176523353325,0.1979718278596687,0.6164902431364032,0.054135158192707,0.2538257866533955,-0.0178828775508586,0.7177396178149867,0.2179890044570862,0.6133965898408286,0.5665642311111609,0.6990132143498996,0.3216707503949972,0.8026264679240214,-0.0030472800077955,0.8882190429989159,0.618035909580441,0.5154687102650025,0.3075595203038795,0.0322151229840163,0.0766507090476864,0.2759948456567104,-0.0581137889449181,-0.0666281857863679,0.148575561601044,0
Zm00001d030659,0.0,II,0.464405,0.62,3.50287992886984,0.2621568399388024,0.0618,0.1353,0.4568,1.0,42253.0,16.3096,0.13,0.03,0.025,0.0,0.645,0.685,0.01,0.805,0.8,0.75,0.37035,0.3265,1.0,1.0,1.0,1.0,247,0.4165,0.0855,1.0,1.0,0.0,1.0,0.0,0.0,-0.0256478227513863,-0.0442679724229688,-0.0233947321018598,-0.0143028089066578,-0.0516370870473543,-0.0066950128345886,-0.063350345162282,-0.0349029913373852,-0.1255356229224284,0.99719678522947,0.2483551411612353,0.0869824659000588,0.266863273013158,-0.0868800219337139,1.3869264897853486,0.170454490843509,-0.0388482938604375,-0.0452633161968868,-0.0107619407188782,0.064103632531986,0.0938147842034007,0.0339310003833672,-0.0672920589131409,0.0360167787791719,0
Zm00001d030665,0.0,II,0.582555,0.411765,5.5275294897242375,0.2116477217388292,0.0164,0.1923,0.0855,244812.0,147205.0,14.8256,0.13,0.035,0.035,0.01,0.785,0.27,0.425,0.88,0.31,0.72,0.30415000000000003,0.3202,1.0,0.96425,1.0,1.0,0,0.0375,0.28104999999999997,0.75,1.0,0.0,0.0,1.0,0.0,0.4678671487623476,0.278489267585312,0.3898809536338911,0.4388041073472639,0.9897746876407894,0.0034212172423396,0.2836898279327601,0.8820535684485454,-0.0213026308264936,0.6909048560141998,0.3122436767422427,0.1092549235883105,0.215401526029224,-0.0209659276611003,0.8196955040812208,0.2044170533078251,-0.0317565692948794,-0.0429456023649293,-0.002243565995367,0.0303294953182031,-0.0064747447452745,-0.0042612069145673,-0.0547379769555114,0.0100764520154999,0
Zm00001d030678,0.0,II,0.555556,0.46,2.564798424594859,0.5339826723809058,0.0204,0.1469,0.1389,1956.0,262587.0,23.9785,0.13,0.005,0.0,0.0,0.01,0.195,0.0,0.15500000000000003,0.795,0.72,0.059,0.05695,0.18305,1.0,1.0,1.0,7660,0.14700000000000002,0.0,1.0,0.0,0.0,0.0,1.0,0.0,0.0624300498323759,0.6218135358271936,0.0644783696756862,0.0078394795132425,0.1400981965609941,0.0239039148213686,0.7441641598646377,0.048362205069049,0.1863985854031543,0.4887891284749455,0.3253211322825765,0.1921470612932078,0.6693888548713554,-0.0248323938777292,0.4158166151692516,0.5449069328316434,0.4103866208940399,0.1810223161797594,-0.0651430509978059,0.016875150434409,0.2825998251304856,-0.0575198414541659,-0.0028648618590004,0.1156060025778519,0
Zm00001d030690,0.0,II,0.541254,0.68,5.625913297252389,0.2202743196783842,0.0273,0.1803,0.1513,2.0,66318.0,30.6757,0.13,0.065,0.035,0.005,0.825,0.685,0.03,0.88,0.8400000000000001,0.5449999999999999,0.8400000000000001,0.34509999999999996,1.0,1.0,1.0,1.0,178,0.39049999999999996,0.7374999999999996,1.0,1.0,0.0,1.0,0.0,0.0,-0.0122177308624015,-0.0271021930583283,-0.0218183820981797,-0.0111539550237618,-0.0312358373122217,0.0300509304076858,-0.0417808211544218,-0.0306989681881106,-0.0224519214447831,0.5685021272676792,0.6714308886017815,0.2144859307621856,0.407803992020503,-0.0331196937778087,1.0686490425936743,0.3202418891387815,-0.0833235516891684,-0.1224348322260366,-0.0642300490182472,-0.047227994936686,-0.0333712465785808,-0.0667602644214737,-0.1249497791735154,-0.0541820323853226,0
Zm00001d030691,0.0,II,0.639949,0.53,7.1049987934983925,0.2045250508068671,0.0031,0.304,0.0102,60.0,295811.0,22.4946,0.14,0.02,0.015,0.0,0.7150000000000001,0.6799999999999999,0.0,0.835,0.845,0.0,0.14300000000000002,0.26665,1.0,1.0,1.0,1.0,820,0.2515,0.2425,1.0,1.0,1.0,0.0,0.0,0.0,-0.0312316036198763,-0.0394384933704918,-0.0344588445683258,-0.0146783802329774,-0.0342360022978086,-0.0251567364764942,-0.0401220058636472,-0.0279235164505996,0.0348378676542744,0.2216084484844812,1.2960454032478732,0.2908787885641517,0.5907393328029422,-0.0306352853803783,0.9921417641072322,0.3439897258890645,-0.012357124213594,-0.0817788383019075,0.0012817399218285,-0.021474810574574,0.0354571635147849,0.0048602661549854,-0.1112845536522944,-0.0338685198300317,0
Zm00001d030725,0.0,II,0.570769,0.57,7.922114914861179,0.1277336853520524,0.0083,0.7028,0.0118,134.0,233.0,40.2355,0.25,0.075,0.07,0.0,0.7,0.13,0.0,0.76,0.15000000000000002,0.22999999999999998,0.33245,0.6525000000000001,1.0,0.9582999999999999,1.0,1.0,0,0.8519999999999999,0.2915,1.0,1.0,1.0,0.0,0.0,0.0,0.2623913309777222,-0.1088694869876907,-0.0938687394379662,0.0247758039056425,0.1709509545636812,-0.0404365810462384,-0.1570708443419233,0.029862446442207,0.2387148751665284,0.3862282335156665,1.5834289269760835,0.5737148201125215,0.9447478827225536,0.0703030288574966,1.0306408143601011,0.4030185912944155,-0.0384915840648145,-0.0897738717442408,-0.0185098053921687,-0.0259341006150884,0.0174612525369518,-0.0545550029891918,-0.0643667333064411,-0.0263539065431431,0
Zm00001d030727,0.0,II,0.7154,0.52,1.3517292926806748,0.6367707375216163,0.0131,0.2527,0.0518,168.0,10561.0,11.0438,0.26,0.045,0.025,0.0,0.31,0.29,0.0,0.55,0.5700000000000001,0.0,0.387,0.35385,1.0,1.0,1.0,1.0,2068,0.183,0.196,1.0,1.0,0.0,0.0,1.0,0.0,0.0874747294567547,-0.0081692668017099,-0.0174220527545606,0.0471515693901568,0.0539436618647313,0.2983400769354875,-0.0329076244783562,-0.0088021074323753,0.3772881951365667,0.1402228035259131,0.526516712383015,0.1031756938113925,0.1652949707588339,0.679661111184685,-0.011905400758233,0.0982751562360096,0.1763910781667526,-0.053220602164836,-0.026182953963842,0.0052087591091537,0.1082935182256074,0.8372272004633385,-0.0863760582344197,-0.0366311121587498,0
Zm00001d030732,0.0,II,0.551552,0.65,3.147284302517944,0.2145206401533033,0.043,0.2425,0.1772,7.0,435.0,9.55982,0.27,0.04,0.05,0.01,0.71,0.45999999999999996,0.435,0.72,0.5549999999999999,0.795,0.26375000000000004,0.4538,1.0,1.0,1.0,1.0,957,0.1285,0.3,1.0,1.0,0.0,1.0,0.0,0.0,0.1014549444782571,-0.0021450609448276,-0.0306365393564154,0.0068716413220653,0.1983228609071538,-0.0216249800432725,-0.0960643115995525,0.0996525774862346,-0.0344801226667859,1.3228100411412638,0.3773912028421766,0.1256421092243059,0.2195775333385209,-0.0773124932494726,1.4892913195005422,0.0797671516208643,-0.0138947556219246,-0.0798717394323302,-0.0616542531392984,-0.0689220786919136,-0.0124147597085984,-0.0464300310848488,-0.1046062964092709,-0.0240364129880453,0
Zm00001d030744,0.0,II,0.604462,0.67,2.446254601393526,0.3769186164773522,0.0239,0.2427,0.0983,905.0,1649.0,31.1352,0.31,0.035,0.04,0.0,0.71,0.055,0.0,0.8300000000000001,0.28500000000000003,0.0,0.24275000000000002,0.34740000000000004,1.0,0.46665,1.0,1.0,2686,0.39549999999999996,0.0,1.0,0.0,0.0,0.0,1.0,0.0,0.2334666668180578,-0.0621540235181623,-0.1310978436332969,-0.0305972841146778,0.1897338762754796,-0.1001433461052265,-0.1758123075812245,0.016036362580067,0.2067563218395441,0.1704047921526582,0.9938915495315443,0.1987718321804399,0.4780667568186457,0.0344302844765479,0.4972518006948454,0.4658121579706848,0.0897456301531195,-0.0437386994098678,0.5723113027414339,0.0940021974177591,0.2562344828869625,0.0362778279560556,0.0959926431298086,0.2916030266184683,0
Zm00001d030751,0.0,II,0.577146,0.65,0.5835209095011659,0.7650363292988547,0.0376,0.3221,0.1168,161215.0,202.0,9.10026,0.32,0.03,0.01,0.0,0.6,0.5800000000000001,0.0,0.735,0.655,0.0,0.206,0.0474,0.9821500000000001,1.0,1.0,1.0,3977,0.6765000000000001,0.0,1.0,0.0,0.0,0.0,1.0,0.0,0.1626794862393653,-0.079502557286755,0.1123499075721503,0.0575913185754134,0.1773889601581805,0.0196848113288373,-0.0968374415539737,0.1179661734020257,0.6736180032700427,0.2439939473874801,0.3593729875932529,0.1110977524358404,0.2933661155155591,-0.0067281006793826,-0.1051728315666189,0.1648223780100249,0.0699319013281043,-0.0340755044536609,0.0219672308310988,-0.0243919534032591,-0.0015286972593829,-0.0137362681215546,-0.0812502550350218,-0.0001251071166172,0
Zm00001d030766,0.0,II,0.485912,0.49,1.5332100907905213,0.4975275716610737,0.0677,0.2064,0.328,74201.0,1396.0,10.5316,0.34,0.02,0.025,0.0,0.705,0.02,0.01,0.72,0.105,0.79,0.20915,0.3317,1.0,0.2833,1.0,0.66665,2124,0.5180000000000002,0.09849999999999998,1.0,1.0,0.0,0.0,1.0,0.0,0.1950254161608955,0.5360534461003825,0.0888665942498968,-0.0212727628288147,0.2042653916314033,-0.0123875101799214,0.5228926004631035,0.0620761060456542,0.1169252676032381,0.8468366766684244,0.503746070474267,0.2014243128476331,0.4895590362183785,-0.0089280427919919,1.330401993966387,0.4645331335426446,0.0081958210564369,-0.0393700636610394,0.0623227512658112,0.0283271543854117,0.1126838192785406,0.0234550657295671,-0.0393439239217447,0.1131700408134833,0
Zm00001d030773,0.0,II,0.672209,0.54,0.0785395008636098,0.8800272037677601,0.0815,0.2497,0.3266,37752.0,849.0,25.3572,0.34,0.0,0.035,0.11000000000000001,0.0,0.6,0.20500000000000002,0.155,0.785,0.25,0.025599999999999998,0.6284000000000001,0.0,1.0,1.0,1.0,0,0.0,0.47200000000000003,0.0,1.0,1.0,0.0,0.0,0.0,-0.0399111901912534,-0.0798576509921022,-0.0650570318151679,0.0087778834100655,-0.048025404486137,-0.0064300154637177,-0.0916875137296105,-0.0210747182284583,0.5623321220640143,0.1804627104562863,0.2496843646983285,0.0429061428152015,0.1047283914664313,0.0110574908912417,-0.0701720695812026,0.0409933548886768,0.2312852151200556,0.1003278698482214,1.3678137155853591,0.5520707702436359,0.9990696210182024,0.0345631354882616,0.7662593188994602,1.1945042000446546,0
Zm00001d030782,0.0,II,0.454827,0.59,0.6839921469129141,0.5639697669586333,0.0608,0.1492,0.4077,672.0,293192.0,8.12848,0.37,0.07,0.015,0.0,0.5599999999999999,0.855,0.28,0.71,0.95,0.845,0.80355,0.09165000000000001,1.0,1.0,1.0,1.0,4273,0.3445,0.7659999999999999,1.0,1.0,0.0,1.0,0.0,0.0,-0.0449442812044551,0.8263622199021411,0.0847754461916386,0.0516691014142477,-0.0348644959510245,0.0150658224443568,0.9297167151267156,-0.0153651231381366,0.3166832783022653,1.3998025317806482,0.2586003952481219,-0.0360741440170939,0.1109466576278601,-0.0768818978576318,1.640667370753942,0.0574009096941384,-0.0177492865984194,-0.062613710570086,0.0293340691765991,-0.0371090089569395,-0.0243563443046308,-0.0080353648438565,-0.0519913950715616,-0.0015172608422139,0
Zm00001d030791,0.0,II,0.489091,0.46,0.4413892169817351,0.8551715257041358,0.034,0.1661,0.2046,920352.0,6603.0,7.66892,0.41,0.01,0.0,0.01,0.66,0.0,0.01,0.77,0.495,0.1,0.24664999999999998,0.015,1.0,0.06745000000000001,1.0,1.0,4007,0.8260000000000004,0.0,1.0,0.0,0.0,0.0,1.0,0.0,-0.0015539305535422,0.5374794243361997,0.0070695669609419,-0.0236914721104944,0.1144197182484177,-0.0280449256550354,0.4540658995627827,0.0185208258755761,0.9881413700368048,0.39285204813279,0.181480129013507,0.0452662088806211,0.3652279759450518,0.1145378125417089,-0.1521256876558856,0.3681319521835329,0.1687141605364322,0.025409066057318,0.0290931478714568,0.0373993390972662,0.129539013677193,0.1680069307240381,-0.0825322756691432,0.1362335260748896,0
Zm00001d030790,0.0,II,0.434137,0.59,2.462744428560725,0.3008256644201261,0.0108,0.0719,0.1496,124.0,925187.0,7.66892,0.41,0.045,0.02,0.0,0.675,0.015,0.01,0.77,0.115,0.625,0.6523000000000001,0.29285,1.0,0.32384999999999997,1.0,0.95715,0,0.006000000000000001,0.147,0.44,1.0,0.0,0.0,1.0,0.0,0.74795888661693,0.3010675420903089,0.0570923143030718,-0.0247704948456846,0.1208512035978228,0.1248737307439894,-0.1327657383599745,0.1596767897080983,-0.0815339808553678,0.9301635808306956,0.469397229150914,0.2019577676474858,0.4363851115404781,-0.037294570799217,1.3177694401834594,0.2811784336295208,0.0136909044934364,-0.105049878960002,-0.0399314538355227,-0.0107908260756508,0.0629670300034699,-0.0088120178040108,-0.0969642499752462,-0.0007424159372961,0
Zm00001d030833,0.0,II,0.614087,0.57,0.8258373652093315,0.4997138508388039,0.0848,0.3358,0.2526,10412.0,72668.0,7.66892,0.54,0.08499999999999999,0.07,0.0,0.44000000000000006,0.405,0.0,0.6599999999999999,0.54,0.0,0.6657500000000001,0.58335,0.975,1.0,1.0,1.0,1322,0.19199999999999995,0.053500000000000006,1.0,0.99,0.0,1.0,0.0,0.0,0.0198881338522303,-0.0451094656025831,-0.0613250444410903,0.0037461071114546,0.0209693326551115,0.029681287234654,-0.0668924670159527,-0.0300048865089377,0.2404879618264556,0.1751766476732147,0.9022741897104812,0.4283567381218103,0.8229730599240808,0.0404597918390416,0.2466583599772695,1.2031181162780806,0.1301956692787148,-0.0576067424318166,0.3754973366020942,0.3255353230383383,0.6163515850472502,0.0186711178809823,0.0660804231615345,0.6843464736563709,0
Zm00001d030849,0.0,II,0.627358,0.788235,1.9768218357933345,0.3946416642133196,0.0457,0.2092,0.2183,196.0,84228.0,33.0788,0.57,0.1,0.03,0.0,0.6100000000000001,0.26,0.0,0.755,0.32999999999999996,0.52,0.875,0.23155,1.0,1.0,1.0,0.95715,415,0.09350000000000001,0.007799999999999999,1.0,0.51,0.0,1.0,0.0,0.0,0.0470479069467857,-0.0654929544733437,-0.0232794646441098,-0.0383794039065627,0.0270655575458712,-0.041871652580697,-0.0915731035582693,-0.0440039825064141,0.2205806503425465,0.3530145537113199,1.0395213249297697,0.2592265041524011,0.5658417965591815,0.0374531681142422,0.7864308739922387,0.5427669651204948,0.0578318478328243,-0.0507731081320319,-0.0360346842611264,-0.0125633437117416,0.0072456259721407,0.1525479456191963,-0.0745600258809803,-0.0057503366885469,0
Zm00001d030888,0.0,II,0.640291,0.66,2.8035736943935503,0.4891042618154198,0.0199,0.4749,0.0419,318.0,182373.0,6.23758,0.6,0.01,0.03,0.09,0.29000000000000004,0.45999999999999996,0.275,0.565,0.665,0.345,0.15375,0.3083,1.0,1.0,1.0,1.0,891,0.037,0.11265,1.0,1.0,0.0,1.0,0.0,0.0,-0.0403198890997083,-0.043707656143383,-0.024556538943914,-0.0305673366440578,-0.0383868002038148,-0.0202823347543024,-0.0608199245378411,-0.046374888361959,0.3089644085408586,0.3096492490079264,1.05406909319464,0.6184664131398497,1.069637844928686,0.0290020119438044,0.3770265326007976,0.9265615149893928,0.2372768686790364,-0.0454755469644815,0.1816680458405372,0.0752724004137402,0.269591021873672,0.050142405108952,-0.0377839835902576,0.1525963271312568,0
Zm00001d030894,0.0,II,0.630058,0.44,1.0067903491680383,0.5380868847978189,0.0393,0.1368,0.287,83343.0,56.0,12.9347,0.6,0.065,0.04,0.0,0.835,0.585,0.0,0.915,0.7250000000000001,0.01,0.7110000000000001,0.3,1.0,1.0,1.0,1.0,570,0.8412999999999998,0.34450000000000003,1.0,1.0,0.0,1.0,0.0,0.0,0.1208993834165883,0.0081534259478625,-0.0136890625510111,0.0412895021779232,0.1666428966052576,0.0014406118951115,-0.0682980895910629,0.0219684143979923,0.524370702703719,0.1405634883614894,1.281541988220862,0.549814234102316,1.0693973736265303,0.0042289359003188,0.4128581967783484,1.1065795257736035,-0.0247489698213214,-0.0976713084186556,0.0918303853821307,-0.0204055121822193,0.041263223469654,-0.0384212310460511,-0.0575325466242446,0.0151871401625546,0
Zm00001d030895,0.0,II,0.528545,0.63,6.652878584949121,0.1527383698129612,0.0027,0.1231,0.022,176.0,2413.0,46.8799,0.6,0.08,0.035,0.0,0.8,0.225,0.005,0.845,0.315,0.535,0.8505499999999999,0.50775,1.0,1.0,1.0,1.0,14691,0.3340000000000001,0.0,1.0,0.0,0.0,0.0,1.0,0.0,0.0057804759964841,0.0571578001588816,-0.0779734273212756,-0.0896556613541702,0.047487584339039,-0.0821517117771563,0.0445401217679114,-0.0476760898365083,0.2627923668409043,0.4033838108232854,0.6799035169494803,0.1988030774501606,0.3760932624649907,-0.0621576066060124,0.7963879503021494,0.2200224127559444,-0.0176716146489483,-0.0898668426518798,-0.067312251011055,-0.0339314759359736,0.0129934420680982,0.0088718450084245,-0.1057058889071419,-0.0307215995098027,0
Zm00001d030911,0.0,II,0.692737,0.54,0.1344539997911526,0.8895171060417504,0.0739,0.2839,0.2603,180502.0,67192.0,31.6475,0.59,0.02,0.04,0.0,0.565,0.36,0.0,0.775,0.485,0.0,0.24165,0.3083,1.0,1.0,1.0,1.0,0,0.5915,0.28400000000000003,1.0,1.0,0.0,0.0,1.0,0.0,-0.0240585129721938,-0.0445101955480347,-0.0546684131393056,0.0338841244181378,-0.0211602607554437,0.1138295397157183,-0.0710796269150744,-0.0317873824193215,0.4054930244581361,0.0760301015144063,0.3577421562083148,0.0676100785441517,0.1189452839225817,0.2962382592958218,-0.0292195332632103,0.1049685959507127,0.1358209533025102,-0.0196740354348723,-0.001007840094056,0.027710536245991,0.0686704075698773,0.1598981556951678,-0.0743778864879272,0.0403163049614411,0
Zm00001d030914,0.0,II,0.426511,0.42,0.1683364590414731,0.8657024293574113,0.0634,0.1157,0.5479,162386.0,22990.0,8.12848,0.58,0.025,0.015,0.01,0.63,0.78,0.55,0.855,0.885,0.7050000000000001,0.2686,0.14789999999999998,1.0,1.0,1.0,1.0,0,0.5875,0.78,1.0,1.0,1.0,0.0,0.0,0.0,-0.0078547811735421,-0.1066541652008731,-0.1410818475173124,-0.0583741743422351,-0.0747851356266087,-0.0996919685232402,-0.1522875888246518,-0.1086974905011822,0.3270996182435798,0.8099885543787637,0.0081947875445798,0.0417975159007324,0.0459614563114972,0.0980566676583144,0.0783809433495696,0.0243360604251711,0.0803802476874963,-0.034933472458912,-0.0330242177735795,-0.0234362697250772,0.0085674033017992,0.7377692424075171,-0.0907286448024088,-0.013931329435356,0
Zm00001d030955,0.0,II,0.477876,0.53,3.768703990624783,0.2299903988776789,0.0083,0.1705,0.0484,43.0,260273.0,11.9629,0.49,0.025,0.03,0.01,0.435,0.76,0.265,0.45499999999999996,0.875,0.78,0.1729,0.28705,0.9773000000000001,1.0,1.0,1.0,0,0.12100000000000001,0.6125,1.0,1.0,0.0,0.0,1.0,0.0,-0.0749121872303007,-0.099610173559923,-0.1022858419025137,-0.0798026371239467,-0.0793997154364735,-0.107737602732389,-0.1302283230525088,-0.0907755395731622,-0.0065457398956429,1.051008034693846,0.2805025737556273,0.0455997545766409,0.2528108762580024,-0.0045680108232668,1.2298496981000882,0.2254266681754476,0.2314164066063349,-0.0544786082674917,0.0164158204142084,0.0274902812574377,0.1817852405592666,-0.0051114443271579,-0.0714786636365991,0.0952283135974672,0
Zm00001d030975,0.0,II,0.468442,0.43,0.0,,0.1357,0.7356,0.1844,278016.0,203771.0,28.7321,0.51,0.005,0.01,0.01,0.73,0.74,0.75,0.89,0.86,0.895,0.08985,0.09584999999999999,1.0,1.0,1.0,1.0,10309,0.299,0.0,1.0,0.0,0.0,0.0,1.0,0.0,-0.1232190461479627,-0.1494195911160343,-0.1153483875193857,-0.1108703098043526,-0.123400042856854,-0.0457138945518627,-0.1569134688060087,-0.1089885937757287,-0.0673747934771227,-0.1180388523819633,-0.0856003685815548,-0.0626852484184359,-0.1106504605254719,-0.0553395912155096,-0.1231519341421385,-0.0889973001252652,-0.086413074529473,-0.0806410601685796,-0.0618123341966914,-0.0479021441722041,-0.0755515890946662,-0.0101322344403617,-0.0993496168963574,-0.057735260139694,0
Zm00001d030985,0.0,II,0.515723,0.41,1.573360011330177,0.4429934279245294,0.0479,0.1451,0.3301,82103.0,180102.0,47.9044,0.61,0.035,0.02,0.01,0.665,0.62,0.015,0.8200000000000001,0.715,0.72,0.14755000000000001,0.14375,0.96875,1.0,1.0,1.0,0,0.6864999999999999,0.547,1.0,1.0,1.0,0.0,0.0,0.0,-0.0482795641956797,-0.1119782720422589,-0.0993434123196539,-0.0727037679298147,-0.0455783509599134,-0.0687522299899444,-0.142537782113879,-0.0742541273734977,0.3166484451610722,0.7247721076462488,0.5657462333799499,0.107220010793238,0.4903344790327674,-0.0739791217805454,0.9649430446944024,0.4300120201018068,0.0335618374306616,-0.0162456367208631,0.0529554941199233,0.0099242580507849,0.0811342122286111,0.0162862141966396,0.0026290977090635,0.0650273429860185,0
Zm00001d030987,0.0,II,0.596708,0.764706,0.2203039643625098,0.8895250405738485,0.0082,0.2335,0.035,526.0,23422.0,47.9044,0.62,0.07,0.03,0.18,0.46499999999999997,0.74,0.33,0.645,0.87,0.645,0.57725,0.4868,1.0,1.0,1.0,1.0,3904,0.2685,0.8715,1.0,1.0,0.0,0.0,1.0,0.0,-0.0611939924104266,-0.0814069768491771,-0.0803626556929382,-0.0162627059102433,-0.0664356629493523,-0.0267394150508125,-0.1022779186126259,-0.0531183388319757,0.2774857703425555,-0.0191817038713945,0.0840983692807091,0.4543452640580711,0.8876440322734604,-0.0025622087826341,-0.0557374720672632,0.5926682219346289,0.0676460279610664,-0.080946746490155,-0.0520022120467851,-0.02226132071181,0.1304314370097823,-0.0010824552375162,-0.0782160663653054,0.0181115850096978,0
Zm00001d030989,0.0,II,0.78125,0.49,3.77754576296622,0.3559912428426013,0.0419,0.4577,0.0916,19.0,160.0,43.0455,0.62,0.04,0.23,0.02,0.385,0.475,0.0,0.535,0.67,0.085,0.7,0.73335,1.0,1.0,1.0,1.0,0,0.3235,0.10500000000000002,1.0,1.0,1.0,0.0,0.0,0.0,-0.0504611439084009,-0.0765612616179043,-0.0272730446082624,0.1093446296133157,0.2297653246338997,-0.0006709978479149,-0.0644226004349707,0.081960785434831,-0.0356004799459112,-0.0553497132157461,1.202896726084718,0.7771046018700047,0.931408072074822,0.0569149464401669,0.2057276417351983,0.6714443108853346,0.0853383742284369,-0.0968164874547754,-0.0356792101411289,0.0378043487342232,0.1080885991153852,0.0046024308017945,-0.0803003228382662,-0.0385812480033913,0
Zm00001d030990,0.0,II,0.635294,0.664706,2.0023690180042064,0.5050735611321604,0.0791,0.281,0.2815,191.0,27803.0,11.5034,0.64,0.1,0.025,0.0,0.73,0.845,0.0,0.8899999999999999,0.9,0.28500000000000003,0.70835,0.20495000000000002,1.0,1.0,1.0,1.0,0,0.7164499999999998,0.9620000000000001,1.0,1.0,1.0,0.0,0.0,0.0,-0.0178918003628704,-0.024018427922602,-0.0143087108876567,-0.0050962272451417,-0.0250448217549228,-0.0087368656636996,-0.0244022893719712,-0.0210961324758449,0.6527427222912674,0.5154744945109444,0.9286352588519708,0.104827490578823,0.3783034242175976,-0.0098675302653418,0.6201386357933417,0.2625538925177778,-0.0258117130675463,-0.061268374222721,-0.0124625762391194,0.0017701233611273,0.0038582306117954,-0.0175529416735164,-0.0631216630669684,-0.0145945372027044,0
Zm00001d030996,0.0,II,0.463333,0.62,5.56110736812423,0.1492757673732959,0.0088,0.1405,0.0624,152090.0,105686.0,16.7692,0.66,0.09,0.01,0.0,0.765,0.6499999999999999,0.01,0.9199999999999999,0.7949999999999999,0.7150000000000001,0.6267,0.1625,1.0,1.0,1.0,1.0,0,0.9505000000000001,0.7755,1.0,1.0,1.0,0.0,0.0,0.0,-0.0242209355083602,-0.0526454458557635,-0.0710207180820865,-0.0143359701152647,-0.046161707759477,-0.015642293994399,-0.0736360470320962,-0.0458972388986001,-0.0999709831162035,1.1585278372505392,0.3008734794341074,0.1139214806360568,0.3213107622508753,-0.026040569737115,1.6778888029279742,0.1184400196073394,-0.0099207415539987,-0.0142314761653232,-0.0017001184473745,0.0129646193566365,0.0279698806084214,0.0215488269777945,-0.0150449839884045,0.0334881096621211,0
Zm00001d030998,0.0,II,0.480108,0.6,2.3634906850434443,0.2769898139416356,0.0232,0.1145,0.2025,242232.0,2417.0,9.55982,0.68,0.02,0.0,0.02,0.565,0.01,0.4,0.66,0.325,0.76,0.26839999999999997,0.0542,1.0,0.27415,1.0,1.0,0,0.05449999999999999,0.0,0.71,0.0,1.0,0.0,0.0,0.0,0.0519670003578307,-0.0828659158068163,0.1712363020504327,0.0226495215204542,0.2173726064911249,-0.0283418661278969,0.001721009344409,0.1912131565834152,0.5389263982101259,0.6266494324989615,0.1601109635672036,0.0620455983895473,0.256143399314716,0.006993978068556,0.0930467868650197,0.2129035178257853,0.0056436109764718,-0.0571840615687908,-0.0702517433430995,-0.0341758606610243,0.0302457035724794,0.0052861400212736,-0.0832117250461462,-0.0127273204104785,0
Zm00001d030999,0.0,II,0.585526,0.59,2.188250132575169,0.4841360198609775,0.051,0.424,0.1203,43.0,232.0,22.9541,0.68,0.060000000000000005,0.0,0.0,0.41000000000000003,0.045,0.0,0.435,0.56,0.585,0.5988,0.00835,1.0,0.39585,1.0,1.0,6581,0.1305,0.0,1.0,0.0,0.0,1.0,0.0,0.0,0.4149317526729111,0.1450467361697222,-0.0320194364479637,0.0353528960902706,0.1300229499837258,-0.0024751701406197,-0.0764555476446863,0.1243435717942491,0.2526235440960434,0.5865147403719907,1.1149973474405526,0.3713026231223514,0.6723883759848308,0.0616795442786105,0.9585863538257744,0.5643827975776559,0.1085673829507876,-0.0804813836469086,-0.0318074197543568,-0.0292134363094037,0.136772338100326,-0.0246524911489847,-0.0672300880841622,0.0301743297518526,0
Zm00001d031005,0.0,II,0.494522,0.541176,1.539106015567273,0.5587545288278103,0.0252,0.1168,0.2161,20.0,183344.0,8.6407,0.67,0.02,0.055,0.0,0.16999999999999998,0.785,0.0,0.25,0.925,0.45999999999999996,0.30965,0.44999999999999996,0.95,1.0,0.97915,1.0,0,0.23900000000000005,0.96,1.0,1.0,1.0,0.0,0.0,0.0,-0.0423847581970772,-0.0578083502578816,-0.0335532814094927,-0.0130421525354478,-0.0331641207170731,-0.0139989252856527,-0.0886657581349017,-0.0609756492033178,0.6292751691277001,0.7566219330790228,0.7610472011298708,0.2311337829340606,0.6663890282770384,-0.027257672453098,0.9912173253218726,0.540271426356306,0.2184605137137601,-0.1008467021006805,-0.035703068793163,0.0088717301722879,0.1218257415539431,-0.017922552018361,-0.0915218232121246,0.0046229414960968,0
Zm00001d031009,0.0,II,0.439776,0.57,3.015210308873027,0.5078719410195408,0.0688,0.0534,1.2886,206058.0,24691.0,7.66892,0.67,0.04,0.095,0.01,0.755,0.8200000000000001,0.545,0.895,0.88,0.83,0.31655,0.46465,1.0,1.0,1.0,1.0,0,0.1278,0.693,1.0,1.0,1.0,0.0,0.0,0.0,0.0683351440077615,-0.0165953747216589,-0.0492080451947685,-0.0107363240244145,0.0464679985119383,-0.005031993820672,-0.0572737674955896,-0.0201072526096924,0.1501552267059082,1.742292504872594,0.3542366018601471,0.0477987387435647,0.1030753919154539,-0.0600836235979698,1.942476736565616,0.1031248376516991,-0.0688531696113567,-0.1269323440759182,-0.099959835418806,-0.073923510455778,-0.0926603380484036,-0.0927940146129064,-0.12347263541878,-0.065806737388688,0
Zm00001d031019,0.0,II,0.508159,0.29,3.613723384826065,0.2924445444831132,0.0258,0.2653,0.0973,356238.0,101911.0,9.10026,0.67,0.035,0.07500000000000001,0.015,0.725,0.54,0.035,0.86,0.75,0.485,0.3889,0.5851999999999999,1.0,1.0,1.0,1.0,0,0.09400000000000003,0.49300000000000005,1.0,1.0,0.0,1.0,0.0,0.0,-0.036045993351905,-0.022912634246775,-0.0308117231740671,0.0047010900175219,-0.0356366215374489,0.0217153286436312,-0.036795970597298,-0.0091452086490274,0.3251859606555348,0.4879524109608312,0.4131218296081731,0.2522279871999739,0.6754637860764656,-0.0341946953437295,0.631876314566395,0.4983004378111915,-0.0712148423417466,-0.128556438703771,-0.0513896120484792,-0.0864057948406722,-0.0163226777778936,-0.0908367329692547,-0.0953621442574345,-0.0537013874706458,0
Zm00001d031050,0.0,II,0.540305,0.56,5.150516119996752,0.2020415866242176,0.0357,0.2102,0.1699,78.0,36792.0,98.7242,0.69,0.03,0.01,0.0,0.1,0.61,0.005,0.195,0.785,0.6950000000000001,0.7101999999999999,0.09165000000000001,0.84995,1.0,0.9843999999999999,1.0,765,0.0,0.466,0.0,1.0,1.0,0.0,0.0,0.0,0.0672910310951254,-0.0435319075483995,-0.0675726308527341,-0.0249566584568605,0.0642386473313289,-0.0346828174314506,-0.0761618600527738,-0.0028563526062221,0.109053097489451,0.6791427047608709,0.5323453568523335,0.0012202227366229,0.1577488585595485,-0.0542197819360204,1.1269644879337783,-0.0142456167610321,0.3549551254461357,-0.0515501728467512,-0.0567644555909252,-0.0670047115269731,-0.0391177521974758,0.106343955448019,-0.1311676900692538,-0.0614300197771463,0
Zm00001d031053,0.0,II,0.716667,0.48,0.2436504847656133,0.903676517778922,0.1428,0.136,1.0502,264297.0,6024.0,98.7242,0.69,0.045,0.025,0.005,0.665,0.6499999999999999,0.005,0.7949999999999999,0.84,0.005,0.47424999999999995,0.26280000000000003,1.0,1.0,1.0,1.0,184,0.06949999999999999,0.118,1.0,1.0,1.0,0.0,0.0,0.0,0.0122386946416844,-0.0441822679596521,-0.0357009269690553,-0.0215622584620851,-0.0278130316855311,0.0080235095159181,-0.0606395878870273,-0.0181606759444145,0.2805671663927107,0.0660747493266603,0.2490152569536419,0.0401679914875614,0.0923835079587736,0.1596399519610124,-0.0298787828149888,0.0471605322457953,-0.016569889683946,-0.0491514467861862,-0.0114188966530332,-0.0207630347302787,0.023949957455176,-0.0241898984892126,-0.0690955681919997,-0.032067012434908,0
Zm00001d031059,0.0,II,0.491323,0.52,2.642871948074208,0.5283934807136016,0.014,0.1637,0.0853,16.0,360.0,7.66892,0.7,0.015,0.05500000000000001,0.015,0.13,0.21000000000000002,0.0,0.16999999999999998,0.51,0.43,0.19485000000000002,0.4058,1.0,0.93655,1.0,1.0,0,0.0,0.3245,0.0,1.0,0.0,1.0,0.0,0.0,0.0308074159488037,0.1155763933901639,-0.1225246643963785,-0.0642411814538393,0.0618808017862621,-0.0643503198847162,-0.0818080144697431,-0.0572405911061328,-0.005775579060092,0.7377072507668101,0.6578800476107771,0.2435864357016912,0.5251229110377206,0.0066457363571699,1.4081341054208736,0.4052216852423124,0.2531015837554198,-0.0181595135662943,-0.0025172908167189,0.0506361079710101,0.2466998791749464,0.0013671751641093,-0.0231542772411107,0.059505948536895,0
Zm00001d031061,0.0,II,0.570205,0.56,1.7536095463670367,0.6453633042160563,0.0336,0.1962,0.1711,1099.0,154.0,19.6319,0.7,0.135,0.0,0.0,0.585,0.005,0.015,0.635,0.595,0.61,0.76735,0.01725,1.0,0.0528,1.0,0.9593499999999999,4209,0.318,0.029000000000000005,1.0,0.58,0.0,0.0,1.0,0.0,0.1463037482639894,0.1442984792244601,0.3844268261473199,0.1180493921552841,0.3636809056133909,0.0105984184400021,0.2763991540466326,0.4211987079516064,0.3588376854124564,0.7152276511620862,0.8364068378993345,0.2404700908082698,0.6103627631857328,-0.0677532375417812,1.238174297206179,0.4550659092420818,0.3739588877666866,-0.064172785024459,-0.0394859385416941,0.0115435713526226,0.1023482940867821,0.1823577703732014,-0.0849357425841431,0.0231813441886864,0
Zm00001d031063,0.0,II,0.489906,0.53,0.7285602541876405,0.4245092233322266,0.1713,0.2682,0.6388,28.0,86623.0,67.589,0.71,0.07,0.015,0.01,0.525,0.085,0.18,0.655,0.29500000000000004,0.775,0.5621,0.23954999999999999,1.0,1.0,1.0,1.0,0,0.0625,0.14800000000000002,1.0,1.0,1.0,0.0,0.0,0.0,0.0866261478182498,0.260150324462799,-0.0313350444782236,0.1077179836902911,0.2743488023220267,-0.0187233331452705,0.1007663704515859,0.0819439238090639,-0.0357736227508518,0.5956135191354531,0.3935291931094711,0.138820693786906,0.3032134037077215,-0.0626936797383213,1.067877022709835,0.2383379922600518,0.0255055152697603,-0.0376403503739688,0.0005383603550749,0.0270412092912404,0.1511127760086495,-0.0037205186659701,-0.0620219832703072,0.0748268641542841,0
Zm00001d031064,0.0,II,0.494432,0.51,2.0247306672302643,0.5445149982363836,0.0235,0.115,0.2042,154.0,101789.0,8.6407,0.72,0.03,0.060000000000000005,0.005,0.365,0.71,0.195,0.5549999999999999,0.8200000000000001,0.755,0.3258,0.4104,1.0,1.0,1.0,1.0,324,0.0,0.878,0.0,1.0,0.0,0.0,1.0,0.0,-0.0254923377328703,-0.0124352545821458,-0.0296496449545068,-0.0211582697832721,-0.0026167351014216,0.0025532161491986,-0.0399420853851143,0.0028033904799361,0.0704693400716713,0.8806393625289404,0.3700610846149355,0.1264489206477029,0.3055104618394081,0.0066634377781141,1.1732291208877492,0.2442265088566264,0.2354893875027789,-0.1019732372478453,-0.1083240976876841,-0.0224533693331458,0.2030421401088351,-0.0369589144112059,-0.1117315155837101,0.0911131281185026,0
Zm00001d031074,0.0,II,0.518711,0.605882,1.7593135382794598,0.653962403498847,0.0602,0.1986,0.3033,52.0,1148.0,27.813,0.76,0.05,0.005,0.01,0.825,0.015,0.435,0.88,0.16,0.72,0.7273499999999999,0.0722,1.0,0.20829999999999999,1.0,1.0,0,0.1435,0.0655,1.0,1.0,0.0,1.0,0.0,0.0,0.4991144442178753,0.0382283445394773,0.4699485295225377,0.3249241771858018,0.6516970249337252,0.0550777000786075,0.1181002068236485,0.7147264243598859,0.4606822723608443,0.8242326780347897,0.4503958502651242,-0.0041884824353388,0.1151156024664345,-0.0634499464526399,0.9695286018038398,0.1082264562378269,-0.0067806078838617,-0.0625635279548707,-0.0445792019851745,-0.0049427544182565,-0.0094085791163774,0.2741628958166929,-0.0723267335054577,-0.038817272199851,0
Zm00001d031088,0.0,II,0.521565,0.63,3.516814983248801,0.1978109051502017,0.0071,0.1714,0.0414,170.0,60901.0,10.9912,0.81,0.015,0.015,0.0,0.71,0.47,0.025,0.815,0.625,0.775,0.12380000000000001,0.19695000000000001,1.0,1.0,1.0,1.0,430,0.0,0.09299999999999999,0.0,1.0,1.0,0.0,0.0,0.0,0.0218258860355462,0.0120327949987797,-0.0742163840738482,-0.0722947372671402,0.0071222831233483,-0.046272071851927,-0.1047100766400973,0.0092835663388635,-0.1426080298864041,1.248768948709456,0.2186698102681449,0.0356873021767677,0.1647923690983455,-0.0604218095107954,1.7378625403880663,0.0505138588973554,-0.0644377398003056,-0.0682974687291197,-0.0342757702392408,-0.0357488885761779,-0.0512718598938194,-0.0202995872556628,-0.0814866164488343,-0.0354001403093113,0
Zm00001d031101,0.0,II,0.567988,0.5,5.021670437006302,0.1106971856761176,0.1074,0.176,0.6104,152245.0,88864.0,41.26,0.88,0.095,0.13,0.01,0.72,0.27,0.14500000000000002,0.855,0.31,0.715,0.6343000000000001,0.72,1.0,1.0,1.0,1.0,23,0.23600000000000002,0.22294999999999998,1.0,1.0,1.0,0.0,0.0,0.0,0.3610935487481163,0.1204840285168481,0.2137787053852884,0.0400283050132847,0.1245653432240334,0.3441210466496363,-0.0308649915830846,0.0694537141786407,0.0175115420201312,0.7791553333620358,0.4715169776276838,0.2755197293821808,0.4949076558156012,-0.0398699622676822,1.203796981420501,0.3519924586739205,0.0926446836110136,-0.064268244902691,-0.023186441448526,0.0226602467703055,0.1268435537679977,-0.0426738285314315,-0.1001442531547047,0.0017624448301318,0
Zm00001d031109,0.0,II,0.556604,0.48,2.9423895642721205,0.6003527534229722,0.0623,0.2163,0.2879,181677.0,404.0,6.69714,0.92,0.03,0.025,0.015,0.6699999999999999,0.365,0.03,0.7849999999999999,0.5549999999999999,0.15,0.4383,0.22344999999999998,1.0,1.0,1.0,1.0,3403,0.11215000000000001,0.22699999999999995,1.0,1.0,0.0,0.0,1.0,0.0,-0.0403889760414406,-0.0594863389810766,-0.0408903277149598,-0.0231342112822783,-0.0581212071607833,0.2448856086421201,-0.0631572641738719,-0.0398125086355999,0.8648626742226957,0.1670603652776155,0.4482572313761405,0.1434842350930426,0.3993540227896303,1.439342593390047,0.2395050079208593,0.164025112903886,0.038434321089986,-0.0649710929928525,-0.0348748884187296,0.0087027735095487,0.0447869768026639,0.7679306283255819,-0.0773673682211176,-0.0463932736997535,0
Zm00001d031175,0.0,II,0.689815,0.53,0.0113644942511622,0.9124760864366644,0.2363,0.1637,1.4437,145892.0,238219.0,14.3661,1.34,0.125,0.015,0.005,0.5900000000000001,0.255,0.0,0.705,0.485,0.03,0.54165,0.2222,1.0,1.0,1.0,1.0,798,0.8084999999999997,0.0,1.0,0.0,0.0,0.0,1.0,0.0,0.4088211377084884,0.0301217120920723,-0.0172025645421915,-0.0136361306644439,0.077971649331013,-0.0481440176208514,-0.1450910859530929,-0.0087153570490198,0.1789953629869556,0.1151526195161601,0.473563928187436,0.021371474993948,0.1670357424113463,0.0015932232900609,-0.0663579623098857,0.2306322124042439,0.0089719134596739,-0.013991633169776,0.0171645654685085,-0.0195761665432982,0.0320618290641726,-0.0217675865298235,-0.0295116272753374,0.0098106533017251,0
Zm00001d031168,0.0,II,0.709402,0.68,11.61656954038817,0.1492313310232868,0.0257,0.2887,0.089,219.0,49218.0,79.0923,1.29,0.045,0.045,0.0,0.5700000000000001,0.765,0.0,0.6950000000000001,0.855,0.0,0.34595,0.44495,1.0,1.0,1.0,1.0,4000,0.0,0.9165000000000001,0.0,1.0,0.0,0.0,1.0,0.0,-0.0249552012307997,-0.0540695175968891,0.1956745996428915,0.0127083968122775,0.0324772693836889,-0.0161249739372319,-0.0466573593793347,-0.0190721454497729,0.108192310760441,-0.022013800275988,1.427090445775997,0.4096101283645181,0.5714313932958929,0.0588777305387748,0.2620128277436868,0.5056509266984403,0.0862997115010325,-0.0442956106580364,0.0076255731145566,0.056511386683513,0.1118258023362956,0.0128637062201661,-0.0668612441164999,0.0271340966340251,0
Zm00001d031201,0.0,II,0.691899,0.48,0.6675310684641405,0.7639236060862761,0.041,0.2661,0.1542,321261.0,16471.0,12.9347,1.38,0.04,0.04,0.0,0.045,0.835,0.0,0.24,0.92,0.0,0.3754,0.56945,0.70835,1.0,1.0,1.0,0,0.0775,0.21599999999999997,1.0,1.0,1.0,0.0,0.0,0.0,0.0434352135948392,-0.0102393890124679,-0.0211513751170034,-0.0157539536107035,-0.0021380771720413,0.0805713120383712,-0.0413240202274073,-0.0188239539292104,0.2238849885904504,0.1833961646916305,0.5469702463961471,0.0002144307657964,0.0685558874004139,0.2858882512232695,-0.0526022995778114,0.1072136617524196,0.7273995974259306,0.2231715396909977,0.0452941238627606,0.0004345136047029,0.0685222547190282,0.0353568215692488,-0.1009874811961301,0.0448588540684305,0
Zm00001d031205,0.0,II,0.536822,0.38,4.570956508198307,0.251986688683585,0.0099,0.1857,0.0534,285913.0,50409.0,12.9347,1.38,0.025,0.025,0.0,0.815,0.52,0.0,0.88,0.745,0.61,0.7778,0.3177,1.0,1.0,1.0,1.0,0,0.09405000000000001,0.6945,0.99,1.0,1.0,0.0,0.0,0.0,-0.0215006978466569,-0.03934975219069,-0.0445704127127902,-0.0282674921421023,0.0139782147260128,-0.0099124947845713,-0.0443130747556632,-0.0190860047470228,-0.0652297508945155,0.6982007197678511,0.4474682114792904,0.1658765294974022,0.4303187856083255,-0.0905321514631301,1.2645143855815064,0.287480607783156,-0.0916047197434546,-0.0768078552145101,-0.0432166805863707,-0.0096539284327176,0.0631721002941006,-0.0382997398722028,-0.0832705715712649,0.0033350427652741,0
Zm00001d035664,0.0,II,0.571014,0.6,5.785821197922285,0.3047108966100574,0.0843,0.1124,0.7498,11.0,29508.0,16.7692,0.27,0.03,0.02,0.04,0.6699999999999999,0.24,0.4,0.86,0.35,0.585,0.38415,0.225,1.0,0.83335,1.0,0.7024,2706,0.242,0.0,1.0,0.0,0.0,0.0,1.0,0.0,0.4732434698887916,0.1418188150896561,0.1608339592763024,0.0010138187032643,0.1681492538244635,0.1186853682397142,-0.0645293861902645,0.1501737699274601,0.3558366475304649,0.2632101253781796,0.46286292888772,0.1858417717228606,0.4835202023030266,-0.0104434792574299,0.2914335635430094,0.4021462783615878,0.0665708830488825,-0.082457928036771,-0.0119819221502563,-0.0125027721245966,0.033799876200686,0.0281742274245425,-0.1025045676755128,0.0198755470915848,0
Zm00001d035657,0.0,II,0.70479,0.49,3.8173002698368586,0.4404054631567836,0.0226,0.4359,0.0518,16.0,614.0,40.7477,0.29,0.02,0.04,0.005,0.74,0.41000000000000003,0.005,0.8,0.5700000000000001,0.0,0.131,0.20900000000000002,1.0,0.9196500000000001,1.0,0.95835,5798,0.0,0.0695,0.0,1.0,0.0,0.0,1.0,0.0,0.0389749462172024,-0.1178659951693254,-0.1054262425129539,-0.0375944433586381,0.2014576396417333,-0.0943590045389446,-0.147962132028538,-0.0537593674428145,0.055462172479789,-0.0087744376427385,1.5154692071465428,0.6634297756959044,1.0817430117831262,0.0191752117566301,0.3003273647639343,1.0958765207940586,-0.0138093670684629,-0.0526723374382653,-0.0458193157011537,-0.0087079447670165,0.0474678015585261,-0.0139748071485886,-0.0746188878403835,0.0106039358589543,0
Zm00001d035651,0.0,II,0.678506,0.61,0.9341858839512608,0.599435455935243,0.0622,0.2179,0.2854,105.0,667.0,28.7321,0.34,0.015,0.01,0.005,0.62,0.05,0.0,0.865,0.14,0.055,0.11665,0.25,1.0,0.83335,1.0,0.9375,1854,0.195,0.049499999999999995,1.0,0.95,0.0,0.0,1.0,0.0,0.0906718429022852,-0.0289628114348468,-0.0236866444641289,0.0535669332866072,0.0723599123745125,0.7778558351887106,-0.0682742758193718,0.0357830908440778,0.5160022516718535,0.1452213472448278,0.5729332305455023,0.1587779043518755,0.301277155699823,0.8239326865603553,0.0633375351359481,0.2242040115557189,0.0581575507557003,-0.0205650256547964,-0.0008357249683527,0.0181512660535472,0.082777581103121,0.8742643660060192,-0.0777998562792713,0.0415348096519878,0
Zm00001d035634,0.0,II,0.622372,0.65,3.4271149593579207,0.4673485560198048,0.0215,0.7827,0.0274,117.0,54.0,14.4187,0.38,0.0,0.07,0.0,0.135,0.33999999999999997,0.0,0.0,0.385,0.0,0.020050000000000002,0.57665,0.8125,0.95835,0.0,1.0,608,0.261,0.22500000000000003,1.0,1.0,0.0,0.0,1.0,0.0,0.2737146929750347,0.0159444258161521,0.0033502090295643,0.024438752935939,0.126495757766185,0.0610256712650612,-0.0645106068807319,0.0432485311992074,0.5561068830798832,0.1473822357369784,1.1063488406007171,0.4524689476166285,0.8938486077010639,0.0284154819110341,0.5899457056314644,0.8892500909461969,0.0145148796134346,-0.0149120032143839,0.0519456239425437,-0.0103103096439901,0.0285344936340651,0.0023233769535318,-0.0092524811863147,0.023075248827752,0
Zm00001d035610,0.0,II,0.764526,0.56,3.758774349429709,0.3668217045723715,0.0152,1.2885,0.0118,164.0,586623.0,30.623,0.4,0.055,0.03,0.0,0.245,0.04,0.0,0.41,0.31,0.0,0.45775,0.41275,0.95,0.68335,1.0,1.0,2843,0.1685,0.0295,1.0,0.59,0.0,0.0,1.0,0.0,0.1192741591546096,-0.0221931547451564,-0.047123881872362,-0.006514766615192,0.119773947956613,-0.0049161926016062,-0.0805308377377211,0.0056098461859741,0.0099142141015649,0.0,0.8391331528189945,0.2074602295227088,0.4667681176147034,0.0318323188189216,0.3562630079128794,0.5729286610593674,0.3942234564479271,-0.0099198368031838,0.0209218202878129,0.0087036800217311,0.0160997304385919,0.6431542835304673,-0.0673967955305942,0.0514386702525034,0
Zm00001d035603,0.0,II,0.754057,0.43,0.5496923093379139,0.8036610179119678,0.0698,0.3557,0.1961,1015.0,66502.0,10.5316,0.4,0.015,0.07,0.0,0.395,0.49,0.0,0.475,0.635,0.0,0.16875,0.53335,1.0,1.0,1.0,1.0,332,0.028000000000000004,0.7745000000000001,0.56,1.0,1.0,0.0,0.0,0.0,0.1574353018917406,-0.0025616586424482,0.0318218069195712,0.0160827980899138,0.0526743458085123,0.0162546821265462,-0.0200882125595239,0.005733322524197,0.3062118598146633,0.0347762188271096,0.5718522703733786,0.2133981476944705,0.2934038034282329,0.1077594807072622,0.005480181722568,0.2237380747091819,0.1529466080576065,-0.0375349317117394,-0.0132839977935851,-0.0235143956331351,0.0633528346545203,0.1170337526341991,-0.0555340522158243,0.0312532952365966,0
Zm00001d035601,0.0,II,0.481905,0.61,1.5239045153013857,0.4758856685071395,0.0265,0.14,0.1893,24204.0,23493.0,29.7039,0.4,0.11,0.01,0.01,0.485,0.045,0.62,0.525,0.8200000000000001,0.88,0.50835,0.2845,1.0,0.6667,1.0,1.0,0,0.5359999999999998,0.3455,1.0,1.0,0.0,1.0,0.0,0.0,0.105680976783237,0.6769638177795443,0.0291932905451813,0.0700089634802979,0.3018937596981886,-0.0263740736492954,0.6275033641186895,0.2167266043781467,0.0929079939883338,1.2964957377375286,0.2146655952051773,0.0636485530666319,0.100586235730497,-0.0173838949880132,1.309077699610898,0.0552696050193851,0.1212377959091362,-0.0770226624381168,-0.0365330851369865,-0.0353068742241358,0.0184305623440189,0.0497824222937298,-0.092092365937203,0.0480332582049976,0
Zm00001d035599,0.0,II,0.556889,0.652941,1.8757104796303177,0.4318445363225263,0.0355,0.1904,0.1865,316.0,64871.0,29.7039,0.4,0.035,0.01,0.005,0.63,0.28500000000000003,0.005,0.75,0.675,0.855,0.3506,0.15555,1.0,0.59665,1.0,1.0,1708,0.4125,0.0528,1.0,1.0,0.0,0.0,1.0,0.0,0.0612281743231023,0.0223777157451819,0.0018911249689282,-0.0109524318747284,0.055984792297845,0.0273658974030913,-0.0154531924501615,0.0073209228584493,0.0401690226074182,0.1589321930604547,0.3145650793338954,0.0599713233856466,0.1264033625577653,0.0216542849918075,0.3910701905307395,0.0877884238318452,0.0023439257515494,-0.08889297388128,0.0243618055856791,-0.0286842280347245,0.015965681397647,-0.0349592876666503,-0.0763132306237753,-9.391092814171054e-05,0
Zm00001d035597,0.0,II,0.70696,0.59,5.152765525551814,0.3870573430804322,0.0537,1.2995,0.0413,68.0,14775.0,10.072,0.4,0.025,0.055,0.0,0.735,0.22,0.005,0.6599999999999999,0.325,0.0,0.3521,0.47624999999999995,1.0,1.0,1.0,1.0,8941,0.154,0.3165,1.0,1.0,0.0,0.0,1.0,0.0,0.2244887543888032,0.4753862139033038,0.5665358553268176,0.0420578580372358,0.1392614082792874,-0.0137852706279259,0.7256035231322351,0.10762517159117,0.3166499753692621,0.1125671715205008,0.4853020825207935,0.0578242396135434,0.1353920377230825,0.1726716877195885,-0.0248168603056813,0.2044574749037499,0.2117927308982908,-0.0412226370553837,-0.0350457542240172,-0.0066521988659575,0.0736788086853969,-0.0086497514758215,-0.0637425124236935,-0.0252439379807428,0
Zm00001d035535,0.0,II,0.709138,0.47,0.2196572209406313,0.9964314404545458,0.0244,0.2157,0.1132,2238.0,38738.0,10.5316,0.47,0.065,0.035,0.0,0.105,0.7,0.0,0.18,0.8,0.0,0.4142,0.44165,0.93335,1.0,1.0,1.0,3062,0.162,0.6869999999999997,1.0,1.0,1.0,0.0,0.0,0.0,-0.0693363644362003,-0.0820068733883657,-0.0888119888372388,-0.0431743972228748,-0.0825147534937118,0.0186362134448914,-0.1025219075751193,-0.0693559101652,0.3046199904779684,0.1441194505897934,0.274000164864535,0.0452439004504945,0.087866662806699,0.7673308780458802,-0.0366820496578517,0.0946687384702682,0.8672046105320115,0.0575199180936431,-0.0118689971558861,0.0511418171843966,0.1330782442293606,1.250358772871937,-0.0947686502224925,0.0282342568175102,0
Zm00001d035527,0.0,II,0.50279,0.63,2.116725951243293,0.1930186217038301,0.0575,0.1243,0.4626,449.0,7352.0,6.69714,0.42,0.04,0.0,0.0,0.77,0.0,0.0,0.76,0.08,0.735,0.26355,0.05835,1.0,0.025,1.0,0.86425,6024,0.44949999999999996,0.07,1.0,1.0,1.0,0.0,0.0,0.0,0.123813593007991,0.2250025864397364,0.1751915292853421,0.1753223232000581,0.6261321414909374,-0.0355820703728743,0.2101431596251997,0.4899873098566994,0.025341695627955,0.8634669262043351,0.3553241955121352,0.124149483736059,0.3159328428667209,-0.0224179950015335,1.0039478765861365,0.2143242159919191,0.0209614147084661,-0.0601198035476802,0.1812334119509661,0.0834134381638546,0.1650579923479606,-0.0231749885479074,0.0027960162322985,0.1659832429541529,0
Zm00001d035515,0.0,II,0.488251,0.647059,3.1073206294129387,0.4459311317097397,0.0412,0.1401,0.2941,24.0,303352.0,20.5509,0.38,0.0,0.015,0.01,0.0,0.8049999999999999,0.43,0.885,0.88,0.775,0.023149999999999997,0.1109,0.0625,1.0,1.0,1.0,3612,0.0,0.9962000000000001,0.0,1.0,0.0,0.0,1.0,0.0,-0.0302493329382697,-0.0198532946272115,-0.0192573768505488,-0.0104701812629594,-0.0378646287578103,-0.0013799392488219,-0.0420132414801889,-0.0219993231812847,-0.0561266637229731,1.1934974501028732,0.1672410292525345,-0.0374282383816736,-0.0010594781024094,-0.1291215773975633,1.3773204899204858,0.0039467181175291,0.0194401292943701,0.457944509836715,0.9142422408578929,0.4447434433792619,0.8073564400094956,0.0308093518871706,1.327351801616938,0.6475963239263445,0
Zm00001d035512,0.0,II,0.66276,0.56,2.3249825257516554,0.6099016517892997,0.0885,0.2837,0.312,151.0,435.0,14.3661,0.34,0.015,0.025,0.08,0.645,0.45,0.095,0.765,0.53,0.175,0.15475,0.37470000000000003,1.0,1.0,1.0,1.0,1707,0.1885,0.16325,1.0,1.0,1.0,0.0,0.0,0.0,-0.0397798129359822,-0.046303120852678,-0.0375709075096849,-0.0302750701994179,-0.043091346978547,0.0758428125624753,-0.0475379900249416,-0.0318052290189687,0.3052743595942684,0.2702497952273763,1.1760411101786936,0.5917129782556184,0.8733449534664206,0.1483883727504087,0.7054056096582307,0.6194298958535082,0.0012795027007811,-0.0765396872240026,-0.0393199095915896,0.0230011892651902,0.0543378987141452,-0.002624697997798,-0.0727710329367241,0.0007716966066677,0
Zm00001d035501,0.0,II,0.649718,0.58,2.5002521841310075,0.4432213783368276,0.0219,0.5713,0.0383,524.0,2354.0,12.4752,0.34,0.075,0.0,0.0,0.175,0.01,0.0,0.26,0.17,0.02,0.57145,0.024050000000000002,1.0,0.2778,1.0,1.0,3430,0.1285,0.0,1.0,0.0,0.0,1.0,0.0,0.0,0.4099834911735591,0.5160107082310981,0.473727540364904,0.1704402373238304,0.4740992472981712,0.0254763712369297,0.8945850154255108,0.2863614579733498,0.5142178153621585,0.2546735109419623,0.5472974081885914,0.2277467772517688,0.6356588299571804,0.0014127546019308,0.3236791098575482,0.4538211810837579,0.5015134733277932,-0.0261043657155717,0.0249063197648432,0.0314668543192343,0.2217544158553618,-0.0369323037396436,-0.0707135748959435,0.0861491523465142,0
Zm00001d035494,0.0,II,0.70276,0.58,2.4449013906900325,0.3792857625819744,0.0706,0.6754,0.1046,2884.0,53.0,9.10026,0.34,0.08,0.015,0.01,0.495,0.825,0.01,0.625,0.9,0.08,0.5038,0.1225,1.0,1.0,1.0,1.0,0,0.5129999999999998,0.0645,1.0,1.0,1.0,0.0,0.0,0.0,-0.056599782713429,-0.0691011619727453,-0.0818396741034889,-0.038416408475372,-0.0637935212806886,-0.0272671309846345,-0.0980452639734426,-0.0654779126634319,0.3365057810568662,0.276298214711184,0.4359478850876218,0.2391835607631845,0.4912117606657623,0.0338821512359956,0.1611979505191999,0.3025339605441134,0.1241266018905321,-0.0617356983474958,-0.0316157288409768,0.0897729543392633,0.2245752468224282,-0.002758894433188,-0.0683225684722096,0.0162609562827139,0
Zm00001d035492,0.0,II,0.568134,0.43,3.701555122827936,0.4414174593997707,0.0321,0.1707,0.1883,201.0,416867.0,16.7692,0.34,0.05,0.0,0.015,0.765,0.025,0.025,0.8600000000000001,0.45,0.625,0.30435,0.0406,1.0,0.32145,1.0,1.0,1388,0.4775,0.09850000000000002,1.0,1.0,0.0,0.0,1.0,0.0,-0.0066536713790524,0.4306059329844639,-0.0052718974372768,-0.0232769789753828,0.1219913655487584,-0.0579400090923945,0.5388033038895731,0.017346560859074,0.1476363935546986,0.5220871090530111,0.8856991930514347,0.4809833517319122,0.951390537169042,0.0119777524594787,1.0662166936933264,0.7795155406695345,-0.0399284798216351,-0.0704711163709246,-0.0339780215420231,-0.028112287579949,0.0332643844803665,-0.0256348153385001,-0.0692338964844153,-0.0169468646626665,0
Zm00001d035487,0.0,II,0.447832,0.61,2.721908065156026,0.4000832496979676,0.0398,0.1405,0.2832,373551.0,101.0,10.5316,0.32,0.065,0.005,0.01,0.835,0.005,0.535,0.895,0.015,0.89,0.6052,0.0714,1.0,0.04165,1.0,0.08335,0,0.11504999999999999,0.0,1.0,0.0,0.0,0.0,1.0,0.0,0.0804713983442011,0.0055532242371111,0.2979678453264375,0.0776875251421947,0.2200822036483866,0.0443803870138231,0.0133027198152447,0.1921634867376846,-0.264754421866427,1.7241892872132258,0.212856221509135,0.0042172103295884,-0.0777357210920592,-0.0915816780333882,2.1226307241797477,-0.0976301064818201,-0.0979793019011167,-0.1471628322477664,-0.0918215212699575,-0.0834345688029918,-0.0441606968658895,-0.0555801701208489,-0.1587441446609233,-0.0847781066949206,0
Zm00001d035475,0.0,II,0.534527,0.59,3.607835303036168,0.4978752245785894,0.0246,0.119,0.2069,12.0,361.0,34.5102,0.31,0.16999999999999998,0.0,0.0,0.54,0.05,0.005,0.63,0.045,0.56,0.7441,0.0238,1.0,0.65835,1.0,0.75,0,0.0885,0.0,1.0,0.0,1.0,0.0,0.0,0.0,0.0305267266389734,0.0129990144720224,0.1988823101791826,0.1225627223646767,0.2839585134950083,0.0026980075577196,-0.0147469585257709,0.2208450189744023,0.1657838330554742,0.924607717636546,0.4816125534783398,0.2322367285751288,0.6352948727700445,-0.0269049889644737,1.4635082310984815,0.3318306417427343,0.0924567074471709,-0.086044009591357,0.0160552759967614,-0.0087347339703102,0.156449449730747,-0.0045338151037031,-0.074784498188661,0.1157783801722159,0
Zm00001d035473,0.0,II,0.596899,0.54,5.217596741887812,0.1447638167087596,0.0368,0.1678,0.2195,29.0,141449.0,12.4752,0.3,0.02,0.01,0.0,0.665,0.625,0.09,0.7849999999999999,0.845,0.59,0.1632,0.075,1.0,1.0,1.0,1.0,1615,0.6395000000000001,0.0,1.0,0.0,0.0,0.0,1.0,0.0,-0.0279832212653368,-0.0413202329105067,-0.0489278775475839,-5.487132639600111e-05,-0.0440080489905215,0.008178739478359,-0.0664440739997562,-0.0372457446197316,-0.0214645255711134,0.1809023033151943,0.614623926035739,0.2404385017222376,0.5203066577218445,-0.0429662471171748,0.5797769653798637,0.4422142851619243,-0.1257785057377853,-0.1110089248096619,-0.0561232976154801,-0.0401233729177341,-0.0448059351874475,-0.0530376303387713,-0.1239639297869352,-0.0149793265279271,0
Zm00001d035474,0.0,II,0.677083,0.62,1.1734173998674573,0.6943317956703743,0.0692,1.4462,0.0478,86072.0,55882.0,12.4752,0.3,0.02,0.034999999999999996,0.005,0.65,0.78,0.42000000000000004,0.69,0.94,0.43500000000000005,0.22915,0.31615000000000004,1.0,1.0,1.0,1.0,3328,0.18,0.7725000000000003,1.0,1.0,0.0,0.0,1.0,0.0,-0.0036992773008577,0.0042026087393248,-0.0058545573396262,-0.003205459388176,0.0101934564471937,0.0149161147479881,-0.0366901904867134,-0.0097250757366542,0.2053774707582418,0.1031530746599151,0.6217524451949754,0.0139538767406664,0.2029137753534219,0.0796869824439802,-0.040006099585474,0.2779644225123701,0.3908637323874757,0.0674371662225215,0.1543229973488032,0.0991553736359024,0.3334845694042757,0.0485872694214812,-0.0506637039446459,0.2082632091107221,0
Zm00001d035470,0.0,II,0.48174,0.63,3.381713591465396,0.1833482808681892,0.0713,0.1576,0.4521,568.0,78.0,14.3661,0.29,0.07500000000000001,0.02,0.0,0.605,0.595,0.015,0.6499999999999999,0.64,0.76,0.5325,0.1603,1.0,1.0,1.0,1.0,1490,0.077,0.235,1.0,1.0,0.0,0.0,1.0,0.0,-0.032906029293304,-0.045816585544837,-0.0138024452226579,-0.0155367748767734,-0.0500363185555718,-0.0192390380423605,-0.0795972009352173,-0.0440951827378378,-0.0781166095183867,0.9799748146796986,0.6897418322725247,0.2627329373438645,0.4076067001738488,0.012757534532696,1.6076725731979384,0.2338616568013495,-0.0105657542126447,-0.0503198733402605,0.4554536174532356,0.1054923653279781,0.2830215250592884,-0.0031971117178429,0.0293727029718566,0.2740079146184104,0
Zm00001d035447,0.0,II,0.637278,0.4,2.966980045706068,0.4343379521721182,0.0557,1.4042,0.0397,631.0,377428.0,39.7759,0.19,0.03,0.06,0.005,0.39,0.78,0.0,0.39,0.91,0.005,0.3313,0.48124999999999996,1.0,1.0,1.0,1.0,2506,0.2225,0.29869999999999997,1.0,1.0,0.0,0.0,1.0,0.0,-0.0057553407270603,-0.0022981058751292,-0.0109033926177133,0.001240577238157,-0.0039468832339143,0.0091147160331238,-0.00639000800447,0.0056971018742849,0.6546833356334403,0.1971401073798827,0.9470518979341334,0.1817063267533838,0.4901674952889031,0.075149326840852,0.2766962149447117,0.4779968438301674,0.3495852108372264,-0.0830432559956156,-0.0491057925695489,-0.0347786211465601,0.0766044381142959,-0.0020227904573113,-0.0916469149202557,-0.0254565441351151,0
Zm00001d035439,0.0,II,0.681159,0.38,0.9955290236279696,0.7212922205647057,0.0231,0.4958,0.0465,110627.0,83857.0,7.66892,0.19,0.045000000000000005,0.015,0.025,0.6,0.5249999999999999,0.295,0.69,0.66,0.62,0.33605,0.1167,1.0,1.0,1.0,1.0,0,0.1485,0.099,1.0,1.0,0.0,1.0,0.0,0.0,-0.0231378471605277,-0.0637323327817072,-0.0512260991733205,-0.0600432288967097,-0.0751851788275466,0.0029847791800498,-0.0865141034209193,-0.0576560537931165,0.5488747254194327,0.1986572359802595,0.2077922384846682,0.0430368683444121,0.2213750559203508,0.8399295621438512,-0.2585690257986204,0.3033386884311583,0.1203042670415464,-0.0173748809868702,-0.0228405805399709,0.0257972679752198,0.058379295147526,0.9690859477325604,-0.0958962906756755,0.0325415817182826,0
Zm00001d024722,0.0,II,0.575858,0.58,2.5261387023039195,0.4247696331166823,0.0874,0.7366,0.1186,73.0,1440.0,18.2005,0.27,0.04,0.005,0.015,0.78,0.01,0.03,0.8200000000000001,0.01,0.25,0.5075,0.09845,1.0,0.16665,1.0,0.16665,158,0.0,0.0,0.0,0.0,1.0,0.0,0.0,0.0,0.3038122578459409,-0.0217942395092428,-0.0675244021813033,0.1045210456155549,0.3423318325231278,-0.0410640179137864,-0.0978070548647603,0.0747499518567797,0.6026404324717279,0.4590355943648518,0.8233938107564102,0.850416680394497,1.5291374213178954,0.0043981216230011,0.4228550757415681,0.9680062549815558,-0.0301881854749604,-0.0752237448907564,-0.0331939145527401,-0.0236246825616974,0.0527407616735542,-0.0395709649348969,-0.0697094938687781,-0.0043694895743825,0
Zm00001d024723,0.0,II,0.503229,0.65,3.2027592599241435,0.6365361052396881,0.0295,0.304,0.0972,36.0,1100.0,18.2005,0.27,0.045,0.03,0.0,0.31,0.06,0.0,0.37,0.77,0.005,0.55355,0.5326,1.0,0.775,1.0,1.0,2003,0.0093,0.0,0.56,0.0,0.0,1.0,0.0,0.0,0.1144440812076064,0.0596731866914183,-0.0365938568201935,0.3741387120562748,0.9047521889079552,-0.0415641503217159,-0.0745603678841687,0.4684564006723445,0.8686917274566186,0.4174294789365713,0.8429839630070435,0.550276681555361,1.1122468812644049,-0.029635867737536,0.1814601813836637,0.7106181753371608,0.4687345623480911,-0.0012476606118878,0.0762987866484692,0.1897133914650874,0.5403281729682372,-0.0320029391636843,-0.0652551748688526,0.2865118255053388,0
Zm00001d024733,0.0,II,0.545322,0.36,0.4081568550661527,0.5842815095134686,0.1193,0.1342,0.8886,734.0,1121.0,20.0915,0.26,0.075,0.005,0.015,0.14500000000000002,0.02,0.05,0.25,0.42500000000000004,0.49,0.4375,0.07805000000000001,0.7197,0.325,0.975,1.0,5997,0.44774999999999987,0.1045,1.0,1.0,0.0,0.0,1.0,0.0,0.0593515933958217,0.1958732553876679,0.0426959363894315,0.1506488479146369,0.2945852075281618,0.0045378650260643,0.0991378774525328,0.1403503753583796,0.5179753364535393,0.6414024383158445,0.2737730028033459,0.1958494959684634,0.5102651423674918,0.0154219396682148,0.7106837761322918,0.3428755928778069,0.1779048533775772,-0.1289419856053274,-0.0869679852687922,-0.0374881374493042,0.0062798931260861,0.2761812681956005,-0.1320178927816913,-0.0485807277198849,0
Zm00001d024734,0.0,II,0.704225,0.51,2.078184920923453,0.7641257946238162,0.044,2.2438,0.0196,1074.0,472093.0,7.66892,0.26,0.11499999999999999,0.01,0.060000000000000005,0.42500000000000004,0.835,0.275,0.455,0.885,0.435,0.96665,0.11105,1.0,1.0,1.0,1.0,4583,0.16899999999999998,0.0,1.0,0.0,1.0,0.0,0.0,0.0,0.0686100370091918,-0.0527923873485903,-0.0411165031227691,0.024068737816555,0.007733278001012,0.4817353399294342,-0.0677023503117466,-0.0175379520279774,0.3231122968409658,-0.055944722466724,0.0794987034329606,0.056822831023649,0.1414438362794996,0.9194069127983424,-0.1443706730715215,-0.0084568000761517,0.6567810118569553,-0.0688833109828778,-0.0271839977380411,0.1307537236346408,0.2058824697500606,1.0775383962245038,-0.0886497250738225,0.0241026173073084,0
Zm00001d024754,0.0,II,0.61139,0.58,7.212649608418384,0.2372161034831625,0.012,0.5015,0.024,583.0,133.0,14.8783,0.25,0.005,0.075,0.0,0.01,0.26,0.0,0.435,0.36,0.8700000000000001,0.05935,0.59955,0.15375,1.0,1.0,1.0,4458,0.15,0.0545,1.0,1.0,0.0,0.0,1.0,0.0,0.2702856489624871,0.0167356008652307,0.5268397275077774,0.2426257673940353,0.5762927400288672,0.0280719945592909,0.06124017646705,0.5344455487264969,0.0111773165084135,0.5581807864970105,0.1169957619833472,0.1054590923264136,0.1348440210698093,0.0864923173774285,0.3379574320135105,0.0399173685688607,0.0191735963793629,0.4422572047403575,1.2420711632888906,0.3928920134029522,0.6349020795573906,-0.0187093331761731,1.1457560585622115,0.3243286369128275,0
Zm00001d024755,0.0,II,0.513746,0.6,4.465650992561518,0.2752450854527767,0.0064,0.2447,0.0262,146.0,271869.0,19.1723,0.25,0.08,0.035,0.0,0.265,0.38,0.01,0.38,0.7150000000000001,0.6299999999999999,0.589,0.39155,1.0,1.0,1.0,1.0,786,0.05449999999999999,0.19520000000000007,1.0,1.0,0.0,0.0,1.0,0.0,0.3488803125484375,0.6017739698788392,0.298081591672228,0.0687351624684863,0.2446976551187185,-0.0406598715710812,0.8449371427105149,0.0937362503057777,-0.0005766982908371,0.576661619403433,0.8373817739521305,0.3345270676315946,0.6031277971826396,0.0160117221406898,0.9771500008738414,0.4481796020847082,0.5309564466745494,0.1273179744311451,0.046162035633389,0.147109733175941,0.4153932520570682,0.0430672739466509,-0.0512758171850074,0.1801792511407154,0
Zm00001d024756,0.0,II,0.464559,0.41,1.0842936340315243,0.7093064806744908,0.0234,0.0917,0.2548,266983.0,3249.0,10.072,0.25,0.015,0.005,0.015,0.71,0.02,0.245,0.76,0.79,0.52,0.35114999999999996,0.17645,1.0,0.4756,1.0,1.0,0,0.188,0.0345,1.0,0.69,0.0,0.0,1.0,0.0,-0.0447878106312256,0.5756754386930751,0.1353112128753698,0.0464595016454395,0.1089599586222074,0.0003482643854291,0.5715252285281273,-0.00794132896363,0.4437497159694696,0.5862765811430528,0.5358747071881957,0.106221015839014,0.3597511994737022,-0.0373272888746335,0.8154118938609975,0.2606720377445226,-0.0111235016211598,-0.0654947105915711,-0.0208775045002966,0.0143096855961042,0.0567474920366375,-0.0075139562287267,-0.0611151857448537,0.0179136425747757,0
Zm00001d024764,0.0,II,0.554935,0.41,0.4282555046275791,0.7259648055521641,0.1644,0.2572,0.6391,354825.0,81917.0,5.2658,0.19,0.035,0.04,0.0,0.655,0.815,0.005,0.8049999999999999,0.94,0.28,0.30979999999999996,0.3333,1.0,1.0,1.0,1.0,0,0.0,0.9125,0.0,1.0,1.0,0.0,0.0,0.0,-0.0137299975914462,-0.0129135010407808,-0.0157892183477074,0.0019632446865315,-0.010562674787968,-0.0132402776664193,-0.0131117567333464,-0.0072876457460621,0.4604309880978395,0.4961626943534885,0.4868514544044705,0.2620677853108256,0.7105858468206184,-0.0480767404453982,0.4668834316375284,0.6605271094908879,-0.0038184235310266,-0.0276691443746473,-0.0129616924353078,0.0612612580296176,0.1123728085480578,-0.0025819300782153,-0.0806996426280125,0.0673401669648467,0
Zm00001d024772,0.0,II,0.639535,0.53,0.2774294628883842,0.8725907821941657,0.0344,0.2019,0.1703,4178.0,1921.0,63.2423,0.17,0.005,0.03,0.0,0.28,0.325,0.0,0.315,0.6,0.0,0.1433,0.29285,0.94445,0.9167000000000001,1.0,1.0,0,0.0665,0.17900000000000005,1.0,1.0,1.0,0.0,0.0,0.0,0.0792638909898089,-0.0549104892230592,0.5363018207031995,0.1650251456691396,0.3951453732087367,-0.0054677054137431,0.0558007563071689,0.5683520035627734,0.5400807785533301,0.1175029675022387,0.6669765135098127,0.729369285237019,0.6334083761322324,0.7193852620724865,-0.0667724855589342,0.5966792858209551,0.3282228170290059,-0.0717417869994575,-0.0091196482433991,0.310503187646559,0.4665670717825236,0.4155352382918725,-0.099636953050403,0.2032634584036604,0
Zm00001d024786,0.0,II,0.696468,0.61,0.6439998521058432,0.8434033298124181,0.1293,0.4074,0.3175,168630.0,153432.0,8.12848,0.09,0.03,0.03,0.0,0.625,0.26,0.0,0.825,0.385,0.0,0.3388,0.32805,0.95455,0.9821500000000001,1.0,1.0,2571,0.634,0.15049999999999997,1.0,1.0,0.0,1.0,0.0,0.0,0.0231535272812587,-0.1096503622290181,-0.0950058300696113,-0.0568427223147263,-0.034166179825282,0.3664083289473113,-0.1255121476824488,-0.0837931336741025,0.1591380500055959,0.0326787135248708,0.1946608375075125,0.0013217520850008,0.0205541647611854,0.3511464286212406,-0.0374721879034621,-0.0083777977676114,0.1694997766863497,-0.0397488882286015,0.0477744895654604,-0.0387977906013332,0.0349096051738369,0.3660612360264832,-0.1053290083859191,-0.0379529015605435,0
Zm00001d024787,0.0,II,0.518657,0.4,4.729514123793532,0.1453466479563552,0.0209,0.1135,0.184,243395.0,74070.0,8.12848,0.08,0.05,0.015,0.0,0.55,0.045,0.03,0.535,0.36,0.5,0.5463,0.19275,1.0,0.67335,1.0,1.0,3925,0.516,0.176,1.0,1.0,0.0,0.0,1.0,0.0,-0.0410759786043033,0.7530508870971031,-0.0278986343583763,-0.0418476370346922,-0.0060519632757184,-0.0488005490436316,0.5668523751179325,-0.0145060575758542,-0.0932302725960372,0.8530535974357575,0.4439335133443828,0.136527273896518,0.3004270962321628,0.0114187885816329,1.285430363184325,0.1490732392613993,0.1655814233935216,-0.0884008625008509,-0.0083837072543108,0.0122112146232748,0.0850231399349323,-0.0165080555651726,-0.0978660495937749,0.0067661617424109,0
Zm00001d024813,0.0,II,0.454155,0.58,1.1443441193769808,0.5085163922766305,0.1121,0.1804,0.6212,131.0,30334.0,28.2725,0.08,0.015,0.01,0.0,0.72,0.6699999999999999,0.0,0.825,0.87,0.275,0.0927,0.12154999999999999,1.0,1.0,1.0,1.0,0,0.044500000000000005,0.10125,0.89,1.0,1.0,0.0,0.0,0.0,-0.043399991842911,-0.0808335583519527,-0.1044556160626756,6.312814594223032e-05,-0.0841376460875519,-0.0176795204642808,-0.088172835512542,-0.0593040526272348,0.8293514941964432,0.7789697234026627,0.4250098132393588,0.1631560535641856,0.4089836899258078,0.6131795641005915,0.3369635755262315,0.4039098778505922,0.0419699029806288,-0.0393828522724149,-0.0153640931862907,0.0152026045788318,0.0295693626192708,0.9812768035643128,-0.0436528275969215,0.052918866684289,0
Zm00001d024823,0.0,II,0.500763,0.317647,2.127668786291238,0.3924000496241176,0.0399,0.1394,0.2866,23352.0,62225.0,19.6319,0.1,0.07,0.035,0.01,0.62,0.655,0.035,0.9,0.825,0.715,0.24019999999999997,0.25825,0.96875,1.0,0.9861,1.0,0,0.056499999999999995,0.7020000000000001,1.0,1.0,0.0,1.0,0.0,0.0,-0.0740864981247507,-0.0810467395023416,-0.0325068642818415,-0.0165407633651594,-0.0720412550924244,-0.0215643894087899,-0.1037478593998434,-0.0861067471137722,0.1651010218919842,0.656220351155147,0.3773774266363768,0.1441015920543508,0.4019858354925986,0.0250177960172444,0.7441106787164765,0.2780011560033607,-0.0478755973664739,-0.0484349456983229,0.0358178443115673,-0.0247211647682963,0.0042394414909687,-0.0282672965272263,-0.0457247708002056,0.0369635430616645,0
Zm00001d024825,0.0,II,0.44344,0.55,1.0622925768886684,0.5223496413546957,0.0743,0.1495,0.497,256424.0,40913.0,11.5034,0.1,0.04,0.035,0.0,0.78,0.43000000000000005,0.03,0.92,0.63,0.6799999999999999,0.23809999999999998,0.4308,1.0,1.0,1.0,1.0,4323,0.0,0.0,0.0,0.0,0.0,0.0,1.0,0.0,0.1740636292138656,0.0681917376197137,-0.02876460548511,-0.0058895418223344,0.0974272178153107,-0.0006932054927176,-0.0594882867112627,0.0540236607060199,0.6069836737586279,0.8943258840883507,0.4460743267933062,0.0860274044017852,0.4604292233747744,0.005746537853529,1.1164238919884142,0.341653873971916,0.0230208673083314,-0.0472081699924932,-0.0070597444385958,-0.0069088095637435,0.0480566238301051,-0.0360588517833679,-0.0811247064521033,0.0100270815869369,0
Zm00001d024835,0.0,II,0.627993,0.61,2.807553640519433,0.7180556653565064,0.0419,0.1842,0.2273,79.0,60752.0,20.1441,0.07,0.07500000000000001,0.02,0.0,0.595,0.47,0.005,0.835,0.6699999999999999,0.10500000000000001,0.44675,0.29500000000000004,1.0,1.0,1.0,1.0,5259,0.10049999999999999,0.1365,1.0,1.0,0.0,0.0,1.0,0.0,0.1088420861542992,0.3940016666672816,-0.035832383094438,-0.0167327143276943,0.0671687267886915,0.0191648214426185,0.3134321511677713,0.0012318946298988,0.2817705226330133,0.1439336091236399,0.8337130616605185,0.1707261760482831,0.292208172471173,0.0351628450952215,0.624702909749807,0.13217468340004,-0.0579158770183895,-0.0689396183979891,-0.0897751007263438,-0.0446180930600055,-0.0236514992540636,-0.0179739099073363,-0.1125243701599065,-0.0675609043923135,0
Zm00001d024841,0.0,II,0.682335,0.46,1.5267297294866855,0.2800265926211372,0.052,0.2763,0.188,3213.0,41992.0,18.2005,0.06,0.06,0.045,0.035,0.725,0.705,0.54,0.625,0.8200000000000001,0.6799999999999999,0.5660000000000001,0.4476,1.0,1.0,1.0,1.0,0,0.08650000000000001,0.24,1.0,1.0,1.0,0.0,0.0,0.0,-0.0125718902687457,-0.0817794136776611,-0.0705036052316356,-0.0146532477505171,-0.0239784930326973,0.0288082251498579,-0.1120296761464232,-0.04298130053733,-0.0434874339433936,0.0925472726404623,0.4241630068126089,0.1597429308681233,0.2009574086743238,-0.0208179157548641,0.1872421901922856,0.2537519459326242,0.0822492207801477,-0.0588043782858155,-0.0007220573677878,-0.0069259217061762,0.090430512778117,-0.0384296662236198,-0.0459268302927902,0.0523548712209101,0
Zm00001d024855,0.0,II,0.441151,0.59,5.432621478769437,0.195504375337449,0.0065,0.1423,0.0454,131.0,703.0,7.66892,0.06,0.07500000000000001,0.005,0.0,0.79,0.005,0.01,0.89,0.13,0.7050000000000001,0.6961999999999999,0.068,1.0,0.07555,1.0,0.9843999999999999,2527,0.49700000000000005,0.0,1.0,0.0,0.0,1.0,0.0,0.0,-0.011044373173275,0.0041015502563202,0.2608698699917616,0.1534169774699265,0.3090142618097521,0.0125083954377201,-0.0531612076098614,0.3546165074832154,-0.1769171168851013,1.2673502341835694,0.3006965902885146,0.1158114556596204,0.2419268738855081,-0.0151651307808237,1.810342630161698,0.1119000308747858,-0.0688807061732297,-0.1127025397557419,-0.1162100421496367,-0.0635133553203297,-0.0746644049063501,-0.0604945657532745,-0.1313235268608739,-0.0885554451416919,0
Zm00001d024857,0.0,II,0.47505,0.49,5.763642101500192,0.1466743918874515,0.0019,0.1171,0.0161,308904.0,181956.0,18.1478,0.06,0.055,0.02,0.005,0.785,0.045,0.0,0.91,0.33999999999999997,0.665,0.46909999999999996,0.3023,1.0,0.65625,1.0,1.0,1665,0.6515,0.026400000000000007,1.0,0.6,0.0,1.0,0.0,0.0,0.0968480448963225,0.6763165365623405,0.4241239363125068,0.0259858502754995,0.1430417127288133,-0.0470211202630919,1.2610453439056273,0.080175521839045,-0.0881087251411332,0.741902014565061,0.2921046080683336,0.1197492926085787,0.2077557546589625,-0.0171861992791532,1.1677659868209376,0.1222369678588189,-0.0133505012665908,-0.0660694852533868,-0.0593996356544353,0.0322875207021555,-0.0406910503514055,-0.0345011074263583,-0.0926397414054363,-0.0472829236638344,0
Zm00001d035789,0.0,II,0.543486,0.39,4.237986170496296,0.2903554784636977,0.0211,0.1538,0.137,592401.0,209858.0,6.23758,-0.02,0.035,0.065,0.0,0.835,0.69,0.0,0.9199999999999999,0.825,0.565,0.4107,0.661,1.0,1.0,1.0,1.0,0,0.7055000000000001,0.46100000000000013,1.0,1.0,1.0,0.0,0.0,0.0,-0.0541024903907701,-0.0512053198798808,-0.074800345196904,-0.0279716938931835,0.0120512545924116,-0.0530856831705078,-0.0963453649834144,-0.0665601107515778,0.0381162966868749,0.5888157359858242,0.3791274087065478,0.1424638412983076,0.3531745511286764,0.0040504559882919,0.8750045139610385,0.2514572160528175,-0.0756842237884937,-0.1043621998443352,-0.009173506283148,0.0129961146975539,-0.0358170530494453,-0.0327551882458861,-0.1173309025896847,-0.0365037947279464,0
Zm00001d035812,0.0,II,0.509473,0.4,4.206087696998681,0.2248094204531369,0.0774,0.0627,1.2346,53.0,564179.0,9.10026,-0.05,0.04,0.035,0.0,0.76,0.48,0.005,0.835,0.545,0.685,0.5156000000000001,0.46085,1.0,1.0,1.0,1.0,0,0.23299999999999998,0.0,1.0,0.0,1.0,0.0,0.0,0.0,0.0338706273724249,0.0790270294503597,-0.0596011113906346,-0.0150932162961789,0.1601889309838667,-0.0611659966241884,0.0083830155434704,-0.0313070446882284,-0.0112207569874094,0.7662791260414599,0.7842277218205841,0.1992234076300389,0.4448959782198541,-0.0236480324797526,1.3486412313795806,0.3484814708427262,-0.0680996663624038,-0.0850231460160789,0.0227703518580476,-0.0044877222769184,0.0181358787224113,-0.0556484618468178,-0.075332642135692,0.0534293800263741,0
Zm00001d045629,0.0,II,0.486002,0.37,0.1608247745715123,0.9250354760616945,0.0459,0.1459,0.3146,240133.0,327885.0,6.23758,0.73,0.005,0.01,0.0,0.72,0.6799999999999999,0.125,0.895,0.92,0.865,0.042749999999999996,0.0952,1.0,1.0,1.0,1.0,4669,0.1605,0.9065000000000001,1.0,1.0,1.0,0.0,0.0,0.0,0.1379220426819602,0.5009605552940276,0.0292008049444023,0.0231274939176068,0.193472286809675,-9.671727341159578e-05,0.2277989129398724,0.1458855903579488,0.2883028138139176,0.5195598329022112,-0.0058054219958279,-0.0127971629572752,0.0347593544108576,-0.0162947382169817,-0.0595779571287668,0.0592299607365614,-0.0827064450380102,-0.0797099128325324,-0.0890420293911098,-0.1200871645942318,-0.0907902402243791,-0.094475381574889,-0.1381584424543044,-0.1027910978553538,0
Zm00001d045607,0.0,II,0.662675,0.55,5.467989977233571,0.3279447829852245,0.0122,0.1604,0.0759,83.0,183.0,17.6883,0.88,0.14500000000000002,0.0,0.035,0.64,0.0,0.22,0.845,0.02,0.46499999999999997,0.8646,0.0,1.0,0.02085,1.0,0.2143,185,0.6054999999999999,0.062,1.0,1.0,0.0,1.0,0.0,0.0,0.7339137576664403,0.361148774562138,0.6940539056736167,0.2039235284161416,0.5675319864875883,0.0159841157828817,0.1829978552353286,0.7324067847336797,0.0253245041020778,0.4767521146933172,0.3437183630274013,0.0867741440597736,0.2498225750081436,-0.0235966105313114,0.7325856011740888,0.0679020569684196,0.1521594041348635,-0.0353005557163332,-0.0412715882390634,-0.0228535560556832,0.1192419105638236,-0.0309684199026366,-0.0792143387762421,0.0469706175595851,0
Zm00001d014621,0.0,II,0.428205,0.41,0.0,,0.2279,0.4518,0.5045,215975.0,2758.0,7.20936,0.57,0.015,0.06,0.035,0.72,0.32,0.20500000000000002,0.86,0.47000000000000003,0.36,0.15275,0.38625,1.0,1.0,1.0,1.0,8485,0.47450000000000003,0.0,1.0,0.0,1.0,0.0,0.0,0.0,0.2979110493238585,-0.0324104658129079,-0.0607945167692774,-0.0343485695803573,0.0433354767707551,0.5853447646178039,-0.0636298632380054,0.0040055909129601,0.3078888964649601,-0.0436680757354294,-0.0269843949102851,0.0340718760357008,0.1284465478290873,0.6419162630247145,-0.0723673893986322,0.0558663052247571,-0.0201568826818565,-0.0790795507733801,-0.057927697733301,0.0026786264167608,-0.0300551258786199,0.2061308293019093,-0.1048598830449018,-0.0214500296994374,0
Zm00001d014640,0.0,II,0.415796,0.52,3.263778402044468,0.2349245074141238,0.0279,0.0819,0.3405,66.0,111349.0,9.10026,0.53,0.02,0.02,0.0,0.715,0.5,0.185,0.8200000000000001,0.6799999999999999,0.785,0.1893,0.41965,1.0,1.0,1.0,1.0,576,0.094,0.1365,1.0,0.97,1.0,0.0,0.0,0.0,-0.0574628027879906,-0.0984829529594655,-0.0639902125699663,-0.0352107457383138,-0.090208154842641,-0.0542904787055186,-0.1075906449666926,-0.0371019339849058,-0.1902195885079957,1.6754707572470664,0.317055510341671,0.0619854582344561,0.0979892943861668,-0.0355538177364096,2.2706856495871794,0.0177377405168832,-0.0458460401718312,-0.0642292398054265,-0.026954151802242,-0.0029087507474829,0.0034780477631161,-0.0315301965697473,-0.0722413376024924,-0.0004152281975527,0
Zm00001d014655,0.0,II,0.531629,0.51,3.3992557238834458,0.2042755360714696,0.0154,0.1394,0.1104,238260.0,409484.0,9.55982,0.49,0.06,0.0,0.0,0.785,0.01,0.015,0.885,0.185,0.8200000000000001,0.48160000000000003,0.055099999999999996,1.0,0.24020000000000002,1.0,1.0,0,0.9596499999999993,0.12250000000000001,1.0,1.0,0.0,1.0,0.0,0.0,0.2420987274630249,0.0496553198074333,0.6281648632713501,0.433579432738625,0.9163444166069048,0.0236764481185743,0.3877301331961097,1.0042789213235035,-0.1233816954999818,1.0480235922509116,0.2321792016879511,0.0331967925126251,0.0846364502777535,-0.051536518296886,1.568237486293025,0.0038106330196401,-0.1162801671270269,-0.1396986825356681,-0.1095349898982797,-0.0527779458331424,-0.0790275196313191,-0.0636819269233777,-0.1485966277575242,-0.0850623995255753,0
Zm00001d014656,0.0,II,0.590529,0.43,4.758845913544984,0.2084554517853127,0.0296,0.1342,0.2207,84417.0,566348.0,9.55982,0.48,0.055,0.11,0.0,0.59,0.365,0.005,0.76,0.49,0.64,0.33665,0.7917000000000001,1.0,1.0,1.0,1.0,1398,0.5639999999999997,0.59,1.0,1.0,0.0,0.0,1.0,0.0,0.0025269532077148,-0.0086921054930731,-0.007938843884346,-0.00452402036839,0.0717752096928772,0.0190789734702328,-0.0418583425545848,-0.0025411391424201,-0.0062074983264833,0.7624832214196704,0.4153532937525416,0.1539113791204072,0.4616773460298448,0.0103330516582292,1.139706165460166,0.2563013468271454,0.1334853064120366,-0.0875035880756905,-0.0666630238441273,-0.0168043781600335,0.0545614375659824,-0.0570690226609206,-0.1059558104298961,-0.0347748094911454,0
Zm00001d014664,0.0,II,0.631498,0.61,2.5605793016687453,0.4508552297302475,0.0424,0.1862,0.2277,328.0,140493.0,9.10026,0.46,0.10500000000000001,0.015,0.0,0.565,0.6950000000000001,0.005,0.78,0.88,0.4,0.8152999999999999,0.26039999999999996,1.0,1.0,1.0,1.0,0,0.268,0.0695,1.0,1.0,1.0,0.0,0.0,0.0,-0.0871591382520757,-0.0728934444176831,-0.068003885113349,-0.0458423014651421,-0.0856826844990733,-0.0236216297188508,-0.084125464199814,-0.0646357855100713,0.3500091691837104,0.2729632112357413,0.4056052363529222,0.1653119758843577,0.5824137960403092,-0.0176689368811596,0.3151220631543718,0.4887733028101418,0.2260211399668692,-0.0349086143620543,-0.0070061613932959,0.0169577200969797,0.1936151024986286,0.0299297515385179,-0.0510275890225119,0.0687796764183042,0
Zm00001d014665,0.0,II,0.495984,0.55,2.9782376136407698,0.3860401348788377,0.0128,0.1787,0.0718,251.0,1533.0,85.7894,0.44,0.04,0.01,0.025,0.565,0.05,0.05,0.765,0.06,0.815,0.48019999999999996,0.1111,1.0,0.5,1.0,0.62505,1948,0.20930000000000004,0.0,1.0,0.0,0.0,0.0,1.0,0.0,0.4184036174925626,-0.0040222956359941,-0.0481330826621584,0.0293549809556425,0.2552314383614241,-0.0261231309114069,-0.0624173986941619,0.0132439467698666,0.2393538978580707,1.024468113406735,0.4507703854201019,0.2047597573777365,0.4707514906355424,-0.01029720205986,1.3940722866628137,0.2137400033820113,-0.0448496454621044,-0.0771450048033356,-0.020050586637492,-0.0265884640269665,0.0234253973984358,-0.0251228526890585,-0.0840892249315085,-0.0140945159388423,0
Zm00001d014668,0.0,II,0.479893,0.41,2.99033982241412,0.3307533455723421,0.0243,0.2086,0.1164,47542.0,239.0,10.072,0.44,0.05,0.03,0.0,0.795,0.05500000000000001,0.0,0.915,0.05,0.4,0.3359,0.3958,1.0,0.6616500000000001,1.0,0.96875,0,0.9030000000000004,0.06470000000000001,1.0,1.0,1.0,0.0,0.0,0.0,0.4684682785534391,-0.1094620756592379,-0.0889742670654373,0.0235017087208492,0.1607686180556486,-0.0249682145176182,-0.0981064901970373,0.0325057473180044,0.2451014937812727,0.68253959435918,0.6019713995093904,0.3391772179547215,0.697485349820436,0.0243541477921167,1.1708562260236293,0.5715772129995552,-0.0293037430019238,-0.0697043529092749,0.0117698198249177,-0.029294765136854,0.0272944357286666,-0.0176253131443437,-0.0548546714208057,0.0247646182453315,0
Zm00001d014671,0.0,II,0.475687,0.652941,3.5320218149173086,0.2077117884376754,0.0653,0.1109,0.5888,93508.0,28993.0,40.7477,0.34,0.0,0.04,0.005,0.025,0.575,0.15,0.945,0.675,0.43,0.01785,0.46665,0.36665000000000003,1.0,1.0,1.0,1120,0.15600000000000003,0.11600000000000002,1.0,1.0,0.0,0.0,1.0,0.0,-0.0107746463394877,-0.0141177717537784,-0.0136432806139439,0.0066916492426538,-0.0162804814828677,0.0264488833394179,-0.0364614987235123,-0.0050972690903952,-0.0136203966728593,0.66964073794593,-0.0927447061099842,0.0004027343281969,0.1567720601807634,-0.0400605274526278,0.7337065186770615,0.0043551384601638,-0.0416735160166332,0.7564757258821432,0.0504772335000365,-0.0011080869287178,0.0783050550220227,-0.0226444002851503,0.7691755365820837,0.0275294991404775,0
Zm00001d014673,0.0,II,0.506827,0.317647,7.302615255708034,0.1148527530968837,0.0031,0.1774,0.0176,120.0,123680.0,40.7477,0.33,0.03,0.04,0.0,0.14500000000000002,0.67,0.0,0.47,0.7250000000000001,0.38,0.306,0.5871,0.79165,1.0,1.0,1.0,897,0.292,0.50875,1.0,1.0,1.0,0.0,0.0,0.0,-0.1061072919798777,-0.1468719550758175,-0.169591825284997,-0.0995382455213421,-0.0782564255096805,-0.1333185252459927,-0.1578272917086204,-0.1462702754560859,-0.0595118930738982,0.4852586327399484,0.8277661959285265,0.4169009714451451,0.7038040291083842,-0.0182375287410345,1.1521291574736858,0.3471717121326808,0.1952574524143907,0.051734984619027,-0.0556884831129697,-0.0579814813565246,0.0443575870275872,-0.0996341792170506,-0.1306681624675781,-0.0385484166518148,0
Zm00001d014674,0.0,II,0.464678,0.347059,1.8575817110197013,0.4576782217142084,0.0321,0.1278,0.2514,52347.0,2171.0,40.7477,0.33,0.125,0.03,0.01,0.78,0.14500000000000002,0.29000000000000004,0.9099999999999999,0.495,0.755,0.85555,0.31615,1.0,0.79165,1.0,1.0,0,0.9444999999999999,0.292,1.0,1.0,1.0,0.0,0.0,0.0,0.201975580124788,0.0589386509869224,-0.061688623004548,-0.062108032562023,0.0422490724490755,-0.1013418741055948,-0.1335342294963596,-0.0355427073199482,0.4515466620187891,1.1355810756771447,0.2197633449986579,0.0081592789307235,0.311845223151999,-0.0932958044052473,0.7596919844836173,0.2967963410446678,0.00521838291662,0.0042884744742782,0.0078302498285587,0.0290217954897454,0.0520366839657858,-0.0033419361120248,-0.0210088523677506,0.0333557315058609,0
Zm00001d014683,0.0,II,0.461318,0.64,0.561610299018659,0.5147911713971828,0.0238,0.1187,0.2008,171386.0,144796.0,26.8412,0.29,0.09,0.01,0.005,0.615,0.38,0.21,0.8,0.58,0.63,0.51555,0.09720000000000001,1.0,1.0,1.0,1.0,1936,0.86655,0.0,1.0,0.0,0.0,0.0,1.0,0.0,0.309767568747635,-0.0572390118187158,-0.0879974927675706,-0.0165078759836225,0.1148356145988985,0.0173258698980794,-0.1051245063634481,0.0229838138069375,0.65658844003582,1.1337948584654327,0.2287188284265838,0.0369222423225709,0.4260389387412837,-0.1294179569689139,0.9731909704465016,0.2896164578496955,-0.0070055312513811,-0.0661926059723113,-0.050101399404709,-0.0176321054915421,0.0390491553353751,-0.0355225518607431,-0.075933764803202,0.0153115800448693,0
Zm00001d014697,0.0,II,0.675632,0.61,0.0025529318830804,0.98046053266909,0.0535,0.1084,0.4937,5985.0,288.0,10.5316,0.16,0.08,0.055,0.0,0.14500000000000002,0.64,0.0,0.345,0.845,0.0,0.54975,0.4487,0.95,1.0,1.0,1.0,1016,0.33675000000000005,0.9115000000000002,1.0,1.0,0.0,0.0,1.0,0.0,-0.0042937925440057,-0.0286044759431455,-0.0164312533855944,0.000157855281239,0.0191846084859959,0.0165511495199725,-0.0503297555537051,0.020680882087741,0.4349742567437054,0.14679664402075,0.2216574110558871,0.106198106837526,0.1816156379715021,0.4530296414097131,-0.0316635729178261,0.1544694956061281,0.2386984299490261,-0.023043493564866,-0.0064954283007574,-0.0328655872777457,0.0384871794373222,0.0118384246405994,-0.0917473774339663,-0.0367705244704927,0
Zm00001d014726,0.0,II,0.497076,0.39,4.719426220981096,0.268954857373406,0.0183,0.1204,0.1519,288.0,126.0,7.20936,0.24,0.02,0.0,0.0,0.675,0.005,0.01,0.78,0.52,0.61,0.36669999999999997,0.01785,1.0,0.1889,1.0,1.0,3077,0.4355,0.0,1.0,0.0,0.0,0.0,1.0,0.0,-0.0019006938021174,0.4066561770222483,0.4610472465279043,0.0700999683691257,0.2702292823789319,-0.0219577666627507,0.7573746327622944,0.267078240706754,0.0009490604431498,0.5990659474777031,0.4957499117807509,0.2666237966685943,0.5495472553538037,-0.0111537430704555,1.1005974027659104,0.3645384788927078,-0.0586972643256289,-0.1304815492968372,-0.0163047529189039,-0.0098432298380609,0.1164597930642298,-0.0479970513175599,-0.1093711618592639,-0.0167826124818578,0
Zm00001d014729,0.0,II,0.609075,0.43,4.002869383158502,0.1124226544458066,0.0209,0.1379,0.1518,7220.0,234641.0,39.7232,0.24,0.015,0.05,0.0,0.035,0.64,0.0,0.38,0.785,0.5800000000000001,0.21575,0.5716,0.33965,1.0,1.0,1.0,5416,0.0,0.5253000000000001,0.0,1.0,1.0,0.0,0.0,0.0,-0.0151143603865286,-0.0237688728515924,-0.0158053093999829,-0.0150540716689353,-0.0287417320717003,-0.001151990879915,-0.0359251749402655,-0.0214581458510082,0.0242979670603091,0.5555766406876487,0.5242581374449709,0.1901955245042608,0.3804462022892963,-0.0359034799670939,0.9554850767982812,0.3245362092723775,0.6102003602677788,0.3131573259726811,0.1641451212340769,-0.0171250208944617,0.1625354168891714,-0.0614328612180433,0.0001279933812039,0.0786198797416139,0
Zm00001d014743,0.0,II,0.609756,0.5,0.5187245430297972,0.8838484027197885,0.1439,0.284,0.5065,36359.0,76579.0,12.9347,0.22,0.02,0.05,0.0,0.19,0.195,0.0,0.44999999999999996,0.305,0.0,0.29505000000000003,0.5075999999999999,0.8856999999999999,1.0,1.0,1.0,5832,0.257,0.07,1.0,0.72,0.0,0.0,1.0,0.0,0.7946484947989625,0.1674609051103751,0.026285148487294,0.0247511322153028,0.1241868386495388,0.1215201932389042,-0.10330538709924,0.0259843647028764,0.9397942840196954,0.3609535077570883,0.3070028516790468,0.1574732006159085,0.3234725056359507,0.1155674436343131,0.0003331392746924,0.3456885142527638,0.8238877486655738,0.3962197139641414,0.0201988761639751,0.0077288250268328,0.1993569720704073,-0.0612126431750083,-0.083699157030096,0.1492061134489559,0
Zm00001d014760,0.0,II,0.531034,0.4,2.8537578752495274,0.4310594749040659,0.0254,0.1448,0.1757,1385.0,69327.0,29.7039,0.2,0.005,0.015,0.01,0.015,0.8049999999999999,0.185,0.39,0.89,0.575,0.07885,0.1583,0.1875,1.0,1.0,1.0,0,0.1265,0.549,1.0,1.0,1.0,0.0,0.0,0.0,-0.0588439965100548,-0.0859957036345395,-0.0668769605805898,-0.0398387819454391,-0.085024461603971,-0.0738573574782482,-0.1015226824105622,-0.0654606174693778,0.337729201564292,0.5022368002910265,0.2060082081562808,0.0397775975142634,0.280613552378547,-0.080968277986856,0.4614263000851332,0.1975023633713844,0.2657133077404119,-0.1018206228582753,0.4889403564251897,0.0870637985822791,0.343772336345055,-0.0352941549695749,0.1488800527562934,0.4528896479177167,0
Zm00001d014761,0.0,II,0.470839,0.4,3.237818889497122,0.2003201133645325,0.0407,0.1275,0.3193,38220.0,32583.0,29.7039,0.2,0.055,0.045,0.0,0.8300000000000001,0.575,0.005,0.885,0.7,0.665,0.38605,0.26705,1.0,1.0,1.0,1.0,480,0.34850000000000003,0.8079999999999999,1.0,1.0,0.0,0.0,1.0,0.0,-0.0156318260769132,-0.0118697380841975,-0.0215142787664674,0.0121768096056119,0.0121504155015628,0.0279088348487491,-0.0293384071531062,0.0044647255908035,-0.0451196013090263,0.8220946373958352,0.3600155081323524,0.0824537844704982,0.2141966327176659,-0.0540608933384185,1.3221065998580968,0.1422941422615089,-0.0738912724759847,-0.1278444038334688,-0.0693663124267709,-0.0248069380621068,0.0190029662552463,-0.0491164675819182,-0.1305970560099022,-0.0271418849419662,0
Zm00001d014762,0.0,II,0.745098,0.605882,0.8945104225408972,0.8149132663780053,0.0059,0.2769,0.0213,62531.0,111057.0,29.1917,0.22,0.0,0.015,0.0,0.01,0.235,0.0,0.0,0.4,0.26,0.0,0.16570000000000001,0.21875,1.0,0.0,1.0,2556,0.0,0.0,0.0,0.0,0.0,1.0,0.0,0.0,-0.0628055679151957,-0.0807364363336501,-0.0303203601945262,-0.039352797701752,-0.0758061798490428,1.076602797440144,-0.121889494936601,-0.0598947547554965,0.1727693760427313,0.0482083993240792,0.1847590055924854,0.001567227279537,0.0107727425367941,0.5449048378714292,-0.0275593689440289,0.0055439766587903,0.723142568987444,0.1058467875434827,0.25574079387603,0.0835657368965953,0.1738801292647476,1.230584736701499,-0.1212395861099602,0.0991520794909988,0
Zm00001d014764,0.0,II,0.501734,0.51,1.8477511352327505,0.3538202730853588,0.0805,0.152,0.5294,25.0,29492.0,5.72536,0.23,0.07500000000000001,0.065,0.0,0.835,0.895,0.03,0.9099999999999999,0.9450000000000001,0.605,0.7874,0.1666,1.0,1.0,1.0,1.0,0,0.0875,0.8599999999999999,0.84,1.0,0.0,1.0,0.0,0.0,-0.011258727528375,0.1497402786115578,0.0064866521337093,-0.0093304720635559,-0.0156168837547473,0.0011922750445236,0.1746016875815524,-0.0170271227853796,-0.0408579564063051,0.92990790810808,0.4233420038142843,0.1413841327502998,0.3997574327253611,-0.0636942567741951,1.2919323077640066,0.3148538196391947,-0.0874145518113074,-0.1123690916294496,-0.065408067476025,-0.0095793325787031,-0.0194275040501893,-0.0659869440479161,-0.122608402674352,-0.0236276429776777,0
Zm00001d014765,0.0,II,0.695693,0.48,0.2199741685149074,0.9092217012153736,0.0575,0.329,0.1749,324219.0,168460.0,5.72536,0.23,0.02,0.015,0.105,0.34,0.765,0.59,0.6000000000000001,0.925,0.595,0.2016,0.0667,1.0,1.0,1.0,1.0,0,0.42,0.0,1.0,0.0,0.0,1.0,0.0,0.0,-0.0556957549823475,-0.0853706482354577,-0.0873014191937271,0.0008800151864427,-0.0534312146684834,-0.0699403265269184,-0.1057796041134753,-0.0603217471184764,0.0531512122599903,-0.0181325173672825,0.2834831592317598,-0.0095652479721356,0.0525536354664386,0.0388857234908736,-0.0672988552828993,0.0579126690182382,-0.0398754183775965,-0.1440582384309267,-0.1015507193687621,-0.122023716295889,-0.0331394703228963,-0.0611570421394329,-0.1712719525359048,-0.080991455535019,0
Zm00001d014773,0.0,II,0.554952,0.67,3.9678767430310167,0.2176129102477137,0.0162,0.2112,0.0769,247.0,1621.0,48.364,0.2,0.07,0.08499999999999999,0.01,0.08499999999999999,0.25,0.05,0.095,0.45,0.59,0.75715,0.7642500000000001,0.94445,1.0,0.9375,1.0,0,0.032,0.2005,0.64,1.0,1.0,0.0,0.0,0.0,0.1248916263785087,0.007969906829745,-0.0329907391940474,0.0199300692762733,0.038821358407418,0.0672057924459425,-0.0670667163359324,0.0469310566959675,-0.0477662271393918,0.854477878156179,0.1537193744677011,0.1163922075495039,0.2719494439904836,-0.0551725296752783,1.1372139548473317,0.0454550932780535,0.4938275602987731,0.0481474245205078,0.0196598927845104,0.3208753645702217,0.5977712464264439,0.1072967173553105,-0.0242137587737236,0.3308227825605032,0
Zm00001d014775,0.0,II,0.551871,0.56,4.376002044466245,0.1873810546728439,0.0186,0.177,0.1051,50879.0,2749.0,44.5821,0.17,0.015,0.030000000000000002,0.0,0.775,0.01,0.015,0.91,0.32999999999999996,0.64,0.1254,0.3125,1.0,0.14579999999999999,1.0,1.0,1007,0.8969999999999996,0.0,1.0,0.0,0.0,0.0,1.0,0.0,0.0549481791646668,0.0666401842535318,0.0182097234437404,0.0170275603496546,0.1215872309050797,-0.018131972265116,0.1385708295555055,0.0714697625342115,0.0779813561864528,0.7478319670076606,0.5690490027729922,0.1923143374436711,0.3919629225448815,0.0060708362484372,1.227993667542067,0.3129028796733716,-0.0252014455030207,-0.0337528743693691,0.0411822957386481,0.0155836268421589,0.0492878768203472,0.0342052794183114,-0.0202080432662758,0.0682922136100231,0
Zm00001d014785,0.0,II,0.466887,0.61,6.182568677345242,0.2620024178173846,0.0205,0.0809,0.2539,106.0,133874.0,7.66892,0.2,0.055,0.02,0.0,0.8,0.56,0.0,0.89,0.76,0.515,0.7542,0.29164999999999996,1.0,1.0,1.0,1.0,97,0.2925,0.3735,1.0,1.0,0.0,1.0,0.0,0.0,-0.0362488954269736,-0.0601285576323914,-0.0485651094326086,-0.0467824088449927,-0.0655120102403861,-0.03756311449559,-0.0805349986630028,-0.0489491752155495,-0.0032179096529164,0.5780956445988564,0.7617533266121035,0.2898195046930533,0.4773625841085686,-0.0306287492025531,1.2221725811189543,0.2900717353656185,-0.0425001977882835,-0.0766026903578518,-0.0534022496469063,-0.0246124233530939,0.030580626694515,-0.0034309283238961,-0.0656270157005161,-0.0078321818137729,0
Zm00001d014789,0.0,II,0.547303,0.67,1.403466125985564,0.5869624386966756,0.049,0.1888,0.2597,72510.0,110038.0,44.5295,0.22,0.060000000000000005,0.0,0.005,0.565,0.07,0.025,0.73,0.085,0.36,0.5943,0.0,1.0,0.5,1.0,0.5,452,0.31600000000000017,0.797,1.0,1.0,0.0,0.0,1.0,0.0,-0.0054030821119163,-0.0098542093005124,-0.0151581845688705,-0.00904092419006,-0.0026713316171874,-0.0043834540969593,-0.0167497698077753,-0.0141289777422334,0.304103525858334,0.6841309127503383,0.5473884346269893,0.3010179636084942,0.6694528797305492,-0.0134027434274409,0.9512392513218092,0.481203656067243,0.0193033889483706,-0.07105255240667,-0.0420730678287176,0.0358285984980019,0.1626231728891876,-0.0370251793256,-0.0851563248039004,0.0172162246273478,0
Zm00001d014792,0.0,II,0.507623,0.67,5.335783565077816,0.2012208780025896,0.0165,0.1614,0.1024,195.0,3053.0,28.2725,0.22,0.06,0.005,0.0,0.16,0.055,0.005,0.45,0.215,0.505,0.4727,0.07625,1.0,0.47114999999999996,0.9896,1.0,9077,0.030500000000000003,0.0,0.61,0.0,0.0,0.0,1.0,0.0,0.3328722941885061,0.0597169965133402,0.080116348270335,-0.0018808478855095,0.0578287645006222,0.0430305089581715,-0.0682380436951081,0.0441255999798225,0.4570491555731414,0.7038134160567661,0.8537226754782277,0.2659495036790417,0.7131707646545082,-0.0134167587439927,1.182572450916424,0.4867091928175506,0.2813742646106036,0.1635616718180332,0.0274575364972475,0.0157443302061761,0.2121079035749269,0.0043561869712234,0.1516378468728813,0.0615562040454189,0
Zm00001d014797,0.0,II,0.490295,0.476471,3.3284925386932755,0.3430622251279636,0.0138,0.1283,0.1074,65633.0,36672.0,8.12848,0.19,0.045,0.095,0.0,0.7050000000000001,0.525,0.01,0.88,0.565,0.6000000000000001,0.44445,0.7719,1.0,1.0,1.0,1.0,1091,0.731,0.2275,1.0,1.0,0.0,0.0,1.0,0.0,0.3705058323164915,0.0674979281100392,0.0022864038408445,0.0600837574027812,0.1754925110756101,0.0843154841630983,-0.0649960884073235,0.0624266830529153,0.1474988806880923,0.7126295404794937,0.5388970453992494,0.2680262334555836,0.6042262691286874,0.0080874383535074,1.0161529476602995,0.4792293743476495,-0.0054538327165496,-0.0649224953435712,-0.0131218948590378,0.0100175763263954,0.0437598535638162,-0.0407840687628704,-0.0855740309447844,0.0276387813418831,0
Zm00001d014814,0.0,II,0.674819,0.48,3.701014315928328,0.5566427776349807,0.0438,0.1956,0.2239,15.0,136.0,15.3378,0.06,0.045,0.04,0.0,0.185,0.15000000000000002,0.0,0.15000000000000002,0.19,0.0,0.5820000000000001,0.5762,1.0,0.94445,1.0,1.0,0,0.0,0.0,0.0,0.0,1.0,0.0,0.0,0.0,0.8813559456507999,0.4415582831531518,0.1709458341416291,0.1033820167764593,0.5483974297595703,-0.0153994824334529,0.1845360412737512,0.4205184551265602,0.5303659785054501,0.093641142430621,1.193463160792743,0.2183801086681359,0.5275277064539855,0.0197219057301586,0.5154060487098433,0.594316053601081,0.5310323644644548,-0.0010217302447087,-0.0259309849141446,0.0512385456610192,0.1686040707882151,-0.0033239452651693,-0.0373058588947036,0.1021499292350759,0
Zm00001d014844,0.0,II,0.472087,0.57,5.781627141864656,0.3539985053543272,0.0231,0.1363,0.1694,5376.0,39546.0,24.8977,-0.15,0.06,0.01,0.0,0.715,0.53,0.01,0.835,0.76,0.59,0.5229,0.039349999999999996,1.0,1.0,1.0,1.0,5682,0.2285,0.0,1.0,0.0,0.0,0.0,1.0,0.0,0.1436011082408445,0.2767235490226591,0.0253629286776634,0.0331996488795177,0.2122916768155909,-0.0299896698573493,0.2498578524666976,0.0818384214995428,0.1671981547623079,1.0840261923168206,0.461832320082448,0.1717417560465257,0.6121680280787792,-0.0791249658602281,1.4849790135407814,0.3994823195463586,-0.0355717674663172,-0.0937767830465488,-0.0373123611823334,-0.044785364833615,0.0107271854485434,-0.035396771908636,-0.1129509746249729,-0.0324623230648379,0
Zm00001d014858,0.0,II,0.565401,0.66,9.091949094102365,0.14355234520311,0.0312,0.4094,0.0763,191.0,135.0,54.6542,-0.14,0.04,0.05,0.005,0.7,0.645,0.005,0.835,0.8049999999999999,0.11000000000000001,0.24205000000000002,0.58335,1.0,1.0,1.0,1.0,0,0.34149999999999997,0.565,1.0,1.0,0.0,0.0,1.0,0.0,-0.0069031825558994,-0.0377762216255143,0.0651257147768471,0.0785425599968124,0.2348552103433023,0.0147363887355328,-0.044931883531198,0.0479161201970985,-0.0145089956961413,0.0464682202510076,1.8272887807672944,0.5584294930489679,0.9424578648452892,0.0383491040694043,1.0507793153427838,0.5371281690100957,-0.019013975041583,-0.1165703084390823,-0.1010146517408636,-0.0370142142727448,0.1280053828704604,-0.0710879584879586,-0.1335495966880809,-0.0360998119100089,0
Zm00001d014867,0.0,II,0.447169,0.49,4.175381002162483,0.2807762764419442,0.022,0.1322,0.1664,39.0,213413.0,29.2444,-0.05,0.02,0.025,0.01,0.85,0.79,0.405,0.895,0.935,0.915,0.2333,0.14995,1.0,1.0,1.0,1.0,0,0.0,0.43849999999999995,0.0,1.0,0.0,0.0,1.0,0.0,-0.0992934414016984,0.919067840585834,0.0211519370162808,0.0130122840153368,-0.0930512092625577,0.0042435149543681,1.0092802944729382,-0.0770210457939487,-0.2514901777838784,1.9106552107902104,0.3659632895005095,-0.0052554341960168,-0.1559846590004315,-0.1008827799355841,2.419567013099395,-0.1456042917066679,0.0110573172285298,-0.0072699862335644,-0.0186984435060331,0.0305458716171861,0.0429794452925691,0.014646720949586,-0.0141612788836047,-0.0029646510132141,0
Zm00001d014874,0.0,II,0.611111,0.41,0.0069024067820752,0.9476639381222552,0.037,0.4109,0.09,342586.0,394844.0,43.0982,0.06,0.055,0.075,0.0,0.6799999999999999,0.6000000000000001,0.0,0.89,0.85,0.0,0.3333,0.49165000000000003,1.0,1.0,1.0,1.0,0,0.9787999999999997,0.081,1.0,0.96,1.0,0.0,0.0,0.0,0.0155868709033563,-0.0023389858458272,-0.0044142541610538,-0.0002453874323604,0.0107802520570419,0.0563436532249206,-0.0145791644634909,0.0096728519137232,0.7365545733606498,0.1901926104417064,0.2856802219660077,0.0757560970003918,0.2315399076171675,0.6531594049045708,-0.0853306503966649,0.07932457361899,0.0413452842820296,-0.043695078775444,-0.01692497610585,-0.0273687725914616,-0.0118845673749286,0.1202807267582104,-0.084812693486871,-0.0229464787776856,0
Zm00001d014897,0.0,II,0.512514,0.42,6.219675875181015,0.1644919450125379,0.012,0.13,0.092,187886.0,7491.0,9.10026,0.23,0.1,0.015,0.0,0.765,0.035,0.005,0.865,0.275,0.58,0.6208499999999999,0.22915000000000002,1.0,0.44445,1.0,1.0,165,0.9293,0.0,1.0,0.0,1.0,0.0,0.0,0.0,0.1743387838791711,-0.0392600931184685,0.0534055075757182,0.0507973021900431,0.3343741323749703,-0.0516024086242508,-0.0361193404283484,0.1890695948354862,-0.0574335900137372,0.7192593434753995,0.4898954273223531,0.3264852984020915,0.47007938509744,-0.0710873125376875,1.3245191404117451,0.3377583391977184,-0.0395997634930711,-0.0676872945494908,-0.0035761843048448,0.0068772551404637,0.051183984318809,-0.0446102052309745,-0.0624493642530316,0.0418700566248628,0
Zm00001d047015,0.0,II,0.462458,0.58,1.8319085559729709,0.3056385828727389,0.0262,0.0927,0.2825,338862.0,425.0,13.9065,0.83,0.05,0.1,0.0,0.61,0.11,0.08499999999999999,0.72,0.2,0.805,0.5780000000000001,0.7545999999999999,1.0,0.89625,1.0,0.9881,3109,0.6415000000000001,0.0,1.0,0.0,0.0,0.0,1.0,0.0,0.0090557645127698,0.0034173313823287,0.6011888229084941,0.2226173132912251,0.3023751062351414,0.0215449002124879,0.0279201102173087,0.4088387862055809,0.3193015588307505,1.732460556421335,0.2996302038203803,0.1702714280233137,0.7658868478180179,-0.0779234081925514,1.987488713340514,0.5604184997408173,0.0663969331555354,-0.0493882370978812,0.0198011019481892,0.0124299379167637,0.0568207118938352,1.7829568110017818e-05,-0.0507411252807755,0.0440075237449594,1
Zm00001d047020,0.0,II,0.47997,0.38,3.2504587510653256,0.3592736994042068,0.0353,0.1229,0.2874,88632.0,111301.0,14.4187,0.83,0.055,0.01,0.01,0.44,0.735,0.38,0.55,0.905,0.76,0.4458,0.19999999999999998,1.0,1.0,1.0,1.0,0,0.36750000000000005,0.3583,1.0,1.0,1.0,0.0,0.0,0.0,-0.057405088991206,-0.0521589632464051,-0.0358158574777189,-0.0266082492634899,-0.0558687897400447,-0.0247829924297501,-0.0682946355561104,-0.019541022158914,0.2378283088613703,0.3453163234580601,0.1868788213412894,0.1287858786008472,0.2548202329559487,-0.0617624798104641,0.1072791547565145,0.195557092714383,0.0497857523316038,-0.092704818739574,-0.0855089549816617,0.0222206091473332,0.1630440561465916,-0.0361041222637678,-0.0976593323500791,0.074210383881126,1
Zm00001d047025,0.0,II,0.706107,0.5,1.2346897223026925,0.6988263318000121,0.0284,0.7781,0.0365,31.0,406.0,30.623,0.84,0.1,0.21000000000000002,0.0,0.485,0.48,0.0,0.63,0.5449999999999999,0.0,0.4845,0.83075,1.0,1.0,1.0,1.0,6442,0.6914,0.3145,1.0,1.0,0.0,0.0,1.0,0.0,0.5485236621509859,0.0647249040439444,0.0144398914347028,0.2299130871758931,0.5142399318618991,-0.0350508320711219,-0.1189910769869401,0.2210348601398453,0.3332989899502699,0.0149762941852943,0.819397410254078,0.3373787814582924,0.5870990244800732,0.0281836051593512,0.2125814080457301,0.4411564913342956,0.0844225661674274,-0.1031808138421887,-0.0956330159835751,-0.0233567458711083,0.0914889599205821,-0.0425885922488601,-0.1199154649584796,0.0005148107091749,1
Zm00001d047039,0.0,II,0.60583,0.55,3.440187681407426,0.296566953558113,0.0265,0.1538,0.1721,148.0,6295.0,7.66892,0.84,0.02,0.02,0.0,0.45499999999999996,0.53,0.0,0.59,0.5249999999999999,0.31,0.2016,0.18785000000000002,1.0,1.0,1.0,1.0,2022,0.0,0.16399999999999998,0.0,1.0,0.0,0.0,1.0,0.0,0.0094016305124587,0.1434913081966204,0.0739112685513897,0.0215270343230167,0.0686484928240107,-0.0156284498421963,0.1090913889741798,-0.0276813753039158,0.2278644183556397,0.2910090278513745,1.0856708860996511,0.2017556733751406,0.6106384078098563,0.0289633395842399,0.641100215020926,0.6256301824952992,0.188513923472763,-0.0650551592887502,0.063559157767021,-0.0074732143352215,0.0683862685727199,-0.0133006610584058,-0.0794398084479127,0.0814946236032691,1
Zm00001d047042,0.0,II,0.679845,0.48,4.0799288458187,0.3394555700259392,0.0378,0.2709,0.1396,851.0,890.0,41.7195,0.84,0.08499999999999999,0.025,0.0,0.365,0.060000000000000005,0.0,0.47,0.315,0.12,0.68055,0.1637,1.0,0.3736,1.0,0.9582999999999999,0,0.41049999999999975,0.1575,1.0,1.0,1.0,0.0,0.0,0.0,0.1189520958761398,0.6072326733865046,0.4932798549353877,0.2275337867507464,0.4887476573165517,0.0493895086356085,0.8161087153365182,0.3992384058264756,0.3707160306220738,0.4366019027887755,0.665942440344376,0.4081428390940124,0.8251616107453762,-0.0175599010842395,0.6652631343706413,0.6338749475512881,0.1039903313100584,-0.0246848769121385,0.3274939825012914,0.1670478968345371,0.5132241523573124,0.0407814826238819,0.0455278446411114,0.3444392179954977,1
Zm00001d047044,0.0,II,0.418305,0.58,2.49334898434197,0.3036938255786526,0.0642,0.1136,0.5655,36.0,40153.0,23.0067,0.84,0.035,0.015,0.0,0.25,0.59,0.0,0.265,0.785,0.555,0.5398000000000001,0.16670000000000001,1.0,1.0,1.0,1.0,0,0.09199999999999997,0.8006999999999997,1.0,1.0,1.0,0.0,0.0,0.0,-0.0488100410791232,-0.1578602447543729,-0.1392804686647721,-0.0643528032950016,-0.0112335303300951,-0.0870698278493152,-0.1667343472243903,-0.0894567404362483,0.1205662820997691,0.9692489297154664,0.3368647260425614,0.2246356720329968,0.4946826605231231,-0.0557488105846141,1.4285515774849349,0.2529120139442742,0.2682780726312094,-0.076430065668154,-0.0237657852133244,-0.0051720524699694,0.0560213017781942,0.4742127688816384,-0.0591382786055812,0.0507383486865907,1
Zm00001d047045,0.0,II,0.568224,0.59,2.3858392204191734,0.3015006419467978,0.0408,0.1522,0.2677,70.0,45396.0,21.5754,0.84,0.07500000000000001,0.045,0.005,0.125,0.635,0.0,0.235,0.8049999999999999,0.01,0.62075,0.39449999999999996,0.7976,1.0,0.9271,1.0,0,0.0,0.741,0.0,1.0,1.0,0.0,0.0,0.0,-0.0242140340961209,-0.0091557056779273,-0.0250455374360539,0.0131886899482428,0.0394715055138342,-0.0233605898458744,-0.0360469935165872,-0.0213178551893195,0.1657382052007494,0.2751248873467922,0.6773122712442878,0.2111526025209949,0.5243095606506978,-0.012692966555908,0.6592308998824253,0.2552871472956458,0.4387614331658828,-0.0728215502994246,-0.0189994418372484,0.0371458281992829,0.2482554620311799,0.0330241906791771,-0.0739049337770757,0.0442147024096263,1
Zm00001d047050,0.0,II,0.673077,0.61,0.1463697145472917,0.7356278184565528,0.0776,0.3352,0.2316,132458.0,24809.0,11.5034,0.84,0.065,0.035,0.0,0.63,0.6950000000000001,0.0,0.71,0.78,0.0,0.95835,0.34625,1.0,1.0,1.0,1.0,4786,0.032,0.0,0.64,0.0,1.0,0.0,0.0,0.0,0.2696162124741094,0.1184809848217237,0.0644610189968192,0.0610989004414512,0.2678166951700739,0.0216336980782248,-0.0473428833774793,0.2024874684927898,0.5112361757044992,0.1982157112983134,0.2355390444593527,0.0866291153658884,0.107785319607275,0.1654717976385546,-0.06943201939941,0.0715370484786094,0.5587626567772732,0.0876076775126806,0.071209120809083,0.0719055078346829,0.1833464596361739,0.1898326141565382,-0.0789130437684519,0.0836763122864347,1
Zm00001d047053,0.0,II,0.523452,0.58,2.7485164016444585,0.3991868918106169,0.0076,0.1453,0.0521,56.0,154798.0,6.69714,0.83,0.045,0.005,0.0,0.25,0.29000000000000004,0.0,0.415,0.45999999999999996,0.43,0.69545,0.0933,1.0,1.0,1.0,1.0,43,0.08525,0.0126,1.0,0.66,0.0,1.0,0.0,0.0,0.4235085330643821,0.0311811392098455,0.0623171076778629,0.1856382473492476,0.5679167607558242,-0.0196606686333649,-0.0890852870061566,0.5774409997264047,0.4388128690656707,0.624852800353098,0.7255269265998188,0.2003817784876955,0.51637457061785,0.0099024255717703,0.9297857140803748,0.4902216237621198,0.0417769246931234,-0.1317338622365308,-0.0612897584565741,-0.0830229631874942,0.0385694525673204,-0.0265669843193825,-0.1117347514992713,-0.0526689062890229,1
Zm00001d047054,0.0,II,0.483393,0.65,4.71632263598547,0.4461247099528572,0.0221,0.099,0.2232,42.0,43188.0,30.2161,0.83,0.01,0.05,0.005,0.845,0.6799999999999999,0.02,0.925,0.825,0.43,0.09720000000000001,0.51185,1.0,0.96875,1.0,1.0,0,0.0,0.33799999999999997,0.0,1.0,0.0,1.0,0.0,0.0,0.1235276428191891,-0.0239648627501309,-0.0181332626638548,-0.00999516149285,0.0330398845699658,-0.0139318845239656,-0.0523170440476187,0.0351801121123878,0.3463221654384847,0.7274728154854014,0.5332137187139672,0.0982329428722792,0.4461007271629413,-0.0523168056192271,0.9660872795553064,0.2069600791846753,-0.0059949595766221,-0.029719829951202,0.0495184649585926,-0.0070517280006843,0.0256070224271407,-0.0072797231350102,-0.0182802295925537,0.0094647312925776,1
Zm00001d047058,0.0,II,0.484634,0.55,3.086456245871656,0.2620503562481029,0.0188,0.1653,0.1136,281.0,236277.0,20.1441,0.83,0.03,0.015,0.02,0.3,0.7,0.01,0.805,0.77,0.22,0.5742,0.0785,1.0,1.0,1.0,1.0,1491,0.30750000000000005,0.49200000000000005,1.0,1.0,0.0,0.0,1.0,0.0,-0.0333903967836193,-0.0235819927228416,-0.0302821975065438,-0.0033853702376532,-0.0315968178314936,-0.0127246940179205,-0.0453777633693419,-0.0149952262924339,0.2363663211294731,0.3750569260576452,0.6539122145157299,0.4092066580664986,0.8009523015925089,-0.0270755086712765,0.5346305766908996,0.8680623013903164,0.0300451696123291,0.7617850369267786,0.1621552772759886,0.0233519052336184,0.1013091806482826,-0.0822763949866646,0.6995825340801345,0.0908399319597418,1
Zm00001d047059,0.0,II,0.489712,0.523529,2.8498784565671778,0.3465966562277368,0.0346,0.097,0.3569,208724.0,27072.0,20.1441,0.83,0.02,0.03,0.005,0.565,0.7,0.01,0.74,0.89,0.38,0.20479999999999998,0.40080000000000005,1.0,1.0,1.0,1.0,0,0.1665,0.8075,1.0,1.0,1.0,0.0,0.0,0.0,-0.0441195142500984,-0.0180525354651483,-0.0574908214249525,-0.0369366356825091,-0.019826485647657,-0.0401304665708057,-0.0481787934283731,-0.0372149177529921,0.2353685738148133,0.4537098818968994,0.4896835242188821,0.3749470927257424,0.7688064900893035,-0.0221659464945558,0.6725362610222514,0.7180944988608042,0.0094406664693869,-0.1311822452451662,-0.0886225901592346,-0.0745281719324666,-0.017631362301114,-0.0819963656173392,-0.1366595644078336,-0.0553007547400503,1
Zm00001d047066,0.0,II,0.667686,0.56,0.7465105060739649,0.7103868649400454,0.0423,0.8871,0.0477,65961.0,4445.0,14.3661,0.81,0.034999999999999996,0.065,0.08,0.765,0.42,0.14500000000000002,0.885,0.71,0.14500000000000002,0.5614,0.40885000000000005,1.0,0.9773000000000001,1.0,1.0,0,0.875,0.9429999999999995,1.0,1.0,1.0,0.0,0.0,0.0,0.1213807876447405,0.5661425239462674,0.4011090220900796,0.1866268252453471,0.3683922414904383,0.0023527487014068,0.9091432041404436,0.1467875012217023,0.9600783542049328,0.1762086464977067,0.2880777810924581,0.0932527494395713,0.2358480801334,1.205725799030755,-0.0998148664016433,0.1218008786428137,0.0404073616748284,-0.1019780124413787,-0.0791500756008053,-0.0664022739781283,-0.049862498324665,0.2753388500987008,-0.1359907240304272,-0.0492774736433148,1
Zm00001d047067,0.0,II,0.582126,0.52,4.454455094024968,0.3516499197154881,0.0214,0.2106,0.1017,122.0,71402.0,14.3661,0.81,0.035,0.09,0.0,0.04,0.475,0.005,0.045000000000000005,0.615,0.275,0.5167999999999999,0.54565,0.66885,0.9773000000000001,0.38255,1.0,0,0.0,0.9352000000000003,0.0,1.0,1.0,0.0,0.0,0.0,-0.0432753030112151,-0.1104272377061671,-0.0992624040507069,-0.0785905850709812,-0.0810312805298204,0.1466136245103502,-0.1252975660983863,-0.1017346097121159,0.119432693035676,0.4743579186738668,0.6392239421784189,0.2435692683478902,0.5252336754020848,-0.001621968263286,0.9262531297231208,0.2961837686044256,0.5957792467085228,-0.0519364408699143,0.0036815879778702,-0.0009240151286825,0.1084682853394048,0.0381519546898299,-0.0769819923203777,0.0825582343963372,1
Zm00001d047077,0.0,II,0.700963,0.51,1.6688090437958236,0.7680405737871319,0.0305,0.298,0.1024,24396.0,15018.0,22.035,0.78,0.045,0.02,0.005,0.6599999999999999,0.745,0.03,0.76,0.91,0.08,0.49835,0.2385,1.0,1.0,1.0,1.0,0,0.4684999999999999,0.9740000000000001,1.0,1.0,1.0,0.0,0.0,0.0,-0.0507118537583235,-0.0429265490319395,-0.0548497648769421,-0.0159725218615147,-0.0880871764309551,-0.0345336365943103,-0.1013793441813327,-0.0326610275755794,0.3753269236932505,0.1740210366542871,0.5118800833713523,0.2084466767246739,0.2187786094283602,0.1170934474945575,0.0549688017239302,0.1787660581625663,0.0443616194683742,-0.0984537614745823,-0.0001191936535153,-0.0017627479901492,0.1032858686721902,-0.0283035589241194,-0.0893589417984532,0.0339819573504174,1
Zm00001d047078,0.0,II,0.515455,0.647059,3.222835438133114,0.3263451302113918,0.0102,0.129,0.0792,79.0,731.0,16.7692,0.78,0.1,0.07,0.04,0.65,0.52,0.225,0.78,0.725,0.71,0.56665,0.6499999999999999,1.0,1.0,1.0,1.0,3255,0.18949999999999995,0.053000000000000005,1.0,1.0,0.0,0.0,1.0,0.0,-0.0624077374592868,0.0627557249428409,0.338609870014919,0.0926690167449089,0.2152988289277052,0.003522700715976,-0.0273474762601135,0.2906119044452904,-0.1153230056778672,0.6933030539076126,0.2671963115966056,0.0618113287398663,0.2748981625928698,-0.0915176097367471,0.9098631839554164,0.0815932817197327,0.1126376681649159,-0.0766902378083014,-0.0494229356540028,0.0460273729093484,0.2279698319493674,-0.0179645624101161,-0.0952436551525127,0.0843730848023498,1
Zm00001d047079,0.0,II,0.441799,0.62,3.7346001351040736,0.2715994909446428,0.0614,0.1177,0.5213,1095.0,52135.0,53.6298,0.76,0.025,0.02,0.005,0.655,0.46499999999999997,0.065,0.755,0.7350000000000001,0.765,0.19375,0.3201,1.0,1.0,1.0,1.0,0,0.0,0.18149999999999994,0.0,1.0,0.0,1.0,0.0,0.0,-0.008655715703567,-0.0248229488084552,-0.0114043539231951,0.0073291737691183,-0.0092588721634736,-0.0027883010075861,-0.0355964925282496,-0.0168183628920431,-0.1861927247049465,1.4571688823437332,0.0490144360581388,0.1946015471446005,0.5323901764786492,-0.0991906744420621,1.8542081620076736,0.0152510044127737,0.0949409894468592,0.09574230649985,0.7706168912084577,0.3426983516067035,0.6003827008798073,0.0375746757839039,0.5856811658308714,0.6083461493342192,1
Zm00001d047081,0.0,II,0.713904,0.55,1.092592053717354,0.6693780540701559,0.0397,0.2786,0.1426,12.0,492.0,70.8585,0.76,0.035,0.05,0.0,0.08499999999999999,0.32,0.0,0.175,0.385,0.0,0.63615,0.31505,0.80235,1.0,1.0,0.95455,0,0.08999999999999998,0.43249999999999994,1.0,1.0,1.0,0.0,0.0,0.0,0.0049613461388906,-0.0004298112921145,0.0026708151386841,0.0111218223776657,0.001608613895745,0.0038758579013043,-0.0033715865119185,-0.0022889652285115,0.0673755153238679,-0.0519429283987817,1.057247617200895,0.3620005013180024,0.5440213839442329,0.0183946143395996,0.0107506945915466,0.573539413023098,0.0605921202315844,-0.0757532168546534,-0.0390045665227442,0.2465976695018467,0.5686300195803013,0.0129092557246773,-0.0825397404923833,0.4043498169290885,1
Zm00001d047087,0.0,II,0.672474,0.64,3.5830001628763792,0.4465285432443789,0.0335,0.5205,0.0643,239.0,1137.0,61.7582,0.73,0.02,0.01,0.0,0.585,0.58,0.0,0.755,0.71,0.0,0.1488,0.1982,0.9167000000000001,1.0,1.0,1.0,1161,0.0,0.285,0.0,1.0,0.0,1.0,0.0,0.0,0.1859967277141343,-0.0900552913702719,-0.0264025308733579,0.1148056642397495,0.330288478178055,-0.0080523554753127,-0.1135900887531071,0.1877412914615477,0.1750075730881517,-0.0553927209656769,1.2178624067180537,0.3634168503697467,0.5772041542160613,0.0455730850557391,0.0831958156526304,0.4761068190295258,0.1690128856086276,-0.0863630768706505,-0.0670231947322689,0.0282955959939814,0.1791271489336328,0.0239413309275206,-0.0970747163819825,0.0107657501301201,1
Zm00001d047092,0.0,II,0.475053,0.36,1.9699910478068676,0.4344959118141046,0.0202,0.1318,0.153,23898.0,191530.0,10.5316,0.73,0.015,0.055,0.0,0.79,0.05,0.015,0.88,0.15000000000000002,0.665,0.10715,0.47714999999999996,1.0,0.86665,1.0,1.0,4918,0.06,0.0,1.0,0.0,0.0,0.0,1.0,0.0,0.7068404675056984,0.1353038612849454,0.081495165218458,0.0847678851206839,0.1325471134855626,0.8249829281493462,-0.0689538050706774,0.0504005900587026,0.0595816084987076,0.8422686752893872,0.472681896038834,0.2282363515910237,0.4097826213855809,-0.0046893256569666,1.1377270386851548,0.2622053358393859,-0.0504817755156989,-0.0990594216106564,-0.0215186362740421,0.0145471265279679,0.0514248498902842,-0.0245907578022721,-0.0818337873334818,0.0225359999852714,1
Zm00001d047103,0.0,II,0.547619,0.6,2.366924322470489,0.2959319119464679,0.1204,0.1347,0.8941,84.0,5572.0,23.0067,0.73,0.035,0.015,0.01,0.8,0.39,0.4,0.9,0.58,0.8200000000000001,0.33304999999999996,0.17855,1.0,1.0,1.0,1.0,7848,0.08650000000000002,0.5684999999999999,0.88,1.0,0.0,0.0,1.0,0.0,0.8997094661125458,0.4466238931000813,0.2456848196424489,0.0959639695744395,0.2545367727645974,-0.0318082141802943,-0.0114138801510245,0.2086624223322586,0.0367714997996108,0.9722951052891972,0.333619328618928,0.169079604882664,0.3891737250275847,0.0091396505518584,1.2851282211012838,0.2288133589615249,-0.0341538612209643,-0.0727127556127589,-0.0735137852811369,-0.0355731677100815,-0.0484182709384987,-0.0159491547165995,-0.0829670589008998,-0.0125244719730505,1
Zm00001d047104,0.0,II,0.570552,0.63,0.9771919697573642,0.6184641051289592,0.0175,0.1665,0.105,119.0,10370.0,11.5034,0.73,0.12000000000000001,0.01,0.0,0.605,0.41500000000000004,0.005,0.7,0.595,0.015,0.89695,0.19999999999999998,1.0,1.0,1.0,1.0,2395,0.134,0.5685000000000001,1.0,1.0,0.0,0.0,1.0,0.0,0.3593634580365298,0.3617389188318981,0.0494602500892311,0.0129354842480732,0.1694948445409279,-0.0137281195761328,-0.0329783824931345,0.1377004579963968,0.8630154669340355,0.3840937099641955,0.2466463824916259,0.1212623057541338,0.29759069655442,-0.0124405554386941,-0.0238516952678063,0.2183362338906799,0.1884706633208352,-0.0404176576344425,-0.0077430950984425,0.0567832346273764,0.1904966015055229,-0.0005909587234181,-0.075742718277124,0.0556995882300577,1
Zm00001d047105,0.0,II,0.493175,0.53,1.8283995238314867,0.4623547603230009,0.0311,0.111,0.2799,769.0,59605.0,12.9347,0.73,0.04,0.1,0.0,0.855,0.19,0.02,0.895,0.29000000000000004,0.455,0.46590000000000004,0.875,1.0,0.9028,1.0,1.0,0,0.4445,0.22099999999999995,1.0,1.0,1.0,0.0,0.0,0.0,0.4145103686113953,0.0553586999669469,-0.0228528345366795,0.1432349630299438,0.3064183995498792,0.1637955765713766,-0.0718541526907433,0.1831664818889235,0.8866139047473418,0.9033456733240428,0.257107887167091,0.1154264682199343,0.4690810705340012,-0.0124908524732983,0.7626712220203797,0.2809297755074453,0.0281911386295399,-0.0295998989011494,-0.0058533989074678,0.0014691695028459,0.0119415572787925,-0.0239959140008357,-0.0310080831101779,0.0020391870112314,1
Zm00001d047107,0.0,II,0.475915,0.394118,1.1135969012568114,0.4557427985416022,0.1047,0.2074,0.5049,3136.0,1002.0,7.66892,0.73,0.025,0.14,0.0,0.05,0.265,0.005,0.1,0.41000000000000003,0.46,0.34795,0.72915,0.8222,0.89585,0.9582999999999999,1.0,768,0.0,0.3218000000000001,0.0,1.0,1.0,0.0,0.0,0.0,0.6136508872230092,0.0864517951119559,-0.0043130175724808,0.109513886808708,0.3403065875177939,0.048884190617551,-0.0941426858569714,0.1966700212936757,0.6389353845579686,0.5717088787354981,0.3277993841169571,0.4164141324536684,0.8809797385801763,-0.0088080299946805,0.4882062531423934,0.6964351764862202,0.3051298004740669,-0.0643413194027764,-0.0785246318616196,0.0048823043136187,0.1653911303757716,-0.0716378782414843,-0.1121774700892806,0.1050185077071126,1
Zm00001d047109,0.0,II,0.700787,0.447059,0.5083801482330514,0.7457836096054811,0.0372,0.1676,0.222,43580.0,435.0,37.7797,0.72,0.025,0.02,0.0,0.7849999999999999,0.045,0.0,0.9099999999999999,0.065,0.03,0.2636,0.33285,1.0,0.8222,1.0,0.9582999999999999,3131,0.9407999999999999,0.0,1.0,0.0,0.0,0.0,1.0,0.0,0.6070710521342081,0.0946529017359771,-0.0005788866398467,-0.0123074626732705,0.1184475674387898,-0.0259771112735817,-0.1246749700069953,0.0211132051925142,0.0493344612427028,0.0450789497053921,0.1887079110325431,0.0147911701825189,0.0484130909847942,0.0173383815371273,-0.0479173631201799,0.091299740250301,-0.0342280686631507,-0.0555616463736777,-0.043013329649493,-0.0640119932803905,-0.0124478631523699,-0.0240609765255377,-0.0968926468770875,-0.0486398643764594,1
Zm00001d047119,0.0,II,0.666667,0.58,4.769030005794284,0.1621709748724621,0.0398,0.234,0.1701,102336.0,18710.0,13.4469,0.71,0.045,0.015,0.0,0.79,0.435,0.0,0.87,0.915,0.02,0.6487499999999999,0.2222,1.0,1.0,1.0,1.0,0,0.0385,0.768,0.77,1.0,1.0,0.0,0.0,0.0,-0.0289365236535949,0.3844423023353272,0.1849268064130727,0.0625102358003985,0.119210804520934,-0.0388875779341759,0.5989184562928083,0.0688666633831241,0.1809878834113724,0.0909217924481383,1.0675372517029669,0.5481561770266062,0.9116392515999026,0.0323804560441105,0.700695283091419,1.0053087093535935,-0.0668019690638765,-0.1216522816834404,-0.0566554987498579,-0.0519532529931778,-0.0614846634445346,-0.0818295360058054,-0.10740969644279,-0.0284290968098239,1
Zm00001d047126,0.0,II,0.426607,0.54,1.660368566126288,0.4498368047784163,0.0631,0.1125,0.5609,17655.0,4742.0,12.4752,0.71,0.095,0.005,0.0,0.345,0.07,0.005,0.44999999999999996,0.31000000000000005,0.41500000000000004,0.6268499999999999,0.1096,1.0,0.5595,1.0,1.0,652,0.1732,0.13049999999999998,1.0,1.0,1.0,0.0,0.0,0.0,0.6107169068102799,0.2413417902962492,0.1624841292083614,0.04360829868868,0.3080758608179396,-0.0282969619545448,0.0530993271200633,0.2953238924216986,0.4931119986260635,0.7905726335574939,0.5654011979860248,0.2577828032859219,0.654192399197498,0.0058132037904254,1.1149589326514282,0.5413525051828824,0.2083951010206086,-0.0666111671201569,-0.0110154043792313,0.0016561265363206,0.1577084057698601,-0.040545901556595,-0.0806898576820747,0.0160379932834843,1
Zm00001d047130,0.0,II,0.491862,0.54,0.8315049411604477,0.5725371371121867,0.0419,0.133,0.315,59794.0,820012.0,10.072,0.7,0.025,0.03,0.0,0.6,0.72,0.0,0.6950000000000001,0.815,0.03,0.37215,0.54335,1.0,1.0,1.0,1.0,618,0.2415,0.059500000000000004,1.0,1.0,1.0,0.0,0.0,0.0,-0.0381627608238994,-0.0664416832241008,-0.0373155111489869,-0.0034394169836903,-0.0472839049415668,-0.0413268647772081,-0.0770141877922497,-0.0428782674523302,0.8866370509478481,0.4096818187097906,0.5047209626091353,0.398691096618694,0.970939405058806,0.0199471633408689,0.0171256822308249,1.0063864571079355,0.0825720447546541,-0.0636330163618693,0.0784290789268739,-0.0102589398858884,0.209063848865528,-0.039792001870201,-0.0950772069215685,0.1772361435078862,1
Zm00001d005252,0.0,II,0.622198,0.635294,1.156679805196009,0.7092225245465136,0.037,0.294,0.1257,160.0,630.0,37.4254,0.32,0.065,0.01,0.0,0.495,0.64,0.0,0.5800000000000001,0.875,0.015,0.624,0.13019999999999998,1.0,1.0,1.0,1.0,2704,0.0,0.0,0.0,0.0,1.0,0.0,0.0,0.0,-0.0540105752112024,-0.0758521269193418,-0.1204097558281344,-0.0173058132480481,-0.0752240848442157,-0.0464508291489762,-0.1191337885790606,-0.0951875540004254,0.2966223878195834,0.1170917070044851,1.005680987808168,0.6016460669659232,1.0428311133124424,0.0036948494232261,0.1962544827239483,1.072547934752921,0.1561645601163284,-0.0355733534492855,-0.0725849396059481,0.0264567170746253,0.2379117666454711,0.0126449602001173,-0.1126277979183646,0.040869766898945,1
Zm00001d005250,0.0,II,0.515432,0.57,3.6520962507793286,0.513751014988294,0.0061,0.2076,0.0292,341.0,167709.0,21.1158,0.32,0.04,0.02,0.0,0.525,0.65,0.0,0.73,0.845,0.55,0.5625,0.32499999999999996,1.0,1.0,1.0,1.0,726,0.0335,0.47,0.67,1.0,1.0,0.0,0.0,0.0,-0.0653617867552948,-0.0627589146419787,-0.0767100884706408,-0.0194669246602109,-0.0726933052126552,-0.0293537979334652,-0.0892969278047865,-0.0540393883572092,0.1102216974302544,0.7150343142960397,0.7332327526333154,0.453353228010048,0.9120643468624796,0.0042827067609891,1.071342166723852,0.7896132728244393,0.0284605784707746,-0.0734482484901628,-0.0758093677436028,-0.0432980973257239,-0.005382004241571,-0.0046490271177095,-0.0872253593639815,-0.0351846013918008,1
Zm00001d005248,0.0,II,0.483523,0.62,4.86542634314702,0.2627431069271532,0.0342,0.1578,0.2164,106532.0,2746.0,17.2288,0.33,0.035,0.085,0.0,0.645,0.395,0.005,0.8,0.645,0.665,0.46945,0.6747,1.0,1.0,1.0,1.0,0,0.6200000000000001,0.20700000000000002,1.0,1.0,1.0,0.0,0.0,0.0,0.0471477563664258,-0.0389712291790512,-0.0316953210442913,0.0051613404949379,0.0451155229756204,0.0133803099329663,-0.0676632475317215,-0.0190218265410534,0.0066830112998925,0.7600526128591762,0.4895186458198096,0.1948992060208363,0.4361682202087059,-0.0203689785674024,1.2790341756678358,0.2906301684848559,-0.0542919068030121,-0.096774263711291,-0.0717118064399973,-0.0716525284227727,0.0041359607147311,-0.0768205037760748,-0.1200121655157886,-0.0339662483818293,1
Zm00001d005244,0.0,II,0.615048,0.68,3.3527474533422748,0.2091922204478351,0.0308,0.1107,0.2783,306.0,368.0,76.2296,0.33,0.07,0.03,0.005,0.85,0.735,0.19,0.825,0.8500000000000001,0.625,0.5458000000000001,0.25125,1.0,1.0,1.0,1.0,0,0.23499999999999996,0.22315,1.0,1.0,0.0,0.0,1.0,0.0,-0.064143269869859,-0.0864674813630474,-0.0374461503448451,-0.0117912528512185,-0.0315249781432099,0.0407373722385636,-0.1122936024699825,-0.050892254689427,-0.108832328206697,0.7209167039570594,0.396136239090456,0.1080281248438164,0.2638248548073568,-0.0648707745148451,0.9752916086507007,0.177418259840717,0.014774368884724,-0.0421353191860853,-0.0013385043730416,0.0180339154137788,0.0412771426016503,0.0596799619356458,-0.049331623526824,0.0209402049808144,1
Zm00001d005240,0.0,II,0.457441,0.46,3.016782041736438,0.3109392212733454,0.0538,0.1271,0.4229,16800.0,595299.0,132.775,0.33,0.01,0.015,0.0,0.72,0.7450000000000001,0.0,0.8200000000000001,0.8049999999999999,0.66,0.08675,0.16665,1.0,1.0,1.0,1.0,0,0.0,0.20650000000000002,0.0,1.0,1.0,0.0,0.0,0.0,-0.0229554062486564,-0.06311447404225,-0.077596019675849,-0.0671085976121368,-0.0197710332012859,-0.0532927828719164,-0.1147291362064044,-0.0678910538362132,0.1290556549608759,0.8819467308825931,0.3415416342051429,0.0339169519277679,0.3114813822025408,-0.0712835167650087,1.2009742970080743,0.2061454216606996,-0.0102994476811282,-0.013341258006556,0.096640592402103,0.0518466625927978,0.1294866489253966,0.0272213960681792,0.0150081632390866,0.0808083520111289,1
Zm00001d005238,0.0,II,0.492754,0.41,5.114466219191461,0.2479161201880126,0.0161,0.1662,0.0966,356350.0,257929.0,132.775,0.34,0.11,0.02,0.035,0.685,0.635,0.11499999999999999,0.825,0.85,0.69,0.6405,0.2794,1.0,1.0,1.0,1.0,1820,0.5915,0.4445000000000002,1.0,1.0,0.0,0.0,1.0,0.0,-0.0239618402981835,-0.0287432844345932,-0.0042342882018067,0.0012657158939132,-0.0261420361592512,0.0230147384326766,-0.0380263630787163,-0.0234492103251356,-0.0289432712431954,0.6489767669314962,0.4245302377407374,0.1541040030318809,0.2934604594905933,0.0111177716912536,0.9907508509694166,0.2320748198346056,-0.0376940435367634,-0.0531814624232255,0.0255598777613994,0.042652636348943,0.1758959511006015,0.0093301764221241,-0.0217071129238507,0.0890692750518598,1
Zm00001d005231,0.0,II,0.525847,0.670588,8.261384690437952,0.1418839726620144,0.0,0.2608,0.0,30025.0,120327.0,12.9347,0.35,0.035,0.04,0.0,0.705,0.62,0.015,0.815,0.72,0.64,0.42045,0.30874999999999997,1.0,1.0,1.0,1.0,238,0.5005,0.316,1.0,1.0,0.0,1.0,0.0,0.0,-0.0684954799319105,-0.0823393871660023,-0.0757720668253641,-0.048304380057263,-0.0340689467130456,-0.0341022572588035,-0.0972672614302636,-0.0868780479063096,-0.0597585082532885,0.4514871726545139,0.5691674431795339,0.1114819539397558,0.2457990343292133,-0.0463744161627144,0.9694928778817368,0.1594947261053282,-0.0930978478885476,-0.1037390841660152,-0.0959744974745754,-0.0478142229836459,-0.0806299665901651,-0.0527586929908438,-0.1245209273752767,-0.0615343031694387,1
Zm00001d005229,0.0,II,0.46304,0.45,2.2611775865278965,0.3442268044041149,0.025,0.1223,0.2041,35283.0,113446.0,22.4946,0.35,0.125,0.015,0.01,0.635,0.53,0.04,0.735,0.595,0.675,0.7285999999999999,0.24855,1.0,1.0,1.0,1.0,1784,0.031,0.2535,0.62,1.0,0.0,0.0,1.0,0.0,-0.0448976270729085,-0.0511730538004275,-0.0446415796615456,-0.0158381240088318,-0.0442627995940114,-0.0172326360850401,-0.0773250785839232,-0.029292084673987,0.0129792451983132,0.8684060208311042,0.3447504190298328,0.0911137841928119,0.2992601289607854,-0.024395143365308,1.2890338663720762,0.2239121540752847,0.0492581353741418,-0.0864050519090262,-0.0505290049185483,-0.0044353693563766,0.1278859276875299,-0.0284621378469883,-0.0761803677922854,0.051803941458779,1
Zm00001d005208,0.0,II,0.696272,0.45,1.1326644391569989,0.5447378223386912,0.0282,0.9236,0.0305,33471.0,733.0,14.8256,0.37,0.03,0.025,0.0,0.8,0.375,0.0,0.8049999999999999,0.4,0.0,0.39875000000000005,0.26155,1.0,1.0,1.0,1.0,3324,0.0815,0.15660000000000002,1.0,1.0,0.0,0.0,1.0,0.0,0.0678925671157274,-0.0749951493684541,-0.02873896482825,-0.0058204803030251,0.1004705318956775,-0.0398332865692351,-0.09864658125696,-0.0488569879116609,0.1330765485296678,0.0451355305378183,0.8107982628120596,0.3018518711489503,0.5390924678084968,0.0267341425600879,0.1603597182765653,0.6479412143598113,-0.0386535932269754,-0.079050485793078,-0.0493611159394769,0.0202411760321076,0.0763122942513559,-0.0313910016706862,-0.0855739334833117,-0.0193899056656691,1
Zm00001d005205,0.0,II,0.501182,0.48,3.4687721184356044,0.3338298702545131,0.0186,0.192,0.0969,97112.0,413333.0,14.8256,0.37,0.03,0.02,0.005,0.795,0.825,0.165,0.9099999999999999,0.88,0.72,0.44045,0.16665,1.0,1.0,1.0,1.0,1031,0.182,0.33349999999999985,1.0,1.0,0.0,0.0,1.0,0.0,-0.0279677054034534,-0.0534706486720727,-0.0445312399277586,0.0051592711100025,-0.040231947221072,0.0279842636146237,-0.0506900657968605,-0.0189829484618223,-0.0024703252441759,0.5428327496474706,0.3793337163343236,0.1576288426071198,0.3626262637546117,-0.0761021192527033,0.7919721707068301,0.2953665553345909,-0.0351652551163558,-0.0797868958231469,-0.0449615864369317,0.0044656128773817,0.0295962095636974,-0.0197354943107413,-0.0681712240150818,0.0242289926264933,1
Zm00001d005200,0.0,II,0.531915,0.45,6.373642273844485,0.2147420816888263,0.0031,0.2241,0.014,207873.0,305485.0,8.58804,0.37,0.01,0.015,0.005,0.72,0.7050000000000001,0.01,0.86,0.835,0.21500000000000002,0.1666,0.17915,1.0,1.0,1.0,1.0,0,0.37550000000000006,0.5246000000000001,1.0,1.0,1.0,0.0,0.0,0.0,-0.0580690536358493,-0.0803739330460005,-0.0917147776955481,-0.037496547528144,-0.0769151743939139,-0.0440130883244693,-0.1073487327767768,-0.0706142654485212,0.1194149952299428,0.4400067476082069,0.9395918867852574,0.3463075857474753,0.6041724998953901,0.0109076972309282,1.1848552897053113,0.4189711010880141,-0.0538097643708886,-0.0544927069501218,0.0136089020769304,0.0162043172084491,0.0497422657736677,0.0184801513660496,-0.0684147395125294,0.0255308458258097,1
Zm00001d005196,0.0,II,0.640693,0.43,0.4405301584013985,0.9253725834655072,0.0848,0.2496,0.3397,477397.0,37880.0,8.58804,0.38,0.045,0.025,0.0,0.32,0.635,0.0,0.505,0.865,0.0,0.32815,0.23695,0.96425,1.0,1.0,1.0,632,0.17400000000000002,0.0915,1.0,1.0,0.0,1.0,0.0,0.0,0.1036500548755771,-0.0444847720309913,-0.0237486957967024,0.007865550505444,0.0593336503873774,0.0673921662092821,-0.1032872996194537,-0.0138178710441736,0.2461060241553108,0.1936911961541382,0.5170557387470162,0.1517114937001686,0.4622476110757015,0.2351464439893895,-0.02341776976737,0.5233503156897137,0.0345630571886462,-0.1277148839295064,-0.1179084084471645,-0.0839847868743996,0.0571237922148185,0.0021943760796443,-0.1768639418223365,-0.0728652531202884,1
Zm00001d005182,0.0,II,0.46875,0.276471,3.283266994271877,0.3201534448386799,0.0127,0.1282,0.0987,143615.0,270052.0,11.9629,0.38,0.045,0.005,0.0,0.72,0.6950000000000001,0.005,0.9299999999999999,0.89,0.39,0.41145,0.07405,1.0,1.0,1.0,1.0,0,0.7941000000000001,0.336,1.0,1.0,1.0,0.0,0.0,0.0,-0.1200356578289046,-0.14935553171252,-0.1401612581523029,-0.1125966514995782,-0.1309722524933063,-0.116551344035732,-0.1631331351641853,-0.104063840131979,0.1576987670874849,0.5865531499573013,0.4276868232321156,0.3628327874945466,0.6665130293078763,0.0421372010956617,0.6878844104421162,0.5715633273100632,-0.0269248917525447,-0.0396811611318379,0.0860566777671844,0.0719200763067192,0.1359618974609338,-0.001512500742631,-0.0250373396988881,0.140647081211392,1
Zm00001d005179,0.0,II,0.549206,0.35,4.133263682075627,0.228545402362376,0.0602,0.1338,0.4495,116438.0,293160.0,22.5472,0.38,0.08,0.02,0.0,0.83,0.74,0.22,0.895,0.895,0.785,0.39790000000000003,0.1865,1.0,1.0,1.0,1.0,490,0.665,0.92155,1.0,1.0,1.0,0.0,0.0,0.0,-0.0450478274842821,-0.0620992048808036,-0.0255851505983127,-0.0167472940172435,-0.0418601531882237,0.0021397553422682,-0.088283190715614,-0.0321828768171865,-0.0331474754830243,1.1661942718512197,0.2665429556954001,0.0788070930492779,0.2571633280341647,-0.0526330183639608,1.6001030131464429,0.0397092577534242,-0.029998545036851,-0.0592551482241305,0.0603697119735933,0.0176950601460965,0.017867176224666,-0.0180593447828541,-0.0553756257211091,0.0043302754087267,1
Zm00001d005178,0.0,II,0.450292,0.31,2.465909493114268,0.3036865933935261,0.0226,0.2638,0.0856,339527.0,38905.0,22.5472,0.38,0.1,0.095,0.0,0.54,0.39,0.075,0.665,0.48,0.5549999999999999,0.5139,0.6726000000000001,1.0,1.0,1.0,1.0,0,0.5925,0.07400000000000001,1.0,0.9,0.0,0.0,1.0,0.0,0.5367926271491412,0.0301124863796751,-0.0406814415836432,0.019941858635511,0.1603796423798075,0.0939896737559977,-0.106135044319373,0.0613618722145703,0.3889424476423845,0.6467564941292588,0.1406418303300038,0.1061502969669272,0.3891636896830172,-0.0379906730307626,0.353177306651966,0.384867141007342,0.0935696885828215,-0.0418465539920462,-0.0259025259898925,0.0178083307596049,0.1741613759701282,-0.0625237196830644,-0.1020980324736588,0.0983425361201126,1
Zm00001d005460,0.0,II,0.485988,0.64,5.696435798027278,0.2879701807888165,0.0203,0.1716,0.1185,73.0,38721.0,30.6757,0.06,0.125,0.02,0.015,0.51,0.665,0.1,0.625,0.7150000000000001,0.29000000000000004,0.7375,0.20875,1.0,1.0,1.0,1.0,1545,0.5339999999999999,0.8665,1.0,1.0,0.0,0.0,1.0,0.0,0.0004264696510108,-0.0718048362752443,-0.0710496831833499,0.0006998815376218,0.021797674434364,-0.0425549585506428,-0.1130546226213625,-0.015013703822969,0.4460590920452819,0.6070438401353165,0.7167512633573798,0.1867348987515787,0.4903255804014563,0.009392213989286,0.8704221686329184,0.2406140042205643,0.1699118008004556,-0.0255115721899969,-0.0012396483179269,0.0240593731814047,0.1570266774243698,0.0014243455537549,-0.0402951180609078,0.0629355993638977,1
Zm00001d005461,0.0,II,0.511111,0.32,4.071801083434566,0.2480922757367069,0.0331,0.1385,0.2392,84250.0,28479.0,14.3661,0.07,0.025,0.04,0.0,0.085,0.25,0.005,0.495,0.5,0.935,0.41665,0.5540499999999999,0.9028,1.0,1.0,1.0,2262,0.0,0.14049999999999999,0.0,1.0,1.0,0.0,0.0,0.0,0.2202527138573196,0.0968169811199443,-0.0698097996146808,-0.0415338426241577,0.1688834294809903,-0.01480012125733,-0.0391876802566526,0.0413986589303945,0.0565974375466225,0.6047515501725805,0.002126690792603,0.1163047141268311,0.2529343767565148,0.0340409527815736,0.5804211413913608,0.08918269004856,0.1100996642696597,0.3810840039061243,0.95514487825135,0.540531502454823,0.9256356089916086,0.0272608099920837,1.0497160146054425,0.8636002087379513,1
Zm00001d005462,0.0,II,0.544828,0.57,2.1323957473578976,0.20611725239926,0.0749,0.069,1.0855,114.0,108528.0,11.4507,0.07,0.01,0.025,0.005,0.595,0.71,0.0,0.75,0.75,0.575,0.09584999999999999,0.27854999999999996,1.0,1.0,1.0,1.0,784,0.17149999999999996,0.0,1.0,0.0,1.0,0.0,0.0,0.0,-0.0846794782112823,-0.1022519865978282,-0.0636100326506774,-0.0520510170602232,-0.0394668070594094,-0.0703736848956773,-0.1130447336637818,-0.0425296673913496,-0.0650352414769271,0.6967759400036655,0.4188230088183912,0.1282508649337007,0.3292829219750243,-0.0237331870690092,1.0849822383558076,0.123209314283554,-0.0194960327713894,-0.066806070899121,-0.0241949956148743,0.0045698236112986,0.0641613626269093,0.0115421675516792,-0.0640433654505832,0.0105097474340433,1
Zm00001d005468,0.0,II,0.506562,0.39,3.153764568999096,0.3708070047996319,0.0183,0.1207,0.152,30385.0,64330.0,12.4225,0.07,0.035,0.0,0.005,0.68,0.02,0.035,0.88,0.16,0.66,0.2398,0.0296,1.0,0.5046999999999999,1.0,1.0,0,0.106,0.0,1.0,0.0,1.0,0.0,0.0,0.0,-0.0140059388071418,-0.0767375912036513,-0.0656924450251059,-0.0381725450651641,0.0055597494096937,-0.0739364420429605,-0.1154443128549139,-0.047976720701642,0.0250741908733967,0.5001013131452466,0.4149460338891966,0.1177679269995706,0.3712441687679205,-0.0612717206672727,0.7621265675627555,0.283755757297818,-0.0439027236846554,-0.0694317001053682,-0.0100053451366387,0.0174361074089271,0.0708683646813546,-0.033946510873076,-0.0535508539903151,0.0357626996125727,1
Zm00001d005473,0.0,II,0.488562,0.46,3.7591521396367686,0.3030048056421707,0.0342,0.1166,0.2935,73050.0,577.0,7.20936,0.08,0.01,0.04,0.01,0.28500000000000003,0.45999999999999996,0.07500000000000001,0.4,0.575,0.675,0.1941,0.44915,0.9582999999999999,1.0,1.0,1.0,0,0.1255,0.4285,1.0,1.0,0.0,1.0,0.0,0.0,0.1536336664477494,-0.0272326345374527,-0.0662308242613999,0.0214878356894363,0.1800923133416335,-0.0192714026367202,-0.0717137580193811,0.0287009855308219,0.0704753720141847,0.8338161776897051,0.2529722975917662,0.031998828763239,0.2516295328998482,-0.1012115264839026,1.2025266784882802,0.1489890379084975,0.3829904708160753,0.0185940303577987,0.0176235149725414,-0.0149164548567076,0.1291648591701113,-0.0096099484226385,-0.0757437482621062,0.0454946534773115,1
Zm00001d005478,0.0,II,0.533866,0.54,4.1861129339406205,0.3963512662080881,0.0086,0.2075,0.0416,20.0,314.0,29.7039,0.09,0.02,0.01,0.0,0.7,0.5900000000000001,0.005,0.865,0.65,0.6699999999999999,0.2222,0.09615,1.0,1.0,1.0,1.0,1761,0.10949999999999999,0.13149999999999998,1.0,1.0,0.0,0.0,1.0,0.0,-0.0521172976410359,-0.0400084181365895,-0.0452251694861066,0.0046524831892565,0.0164947593085907,0.0002895423506198,-0.0588112652432995,-0.0216084864046393,0.1318670897681275,0.5675884408962355,0.6986065308454558,0.7591906013534226,1.2036026044896109,-0.0179944294387385,0.9728501940785208,0.721362878152847,-0.0294184715277003,-0.1053130125867392,-0.0501518200786518,-0.0375240580429393,0.0134056204105656,-0.0562475804932141,-0.1130463344884233,-0.0452505948932605,1
Zm00001d005501,0.0,II,0.447124,0.55,1.8317896440446004,0.37366321673825,0.0332,0.1313,0.2526,719725.0,213796.0,49.848,0.17,0.03,0.065,0.015,0.5,0.755,0.045,0.55,0.9199999999999999,0.6799999999999999,0.29164999999999996,0.50285,1.0,1.0,1.0,1.0,0,0.28950000000000004,0.4335,1.0,1.0,0.0,0.0,1.0,0.0,-0.0455732438576352,-0.0346163905231528,-0.0383095639075969,-0.0090222596353568,-0.0445234291081576,-0.0125680323562757,-0.0566939489355354,-0.0118542975481558,0.094360063796979,0.8370301905187324,0.3501112298882184,0.1476149962947198,0.4079265907462089,-0.0086063618542739,1.1761527017985636,0.2956019347278188,0.2142733390858599,-0.0475073637695642,-0.0230354166208619,-0.0071633803780526,0.1860836242615837,-0.003643616954563,-0.105712707887549,0.0478483357157964,1
Zm00001d005158,0.0,II,0.638889,0.61,0.5678815579615354,0.9265449216397466,0.0767,0.3274,0.2343,215672.0,101943.0,18.6601,0.38,0.035,0.035,0.04,0.73,0.5,0.18,0.865,0.78,0.16,0.4818,0.51185,1.0,1.0,1.0,1.0,0,0.7845000000000003,0.6375,1.0,1.0,0.0,0.0,1.0,0.0,0.1303474423191179,-0.0460869938691637,-0.0279565188157553,0.0011968336597954,0.0419816169693294,0.0636520954664415,-0.0801156149015613,-0.0247567004377173,0.4962976508873143,0.0507772229057149,0.0852947213673343,0.0565819027156136,0.1610034205343926,0.3213467777517318,-0.0977373076028393,0.0325174737960541,0.1184481826642062,-0.0283630654920614,-0.0252888593413637,0.0569432189046067,0.0820868202114474,0.1248931336701165,-0.0659997130608217,0.0373289203242486,1
Zm00001d005159,0.0,II,0.504702,0.71,5.518567735079956,0.2526384300995971,0.0132,0.1529,0.0863,29135.0,286328.0,10.5316,0.38,0.135,0.015,0.005,0.665,0.495,0.025,0.745,0.69,0.545,0.74365,0.18295,1.0,1.0,1.0,1.0,2118,0.32699999999999996,0.009000000000000001,1.0,0.55,1.0,0.0,0.0,0.0,0.2694426162459324,0.050616495590911,-0.0334028477701356,0.0654465205787365,0.3513565546119259,-0.0082214283244322,-0.0596755964905278,0.1969193498440059,0.3012086944997584,0.6741252150209898,0.567451458413146,0.0464565207984044,0.3579576185097384,-0.0158711206325816,1.1446574525270283,0.2032741525708493,0.140259691617166,-0.03982678133684,-0.021336020977809,0.0311718581092855,0.0718191049891952,-0.0238984512402765,-0.0642470801204309,0.0056390458006679,1
Zm00001d005451,0.0,II,0.476843,0.54,3.9566729465422674,0.3955705212085356,0.0091,0.1127,0.0811,25177.0,165998.0,13.3943,0.05,0.07,0.015,0.0,0.5,0.565,0.0,0.77,0.745,0.615,0.6112500000000001,0.13885,0.9792000000000001,1.0,1.0,1.0,1135,0.5775,0.6569999999999999,1.0,1.0,0.0,0.0,1.0,0.0,-0.0610668368755412,-0.0931184189116913,-0.0603730902563173,-0.0440025339637116,-0.0844721194574467,-0.0426693521852657,-0.0850880838881068,-0.0651394179625111,0.2849529390289514,0.6848089530625829,0.6406852373935656,0.2006741378608834,0.608597439915679,0.0051770731544147,1.017251263149642,0.5356390879007911,0.0333260951036983,-0.0710162610720442,-0.0193209191629825,-0.0345352096088481,0.0248898013024802,-0.0254580301656133,-0.0850679913654246,-0.0324900557971616,1
Zm00001d005450,0.0,II,0.486017,0.52,4.437147018787917,0.1973657265639805,0.0182,0.1605,0.1136,108.0,187583.0,13.3943,0.05,0.02,0.060000000000000005,0.01,0.8200000000000001,0.54,0.095,0.855,0.785,0.665,0.125,0.78575,1.0,1.0,1.0,1.0,5040,0.6555,0.07700000000000001,1.0,1.0,0.0,0.0,1.0,0.0,0.1284442722056004,-0.0443443357292498,-0.0676583771345679,0.0282987583960651,0.1633889062019101,0.0012567006279513,-0.1124419855377579,0.002606099021203,-0.0124642458307563,1.0403910099876392,0.2815093751566518,0.1378622287651276,0.4187105300477727,-0.0416922571377644,1.250952520864642,0.2273912517303849,-0.0188687118911332,-0.0567485646346259,0.0039455363146438,0.0044745244208822,0.0248759789967071,-0.0109612962700512,-0.040823083429278,0.063425177685816,1
Zm00001d005446,0.0,II,0.669048,0.62,3.059571793668074,0.7331466238491883,0.0303,0.666,0.0456,149.0,443.0,10.9912,0.05,0.03,0.015,0.0,0.815,0.725,0.03,0.9299999999999999,0.925,0.04,0.3333,0.1889,1.0,1.0,1.0,1.0,1888,0.079,0.0,1.0,0.0,0.0,0.0,1.0,0.0,-0.0644834041157609,-0.070683128346128,-0.0019814410229016,-0.0087284873467659,-0.0272794016407363,0.0189908407546878,-0.073601257246635,-0.0313194909910036,0.1936645193957903,0.0242208370473364,1.041911912858096,0.1744388969834718,0.2861571296645565,0.1524927593487591,0.3449821465740547,0.142990669222549,-0.1034609658653828,-0.1550548316699668,-0.1020759879709947,-0.0599754174953935,-0.0477714125709477,-0.0674517748214065,-0.1739922949461279,-0.0856620377918425,1
Zm00001d005445,0.0,II,0.574009,0.58,2.168379359105689,0.3462193033434202,0.0422,0.1908,0.2214,15534.0,51267.0,7.66892,0.05,0.05,0.015,0.0,0.6950000000000001,0.685,0.0,0.74,0.925,0.925,0.51495,0.175,1.0,1.0,1.0,1.0,533,0.78,0.0,1.0,0.0,0.0,0.0,1.0,0.0,-0.0524460618989234,0.943981808404063,0.1087817903350589,0.0481225405440603,-0.0447759278040997,0.0139190331007435,1.17764702118244,-0.0396138809338077,0.0083467293372986,0.4236699372916124,0.7510794175023627,0.1919274840492209,0.4683976972350472,-0.0386867490122852,0.8654118070667906,0.5930630303894501,0.0276229134451787,-0.0377991934623667,0.1368986751027819,0.0662172435952824,0.1994412037810605,0.0120822712283667,0.0577340463334866,0.1882448486732948,1
Zm00001d005442,0.0,II,0.590679,0.58,2.761735442345924,0.1602195341449653,0.0249,0.2072,0.1201,17454.0,47730.0,10.072,0.05,0.01,0.03,0.0,0.6699999999999999,0.71,0.005,0.73,0.88,0.26,0.1167,0.24995,1.0,1.0,1.0,1.0,918,0.0,0.409,0.0,1.0,1.0,0.0,0.0,0.0,-0.0421399185650259,-0.0619571120724908,-0.0529636719860478,-0.0164667983639754,-0.0415650294822168,-0.0169581603230106,-0.0743289130625104,-0.035222128945393,0.1748831488409539,0.4171215272751564,0.6476045715036925,0.4215738978694287,0.9433891260814528,-0.0021639170345335,0.6661157730781045,0.6983819807412655,-0.0471491658537563,-0.130946007501874,-0.0719094364930788,-0.0456881693477534,0.0628438479219212,-0.0671086694082439,-0.1322571310018593,0.0044218018004721,1
Zm00001d005426,0.0,II,0.659946,0.46,0.0123816619613633,0.9671115436736768,0.0811,0.1207,0.672,458418.0,231832.0,40.2355,0.07,0.045,0.060000000000000005,0.005,0.725,0.41,0.0,0.905,0.635,0.0,0.34625,0.375,1.0,0.9722,1.0,1.0,0,0.845,0.13199999999999995,1.0,1.0,1.0,0.0,0.0,0.0,0.0736285900577407,-0.036209761593528,-0.0363382291953304,-0.0162649916983907,0.0431960646174728,0.2810550141636574,-0.0509187593033341,-0.0034254462596343,0.5363886125016413,0.0938863410249924,0.1410260351245526,0.0566515064810123,0.2020726498087277,0.5305626073783216,-0.0945050690788561,0.1300003528753158,0.0698167245384221,-0.0888729209069367,-0.0814808066233872,-0.013621427447853,0.014305201735761,0.1281146718651817,-0.1344109694969243,-0.0599341053275657,1
Zm00001d005423,0.0,II,0.533333,0.570588,1.8284296435665648,0.6528683474598674,0.121,0.2906,0.4165,136019.0,555602.0,40.2355,0.07,0.030000000000000002,0.065,0.0,0.765,0.03,0.0,0.895,0.225,0.0,0.35715,0.7943,1.0,0.4075,1.0,1.0,308,0.053,0.08950000000000001,0.99,1.0,1.0,0.0,0.0,0.0,0.0600849786565824,0.5763167402728013,0.4049759326151295,0.1345969416465421,0.2951242751796973,-0.0401469914444153,1.0067216115486606,0.2341315850594985,0.5431380539092284,0.1343181227182562,0.21876507214472,0.186476507515905,0.377475049625343,0.2325069480136846,-0.0234263553240144,0.2706599190898097,0.0031084062239796,-0.0400279643314654,-0.0360928139750274,0.0044458169403331,-0.013698627952094,0.0190387154378982,-0.0655817991191492,-0.0107303186981587,1
Zm00001d005421,0.0,II,0.703072,0.476471,5.007034941705086,0.329815326273302,0.0166,1.3743,0.0121,217.0,690009.0,40.2355,0.08,0.08,0.02,0.0,0.11499999999999999,0.795,0.015,0.255,0.885,0.015,0.6125,0.13405,0.9226,1.0,1.0,1.0,2582,0.0,0.0,0.0,0.0,1.0,0.0,0.0,0.0,-0.0192322901714966,-0.0210872509066754,-0.002489949894402,0.0084789854779605,-0.0022300709671325,-0.0128240241276407,-0.0341739471254224,0.0239063459519612,0.2742455420609883,0.0252780245921037,0.5879872167496324,0.2920308776317746,0.5195127254940443,0.1133478562738737,0.0087278144973309,0.3847676651478826,0.2315790897543036,-0.0502121289631907,-0.0460138113463701,0.0791260747562215,0.2705481267294136,0.0644707064291192,-0.0596890352990358,0.2194135835982209,1
Zm00001d005396,0.0,II,0.533742,0.49,3.571790060461525,0.1977352361756124,0.0082,0.1554,0.0526,17514.0,51610.0,70.9111,0.19,0.07500000000000001,0.03,0.0,0.79,0.47,0.005,0.9,0.645,0.32499999999999996,0.51065,0.25495,1.0,1.0,1.0,1.0,3182,0.8402499999999997,0.19494999999999998,1.0,1.0,0.0,0.0,1.0,0.0,0.045452679199043,-0.0770373552611454,-0.1011515081429019,-0.0576880640853711,0.0118677618162222,-0.0964127513533301,-0.0997964805802948,-0.0765553840464623,0.201607689821836,0.4012226073491656,0.7727723279621689,0.3791741888669888,0.6700471046726533,-0.0150250544496979,0.8930952096885912,0.5469401721257457,-0.0483743368386647,-0.0454741875601216,-0.0235709199234328,-0.0292571837987774,0.0318936178701987,-0.0266409806815987,-0.062620791909434,-0.0003558304361285,1
Zm00001d005406,0.0,II,0.489758,0.464706,3.3775310161872105,0.335335105503716,0.0289,0.1486,0.1944,305572.0,357440.0,16.3096,0.1,0.05,0.025,0.0,0.43,0.695,0.0,0.535,0.81,0.6,0.56175,0.274,1.0,1.0,1.0,1.0,0,0.5675,0.0,1.0,0.0,1.0,0.0,0.0,0.0,-0.0827434469709695,-0.0841072773961656,-0.1241085904511869,-0.0702922102322331,-0.0535928806841747,-0.0986950689572743,-0.1269308566956156,-0.0223082130228777,-0.0159810771131572,0.6659790962884508,0.3020772730659591,0.2534609583077469,0.4937387071707118,-0.0649004917407733,1.0058869244094653,0.3939589687407233,-0.0586579489759758,-0.1048933710818957,-0.0387911730471664,-0.0102443605983498,0.0944976554273165,-0.0384063728278583,-0.087379314891448,0.0596554950117824,1
Zm00001d005395,0.0,II,0.528237,0.352941,3.04078869620926,0.1464027362778687,0.0163,0.1078,0.1517,36083.0,25269.0,70.9111,0.19,0.03,0.015,0.005,0.7050000000000001,0.14,0.13,0.86,0.39,0.7150000000000001,0.18855,0.16665,1.0,0.75005,1.0,1.0,0,0.787,0.1386,1.0,1.0,0.0,1.0,0.0,0.0,0.1395537731503691,-0.054873172657625,-0.0852949709117697,-0.0168290145219637,0.0732668971061643,-0.0286104813903403,-0.1022923412313383,-0.0109126397732858,-0.0703487617240479,0.8663856601206131,0.2146863846994475,0.0961961296844134,0.2302070353314342,-0.0191759309791833,0.9634731509320308,0.172199378215386,-0.0524470560681294,-0.0723075636569047,-0.0335717730992499,0.0153060862741309,0.0383456626294122,-0.0518607689553627,-0.0794676234072916,0.0035086318007444,1
Zm00001d005394,0.0,II,0.679211,0.62,4.609355667291965,0.4710195414550445,0.0063,0.3666,0.0173,195.0,261.0,70.399,0.19,0.075,0.01,0.0,0.665,0.545,0.0,0.835,0.75,0.0,0.72495,0.1944,0.96785,1.0,1.0,1.0,13851,0.7775000000000003,0.0,1.0,0.0,0.0,0.0,1.0,0.0,-0.0769581653416507,-0.0942355488456205,-0.0841306195157712,-0.0348779257194631,-0.1055419297273973,-0.0517474152209435,-0.1302281334321474,-0.0727279119161497,0.0917397866586689,-0.0374998796764968,1.2694246848924118,0.5035238732718545,0.7557239963110913,0.0281764410799645,0.4843590997882646,0.5954737717515128,-0.0332537404174174,-0.0621466952771379,-0.0559623960666813,-0.0275545897845276,0.0244272243650261,-0.0059372597541898,-0.077614313212105,-0.0009715274189527,1
Zm00001d005393,0.0,II,0.56338,0.59,2.8097062587661448,0.2882108136366568,0.03,0.1925,0.156,43.0,78346.0,23.9259,0.19,0.045,0.015,0.0,0.745,0.7150000000000001,0.07,0.8200000000000001,0.9299999999999999,0.665,0.31665,0.1444,1.0,1.0,1.0,1.0,2591,0.32449999999999996,0.0,1.0,0.0,1.0,0.0,0.0,0.0,-0.0969483014117995,-0.1069985707161886,-0.0668472784042976,-0.0768681703925793,-0.0507951056035821,-0.0644674546084105,-0.1678147349767914,-0.1258095767241897,-0.0045786820806593,0.994075673799865,0.3579857632429009,0.1854991495353593,0.5344409020115088,-0.0142347400230534,1.3542531580052717,0.2441007826111356,-0.0184590307015914,-0.0476845521938446,-0.0224467032909342,-0.0004518619924628,0.0625093225746905,-0.0022157623399078,-0.0625010921318298,0.0350543249158533,1
Zm00001d005368,0.0,II,0.579781,0.44,2.758577987590394,0.2603126642950602,0.0376,0.1587,0.2367,87.0,26508.0,10.9912,0.19,0.095,0.015,0.005,0.885,0.08,0.04,0.945,0.09,0.6000000000000001,0.6857,0.25634999999999997,1.0,0.8869,1.0,0.9861,145,0.33899999999999997,0.1942,1.0,1.0,1.0,0.0,0.0,0.0,0.3065708546321796,0.1104628351862943,0.764622013988399,0.1991395063701306,0.5974792276562558,-0.0563825894439834,0.4296403909565955,0.6558861145114345,0.0131663179233893,0.8430462319261339,0.5584445975736747,0.2430989622768501,0.498036995793656,-0.018962759241681,1.129582206861967,0.3697249909316445,-0.0207400322036373,-0.0214378639374264,0.0079978323122677,-0.0061228806860594,-0.0089373956290487,0.0004685920219524,-0.0173528872595618,0.010980812493318,1
Zm00001d005350,0.0,II,0.467011,0.55,2.3664983088972846,0.2217854638199923,0.0473,0.0863,0.5476,180471.0,32709.0,12.9347,0.19,0.065,0.03,0.005,0.375,0.79,0.01,0.5900000000000001,0.85,0.785,0.51875,0.3125,1.0,1.0,1.0,1.0,393,0.3754999999999999,0.5990000000000001,1.0,1.0,0.0,1.0,0.0,0.0,-0.0152073703435666,-0.0482510512796041,-0.024245562535131,-0.0317732358150089,-0.0425137117534883,-0.0105428618597688,-0.0616301433330708,-0.0381200568636202,-0.1051364660183017,0.8078704327551527,0.450332223817567,0.0884407788515827,0.2528367379240782,-0.0616600523220538,1.2717524032797825,0.1088609562552139,0.1553849081655549,0.031951033548385,0.0172828235082297,0.0386868241112095,0.1661065638036969,0.0067813722459094,-0.0042890396757525,0.120471642075335,1
Zm00001d005338,0.0,II,0.515805,0.54,4.561463844429849,0.1230769219518079,0.0234,0.0996,0.2345,2.0,171867.0,7.66892,0.2,0.06,0.085,0.005,0.7350000000000001,0.535,0.01,0.87,0.705,0.7649999999999999,0.27835,0.5273000000000001,1.0,1.0,1.0,1.0,461,0.7944999999999999,0.6535000000000002,1.0,1.0,0.0,1.0,0.0,0.0,-0.0337865083571311,-0.0359177980899941,-0.0831908302010197,-0.0220361247019092,-0.0169971844951775,-0.0522239324816347,-0.056883288989353,-0.0563325448652719,-0.0971902935085521,0.6820923931115995,0.4673227195795842,0.1653286230675695,0.2375693572509233,-0.0303454772535373,1.1370427672078385,0.1543616827669682,-0.0742969443560827,-0.07154265655406,-0.0293553155662063,-0.0179683212107096,0.0002616985330368,-0.0338063971759888,-0.0545278962244752,0.002066608415383,1
Zm00001d005317,0.0,II,0.599078,0.52,1.3437944808994309,0.6849057839251804,0.0422,0.2252,0.1873,70480.0,386009.0,22.0877,0.2,0.035,0.01,0.0,0.515,0.63,0.0,0.605,0.87,0.005,0.2611,0.0955,1.0,1.0,1.0,1.0,3079,0.18395,0.0,1.0,0.0,0.0,0.0,1.0,0.0,-0.019100297823286,-0.0684005748273793,-0.0666114720094486,-0.0335827801488091,0.0176718994744016,-0.0166910897299539,-0.0905839711980985,-0.0522899122627166,0.4814399311295768,0.2464690051648781,1.019468399739171,0.4676935102519697,0.9266824080855396,-0.015151922271212,0.371791220650642,0.8576059780463687,0.0351289061733801,-0.0748701396077245,0.027334371613349,0.0240211058355144,0.1205207168475219,0.0123384592414341,-0.0847732739127871,0.0459386598698581,1
Zm00001d005308,0.0,II,0.488669,0.235294,2.1795442458815515,0.448965484564466,0.0285,0.1518,0.1878,158968.0,353144.0,31.1879,0.21,0.055,0.015,0.0,0.58,0.595,0.025,0.745,0.755,0.605,0.48815,0.21295,1.0,1.0,1.0,1.0,537,0.14225000000000002,0.7545000000000001,1.0,1.0,0.0,0.0,1.0,0.0,-0.0357670817367332,-0.0457321370399075,-0.0089021018469371,-0.0226980729138396,-0.0587726915149844,-0.0295046904403407,-0.071974145348826,-0.046515273028689,0.3778900470119732,0.6091420535675206,0.4680832044071206,0.2110934834260033,0.6064942028033277,-0.0337457521054332,0.8286781372378244,0.5214803046084333,-0.0537266521872704,-0.1349778236286753,-0.0837834643655001,-0.0777306246279044,-0.060448161197345,-0.0301686053015656,-0.1400380171165027,-0.0878043086336738,1
Zm00001d005302,0.0,II,0.599665,0.55,2.471522662950289,0.2578308328555393,0.0442,0.1396,0.3165,220807.0,112403.0,19.1723,0.22,0.02,0.0,0.0,0.725,0.1,0.0,0.8049999999999999,0.685,0.65,0.25925,0.05235000000000001,1.0,0.8500000000000001,1.0,1.0,924,0.24299999999999997,0.051,1.0,0.97,0.0,0.0,1.0,0.0,-0.0637980365429352,0.79392531911807,0.1133934117638989,0.0042658008410182,-0.0287272527003183,-0.0570029372029483,0.9914222605427632,-0.0678307826805886,0.0747452527953657,0.3802150276085795,1.0464664506229844,0.5498806383630689,0.8175899068473728,0.0794897920623374,0.8840774693604458,0.7687319446854712,0.1345997082392925,-0.0004029816012314,0.3687646417826094,0.21043567619609,0.4441018093319667,0.0108733311257129,-0.0384689999525286,0.5452727908887677,1
Zm00001d005298,0.0,II,0.696787,0.48,0.8117883980249232,0.871902874745132,0.0399,0.3109,0.1285,241.0,343.0,17.2288,0.23,0.025,0.025,0.0,0.65,0.595,0.0,0.605,0.67,0.0,0.30555,0.34750000000000003,1.0,1.0,1.0,1.0,12347,0.6175,0.2685,1.0,1.0,0.0,0.0,1.0,0.0,-0.1214263877427667,-0.14420428493257,-0.1095799390394336,-0.0857711791579708,-0.1473139918523093,-0.0722590280860971,-0.1743238131696101,-0.1514696708468132,0.2026442614256976,0.0173187536211602,1.024931217914784,0.0313504319698468,0.1989543226522096,-0.0011576368817697,0.0471074426117393,0.3299804468386146,0.1022993758648057,-0.0384521749632239,0.0232149018506284,0.0027456155736772,0.0695559215594765,0.0009738562875106,-0.0528889132865035,0.0008047792985436,1
Zm00001d005297,0.0,II,0.495307,0.48,2.010524624892128,0.5562127734456265,0.0613,0.1445,0.4242,52.0,120675.0,15.85,0.23,0.06,0.005,0.01,0.525,0.595,0.235,0.76,0.86,0.665,0.35414999999999996,0.0815,1.0,1.0,1.0,1.0,0,0.08000000000000002,0.1435,1.0,1.0,1.0,0.0,0.0,0.0,0.0028987536307332,-0.0037154461916714,-0.0435326475140203,0.0366230048600276,-0.0251757279106656,0.014103094669384,-0.0525529386485772,0.0093107902926782,0.138692869498834,0.968834192292953,0.5400673342950293,0.2781087168820525,0.5983936577900273,0.0122095136288402,1.259510226614372,0.395872390070609,0.035088111482828,-0.0566917935505175,-0.031462608761073,0.0056002912082157,0.1463462544221195,-0.0395807810449485,-0.0925333123375927,0.0365709447691265,1
Zm00001d005293,0.0,II,0.731293,0.57,1.232070303021329,0.8290437855543935,0.0499,0.3153,0.1582,787148.0,117337.0,12.4752,0.24,0.035,0.015,0.0,0.75,0.465,0.0,0.755,0.61,0.0,0.2596,0.21764999999999998,1.0,1.0,1.0,1.0,1933,0.022000000000000002,0.1043,0.44,1.0,0.0,0.0,1.0,0.0,-0.069766418824001,-0.0892208938899417,-0.0686798570396033,-0.0505520207068112,-0.0892416805710835,-0.0401547947747094,-0.1104233421722431,-0.0418712835243426,0.2140205599510838,0.0413328853248792,0.7788859849992094,0.0778747122360055,0.233687523949943,0.0467872773349843,0.0937514522819554,0.2822555467435909,-0.0002203457096083,-0.1088181105324211,-0.0400575743530173,-0.0657439411967809,0.0098895536165621,-0.0115906332262762,-0.1225931747938431,-0.0702406124382613,1
Zm00001d005535,0.0,II,0.50807,0.59,2.595275886515416,0.4796935851341773,0.0978,0.1246,0.7843,424990.0,355544.0,14.8783,0.17,0.075,0.0,0.01,0.45499999999999996,0.2,0.175,0.71,0.365,0.795,0.5341,0.0305,1.0,1.0,1.0,1.0,0,0.201,0.0042,1.0,0.36,0.0,0.0,1.0,0.0,0.5810748867101295,0.3421235457500613,0.0931035918455258,0.0109042185839751,0.20027583025999,-0.0173139135716818,-0.0379727656328138,0.1344433946126448,0.6982744934308023,1.509612350051293,0.3231009812652972,0.1107421889476647,0.6874989710638748,-0.0333496618613238,1.1894364795794308,0.7563642009113489,0.1672208669016553,-0.0214330878061761,0.2905164168476265,0.1099259948359101,0.3123898116328677,0.0262738900710811,-0.0400777588974991,0.3567771427694983,1
Zm00001d005534,0.0,II,0.4082,0.36,0.0010546731043665,1.0,0.0626,0.129,0.4852,346204.0,444659.0,14.8783,0.17,0.01,0.005,0.005,0.735,0.12,0.45499999999999996,0.915,0.49,0.64,0.10955000000000001,0.10115,1.0,0.875,1.0,1.0,0,0.7504999999999998,0.0,1.0,0.0,0.0,0.0,1.0,0.0,0.1891472666485501,0.7786758999451548,0.0917013066597838,0.0257561965277775,0.1904516270033399,0.0131715718780211,0.4479336213927021,0.1816968921122263,0.3565836030253304,0.2638511518686756,0.0203210612522428,-0.0147720825874228,0.0906472116271897,0.0164673846795452,-0.050428035656125,0.060871072386611,0.1962683132710772,0.0364133197357007,0.0187577741902565,0.0422788430001014,0.1377400890691478,0.1449916745229792,-0.0469233359968177,0.1129888828133802,1
Zm00001d005532,0.0,II,0.496377,0.42,1.97651040683038,0.4918702268061335,0.0059,0.2122,0.028,220834.0,575510.0,14.8783,0.17,0.03,0.03,0.005,0.72,0.43000000000000005,0.025,0.835,0.675,0.5700000000000001,0.2628,0.36160000000000003,1.0,0.9582999999999999,1.0,1.0,166,0.21600000000000003,0.1715,1.0,1.0,1.0,0.0,0.0,0.0,-0.0113676884137411,0.0035627507760692,-0.0137524137448696,-0.0071621775240639,-0.0134377334462793,0.0308945786379726,-0.0190983826104545,-0.009308805989941,0.5756540735003091,0.5783762389624962,0.2760116459851128,0.1357990505602724,0.6556936484140345,-0.0389656913054146,0.1488667107642182,0.5659603730322836,0.008720068455354,-0.0400701041777762,-0.042693810628233,-0.0086712589838115,0.0580239358769935,-0.0144532963588413,-0.0890891597910513,0.0076873117612338,1
Zm00001d005520,0.0,II,0.577428,0.45,1.5070165635398285,0.6105886534733329,0.0245,0.1268,0.1934,78669.0,301357.0,14.8783,0.19,0.04,0.015,0.005,0.72,0.6,0.005,0.72,0.75,0.69,0.4505,0.15575,1.0,1.0,1.0,1.0,1203,0.7675,0.3655,1.0,1.0,0.0,0.0,1.0,0.0,-0.0512505245823042,-0.0863051669387917,-0.1058297144559464,-0.0370211533836859,0.0334571244050041,-0.061671832646751,-0.0715736998915619,-0.0507943119621633,0.0587256294952172,0.6680260375992779,0.3334549409723696,0.100727781651595,0.2798720806050018,-0.0390894220642287,0.8907282677360848,0.2665887858726563,-0.025835003096711,-0.0532238518280278,-0.0198400549810199,-0.0100399122113566,0.0957370924326004,-0.0249161160203176,-0.0572044681180816,0.0274778208579241,1
Zm00001d005516,0.0,II,0.487615,0.47,2.2405579545422825,0.2998369712776564,0.024,0.0914,0.262,228569.0,145093.0,55.0611,0.2,0.03,0.065,0.0,0.72,0.42000000000000004,0.05,0.7,0.66,0.815,0.4061,0.6528,1.0,1.0,1.0,1.0,0,0.05850000000000003,0.222,0.71,1.0,1.0,0.0,0.0,0.0,0.1823383293244328,0.0055804546834028,-0.0600709803574769,-0.0227832850865306,0.1333122535716638,-0.0208830159851329,-0.0506414754574354,-0.0406830518638814,-0.1206352409595272,1.2977910203281886,0.2746683925422611,0.0662488779065287,0.1956089504863082,-0.0690932202299526,1.8573294305416472,0.1334086993401862,-0.0018301575587083,-0.0680364130050535,-0.0430252280672024,-0.0223802409766093,0.0862834284099773,-0.0617826412909145,-0.0545261172725867,0.0459503263674173,1
Zm00001d005542,0.0,II,0.507716,0.66,6.075130129341345,0.3626849505881936,0.0268,0.106,0.2528,81.0,796222.0,28.2725,0.17,0.09,0.035,0.0,0.69,0.8,0.0,0.815,0.875,0.22999999999999998,0.5307000000000001,0.3125,1.0,1.0,1.0,1.0,964,0.4114999999999999,0.05250000000000002,1.0,0.74,0.0,1.0,0.0,0.0,-0.0474430343152988,-0.0623037635547713,-0.0848664392264774,-0.0510182095096605,-0.0401826043423871,-0.0049708234341718,-0.0812462025149266,-0.0691871735161843,0.1589596174934003,0.471823698062005,0.6109792716412177,0.09600512164766,0.3557972038224728,-0.0310101252204412,0.889417804972726,0.1762812491059745,-0.0579292890690342,-0.1257693887205812,-0.0554461959739853,-0.0722966029502757,0.0046536317946876,-0.0698569247568279,-0.1317509013229775,-0.0949646685835409,1
Zm00001d005547,0.0,II,0.565773,0.43,2.5542244314196108,0.3293582815594382,0.0207,0.2174,0.095,241.0,33025.0,7.66892,0.17,0.10500000000000001,0.0,0.005,0.445,0.0,0.235,0.585,0.05,0.6200000000000001,0.7705,0.0353,1.0,0.1548,1.0,0.86635,0,0.042,0.050499999999999996,0.84,0.98,0.0,0.0,0.0,1.0,0.6966061453014898,0.4200542577513881,0.6277650040944401,0.2703400179741512,0.643262928904319,-0.0526638901044005,0.2882988495821195,0.6565488923438922,0.1293561779555251,1.2162881902474882,0.3142740661251054,0.1666103448742802,0.5433560722188169,-0.0647858032372587,1.4022793869805583,0.447382603663492,0.0679785692637806,-0.0442240256852156,0.0301794360436714,0.021262056997338,0.157712493564758,0.0320428722133122,-0.0222517090989569,0.0986928761462355,1
Zm00001d005554,0.0,II,0.635965,0.48,0.822321137606898,0.5243431143938221,0.0262,0.2285,0.1145,598.0,38416.0,4.29402,0.17,0.09,0.05,0.0,0.495,0.46499999999999997,0.01,0.595,0.765,0.5449999999999999,0.6221,0.21875,1.0,0.91665,1.0,1.0,0,0.0,0.32900000000000007,0.0,1.0,0.0,1.0,0.0,0.0,-0.0121452599299466,-0.0162097082363509,-0.0395690979508958,-0.0217497794696304,0.0159583493842761,-0.0221323649083006,-0.0378176290258695,-0.0280875433464409,0.1467267944068333,0.4879584913482849,0.512457122818708,0.3030243400029619,0.5724734818321224,-0.0124119840359815,0.7380864379111037,0.4614362089674134,0.3363994494763632,-0.0121428479738378,0.1743793956202576,0.2473086132826762,0.557391189150978,0.0376787026027818,-0.0291578987020181,0.4010644257824282,1
Zm00001d005566,0.0,II,0.666667,0.48,0.1224988080941067,0.994852552782648,0.0584,0.3189,0.1832,1133.0,61199.0,19.1723,0.19,0.01,0.025,0.0,0.365,0.655,0.0,0.525,0.745,0.0,0.051250000000000004,0.23455,1.0,1.0,1.0,1.0,1626,0.0,0.6824999999999997,0.0,1.0,0.0,0.0,1.0,0.0,0.1183640685928228,-0.092310049413243,-0.0365601047258575,-0.0706727666747907,-0.030894550123746,0.919731703408063,-0.1399988237402615,-0.0859171397952692,0.4903936559793836,0.1521538142881331,0.3937295359171842,0.0802092017765662,0.1014651373445366,1.189305945569645,-0.0678610180261111,0.0939508892193667,0.2877785544894884,-0.0739138684497307,-0.0624336427047549,0.0002682634631659,0.0494670928943254,0.8463908645934485,-0.0985036624530151,-0.0331526934714642,1
Zm00001d005563,0.0,II,0.412745,0.470588,2.007571599340216,0.4560050852813301,0.0445,0.0955,0.4662,39.0,46759.0,7.20936,0.19,0.075,0.045,0.01,0.6100000000000001,0.5,0.4,0.69,0.8049999999999999,0.8200000000000001,0.50365,0.43945,1.0,1.0,1.0,1.0,0,0.30550000000000005,0.6095,1.0,1.0,1.0,0.0,0.0,0.0,-0.0456604715439938,-0.1013654112461765,-0.0826499326549962,-0.0674505486374825,-0.0847142365426044,0.3948330813116399,-0.1236460784580822,-0.0989626352752715,-0.0032107161571685,1.53407765465887,0.2097530872985303,0.0712199272527146,0.1556758197532177,-0.0516659239765669,1.848643832920149,0.078079650686806,-0.0430058585475578,-0.1013119290274993,-0.039674227610852,-0.0564805446000523,0.0654214991580737,-0.0350726066887356,-0.0774716001505967,0.0195392949336641,1
Zm00001d005579,0.0,II,0.453216,0.56,3.005632795473087,0.4124695037374907,0.0241,0.1336,0.1803,202613.0,522321.0,4.80624,0.26,0.01,0.02,0.0,0.51,0.375,0.0,0.725,0.575,0.515,0.07289999999999999,0.3624,0.9773000000000001,0.96155,1.0,1.0,8403,0.38699999999999996,0.0,1.0,0.0,0.0,1.0,0.0,0.0,0.0185918165143839,-0.0328356298731643,-0.0818404579632431,-0.0111088616211007,-0.0226730168942696,-0.0117460714708722,-0.0928910981718725,-0.0623789166077324,0.2888039718444087,0.8306667462991829,0.4700621938707079,0.2540763474844503,0.6124127544366067,-0.0298721893063419,1.1298868605177028,0.4652126202900134,0.0275271906939984,-0.1293096172517377,-0.1184873797905611,-0.0918591470032881,0.0353699079974825,-0.0855696606992633,-0.1505518171171164,-0.0863697024964996,1
Zm00001d005584,0.0,II,0.548361,0.49,3.4513457643321632,0.2180520789613163,0.0418,0.2091,0.2001,66.0,724767.0,4.80624,0.29,0.015,0.030000000000000002,0.0,0.775,0.32,0.01,0.9,0.485,0.65,0.1558,0.54665,1.0,1.0,1.0,1.0,1674,0.5715000000000001,0.2107,1.0,1.0,0.0,0.0,1.0,0.0,0.0754867062457504,-0.0161738478144416,-0.057032586234735,0.0135139645046825,0.1469866110906602,0.0029531732215068,-0.0728456690820718,0.0065272822700018,0.088759113686207,0.927856052912021,0.4295274105398429,0.1580110967721231,0.3944711891915156,-0.0476956287332381,1.282658735679729,0.3356276369763585,-0.0396156586747145,-0.0955091585960426,-0.0653338929823914,-0.0388080908594473,-0.0508277122637082,0.0012643931295706,-0.1075317062887866,-0.0573282553805282,1
Zm00001d005586,0.0,II,0.471781,0.36,2.6600355505251128,0.3146071406271225,0.0386,0.1497,0.2581,108461.0,21191.0,6.69714,0.31,0.025,0.02,0.0,0.825,0.73,0.005,0.935,0.91,0.62,0.22915,0.2081,1.0,1.0,1.0,1.0,2249,0.9415000000000003,0.595,1.0,1.0,0.0,0.0,1.0,0.0,-0.0224191897905604,-0.0344566251625461,-0.0320173827943583,-0.0255295695215474,-0.0292443054563668,-0.0315041900864425,-0.0316721058104737,-0.0271486846890517,0.0395369237994044,0.6087493106796773,0.4198139665561638,0.1064481549145207,0.4106848588801314,-0.0473663932428923,0.9074453565560876,0.3336587529918495,0.0229960348411984,0.0104549005888685,0.0642783026762746,0.0473557019835623,0.0819673244283954,0.0163296740869958,0.0228158055015921,0.1045861162245334,1
Zm00001d005594,0.0,II,0.661529,0.55,1.221983179535456,0.7275296203116802,0.013,0.7347,0.0178,112304.0,520789.0,9.55982,0.34,0.015,0.015,0.0,0.7549999999999999,0.775,0.0,0.835,0.865,0.0,0.20665,0.1111,1.0,1.0,1.0,1.0,3677,0.037000000000000005,0.9425,0.74,1.0,0.0,0.0,1.0,0.0,-0.037683143458323,-0.0385658650121601,-0.0298930402793812,-0.0068902891529594,-0.0385646915637738,-0.0353729301447354,-0.0707180029537271,-0.0424836730106078,0.4630307961000139,0.1223586383883963,0.8494188684220806,0.1104177238958865,0.3782627816677599,0.0081473846479128,-0.0395925601369937,0.339714116972315,-0.0042421919873075,-0.0653248539489395,-0.0202860494557912,-0.0134709397746319,0.056419764789913,-0.045588009505664,-0.1258154559467892,0.0376833221040399,1
Zm00001d005598,0.0,II,0.484517,0.64,0.458171862473195,0.7863714008604856,0.0157,0.1169,0.134,409955.0,213433.0,9.55982,0.35,0.03,0.03,0.01,0.735,0.695,0.455,0.71,0.85,0.65,0.41265,0.3631,1.0,1.0,1.0,1.0,0,0.1705,0.0635,1.0,1.0,0.0,1.0,0.0,0.0,0.0310435099861121,0.0519090979494524,-0.0275665737667754,-0.0083584052935178,-0.019066038273381,-0.0187118705545223,-0.0578045299739803,0.0064577196951429,0.3802929373107059,1.0631634356539863,0.1538208646578664,0.0206744963554244,0.1595830196220831,0.0217366374495028,0.6266297191477836,0.1622238834806096,-0.0987803112771936,-0.1303630173038325,-0.0466760442587464,-0.0768597403905801,-0.0447807710321043,-0.0195220053695822,-0.1564306639632909,-0.0395865219729565,1
Zm00001d005599,0.0,II,0.439904,0.35,0.1388529146920686,0.9659207176335912,0.0263,0.1468,0.1792,386647.0,230856.0,9.55982,0.35,0.01,0.03,0.015,0.77,0.585,0.55,0.9299999999999999,0.74,0.755,0.14445,0.3379,1.0,1.0,1.0,1.0,0,0.816,0.0,1.0,0.0,0.0,0.0,1.0,0.0,0.1723902819238641,-0.0701861888882538,-0.1021816724091188,-0.0435366678274891,0.0171307029152067,-0.0546477090865416,-0.1347988682034653,-0.0343352510492924,0.1579214590585337,0.1408861316567497,-0.1035623974018565,-0.033763297899121,0.0125968930678949,-0.0597545421594119,-0.2126225388889661,-0.0133249186292829,-0.0033301614848724,-0.0010727384157622,-0.013919659832525,0.0205793598724705,0.0061770738051253,0.018228959242301,-0.0176661148902505,-0.0043552976041331,1
Zm00001d005638,0.0,II,0.498474,0.44,3.2004385683816703,0.372166561351453,0.0216,0.108,0.2,120140.0,146174.0,6.23758,0.44,0.02,0.01,0.0,0.47,0.725,0.08499999999999999,0.5449999999999999,0.915,0.54,0.36835,0.1031,1.0,1.0,1.0,1.0,0,0.26549999999999996,0.643,1.0,1.0,0.0,1.0,0.0,0.0,-0.0469758711618911,-0.0454954864936117,-0.0701380082024696,-0.0426852298819431,-0.0425818982872697,-0.0192367443039385,-0.0691247637353666,-0.0233596991184501,-0.0882659294581619,0.970758601280954,0.4477931669399266,0.0918534405306961,0.261482252517368,-0.0314786394154561,1.3919860328542657,0.1004268631954626,-0.0195199519686264,-0.1500611060814311,-0.0631622650669383,-0.0953079805311662,0.0482478022194599,-0.1121294588390583,-0.1534401202717097,-0.0767315712574584,1
Zm00001d005642,0.0,II,0.518333,0.452941,7.940220274592046,0.1472794780718852,0.0152,0.2728,0.0557,66.0,272012.0,6.23758,0.45,0.045,0.0,0.0,0.735,0.48,0.0,0.815,0.48,0.28500000000000003,0.5095,0.07035,1.0,1.0,1.0,1.0,4034,0.17650000000000002,0.0168,1.0,0.77,0.0,0.0,1.0,0.0,0.1705482901527066,-0.0161051091679147,-0.0508020322456202,-0.0014717689820788,0.1044859788956486,-0.0495314647648961,-0.0863526562675328,-0.0613429586606685,0.2311622053989035,0.2275348108511209,1.2753168235619463,0.2382180685702498,0.5894520599903263,0.0091476795392743,1.191976457898522,0.396012300846467,-0.0256580601738454,-0.0296698292536195,0.0223143852678366,-0.0049286240501009,0.0197767661934977,0.0075420578301612,-0.0163006719448089,-0.0253081946994651,1
Zm00001d005645,0.0,II,0.573129,0.64,4.474501683873956,0.1935944769114972,0.0148,0.1289,0.1148,100.0,50116.0,50.8198,0.45,0.035,0.0,0.0,0.46499999999999997,0.125,0.005,0.6799999999999999,0.44000000000000006,0.595,0.31584999999999996,0.07289999999999999,1.0,0.9167000000000001,1.0,1.0,0,0.42750000000000005,0.0,1.0,0.0,1.0,0.0,0.0,0.0,0.5569249079326439,0.3554472133948642,0.0780522871252618,0.0259199732598614,0.2144534840808748,0.0058584563244784,-0.0302924036480513,0.2212346843660769,0.0252809220329379,0.5844257763416543,0.5961886341244184,0.1417664089973239,0.3842482444513266,-0.0171941967281161,1.0713826523129677,0.3428219110695299,0.1290663677144711,-0.091419895190605,-0.0528605264817259,-0.0615596670037079,0.0809182393447476,-0.005355966249599,-0.1068610409720533,-0.0068963034727649,1
Zm00001d005649,0.0,II,0.461774,0.55,6.081886110822911,0.2375278576075825,0.0411,0.1026,0.401,14.0,377590.0,11.5034,0.46,0.035,0.06,0.0,0.75,0.565,0.0,0.89,0.74,0.48,0.34585,0.35775,1.0,1.0,1.0,1.0,1699,0.5195,0.33349999999999996,1.0,1.0,1.0,0.0,0.0,0.0,-0.0433857909336044,-0.0459122859419184,-0.0568743841578685,-0.007493246403871,0.0334199470120994,-0.0347341538777235,-0.0860753171015179,-0.0426871424603702,0.0958297022950308,0.6375759043183946,0.8098739190818167,0.2800700269517028,0.6191486345125261,0.0150324465838524,1.3573495741712702,0.3467000088645299,-0.0744481516083264,-0.095577637868733,-0.0913706948301689,-0.0479264734552775,-0.0247244508703793,-0.034410499467079,-0.0788457952717876,-0.0257745718291271,1
Zm00001d005650,0.0,II,0.492576,0.65,2.181563920222012,0.2612092530864442,0.0877,0.1388,0.6315,79194.0,296930.0,11.5034,0.46,0.035,0.02,0.0,0.675,0.65,0.01,0.885,0.825,0.735,0.21209999999999998,0.17535,1.0,1.0,1.0,1.0,0,0.563,0.6034999999999999,1.0,1.0,1.0,0.0,0.0,0.0,-0.0067666524252159,0.0047212956021326,-0.0029032569202481,-0.000473794844023,-0.0020600996200073,0.0055666790578803,-0.0075825145452226,0.0094027867204158,0.0094619636005559,0.6578467669522122,0.2669585966774356,0.0917041600929259,0.3609831864624671,-0.0547687353929341,0.7172028848124727,0.298955294271754,-0.0726213396850467,-0.0982292959276223,-0.0749370642181682,-0.0515546918908968,0.0001473305043102,-0.0541637686396027,-0.1048374667091669,0.0207824853228794,1
Zm00001d005653,0.0,II,0.529622,0.41,2.2310704454290766,0.3480872713307961,0.0893,0.1377,0.6486,229734.0,147837.0,20.1441,0.47,0.025,0.02,0.0,0.79,0.355,0.015,0.835,0.675,0.305,0.21945,0.28350000000000003,1.0,1.0,1.0,1.0,2435,0.8494999999999995,0.6074999999999998,1.0,1.0,0.0,0.0,1.0,0.0,0.0602627684860837,0.0134770069989526,-0.0249990986019124,-0.014339277888054,0.0033757722311922,-0.0208460357880888,-0.0458369997931753,0.0132438093572388,0.1876410534230896,0.3635067791333869,0.7153746075857297,0.3312515260089123,0.7676814645516603,0.0288207299830807,0.7259205705532723,0.6506334764374138,-0.0737546836165367,-0.0902603658468458,0.00089750703556,-0.0109082399850502,0.0175405208812248,0.0040761945646491,-0.0813131823978108,0.0571528292071276,1
Zm00001d005656,0.0,II,0.670782,0.56,0.2455341450493878,0.832212787783674,0.0283,0.2583,0.1094,376120.0,4140.0,20.1441,0.48,0.05500000000000001,0.025,0.0,0.795,0.69,0.0,0.9099999999999999,0.825,0.0,0.3125,0.27715,1.0,1.0,1.0,1.0,738,0.5429999999999999,0.03145,1.0,0.99,1.0,0.0,0.0,0.0,-0.0346686373363551,-0.0717581701840874,-0.048280525860432,-0.0115262679745955,-0.0504462339014342,0.0279767856879429,-0.0903302742823737,-0.0258479559984632,0.4918611565275886,0.1538284187850494,0.2694496550123072,0.1322042851190628,0.1718914756168511,0.4275707186359532,-0.0275901540184803,0.1170992610588387,0.2020639636588065,-0.0178818905672243,-0.0286640065747179,0.0108568855399569,0.0645106423345164,0.1137043129188391,-0.1055431467614003,0.0043700855684346,1
Zm00001d005657,0.0,II,0.737828,0.67,1.993894885296678,0.6069578005192071,0.0532,0.3931,0.1353,13.0,9618.0,15.7974,0.49,0.015,0.01,0.0,0.6,0.6699999999999999,0.01,0.5800000000000001,0.87,0.035,0.17020000000000002,0.1006,1.0,1.0,1.0,1.0,0,0.36900000000000005,0.0,1.0,0.0,1.0,0.0,0.0,0.0,-0.0428147987369515,-0.0702439207098988,-0.07552384452588,-0.0061264511978108,-0.0819453990228711,0.1401316852521351,-0.0824920550376435,-0.0315562630512857,0.1319925399531715,-0.0070118062799919,0.47394232147168,0.0324567164580344,0.113315477771304,-0.0175602984783349,-0.056675258493431,0.0888031234227797,0.0160716916522871,-0.071527443720911,-0.017523512371372,-0.037155351623101,-0.0041490040060434,-0.0114384282494185,-0.0860978993675256,-0.0386950943653244,1
Zm00001d005659,0.0,II,0.712037,0.58,1.081100120410013,0.8326500945923749,0.0442,0.2403,0.1838,55037.0,48896.0,8.6407,0.5,0.07,0.05,0.0,0.555,0.585,0.01,0.655,0.73,0.0,0.5851500000000001,0.47765,1.0,1.0,1.0,1.0,0,0.342,0.3374999999999998,1.0,1.0,1.0,0.0,0.0,0.0,0.0240191103986677,-0.0867628044130195,-0.053658230212323,-0.0318872346555339,0.0146648452893467,0.172634224662552,-0.0943055625334737,-0.0560373168456721,0.3324599897622615,0.0876840167394309,0.1652362603078204,0.0056590715119297,0.0634763354708176,0.7480574297524752,-0.0430509437986243,0.0314562780801061,0.1914086478166985,-0.0283113312683628,-0.0321370637084269,0.0356386519296653,0.0808017230410312,0.379720703446545,-0.0363117113658158,0.0144101245039928,1
Zm00001d005662,0.0,II,0.459811,0.46,3.3592597426915662,0.3812558780259017,0.0461,0.1081,0.426,61064.0,139.0,10.0194,0.5,0.025,0.05,0.0,0.655,0.345,0.22499999999999998,0.8300000000000001,0.2,0.615,0.2721,0.54435,1.0,1.0,1.0,1.0,0,0.08,0.27049999999999996,1.0,1.0,0.0,0.0,1.0,0.0,0.0039257351888724,-0.0968935512230345,-0.0830285048749928,-0.0840082441715134,-0.0023861360936843,-0.0822306291334723,-0.0700824083407634,-0.0367388425384474,0.2049137832825431,1.111623284410606,0.3263150114950758,0.1595199919948139,0.4063887588905947,-0.0298072645354175,1.3430201378879287,0.2968167003512895,-0.0269343571380335,-0.068428048836466,-0.0327714876396096,-0.0465572638208551,0.0222453598886378,-0.0358234421428649,-0.0668291982407605,-0.0131514649733961,1
Zm00001d005671,0.0,II,0.450106,0.39,1.558612875799204,0.4481015475477794,0.0233,0.0748,0.311,1138.0,69614.0,46.9326,0.51,0.03,0.025,0.0,0.49,0.74,0.005,0.605,0.87,0.32,0.47709999999999997,0.28275,1.0,1.0,1.0,1.0,0,0.043,0.5874999999999999,0.86,1.0,0.0,0.0,1.0,0.0,-0.0589625837204878,-0.1247306713074422,-0.117312713041761,-0.0963891957296736,-0.0938411614176905,-0.0711602939463063,-0.1331015346985433,-0.0822446062105872,0.2653872189818639,0.4484995064387042,0.5941213854030656,0.2720617342010881,0.6357779962704659,-0.0625972669728204,0.7598627133913725,0.6061708768972164,0.1836983348619256,-0.0201400178281748,-0.0378044944655445,0.0170969750726461,0.1752299334606785,0.0243574629064995,-0.0674728998885766,0.0966152394863351,1
Zm00001d005674,0.0,II,0.537386,0.62,3.0634286700516924,0.4904823784198822,0.019,0.1251,0.1517,12.0,58736.0,13.9065,0.52,0.045,0.0,0.005,0.75,0.105,0.365,0.88,0.37,0.685,0.30625,0.0635,1.0,0.7619,1.0,1.0,0,0.5109999999999999,0.0325,1.0,0.65,0.0,0.0,1.0,0.0,0.3635120085791632,0.3700451249806233,0.8149292679547642,0.6517148067250108,1.008822628820602,0.0009214653007332,0.670590552045167,1.0846045061194245,0.2519352154510728,0.6413693474062467,0.1664250939672324,0.0319031396394207,0.1254719134221619,0.0001957623743822,0.5605708187926091,0.11607055862786,-0.0280937155711897,-0.090515857791804,-0.0429995577692372,-0.0563678726681641,-0.0537180932985642,-0.0337900707468141,-0.1231091154441534,-0.0156022536777555,1
Zm00001d009057,0.0,II,0.678459,0.67,0.6437667701869012,0.7867614424600601,0.0395,0.4684,0.0843,284607.0,87763.0,9.61248,-0.22,0.02,0.01,0.0,0.48,0.6,0.0,0.695,0.62,0.0,0.16244999999999998,0.075,0.9375,1.0,1.0,1.0,2455,0.39299999999999996,0.0148,1.0,0.72,0.0,0.0,1.0,0.0,-0.0277071668687886,-0.0708045723948445,-0.0515152240263446,-0.0071799811076012,-0.0544653187474571,-0.0371331170572033,-0.1029284587887483,-0.0415411369575026,0.4044802205809198,0.1500185094704146,0.1464114792615126,0.0440110815320734,0.1564789287329948,0.4209970947014402,-0.075741689513341,0.0663795773895817,0.2701929725906046,-0.0271370562523843,-0.0122818820240975,0.0259444041555965,0.1087840806587397,0.3716598591699397,-0.0819303515152329,0.0528858265846427,1
Zm00001d009063,0.0,II,0.670017,0.57,0.2946240568786243,0.8380719143720523,0.0844,0.1096,0.7703,105521.0,293626.0,13.9065,-0.23,0.03,0.025,0.01,0.755,0.23,0.0,0.905,0.41000000000000003,0.0,0.2515,0.3187,1.0,0.9619,1.0,1.0,78,0.6585,0.077,1.0,1.0,0.0,1.0,0.0,0.0,0.012758032952549,0.0909424906570526,-0.0050610703725523,0.0224746409456537,0.1700214324933078,0.012821971204842,0.0302057353652416,0.1487485841149168,0.7737498155114025,0.3027462532450301,0.3527001482588349,0.0756351380061877,0.1582003027977914,0.4840878168309103,-0.0697579163611691,0.1122560822244542,0.0021121312630965,-0.0591442480065685,-0.0366020443121338,-0.0529171411089626,-0.0447613735210881,0.0687217154746725,-0.0948714134417239,-0.0445916792296246,1
Zm00001d009132,0.0,II,0.615385,0.64,2.566338493538664,0.3969490345968884,0.0293,0.178,0.1648,53.0,241773.0,16.7692,-0.26,0.025,0.015,0.0,0.785,0.005,0.065,0.79,0.28500000000000003,0.52,0.1972,0.31605,1.0,0.15555000000000002,1.0,0.94445,1658,0.24349999999999994,0.0395,1.0,0.79,1.0,0.0,0.0,0.0,0.1852596358615842,0.2131048746546023,-0.0226614512092183,0.0438992994224433,0.2499610356160909,-0.0147772462617689,0.1316295817266191,0.0546851073025337,0.316078831435104,0.7208492941505443,0.4990538823131446,0.1510029663154072,0.345938914961469,-0.0034971211099133,1.011464194605452,0.2941641984936668,-0.0528614756230687,-0.1022652165265919,-0.049734529413168,-0.064738927717194,-0.0576115651688311,-0.0313930344907974,-0.111315490080955,-0.0570364065736117,1
Zm00001d009127,0.0,II,0.451013,0.64,5.2471960051839925,0.3210664116743817,0.0078,0.0981,0.0799,73.0,239704.0,40.2355,-0.26,0.11,0.045,0.0,0.41500000000000004,0.25,0.0,0.585,0.445,0.56,0.5902000000000001,0.37570000000000003,1.0,1.0,1.0,1.0,0,0.14449999999999996,0.2680000000000001,1.0,1.0,1.0,0.0,0.0,0.0,0.0515601158268301,-0.0470465922135325,-0.0923385992008871,-0.0385405825270899,0.0426884047266457,-0.0369150121007479,-0.0817721717489171,-0.0414840131279241,0.0667893536235317,0.7440564501508389,0.7270587409176021,0.1196849635712261,0.3742739052908945,-0.04374955973818,1.2254742988797436,0.1841619969768684,0.0474525213477044,-0.0784136790623585,-0.0015611796278548,0.0256355597271408,0.2087828370999384,-0.0116595354025059,-0.0808278730667448,0.1115619467838681,1
Zm00001d009123,0.0,II,0.651757,0.55,1.6568766720786767,0.5517649688537191,0.0427,0.2893,0.1475,286.0,262.0,29.2444,-0.22,0.025,0.04,0.0,0.675,0.655,0.0,0.755,0.83,0.0,0.3478,0.29164999999999996,1.0,1.0,1.0,1.0,0,0.09000000000000002,0.40299999999999997,1.0,1.0,1.0,0.0,0.0,0.0,-0.0692777942294253,-0.0872746733938994,-0.1073277619326462,-0.0515205639511793,-0.0340156182547654,-0.0389375557640441,-0.1321124813299527,-0.0586898802428286,0.6007233332123251,0.1889626419847707,0.7966475204724666,0.3315535750387179,0.7687903323954524,0.0232061339749153,0.1121506206438646,0.8622178482432155,0.226121104918504,0.0136361898085194,0.1586581297073948,0.1012388337103692,0.2750591731707453,0.0460625550310922,-0.0210129495711081,0.2284913805905128,1
Zm00001d009121,0.0,II,0.64381,0.56,0.2241422092679432,0.8776611239697922,0.1,0.2286,0.4372,45687.0,221808.0,10.9912,-0.2,0.01,0.035,0.0,0.81,0.505,0.0,0.935,0.6799999999999999,0.005,0.10555,0.3333,1.0,1.0,1.0,1.0,0,0.0,0.489,0.0,1.0,0.0,0.0,1.0,0.0,-0.0786553941692379,-0.1045767022318575,-0.0484415537158879,-0.0507443032571007,-0.0896776004539825,-0.0739392954622805,-0.1468487858039273,-0.0922073026943143,0.3841253470810541,0.0989299880487053,0.1441704007539015,0.0808460591224745,0.2393195541470131,0.0108816760384597,-0.0377986247147106,0.1724898879179183,-0.003807065292234,0.0440491469681312,-0.0030091598055846,0.0281696696605049,0.0029229573187617,0.0394320668838397,-0.0247572597787531,0.0256542590698915,1
Zm00001d009116,0.0,II,0.68046,0.63,1.2877205434027117,0.8177305375867104,0.0612,0.3483,0.1756,259.0,22512.0,12.9347,-0.19,0.03,0.01,0.0,0.865,0.5349999999999999,0.0,0.9099999999999999,0.615,0.0,0.24995,0.1347,1.0,1.0,1.0,1.0,680,0.316,0.402,1.0,1.0,1.0,0.0,0.0,0.0,-0.0193724375902759,-0.0286699529389288,-0.0251843846011353,-0.0180489453343442,-0.0248685502992686,-0.0206880278859183,-0.0309548808711821,-0.0241350614459648,0.1250004924750119,0.0194298187656766,0.2832112729473365,0.1633606605868393,0.270318621780207,-0.0016991571920877,-0.0308660041061565,0.2980951402845627,0.0425263322997067,-0.0140184437341019,0.0494968899486652,0.0404510422345969,0.0969503121587598,0.0300777566200092,-0.039931691850345,0.0606804806377922,1
Zm00001d009088,0.0,II,0.668067,0.46,0.9626806175558978,0.7564489067677271,0.1374,0.1602,0.8581,347015.0,238.0,43.1508,-0.16,0.06,0.035,0.0,0.6950000000000001,0.71,0.0,0.8200000000000001,0.77,0.0,0.43335,0.28335,1.0,1.0,1.0,1.0,0,0.1655,0.561,1.0,1.0,1.0,0.0,0.0,0.0,0.018675408168059,-0.0586150521502714,-0.0492213759848813,-0.0010480746386088,-0.0122468843264735,0.0001387606216432,-0.1037800580084879,-0.0498820028976813,0.2420679744768054,0.1510403789980679,0.4391596241050538,0.194517224373571,0.3364756807382802,0.2467440593185811,-0.0691720502586794,0.2325624550344998,0.0344003798174747,0.0276164042952183,-0.0004886975385223,-0.007510762386221,0.0247735692927286,0.0277261810182927,-0.032541024260717,0.0245823859426561,1
Zm00001d009108,0.0,II,0.535162,0.41,3.043008599388962,0.3060388855111136,0.0633,0.1064,0.5951,435703.0,679855.0,11.0438,-0.07,0.08,0.0,0.0,0.815,0.03,0.0,0.9,0.27,0.33,0.7778,0.05,1.0,0.2361,1.0,1.0,5859,0.5165,0.08,1.0,1.0,0.0,0.0,1.0,0.0,0.3633882384281076,0.3064479518382618,0.0508296094406649,0.0562576073538095,0.2860030555002168,-0.0352035846462612,-0.0274608876386992,0.2290135707945134,0.1918812617184538,0.4949087576485808,0.8685080400379505,0.489238228728777,0.8992175857965959,0.0230317954468545,0.944517693266366,0.7064822468471823,-0.0238303886006607,-0.0723017637472487,0.2763585481047644,0.1278645715940549,0.1670763993969523,-0.0500055638320948,0.0337188689259125,0.2628191399090436,1
Zm00001d009103,0.0,II,0.672439,0.52,2.408605078013152,0.7216733773350721,0.1024,0.0699,1.4654,154198.0,961669.0,11.0438,-0.04,0.02,0.035,0.0,0.71,0.085,0.0,0.8300000000000001,0.15500000000000003,0.0,0.24164999999999998,0.08335,1.0,0.25,1.0,0.3333,363,0.48849999999999993,0.9619000000000001,1.0,1.0,0.0,0.0,1.0,0.0,-0.0121720315965794,-0.0109453043145884,-0.0172644606234272,0.0013820228636912,-0.009231513613815,0.0140997541676912,-0.0161509991112171,-0.0057285201413782,0.2399837823060611,-0.0377769641873027,0.7242902229001271,0.0932082091072377,0.3580791812042678,-0.0392105631971695,-0.0475473886749263,0.3588506915640069,-0.0448294204933317,-0.0877363618876579,-0.0432446805024983,-0.0515962995508855,-0.0346044138801115,-0.0621591886768369,-0.1107567502505013,-0.0759499150800803,1
Zm00001d009071,0.0,II,0.559722,0.57,1.1176758866908003,0.8464019149300203,0.042,0.1652,0.2541,336.0,885.0,57.9765,-0.23,0.04,0.06,0.02,0.63,0.69,0.13,0.74,0.845,0.18,0.7765,0.51665,1.0,1.0,1.0,1.0,0,0.0545,0.439,1.0,1.0,1.0,0.0,0.0,0.0,0.0813749063538029,-0.044806621540836,0.0451882770923126,-0.0129106589700426,0.1320537099477411,0.0924597409222421,-0.1004265946220233,0.1571013472535197,0.4057653962975757,-0.0014804969866042,0.3194321829427137,0.445895485844376,0.663082851483624,0.5055440595409054,-0.1676568933097154,0.3668351104127186,0.017421515677872,-0.080840708406127,-0.0294918784258281,0.1016593633674156,0.1885935029516973,0.178471807047942,-0.0951188801548837,0.0361597502956093,1
Zm00001d009161,0.0,II,0.479328,0.56,4.897502713102748,0.2551531451857108,0.0667,0.1044,0.6388,510.0,94056.0,31.6475,-0.06,0.02,0.015,0.035,0.435,0.765,0.05,0.495,0.8200000000000001,0.195,0.39345,0.175,1.0,1.0,1.0,1.0,2951,0.0,0.82,0.0,1.0,1.0,0.0,0.0,0.0,-0.0443761206858672,-0.0633729739749113,-0.063932955152497,-0.0066064479287028,-0.0276528929120302,-0.0061801263275589,-0.0767585720331417,-0.0777495384871033,0.2522748267022384,0.5417494590592234,0.7967063276408897,0.3418712584932641,0.8246160012981694,-0.0344579055482755,1.104924778312906,0.6427653549773794,0.125665728845508,-0.0161166018834089,0.8947742192200779,0.1454649565815045,0.3627326008565309,-0.0196747009710176,0.4908217799950911,0.0905370693944695,1
Zm00001d009163,0.0,II,0.506,0.38,4.946351857568586,0.2240640839673272,0.0108,0.1024,0.1051,225159.0,99117.0,31.6475,-0.04,0.03,0.035,0.005,0.75,0.52,0.01,0.92,0.715,0.41500000000000004,0.4432,0.50335,1.0,1.0,1.0,1.0,186,0.1634,0.5945,1.0,1.0,0.0,0.0,0.0,1.0,0.1515675357038018,0.0317670847294659,-0.0958066221251469,-0.050988117113493,0.0726932998285416,-0.0311191370126009,-0.0925274557237937,-0.0159566302956474,0.0598658651008985,0.5320318902180542,0.4990313838109066,0.2210312573714771,0.4997118609215545,-0.0145724563133071,0.8683302970286959,0.3726698962008269,-0.0519399161603788,-0.0908103716214656,-0.051669883062286,0.0167797269612937,-0.0275416074570008,-0.0477563920387808,-0.0868141622673797,-0.0355623962620242,1
Zm00001d009171,0.0,II,0.481707,0.63,0.8945859649658693,0.6153868790565271,0.0164,0.0935,0.1754,234648.0,139741.0,22.5472,0.03,0.05500000000000001,0.025,0.01,0.615,0.75,0.515,0.735,0.9450000000000001,0.8300000000000001,0.5537000000000001,0.2519,1.0,1.0,1.0,1.0,0,0.0,0.8122,0.0,1.0,0.0,0.0,1.0,0.0,-0.0793262552187567,-0.0680633307860473,-0.0865101654864362,-0.0382878047860903,-0.0683784666953334,-0.0349944646532177,-0.1034546261970666,-0.060171534846237,-0.0098350123005606,0.7564957937279139,0.2798775366414608,0.1403764923078295,0.2061349019838249,0.0009920139740194,0.8463853479980127,0.1171618742462147,0.0691988002473777,-0.0464576556193616,0.1262253207731779,0.2476031562621867,0.6001470227371313,0.0070095798155487,-0.0840364062310813,0.3994301039963076,1
Zm00001d009177,0.0,II,0.540138,0.49,0.9100452629613228,0.4774109003347884,0.0208,0.1262,0.1651,38.0,622609.0,12.4752,0.02,0.05,0.01,0.01,0.74,0.1,0.025,0.835,0.18,0.24,0.474,0.1244,1.0,0.8833500000000001,1.0,0.9129499999999999,0,0.0,0.04,0.0,0.8,1.0,0.0,0.0,0.0,0.1952910996708984,0.1123330887736768,-0.0122442323411578,0.0175492204410859,0.080585504958456,0.0199541672924586,-0.0358568993679669,0.0628079425995434,0.225688504770633,0.5568732527919165,0.5841820848304959,0.1765463514082756,0.5365378330918794,-0.0069320478019823,0.7943024861731194,0.44583660172212,-0.0670195043668038,-0.0920215041147288,-0.090459794640969,-0.03192485207537,-0.0788139183315221,-0.0618177853360819,-0.1171977283942546,-0.0900311963058692,1
Zm00001d009221,0.0,II,0.43787,0.43,3.399525265189603,0.1974246232852371,0.0493,0.141,0.3493,1618635.0,53383.0,19.1723,-0.05,0.015,0.01,0.005,0.655,0.48,0.42,0.9299999999999999,0.6799999999999999,0.6950000000000001,0.16365,0.19235,1.0,1.0,1.0,1.0,0,0.0,0.0,0.0,0.0,0.0,0.0,1.0,0.0,0.5208756546074472,0.1464363699414335,0.3873432150557757,0.0366306840484699,0.1628123545677736,0.1872546868335235,-0.0558824351507279,0.1055198412452321,-0.1041734048405697,0.7867807072229808,-0.0013112434558324,-0.0217559811262814,-0.0352083548132193,-0.0408409760137511,0.85647092882803,-0.0919756919021899,-0.0569967119735033,1.0975094190989014,0.0874329186090813,0.0305452107994214,-0.1089391349682837,0.0415302850541452,1.3010110554660224,-0.0880886487057534,1
Zm00001d009211,0.0,II,0.568089,0.294118,5.155062717231207,0.1440752751229914,0.0,0.1532,0.0,1104302.0,576515.0,17.6883,-0.03,0.02,0.0,0.0,0.7150000000000001,0.01,0.01,0.745,0.03,0.57,0.42600000000000005,0.09225,1.0,0.25555,1.0,0.49865000000000004,0,0.0,0.0,0.0,0.0,1.0,0.0,0.0,0.0,0.5946999942667659,0.2163058498878006,-0.0725654766937092,-0.0053237292568058,0.115637274838814,0.0010003237115648,-0.0826885620083773,-0.0051063265689235,0.0194963727235725,0.3463943880825607,1.0363058097577738,0.4920677095579856,0.7368219109736387,0.0153671154088071,1.072619953199379,0.4392092819827318,-0.0275174156280804,-0.1625412979195739,-0.1245920930129512,-0.0886351647687709,-0.0177788505746034,-0.1039994328225578,-0.1677421178293213,-0.0980038741768256,1
Zm00001d009205,0.0,II,0.446417,0.46,3.17540113432975,0.2556255237160325,0.0444,0.0825,0.5388,82172.0,826717.0,17.6883,-0.02,0.04,0.025,0.0,0.595,0.75,0.005,0.81,0.87,0.615,0.40390000000000004,0.21255000000000002,1.0,1.0,1.0,1.0,0,0.9344999999999998,0.4585000000000001,1.0,1.0,1.0,0.0,0.0,0.0,-0.0752412981797473,-0.1259992650563019,-0.090217301026962,-0.0914372924325437,-0.1201460921729885,-0.0659918287204866,-0.1412036152016229,-0.0977969564322732,-0.0148545700927581,0.9730677746848448,0.1992730244683094,0.0439361589677922,0.1961140899050479,-0.1167436472570398,1.3469765362010606,0.1422777729285856,-0.0465418507894417,-0.0655568218949733,-0.0425174287154097,-2.832892896462852e-05,0.0141601088896426,-0.0442726673651903,-0.0741174660388232,-0.0152160028532709,1
Zm00001d009193,0.0,II,0.614286,0.52,1.9814610807451736,0.6359625211682989,0.0318,0.2627,0.1212,595506.0,319349.0,7.66892,-0.01,0.08,0.06,0.0,0.12000000000000001,0.68,0.0,0.24,0.855,0.0,0.7649,0.51945,0.8899,1.0,1.0,1.0,3335,0.0687,0.7622999999999996,1.0,1.0,0.0,0.0,1.0,0.0,0.14326817672803,0.0106717227411651,0.0290679805090394,0.0420729307103147,0.1285178238056424,0.0173649406981813,-0.0612028542377055,0.1146270606283902,0.5871064236484373,0.2084276054590021,0.4356493480751503,0.2894301970920279,0.6939772510285528,0.0137154722329739,-0.0515278661130371,0.6128257939521863,0.4666408623336826,-0.0429148960586858,-0.0927991376309477,0.0127768343027513,0.175305368418711,-0.0730730059951496,-0.1316963119894287,0.0406341452774697,1
Zm00001d009226,0.0,II,0.574599,0.59,2.6015118712217205,0.3030389088566882,0.0111,0.1201,0.092,263.0,125621.0,39.7759,-0.05,0.025,0.0,0.0,0.735,0.185,0.0,0.76,0.665,0.98,0.23099999999999998,0.0473,1.0,1.0,1.0,1.0,0,0.42349999999999993,0.0705,1.0,1.0,0.0,0.0,1.0,0.0,-0.1189239855867264,0.6030420614740093,0.0362155317255348,-0.0186183977334937,-0.01927865897511,-0.0502149931145653,0.5809735982653332,-0.0388720614594519,-0.0416515406662722,0.4624111094565847,0.9026695989471782,0.286596371068103,0.4353683280363155,0.0002464884631107,0.8739318553909564,0.3551085638745087,-0.0610580376977895,-0.1344360606933784,-0.0735991489183129,-0.0258620492745416,0.0634485473790822,-0.0496068461488601,-0.1328318538978387,-0.0047298417537718,1
Zm00001d009236,0.0,II,0.545336,0.37,3.530252376304276,0.2624754854969134,0.0548,0.1329,0.4122,1192737.0,25068.0,11.5034,-0.07,0.02,0.01,0.0,0.46499999999999997,0.785,0.0,0.45999999999999996,0.85,0.67,0.38889999999999997,0.07289999999999999,1.0,1.0,1.0,1.0,769,0.38599999999999995,0.098,1.0,1.0,1.0,0.0,0.0,0.0,-0.0715554773376082,-0.0705843955933763,-0.0746970538520084,-0.054125625076181,-0.0704841088905843,-0.0496021744196423,-0.072857309210734,-0.079139210330729,-0.0981538240850836,0.6530937467986646,0.4392708588725382,0.169013248130658,0.3275732406547126,-0.110623722713141,1.1371691263818178,0.225804488679849,-0.0107695422135147,-0.0382614862311877,-0.0184641546516521,0.0084213248189911,0.0713073392686635,-0.0261302038670899,-0.0336210565935523,0.0366701561011738,1
Zm00001d009248,0.0,II,0.472532,0.53,2.809429816877295,0.4745204373209392,0.0271,0.1207,0.2241,52992.0,14510.0,11.0438,-0.07,0.02,0.015,0.0,0.65,0.865,0.005,0.825,0.935,0.485,0.16870000000000002,0.18055,1.0,1.0,1.0,1.0,4207,0.0,0.6990000000000001,0.0,1.0,0.0,0.0,1.0,0.0,-0.0004521807104674,0.0333497006295807,-0.0083476438820952,0.0273171176895125,0.0006127058311737,0.0238393702325746,-0.0249431490222026,0.0260327510580591,0.2582436055339873,0.8500413292955068,0.3592156952288164,0.2552025060266728,0.6886251996033119,-0.0178306052965321,1.1350059668079189,0.4651368344622266,-0.0258383800302551,-0.0867749844138016,0.0161765850698598,0.0202310096653147,0.0385809803961505,-0.0304327062891953,-0.0763253512925651,0.0002526719816886,1
Zm00001d050544,0.0,II,0.648936,0.54,0.3144329838900776,0.7582904408264115,0.0327,0.1419,0.2306,208210.0,614415.0,22.4946,-0.01,0.07,0.04,0.0,0.5249999999999999,0.735,0.005,0.6699999999999999,0.86,0.01,0.5557000000000001,0.25734999999999997,1.0,1.0,1.0,1.0,2704,0.36200000000000004,0.8234999999999999,1.0,1.0,0.0,0.0,1.0,0.0,0.0446649281646461,0.0114976710393297,0.1348844684278622,0.0207898631155712,0.0444221230198916,0.3058300455326045,-0.0514239746807464,0.0452667619338005,0.6384637278767957,0.1584681140215818,0.2113420778930522,-0.0005539186010933,0.1201646084524445,0.1548656102240062,-0.0332109020874353,0.0696055379173085,0.0811235536005575,-0.0363553102907122,-0.0052203418952059,0.0045078176144202,0.0950992931636377,0.0522826393710752,-0.0764693030885979,0.0089002937244978,1
Zm00001d050551,0.0,II,0.522643,0.611765,5.53704277221516,0.1507176023090172,0.0157,0.1622,0.0968,703790.0,95206.0,17.2814,-0.02,0.065,0.015,0.01,0.835,0.575,0.475,0.9299999999999999,0.79,0.825,0.4222,0.18869999999999998,1.0,1.0,1.0,1.0,0,0.8064999999999999,0.15899999999999997,1.0,1.0,1.0,0.0,0.0,0.0,-0.0545163413609061,-0.0525266259148865,-0.0738926809582288,-0.0231701618701993,-0.0571276924737466,-0.0378250199732921,-0.0733154670019563,-0.0638875039461024,-0.033877964527518,1.811722085719163,0.3840797415572807,0.1222037851247454,0.1006083303503608,0.0329437455423746,1.8682228002280663,0.1173020880650634,-0.1051697132743426,-0.1281488500868026,-0.090647174678085,-0.0272973635889422,-0.0695568992264311,-0.0781778387503216,-0.1438160292194519,-0.0449158611080299,1
Zm00001d050563,0.0,II,0.585809,0.52,0.0041680802865731,1.0,0.0723,0.2964,0.244,363652.0,78811.0,11.5034,-0.02,0.01,0.03,0.0,0.605,0.615,0.0,0.895,0.845,0.1,0.0833,0.25465,1.0,1.0,1.0,1.0,244,0.0,0.769,0.0,1.0,0.0,0.0,1.0,0.0,-0.0362555883106823,-0.0365634481092065,-0.0087533615104851,0.0436300940089143,-0.0128615841951314,0.0159096319234049,-0.0593287948405113,-0.0155103870724773,0.3621673013898596,0.0977110282162328,0.0932215515580745,0.1091783983137356,0.2560529281779554,-0.0068198098825264,-0.0817942169530847,0.1656710876789164,0.0032277499811525,-0.0274681459519938,-0.0611455749358275,0.003661968709108,0.0030906394358189,-0.0134567311480605,-0.0607080342039425,-0.0117135825496535,1
Zm00001d050567,0.0,II,0.57903,0.54,3.2608355013976422,0.4048595325919986,0.0244,0.1434,0.17,168549.0,155644.0,33.0261,-0.02,0.03,0.025,0.005,0.625,0.77,0.0,0.835,0.875,0.21,0.2619,0.3125,1.0,1.0,1.0,1.0,1681,0.14565000000000003,0.0,1.0,0.0,0.0,1.0,0.0,0.0,-0.0152635810049434,-0.0265141900740917,0.0075880026521782,-0.0044184216306944,-0.0262667785597926,-0.000861567245329,-0.037292112847194,-0.0225901684919938,0.3693441871948643,0.3392873948789797,0.8638395484792805,0.2419564849188159,0.6250408478004996,0.0452695411663871,0.6917647436017311,0.5186373080816291,0.0047085882674083,-0.0739119137640805,-0.0384281413736889,-0.0280000162001047,0.0377295704628249,0.0097985650342522,-0.0741550695403681,-0.0264681702920481,1
Zm00001d024952,0.0,II,0.516237,0.52,3.4629925795881893,0.5107387080180855,0.0231,0.1661,0.1392,1295.0,225619.0,15.7974,0.05,0.12,0.035,0.0,0.175,0.805,0.045,0.365,0.9550000000000001,0.575,0.7921499999999999,0.27315,0.95,1.0,1.0,1.0,3346,0.37884999999999996,0.28800000000000003,1.0,1.0,1.0,0.0,0.0,0.0,-0.0696810005668375,-0.0779726403904543,-0.0951689162092777,-0.0626009038179446,-0.0756317986209223,-0.0182038725364791,-0.100969881184936,-0.072525417848663,0.1193390515329496,0.6972594123522112,0.0212679402630266,-0.0063717696908388,0.2554177051159089,-0.0394847941010126,0.6333833033974429,0.06218107753812,0.2148828177993181,0.2264425074578588,0.5041316420173405,0.4321318264569395,0.8887367610298653,-0.0055464941239823,0.4730083317907158,0.726752745364118,1
Zm00001d024947,0.0,II,0.508964,0.482353,0.958717114834512,0.5364543588529302,0.0422,0.1655,0.2549,230658.0,2268.0,33.9979,0.04,0.045,0.025,0.0,0.8,0.635,0.0,0.865,0.845,0.33999999999999997,0.31535,0.20315,1.0,1.0,1.0,1.0,3390,0.47009999999999996,0.25849999999999995,1.0,1.0,0.0,0.0,1.0,0.0,0.0929405438794035,-0.004445791242846,-0.0394665345899881,-0.0032587526963539,0.0641166493013898,0.0069343248972767,-0.0603446026122218,0.0046392428303493,0.5157214869818251,0.3618723108143367,0.638746502076452,0.5767850684882079,1.203140048405232,-0.0338388251770368,0.3475776218869036,1.1129945288290315,-0.0459668436807224,-0.0932425490917089,-0.0007350854690257,0.0463731637160369,0.0493331482880323,-0.0642092520293368,-0.1081708077714085,0.0187691752023853,1
Zm00001d024946,0.0,II,0.689297,0.37,0.906808926786478,0.8997015655687509,0.0505,0.6124,0.0825,306087.0,32914.0,33.9979,0.04,0.045,0.01,0.0,0.42500000000000004,0.61,0.0,0.675,0.7250000000000001,0.0,0.27535,0.09315,1.0,1.0,1.0,1.0,1924,0.3890000000000002,0.23600000000000002,1.0,1.0,0.0,0.0,1.0,0.0,-0.0809690185396981,-0.1133136367934523,-0.1096349440673295,-0.0923187151041254,-0.0923237552907133,-0.0154067499150313,-0.1208088867973413,-0.08317837926977,0.3303922995220356,0.1456985383003922,0.2849510771888107,0.0042595848463585,0.1144892400673741,0.5387023244826353,-0.0444521868122292,0.0589747830054397,0.0885660134433538,-0.1260892665839229,-0.1017179114104762,-0.0679415260412233,-0.0114946731282713,0.0293404794173613,-0.1458122463793583,-0.0757158210079988,1
Zm00001d024941,0.0,II,0.521832,0.55,0.8284739094136618,0.5403930138436879,0.043,0.2222,0.1935,35.0,3884.0,9.10026,0.02,0.015,0.0,0.0,0.625,0.005,0.015,0.6499999999999999,0.1,0.355,0.3491,0.04445,1.0,0.07289999999999999,1.0,0.84445,727,0.043500000000000004,0.0,0.56,0.0,1.0,0.0,0.0,0.0,0.0544973853450655,0.0858807923447369,0.2434043336020717,0.0174945885262177,0.0916764693791147,-0.0019976965399365,-0.0080656540916681,0.0938470425338829,0.5774021459161932,0.4382083096810353,0.2658697250403847,0.1827771744040726,0.4606528312547843,0.019274882528885,0.2190274015470137,0.3354926027744078,-0.0287208490399329,-0.1074989420967825,-0.072150710801742,-0.0178375701606073,0.0784140383676064,-0.0729967504372083,-0.1385835672303749,0.0814266993362519,1
Zm00001d024938,0.0,II,0.488782,0.49,4.637248075676671,0.1767496534796926,0.0137,0.1687,0.081,221258.0,65297.0,17.741,0.02,0.07,0.05,0.01,0.69,0.52,0.56,0.875,0.835,0.73,0.6736,0.44110000000000005,1.0,1.0,1.0,1.0,0,0.7994999999999999,0.746,1.0,1.0,0.0,0.0,1.0,0.0,-0.0988618690282099,-0.1037742645910212,-0.0762745118550183,-0.0729042707981759,-0.0999917851991346,-0.0687252611222273,-0.1297266549149399,-0.0861147462001132,-0.1110117583287606,1.1428051127324632,0.2467675157758931,0.0824304510123346,0.1006828373177907,-0.0584235936562142,1.354766322335658,0.0436237950377079,-0.0804922897624638,-0.0700890534320683,-0.0627124376251499,0.0092426449096751,0.0378863422399633,-0.0426667289652436,-0.084044634839574,0.0670020596441449,1
Zm00001d024937,0.0,II,0.504669,0.4,1.944595633937528,0.5737781589647116,0.0348,0.1687,0.2059,179613.0,118486.0,17.741,0.02,0.065,0.025,0.0,0.08499999999999999,0.71,0.015,0.16,0.9099999999999999,0.33499999999999996,0.69895,0.29164999999999996,0.8786,1.0,1.0,1.0,567,0.182,0.8915000000000001,1.0,1.0,1.0,0.0,0.0,0.0,-0.0323889334427241,-0.0290002584114625,-0.0239207030177103,-0.0279483547247238,-0.0310657554223802,-0.034768589654737,-0.0355830776011737,-0.0199104801714004,0.7148769189876822,0.6904095553027385,0.410223502829827,0.1675201030221236,0.5399984367794264,-0.0127542509818796,0.4264063184262747,0.5366145864202986,0.4888470429058165,0.0317083208913893,-0.0345202608645633,0.0509754460673195,0.2389521044139585,0.0325025639902227,-0.0104246466174094,0.1585392123660655,1
Zm00001d024935,0.0,II,0.58806,0.42,1.8567716321278611,0.3718906883715528,0.0825,0.1224,0.6737,260445.0,38722.0,7.66892,0.01,0.025,0.02,0.01,0.79,0.29,0.095,0.78,0.5549999999999999,0.6950000000000001,0.16035,0.1946,1.0,1.0,1.0,1.0,0,0.8434999999999999,0.2815,1.0,1.0,1.0,0.0,0.0,0.0,0.054051529814815,0.0269901127157926,-0.0662026566053737,0.0007960790681863,0.1201472842446894,-0.0443332419161935,-0.0286637497670338,-0.0432081210118498,0.0077534878545177,0.6467246587737063,0.553760757255668,0.299213859201933,0.4524798887895627,-0.0666092188329821,0.9814283215138736,0.3562903854900749,-0.0656559091852432,-0.0486029065758263,-0.0001469692970615,0.0031911283531173,0.02442122754818,0.0180959634707621,-0.0613669180157894,0.0477825896451841,1
Zm00001d024934,0.0,II,0.647159,0.57,0.8167141977742859,0.7103473893817034,0.0515,0.3451,0.1492,16.0,104832.0,7.66892,0.01,0.055,0.01,0.0,0.485,0.61,0.0,0.595,0.8,0.01,0.6214500000000001,0.08854999999999999,1.0,1.0,1.0,1.0,1994,0.19799999999999998,0.04,1.0,0.8,0.0,0.0,1.0,0.0,0.0245567243148163,0.0945098174868893,-0.041825865764128,0.0406315939611289,0.0619049757750655,0.0582907719834984,0.0063833008664316,0.0063202984962957,0.2323773176114424,0.2952139211795764,0.5995808230799086,0.3674124591782681,0.7477321260377195,0.025423158219654,0.4148225066795226,0.5812488937434117,0.0679529499184717,-0.0548908336525685,0.0057959479483964,0.0956342888125894,0.304616305949006,-0.0349508931438423,-0.0581608427057735,0.1120157641786604,1
Zm00001d024933,0.0,II,0.5375,0.57,5.398974995071374,0.2962045154030759,0.0088,0.1134,0.0775,68383.0,33860.0,7.66892,0.01,0.03,0.025,0.01,0.8400000000000001,0.63,0.27,0.875,0.76,0.69,0.15489999999999998,0.2651,1.0,1.0,1.0,1.0,0,0.8370000000000001,0.5764999999999998,1.0,1.0,1.0,0.0,0.0,0.0,-0.0208577845295925,-0.0166208529146373,-0.0329920262095987,0.0157241204476688,-0.007817052181173,0.0370207661086695,-0.0331137079729632,0.0022459233423342,-0.0114049543380971,0.7307594451615089,0.4105088174654002,0.1854579128347742,0.3233914556250667,-0.004538008057773,0.9600007540479082,0.2518452723693124,-0.0691555047458924,-0.0917671610300878,-0.0722442962228872,-0.0495656506773024,-0.0170372249424587,-0.0076614599381393,-0.1010167007152958,-0.0306751989931871,1
Zm00001d024928,0.0,II,0.484399,0.45,2.002197689595673,0.3382040381250849,0.0439,0.1069,0.4105,2777.0,12173.0,27.3008,0.01,0.04,0.06,0.01,0.7,0.255,0.53,0.8,0.385,0.85,0.33335000000000004,0.6612499999999999,1.0,1.0,1.0,1.0,0,0.444,0.0535,1.0,1.0,0.0,1.0,0.0,0.0,0.2355265643226473,0.0013928662095045,-0.0719616325591243,0.0480728034487192,0.2277527874465839,-0.0396663998158348,-0.0772478356294765,0.0756453635417225,-0.0983103369903679,1.6747584589299285,0.2576942959472107,-0.0149302617170416,-0.0163963858048298,-0.1035559495133632,2.050804334787433,-0.048560766030357,-0.0627178473427835,-0.0747462072645464,-0.0539262611224812,0.0208441905751133,-0.0628472877620237,0.0046378814079015,-0.0998173727085805,-0.04793492593646,1
Zm00001d024889,0.0,II,0.510994,0.45,4.7850443849382405,0.1827464180819793,0.0252,0.0761,0.3309,465081.0,18933.0,23.9785,0.05,0.025,0.02,0.01,0.775,0.525,0.395,0.88,0.71,0.73,0.3333,0.18009999999999998,1.0,1.0,1.0,1.0,0,0.6494999999999999,0.16149999999999998,1.0,1.0,0.0,1.0,0.0,0.0,-0.0552244473402371,-0.0844242993740709,-0.1070337730537294,-0.0450261902375,-0.0819996551968989,-0.033276939012532,-0.1042586219457269,-0.1026614747392854,-0.1758077530778027,1.4330029392848351,0.2566836013587069,0.0827917516437199,0.0512949383685357,-0.005238317701023,1.6584877535910851,-0.0517556963131482,-0.0135800937968346,-0.0199349946580893,0.0034845129481171,0.0293441424716189,0.0529886783615495,0.015988634409154,-0.0244345483416936,0.0079670005491765,1
Zm00001d024883,0.0,II,0.729045,0.36,0.488967814348426,0.8467607850671462,0.064,0.3028,0.2114,9.0,237.0,23.0067,0.05,0.07500000000000001,0.01,0.0,0.74,0.21000000000000002,0.005,0.8500000000000001,0.15500000000000003,0.015,0.599,0.1131,1.0,1.0,1.0,1.0,0,0.8515,0.09100000000000001,1.0,1.0,1.0,0.0,0.0,0.0,0.2658923348430868,-0.034594557569292,-0.0605010928423147,0.1636157523844186,0.3233092859532779,0.0232619467096599,-0.1056098771262888,0.1075395562000674,0.1892520966450008,-0.0519596380707423,0.4254874296378724,0.3298542927219409,0.5700002982900086,0.0962014651124829,-0.0541731511624378,0.3975199271887327,-0.0416030412586834,-0.0601202317331657,-0.0218368206144555,0.0158370557942202,0.0145943893642658,0.011529381078976,-0.088949906116299,-0.0204828441819413,1
Zm00001d024872,0.0,II,0.699041,0.43,0.3748777838094277,0.8945240080504406,0.0362,0.3294,0.11,277034.0,7028.0,28.2199,0.07,0.01,0.05,0.0,0.45499999999999996,0.095,0.005,0.67,0.33,0.0,0.11904999999999999,0.14425,1.0,0.25,1.0,0.5,0,0.155,0.059,1.0,1.0,1.0,0.0,0.0,0.0,0.9202870106016836,0.2931090610930276,0.6230366618707042,0.1576461503798573,0.2708430775172735,0.6618216964225386,-0.0448740128857421,0.2645653058170639,0.3174552166517378,0.1314404777456694,0.1947194051618953,0.0404560314812121,0.1450580327418066,0.0396619202546268,-0.0199440207364742,0.0542884288052491,0.2594130199104023,0.0196907266502777,0.0775357500944924,0.0059192781857742,0.1044982653596694,-0.050769596374154,-0.1186481299059756,0.0687609174743889,1
Zm00001d025059,0.0,II,0.618421,0.51,3.439994393469196,0.6564320554715833,0.0221,0.8505,0.026,166758.0,198000.0,36.9133,0.38,0.02,0.015,0.0,0.69,0.66,0.1,0.8200000000000001,0.915,0.225,0.23125,0.20829999999999999,1.0,1.0,1.0,1.0,0,0.7659999999999999,0.8380999999999998,1.0,1.0,0.0,0.0,1.0,0.0,-0.0552730519356967,-0.0502694966646919,-0.0149012012991978,-0.0240169350336646,-0.0506185084342271,-0.0188644093149328,-0.0588527172367012,-0.0451824478989488,0.3182254281933324,-0.0014005852714646,0.0216576540449982,0.0464871169282236,0.0883068495118063,0.444066571084117,-0.082108774773693,0.0097482637055483,0.115577185360547,-0.0023595830815788,-0.0044385496795238,0.028381684415955,0.0447891483338457,0.1776189550689144,-0.02775209343821,0.0072826899063463,1
Zm00001d025055,0.0,II,0.7319,0.69,1.6254436953434457,0.498432484666847,0.1185,0.6388,0.1855,28.0,363043.0,36.9133,0.39,0.065,0.02,0.035,0.55,0.64,0.10500000000000001,0.755,0.845,0.085,0.45235000000000003,0.22115,1.0,1.0,1.0,1.0,747,0.10790000000000001,0.8575,1.0,1.0,0.0,0.0,1.0,0.0,-0.0605633490563056,-0.0738790254069705,-0.0634136898745761,0.0047186675893704,-0.0828639735430395,-0.0436904850895813,-0.0939421062221143,-0.0428247276864134,0.6035422059336715,0.0093534900821385,0.108532443754771,0.1728586662923115,0.2295063338945683,0.6019688942687875,-0.1140709494792491,0.1290500821707207,0.2265795886815026,-0.0412574245731208,-0.0479001032575525,0.0326586455700084,0.1071896856840476,0.1112935109876369,-0.0802698428959488,-0.0013158499051924,1
Zm00001d025050,0.0,II,0.520497,0.48,2.9106921506008114,0.3218633774812738,0.0238,0.1715,0.1389,29.0,95526.0,23.9259,0.4,0.015,0.03,0.0,0.705,0.53,0.005,0.775,0.62,0.46499999999999997,0.09720000000000001,0.29164999999999996,1.0,1.0,1.0,1.0,18840,0.0,0.405,0.0,1.0,0.0,0.0,1.0,0.0,0.3243504946296845,0.1286222330174394,-0.0015144414075325,0.0597021767777214,0.2312327412901491,0.0008498304036583,-0.0972693961052944,0.1490237689168885,0.1593689948217114,0.5593487515704125,0.8701032358455985,0.4526720719361802,0.8513158768807465,0.0340829115203894,1.118577437410188,0.6584011996664568,-0.0357072689662778,-0.0668603803917845,-0.0287646382912512,-0.0036828538842108,0.0444587802307933,-0.0032724642763722,-0.0935180657782015,-0.0211122294694254,1
Zm00001d025048,0.0,II,0.444247,0.66,3.140724689332934,0.2455991869160647,0.0146,0.1183,0.1233,45.0,59635.0,18.2005,0.4,0.085,0.035,0.0,0.81,0.72,0.15000000000000002,0.915,0.825,0.8,0.70625,0.29205,1.0,1.0,1.0,1.0,0,0.9605000000000001,0.9335,1.0,1.0,0.0,1.0,0.0,0.0,-0.0410405124530125,-0.0357183193207997,-0.0367899280855445,0.0118950932243829,0.0044857356677973,-0.0213550917541703,-0.0701214733286865,-0.0295893888939997,-0.2295524062549136,1.7356525261782398,0.2508388682172581,0.0151829457632221,0.2152872228233914,-0.0647708052083609,2.154143862273261,0.0332773623509534,-0.0520622654835994,-0.071810107011031,0.0035318528199257,-0.001667226180748,0.0276382907968665,-0.0238499508782139,-0.0712342747011304,0.05647083642885,1
Zm00001d025044,0.0,II,0.484064,0.37,2.990679007305684,0.3020954288349079,0.0206,0.125,0.165,534990.0,59627.0,5.2658,0.4,0.045,0.05,0.01,0.65,0.7949999999999999,0.47,0.835,0.945,0.88,0.23554999999999998,0.27915,1.0,1.0,1.0,1.0,0,0.7159999999999997,0.9984999999999999,1.0,1.0,0.0,1.0,0.0,0.0,-0.0377472790426943,-0.0390097768902652,-0.0488164935429089,-0.0250002767118486,-0.0366081222267074,-0.0199124008445665,-0.0481690443569418,-0.037207147476105,-0.4898121840588144,2.341802997869931,0.1711445521060434,-0.1117307504505486,-0.39197534649154,-0.1069142782832915,2.7812840434947925,-0.3237077450407977,-0.0023043668006249,-0.0065829136739288,0.0400904756679955,0.0214719918501802,0.0517776843396415,0.0091485404874877,0.007254660649208,0.0593743886133294,1
Zm00001d025041,0.0,II,0.509579,0.452941,0.1699245671065246,0.8491292237458229,0.1175,0.1456,0.8076,349720.0,304146.0,5.2658,0.41,0.01,0.02,0.005,0.595,0.795,0.04,0.73,0.91,0.47,0.07925,0.2972,1.0,1.0,1.0,1.0,3358,0.07,0.22299999999999998,1.0,1.0,1.0,0.0,0.0,0.0,-0.0495306034763672,-0.0607384136207788,-0.0654273154201458,-0.031158216015763,-0.0864301176133589,-0.0284510571392042,-0.1006470495765532,-0.0549965206774711,0.6625714184264385,0.4757711239694435,0.2227314411842926,0.1247617841433332,0.3135377388192195,0.060844891642544,-0.0084031501414846,0.2756657653843336,0.0416413834308902,-0.024411998767923,0.0810851288007189,0.0003539122962552,0.1115750150535012,0.0093040500169209,-0.0689210905474059,0.0706517913821171,1
Zm00001d025037,0.0,II,0.557388,0.335294,1.201500890212385,0.6587187196845788,0.0746,0.2981,0.2501,111573.0,544235.0,12.9347,0.41,0.02,0.02,0.0,0.74,0.6799999999999999,0.005,0.87,0.88,0.005,0.2152,0.18635000000000002,1.0,1.0,1.0,1.0,77,0.7190000000000001,0.0,1.0,0.0,1.0,0.0,0.0,0.0,-0.0869018665065213,-0.0760132814683164,-0.0711439639763539,-0.0143931614782175,-0.0792378888784508,-0.0010712016033306,-0.1045565098822668,-0.0791667101581982,0.4469737752258549,0.1304408725870137,0.5246388699281103,0.1285362548777402,0.3545904669783393,0.0234011333622297,0.0817699482060708,0.5054947524386176,0.0006559981054938,-0.1176464812909408,-0.0445157655209221,-0.0656598189306112,-0.0910112509882274,-0.0871980043637459,-0.128016086718728,-0.0952846966040524,1
Zm00001d025034,0.0,II,0.442728,0.52,1.7742217413006085,0.4573686451709307,0.0796,0.1577,0.5047,186841.0,54541.0,6.23758,0.41,0.02,0.06,0.01,0.655,0.11,0.015,0.855,0.32999999999999996,0.485,0.14485,0.5536,1.0,0.96425,1.0,1.0,4877,0.19099999999999998,0.0,1.0,0.0,0.0,0.0,1.0,0.0,0.3860193469951051,0.2454692750580696,-0.0126355131961044,-0.0528696324490812,0.0008982838523601,-0.0533686947787254,-0.1081045773686871,-0.0476430929213606,0.1564357566970565,1.004770399528631,0.4493965220989749,-0.013225101500715,0.1415911801023053,-0.0704175185900405,1.490364950136453,0.0963421832437275,0.0110486086970074,-0.0372400164880288,-0.0168065932996917,0.0339850642518475,0.0528050094961286,-0.0167648251013514,-0.0406819249709927,0.0495523635639562,1
Zm00001d025031,0.0,II,0.513914,0.52,0.7551097255848628,0.7605673148063311,0.0375,0.2432,0.1543,44922.0,4033.0,13.3943,0.41,0.055,0.01,0.0,0.6950000000000001,0.615,0.0,0.8300000000000001,0.725,0.0,0.4979,0.10769999999999999,1.0,1.0,1.0,1.0,0,0.765,0.0,1.0,0.0,1.0,0.0,0.0,0.0,-0.0225975360361559,-0.0206226756331392,-0.0207992089457493,-0.0644492646542509,-0.0548211109330534,-0.0625022857942335,-0.0869164651950324,-0.0648304198384427,1.0475091722641146,0.4862859919672421,0.6076018186484168,0.2870002931859501,0.6145908964605378,0.1144874050250549,0.0490618969352909,0.4691439208475828,0.0413536489803902,-0.0337791782009241,0.0132484671413151,0.0272243222246603,0.0456723552211562,0.0808893508031762,-0.0445813258295115,0.0290254071329035,1
Zm00001d025027,0.0,II,0.439024,0.670588,4.103002843478415,0.2415422076067077,0.0571,0.1441,0.3959,171671.0,791.0,10.072,0.4,0.055,0.295,0.0,0.555,0.5700000000000001,0.01,0.69,0.655,0.76,0.60575,0.8926000000000001,1.0,1.0,1.0,1.0,1012,0.0,0.31749999999999995,0.0,1.0,0.0,0.0,1.0,0.0,0.1634042674016789,-0.0093096223079021,-0.0553017741682252,-0.0327353961421082,0.1281215066950072,-0.0126027515718715,-0.104739337783845,0.0568689857767936,-0.205711172056402,1.3943259462903013,0.4023913226543485,-0.0226366945737234,0.0581585500521234,-0.013377753765711,1.8316367121784176,-0.0906745549314133,0.0224182632195768,-0.0241747978957776,-0.0185867690433023,0.0008809785321951,0.0760861857361466,0.046870304278021,-0.0581221069191324,0.0165399713244151,1
Zm00001d025025,0.0,II,0.557292,0.48,3.4971765032316946,0.3084030960812186,0.018,0.1956,0.0918,112390.0,68407.0,18.6601,0.4,0.04,0.045000000000000005,0.015,0.71,0.315,0.085,0.89,0.595,0.44,0.6312500000000001,0.40985000000000005,1.0,1.0,1.0,1.0,67,0.6666500000000001,0.051,1.0,1.0,0.0,1.0,0.0,0.0,0.4572626044064919,0.0402965120066374,-0.018240332000243,0.0488799363684998,0.2103210944519225,0.1648257871527736,-0.0577705072892837,0.0889474006323221,0.2712908355282578,0.4945326461534345,0.3084118520945142,0.0557240001765776,0.2070467982883519,-0.0353406172084504,0.3906009583276254,0.2218058992302722,-0.0299019795965145,-0.0483863279176811,-0.0159930701720355,-0.0156203946348848,-0.0054123931616593,0.006108941790856,-0.0760023116680545,0.017106985872373,1
Zm00001d024998,0.0,II,0.443257,0.68,4.401366733087063,0.3712581376543659,0.0223,0.122,0.1832,79.0,221127.0,11.5034,0.26,0.02,0.025,0.005,0.755,0.44,0.21500000000000002,0.85,0.625,0.81,0.2107,0.41885,1.0,1.0,1.0,1.0,0,0.17875,0.037000000000000005,1.0,0.74,0.0,1.0,0.0,0.0,-0.033856603138234,-0.0553602639176447,-0.0590091631443844,-0.0207074240217862,-0.0460458293642432,0.0209197024012276,-0.077455777577618,-0.0516102724875173,-0.1947744502411914,1.7091653237667823,0.2496076308173446,0.0034696800430419,0.0942466847233253,-0.0487412735687685,2.237937259072844,-0.0463295146796806,0.0385241739493665,-0.0615934528249772,-0.0650877567829035,0.0143992189072576,0.0675873097692021,-0.0092975967754491,-0.0677642797966512,-0.0316682199278705,1
Zm00001d025085,0.0,II,0.4662,0.4,2.128960716726401,0.3397881699866616,0.043,0.1208,0.3555,118673.0,16276.0,19.6319,0.3,0.14,0.03,0.005,0.475,0.54,0.375,0.705,0.8049999999999999,0.715,0.7321500000000001,0.2583,1.0,1.0,1.0,1.0,0,0.5864999999999998,0.5295000000000001,1.0,1.0,0.0,0.0,1.0,0.0,-0.044121169064063,-0.051314736254663,-0.0599740344813324,-0.0108405752697024,-0.0329902081422156,-0.0374769057556425,-0.0570441692349844,-0.0434139660949145,-0.0997008648742346,0.9423639562693372,0.2391641212948411,0.0134516769866319,0.1837765048870481,-0.1072514634396658,1.135231887261467,0.1335586770093642,0.1739808571625457,-0.0593727720240422,0.0255275082445967,0.0130413890117997,0.1704981708616509,-0.0155975675828159,-0.0681508074688291,0.0929086814714045,1
Zm00001d025098,0.0,II,0.481598,0.364706,3.738019901738045,0.209140826047102,0.0217,0.0727,0.2983,502934.0,7461.0,14.8783,0.3,0.065,0.02,0.01,0.87,0.81,0.395,0.91,0.905,0.835,0.69795,0.1262,1.0,1.0,1.0,1.0,0,0.33,0.7765,1.0,1.0,1.0,0.0,0.0,0.0,-0.0499333316723811,-0.0656679214799088,-0.0450643021296038,0.0061940379373143,-0.053027607917884,-0.0416997765538952,-0.0889282795288346,-0.0261391916499668,-0.1577076671417871,1.6713229163469625,0.1827805792238432,0.1672967468128432,0.332442710319371,-0.0862173484580265,1.8593318281387312,0.1478312463518113,-0.0665826625988144,-0.0826158810307617,-0.0200056936580616,0.0621609540892134,0.0675693483649879,-0.0565640347082587,-0.0501441334238103,0.0416109954153772,1
Zm00001d025126,0.0,II,0.696825,0.49,2.3182882325621224,0.5565086214049174,0.0261,0.3033,0.0862,114882.0,1610.0,16.2569,0.24,0.05500000000000001,0.065,0.185,0.8049999999999999,0.58,0.23,0.975,0.72,0.69,0.4917,0.61115,1.0,1.0,1.0,1.0,505,0.8125,0.0,1.0,0.0,0.0,0.0,1.0,0.0,0.0893745561008625,0.0131460164858265,0.0876365539401625,-0.0216593488953052,0.103890498838252,-0.0091024484907742,-0.0386588752464271,0.0808810107919097,0.3198446922171996,0.2277627233627462,0.5759461242397701,0.1236024200525423,0.3933639701293662,-0.0015266633801394,0.1562564128448227,0.4557548612696884,-0.011412490610594,-0.0239938818676157,-0.0021574039475668,0.0129750543074058,0.0150363030083052,0.0228467106272053,-0.0249475333107258,0.0139677992165159,1
Zm00001d025130,0.0,II,0.501762,0.323529,1.794509758411784,0.6481174062148223,0.0309,0.0882,0.3505,84393.0,55273.0,12.4225,0.24,0.03,0.015,0.025,0.16999999999999998,0.77,0.6,0.385,0.895,0.87,0.2583,0.1087,0.89375,1.0,1.0,1.0,0,0.0,0.027000000000000003,0.0,0.54,0.0,1.0,0.0,0.0,-0.0783807173972133,-0.0699839314285204,-0.0911541993232795,-0.0404083645037545,-0.0704568723750138,0.0012840627123973,-0.1053788053141207,-0.0846345189045568,-0.0659985118104321,1.458411821551349,0.1509942074101401,-0.0002537664479105,-0.0546142062611049,-0.0741165420134398,1.4870187857604944,-0.0367010681678451,0.3188780154580256,-0.0572971170110386,0.0682002680442198,0.0036651252416064,0.2458185181302362,-0.0359586299564106,-0.0729399879901405,0.130000962470026,1
Zm00001d025165,0.0,II,0.563238,0.67,5.104393309773308,0.2071824863388983,0.1339,0.1998,0.67,135.0,3809.0,14.8783,0.16,0.04,0.0,0.0,0.79,0.01,0.005,0.815,0.02,0.5700000000000001,0.4333,0.03105,1.0,0.1486,1.0,0.44584999999999997,8416,0.8065000000000001,0.029000000000000005,1.0,1.0,0.0,0.0,1.0,0.0,0.220151227123251,0.1475223804649543,0.7653624281991478,0.6141179215164472,1.019424430507045,0.0012568663021544,0.408998100765701,0.8044596759070444,0.042151218070675,0.7899250317256439,0.5880155284670481,0.2300454098300026,0.5256743005468123,0.0168165115982892,1.3308273118458964,0.3415949598685769,-0.0171889152854029,-0.0141752193335393,-0.0103098369435072,-0.0034578845781278,0.0105980642155776,0.0225630634923156,-0.0219316282220858,-0.0131642984038978,1
Zm00001d025201,0.0,II,0.496432,0.41,6.9814612585003895,0.313839975635327,0.0125,0.1305,0.0959,32.0,89718.0,2.86268,-0.18,0.11499999999999999,0.02,0.0,0.745,0.76,0.035,0.77,0.925,0.55,0.58335,0.24995,1.0,1.0,1.0,1.0,0,0.5815,0.5335,1.0,1.0,1.0,0.0,0.0,0.0,-0.0290989154177048,-0.0430221929739925,-0.0227660201492786,-0.0260833510333317,-0.0533133937929657,-0.0410415197203262,-0.0599619831604867,-0.0432934861579884,-0.0297058171865496,0.9852142320382108,0.3534294435202053,0.0109232355987442,0.196234862687239,-0.0808165318945515,1.4200731681921517,0.0150072590627693,-0.0491323406213414,-0.0590423479659575,0.0044371248223117,0.0244494939779052,-0.0018779116147032,-0.0057337089880944,-0.0625436715253289,0.0221679422512569,1
Zm00001d025208,0.0,II,0.545713,0.46,1.200621703105262,0.6657386065491641,0.0372,0.1972,0.1887,810.0,30232.0,17.2288,-0.16,0.04,0.015,0.0,0.32,0.5800000000000001,0.19,0.495,0.815,0.405,0.3343,0.19165,1.0,1.0,1.0,1.0,2652,0.0,0.1955,0.0,1.0,0.0,0.0,1.0,0.0,-0.0109675788226918,-0.0129694967434137,-0.0495319893900095,-0.0260210424982929,0.0106725547888969,-0.0103708242170652,-0.0784418342564418,-0.0261842207288924,0.2672262064877993,0.8224101643939548,0.5257526551083836,0.2180569786939517,0.518565301796267,-0.0586863383581394,0.941051928455623,0.4076496288228086,0.2490863464671072,-0.0567306913931956,0.4549075340142287,0.1768857346186436,0.4889469136880896,-0.0027895667525516,0.1279880103909944,0.3321875215803528,1
Zm00001d025205,0.0,II,0.690227,0.51,0.2588639857760886,0.9807325448905964,0.0503,0.3408,0.1476,179639.0,15990.0,7.66892,-0.17,0.03,0.045,0.0,0.29,0.7150000000000001,0.005,0.45,0.7949999999999999,0.0,0.2884,0.39525,1.0,1.0,1.0,1.0,4958,0.0,0.424,0.0,1.0,0.0,1.0,0.0,0.0,-0.0418213969201339,-0.0497037507208489,-0.0287568249886761,-0.0011562664090879,-0.0615203499961041,0.0329967583728039,-0.077845556304458,-0.0278618537922285,0.2481420502648794,0.0596019866602886,0.2362234386390345,0.0001053741921212,0.0889961131709497,0.2156153028288662,-0.0460357461822525,0.0446960493333438,0.4196273129600708,-0.0590611193734433,-0.0073548984238542,-0.0170416446057899,0.0746039069867962,0.5720856433591838,-0.1034362141500445,0.0154306143910541,1
Zm00001d025170,0.0,II,0.521628,0.447059,4.80012050786624,0.3522067767455434,0.0075,0.188,0.0398,159182.0,347402.0,48.364,0.13,0.02,0.02,0.0,0.71,0.475,0.01,0.8300000000000001,0.6,0.625,0.29995,0.2783,1.0,1.0,1.0,1.0,0,0.37849999999999995,0.20470000000000002,1.0,1.0,0.0,1.0,0.0,0.0,-0.0928320735445665,-0.0908970459765567,-0.1191170830530175,-0.0385316668367441,-0.0897818088248343,-0.0642843122225149,-0.117514876123919,-0.103813950201879,0.2372116176343406,0.5304772400763723,1.015411217226964,0.1622537328816313,0.4572202084270826,-0.006621680036504,1.0262554959738597,0.3574616537178265,0.0294809077022074,-0.0483280344035893,0.006530644424702,0.0099672099313324,0.1009552880149112,0.0276108430876936,-0.0606077429039327,0.0405722456960005,1
Zm00001d025171,0.0,II,0.480287,0.47,3.4300402553158054,0.224528742320467,0.0578,0.1124,0.514,301308.0,204414.0,48.364,0.13,0.03,0.07500000000000001,0.015,0.75,0.41000000000000003,0.06,0.84,0.65,0.33999999999999997,0.2735,0.5991500000000001,1.0,1.0,1.0,1.0,5888,0.177,0.6615000000000001,1.0,1.0,1.0,0.0,0.0,0.0,-0.0757979305996832,0.0106331967335605,-0.0681354248533044,-0.0881957258330426,-0.0361159637165444,-0.0608228569222753,-0.0014407810070845,-0.0737086229307686,0.1924243911422527,0.6296301696210744,0.4828511075265177,0.2684209470378039,0.6840274911406052,-0.0700276694899204,0.954901042712136,0.5480292365517173,-0.0840156122925875,-0.1213830196953166,-0.0601743920184917,-0.0146055309808859,0.0044034683116922,-0.0443634869298529,-0.0912832368069604,-0.0556027219320236,1
Zm00001d025178,0.0,II,0.510172,0.5,4.189824084362428,0.2271492275014178,0.0276,0.0799,0.3457,270624.0,29470.0,7.66892,0.03,0.03,0.05,0.005,0.79,0.545,0.16999999999999998,0.89,0.735,0.61,0.49720000000000003,0.5194,1.0,0.9722,1.0,1.0,722,0.0,0.0415,0.0,0.83,0.0,0.0,1.0,0.0,-0.0668952300147853,-0.1114427440683496,-0.121058079710081,-0.0615327421063243,0.0049251445352924,-0.0340570863012244,-0.1366713055131873,-0.0774691000649536,0.0519264793750482,0.913083310424516,0.4549072742133425,0.1690336337026467,0.34422057346316,0.010944071629328,1.1917379028424933,0.243736630300214,-0.0365102381639685,-0.0359502468337171,-0.0350149954174003,0.0190856069773088,0.0297956201833025,-0.0035654464854088,-0.0546363602312243,0.0319616550247997,1
Zm00001d025182,0.0,II,0.462541,0.629412,2.410822884836382,0.4151662676464601,0.0534,0.1094,0.4883,107.0,334792.0,12.9347,-0.06,0.015,0.015,0.0,0.645,0.74,0.005,0.86,0.865,0.535,0.09659999999999999,0.1222,1.0,1.0,1.0,1.0,10157,0.0,0.37249999999999994,0.0,1.0,0.0,0.0,1.0,0.0,-0.0986001512916868,-0.1187390233696591,-0.1091007891280795,-0.0835608815299461,-0.1317742724607986,-0.0786593263509704,-0.1461816487552201,-0.0860770376934286,0.3523612669482309,0.5158276997147989,0.6526785573033392,0.0306643677272957,0.3109201813539264,-0.0373128300067676,0.7237858320057106,0.3549069183581949,-0.0289717630102417,-0.098040130996901,-0.0208154493803715,-0.0063451583682822,-0.0041942013354601,-0.0372086816418224,-0.0948370261561922,-0.0203736773288274,1
Zm00001d025228,0.0,II,0.535135,0.458824,3.3749206605485704,0.3949259315903608,0.0421,0.1296,0.3251,93223.0,3016.0,23.9259,0.12,0.065,0.095,0.0,0.8200000000000001,0.46499999999999997,0.02,0.895,0.7,0.385,0.39,0.55565,1.0,0.9821500000000001,1.0,1.0,1891,0.7354999999999999,0.419,1.0,1.0,0.0,0.0,1.0,0.0,0.2583784837423649,0.0273849323782083,0.320096820434026,0.1107728670046198,0.266256433993089,0.206722446676222,-0.0772910362868964,0.2956469502164246,0.2826717842687966,0.6969768469638409,0.3654609154160787,0.063838511818294,0.3232494768843655,-0.0259675029246066,0.7991418987016168,0.2035250983509346,-0.0412691799846354,-0.0422991323140098,-0.0382086333787169,-0.019335919361223,0.0032980255904895,-0.0088358444395256,-0.0745297133435147,-0.0102787837917103,1
Zm00001d025235,0.0,II,0.435923,0.44,1.5319477464726818,0.5536822301444292,0.033,0.1108,0.298,86628.0,3506.0,10.072,0.16,0.045,0.035,0.0,0.51,0.14500000000000002,0.095,0.65,0.5349999999999999,0.52,0.62695,0.36345,1.0,0.9375,1.0,1.0,1958,0.30655,0.05299999999999998,1.0,0.78,0.0,0.0,1.0,0.0,0.0295584527918114,0.2886139304554966,0.7076368832977931,0.2999132134803047,0.4474524853180756,0.0495821875136542,0.7821478360917318,0.5210745251236943,0.6145345432979706,1.0066082378977683,0.3047130805666133,0.1122020142673193,0.5840795994910557,-0.0549187024298393,1.0292597611693712,0.5331757197565111,0.0745158589852152,-0.0987166003484791,-0.0657406947892741,-0.0340608919368191,0.0740285194486185,-0.0689125848295998,-0.1273736320376234,-0.0390616348476302,1
Zm00001d025236,0.0,II,0.593449,0.56,2.0849668522221823,0.282152889615882,0.0769,0.1955,0.3932,54.0,96747.0,10.072,0.16,0.02,0.04,0.0,0.725,0.13,0.01,0.8300000000000001,0.255,0.545,0.2,0.35314999999999996,1.0,0.9375,1.0,1.0,6035,0.39349999999999985,0.03900000000000001,1.0,0.78,0.0,0.0,1.0,0.0,0.3560597292478435,0.3989838882347875,0.0522027877178235,0.0699160922836689,0.2011541213676932,0.0140823153148224,0.3490727722435495,0.0975272762888645,-0.0320800846628067,0.531458707135718,0.5085668838510171,0.1940504838838972,0.2968338824956428,0.0030900605254354,1.0472448831478487,0.2729220040233492,-0.0507803064013411,-0.0488265334508259,0.0522174028587287,0.0041893796997987,0.0563608789560004,-0.004885806949143,-0.0407141795507116,0.0634666388631548,1
Zm00001d025238,0.0,II,0.482086,0.42,2.606185807518426,0.2779610828574816,0.0284,0.1146,0.2475,1816.0,5327.0,12.4752,0.18,0.035,0.07,0.0,0.025,0.44,0.02,0.030000000000000002,0.6799999999999999,0.935,0.4874,0.6570499999999999,0.45715000000000006,1.0,0.54165,1.0,1103,0.0,0.26199999999999996,0.0,1.0,1.0,0.0,0.0,0.0,-0.0376409565022562,-0.0731238473655346,-0.1167022575854467,-0.0454595269038152,-0.046112293227999,-0.0811468052331958,-0.1195883099358982,-0.0747361388178605,-0.0334908943479191,0.7981264532534127,0.1164828187259633,0.0953896642898993,0.1186507886601624,0.0054815969651112,1.0812523897012498,0.0414635063004942,0.0744829756200637,0.101488781890572,0.9322211328755718,0.5083002548010404,0.8965527590525649,-0.064329143482958,0.6250006310499914,0.8711567917584704,1
Zm00001d025241,0.0,II,0.654412,0.63,5.772593088943407,0.2819863473966987,0.0628,0.4889,0.1284,21.0,344.0,41.6669,0.21,0.11,0.04,0.0,0.275,0.01,0.0,0.365,0.065,0.015,0.83335,0.65315,0.9476,0.18914999999999998,1.0,0.75005,502,0.2931999999999999,0.2235000000000001,1.0,1.0,0.0,1.0,0.0,0.0,0.075152757312125,-0.1331935830613422,-0.1330883881844265,-0.0751760995539741,-5.243616454265881e-05,-0.0264908076632014,-0.1312310314896814,-0.0643930032902685,0.4252321207789764,-0.037278650637292,1.7177519288343432,0.1653991218184836,0.5019879086271519,0.0519508273439864,0.2655296272786961,0.5421113128214163,0.4312608232862743,-0.0894226301138283,-0.0407632771565956,-0.0290180330750553,0.057121774676158,0.4133006026118159,-0.1026440323774026,-0.0356832504236905,1
Zm00001d025251,0.0,II,0.665837,0.388235,0.3980241552727753,0.6667977773446012,0.0842,0.1372,0.6138,95849.0,4569.0,8.6407,0.26,0.03,0.015,0.0,0.475,0.71,0.0,0.675,0.81,0.01,0.32775,0.3187,0.975,1.0,1.0,1.0,3305,0.0775,0.3605,1.0,1.0,0.0,0.0,1.0,0.0,-0.0943727425637198,-0.1185949733283684,-0.1166908017472195,-0.1168701760434205,-0.1305186519044229,-0.0641762612925705,-0.1497564964984739,-0.1265267387945292,0.5323284316982496,0.1225429339036975,0.3191786500640571,0.0357426442541513,0.2120294303395999,0.3831585876287623,-0.0751015861533262,0.1427886642530534,-0.0632736335749507,-0.1533105207985765,-0.135356508121566,-0.0743375766872711,-0.0150745299961871,0.2392351666393057,-0.1692440391213536,-0.1169863609045347,1
Zm00001d025252,0.0,II,0.509044,0.5,1.314019928449905,0.3152904922689542,0.0214,0.1614,0.1324,323648.0,172.0,8.6407,0.26,0.035,0.025,0.01,0.76,0.5900000000000001,0.39,0.85,0.7250000000000001,0.71,0.2875,0.42595,1.0,1.0,1.0,1.0,0,0.568,0.633,1.0,1.0,0.0,1.0,0.0,0.0,-0.0432011553669025,-0.0746820562993504,-0.0860910843294281,-0.071326274741974,-0.0584988793074369,-0.0103600481189561,-0.0990873969225338,-0.0577127951599266,-0.0752770101943851,1.2549430529213632,0.3040982441026008,0.1929854947592202,0.1695350621558638,-0.0018104890666606,1.518354534927736,0.1372945226671213,-0.0707652797995727,-0.1275155859957212,-0.0672234553643099,-0.0015850942158584,0.0328145459905236,-0.0344281754483368,-0.1099392844454957,0.0262003650588191,1
Zm00001d025267,0.0,II,0.550964,0.56,2.758531954710728,0.4237634782138195,0.0774,0.1675,0.4618,335106.0,295936.0,8.12848,0.33,0.035,0.01,0.03,0.5549999999999999,0.765,0.09,0.755,0.84,0.42500000000000004,0.32030000000000003,0.1012,1.0,1.0,1.0,1.0,0,0.49500000000000005,0.4225,1.0,1.0,0.0,0.0,1.0,0.0,-0.028110624493239,-0.0369859449076318,-0.0302561133293874,-0.0019731349234067,-0.0511370590557248,0.0098717202261891,-0.0481046622233116,-0.0129527363196899,0.0607414783961361,0.4307775859208308,0.2105468579082888,0.0795810418265086,0.3613933866323321,-0.0360694002430945,0.5283247585212496,0.2516781277542059,-0.021902047975912,-0.0560324723548444,-0.0158236825447397,0.0004998237866217,0.0754966610665116,-0.0402224725744135,-0.0938944099723039,0.0882906024347407,1
Zm00001d025268,0.0,II,0.476771,0.235294,2.6780481698774223,0.3367877619015988,0.0348,0.1521,0.2286,252251.0,377727.0,8.12848,0.35,0.055,0.02,0.0,0.665,0.6950000000000001,0.0,0.745,0.915,0.51,0.40154999999999996,0.18205,1.0,1.0,1.0,1.0,716,0.0,0.9890000000000004,0.0,1.0,0.0,0.0,1.0,0.0,-0.0451103653333816,-0.0450863648058155,-0.0134677609697532,-0.0283874313410373,-0.0282587721811251,-0.0096309417609091,-0.0572682488154209,-0.0479319423760897,0.0761343706084235,0.7664278082382434,0.705134437965906,0.3482580173036652,0.6943752373417497,0.015318426523959,1.277434899115503,0.4947750392938085,0.2061999649047777,-0.0714072680414459,-0.0149018458605274,0.0064834208574918,0.2433108616835114,-0.0130067209719769,-0.0797356689964634,0.1139668462719242,1
Zm00001d025271,0.0,II,0.469349,0.55,3.787301688737955,0.1529793575986356,0.0027,0.1239,0.0215,526954.0,101116.0,8.12848,0.42,0.02,0.05500000000000001,0.005,0.84,0.815,0.28,0.865,0.95,0.785,0.2222,0.47619999999999996,1.0,1.0,1.0,1.0,6753,0.616,0.9778,1.0,1.0,0.0,0.0,1.0,0.0,-0.0416991150457606,-0.0453028311903966,-0.0506438493834779,-0.0325464997004198,-0.0403706344206998,-0.0102210502415855,-0.0667309629261523,-0.0432620574804495,-0.0449625775912662,0.8196490251654114,0.3005978486796791,0.2013176900138465,0.3095140754402408,-0.0346659996612598,0.8982654499287654,0.2486132191315227,0.0130071512813657,-0.0376549188739158,0.0082838166273219,0.1190526844869466,0.071424875680492,0.0237698554049999,-0.0589747507676424,0.0482357988865665,1
Zm00001d025273,0.0,II,0.475777,0.53,5.993942949061894,0.1771950082146067,0.0056,0.1474,0.038,38.0,627132.0,8.12848,0.46,0.025,0.025,0.0,0.675,0.44000000000000006,0.01,0.7849999999999999,0.73,0.635,0.1609,0.255,1.0,1.0,1.0,1.0,0,0.315,0.6485,1.0,1.0,0.0,0.0,1.0,0.0,-0.0201036137277634,0.0031768012023919,-0.0296690979158276,-0.0093050805540653,0.0410540930830349,0.0013215978970427,-0.0267709264102704,-0.008791615454303,-0.1122837575978954,1.0070902707235807,0.510413927118519,0.137296945576734,0.2649704527080913,-0.034215271784794,1.6516646443250536,0.0930443439153068,-0.0337288183735488,-0.1527276728670273,-0.0783398132602474,-0.072904205521386,-0.0633876647960231,-0.0694634026587586,-0.1539383098937491,-0.0767271820743523,1
Zm00001d025274,0.0,II,0.543939,0.5,2.71502276021077,0.2574386304198292,0.0418,0.135,0.3099,30.0,64309.0,10.5316,0.48,0.08499999999999999,0.01,0.005,0.6,0.52,0.005,0.79,0.685,0.535,0.54805,0.11915,1.0,1.0,1.0,1.0,0,0.3255000000000001,0.094,1.0,1.0,1.0,0.0,0.0,0.0,-0.052225124836094,0.0700089891419989,-0.0563154541089958,0.0438506286306394,-0.0492562406995455,0.0121033322859703,0.0019033598989127,-0.0443277327285108,0.1135591238470576,0.4511881094434181,0.6771625357533737,0.2791734782307377,0.5179244968511856,-0.0280275308314687,0.917347897743995,0.4765409713979728,0.1919415486694584,-0.0209875131839209,-0.0408924603225894,0.0367315791001528,0.0783749291857138,-0.0197796693350594,-0.0764327614091497,0.0124654566337316,1
Zm00001d025275,0.0,II,0.670647,0.51,0.3066835206239576,0.7933225140293587,0.0374,0.1956,0.191,43679.0,2552.0,10.5316,0.48,0.065,0.05,0.02,0.72,0.095,0.735,0.865,0.505,0.825,0.7666999999999999,0.5083500000000001,1.0,0.92805,1.0,1.0,0,0.16599999999999998,0.0,1.0,0.0,1.0,0.0,0.0,0.0,0.1011217975433921,0.520063308419682,0.5174752080413227,0.2362282289805033,0.4074827107265505,-0.0424635214710906,0.9782866210461516,0.2567085042072398,-0.066459868203713,-0.0151922347956315,-0.0953607759368553,0.0725236438884742,-0.0412665532888198,-0.0602849061298949,-0.1917645747904773,-0.0345542363704762,0.0008073548791932,-0.0422218858806536,0.0274543073553608,0.0790346585326999,0.118626046562496,-0.0098661199195483,-0.0661797374010379,0.1389958887440522,1
Zm00001d025281,0.0,II,0.729604,0.39,0.4922122468366627,0.8153470408597814,0.0763,0.1022,0.7461,160185.0,16737.0,27.813,0.58,0.01,0.03,0.0,0.7250000000000001,0.16,0.005,0.71,0.355,0.0,0.1,0.45314999999999994,1.0,0.87695,1.0,1.0,6601,0.0,0.0,0.0,0.0,0.0,0.0,1.0,0.0,0.3522551755173134,-0.1138273310763454,-0.0762261020969749,-0.0074009737698357,0.1067377328824987,1.0518493354879266,-0.125294756865223,-0.0360405455944825,0.2928131030780537,0.0587983618203999,0.2560583502258967,0.1050492462009284,0.2130530084062608,0.661764871100833,-0.0264701272024836,0.1650049971473139,0.0702424540364688,-0.0158824116004571,-0.0123699346023927,0.0618599074094594,0.0376937351786891,0.3463670577657165,-0.0293364695882517,0.008207582271585,1
Zm00001d025294,0.0,II,0.456427,0.36,4.003115271396564,0.2932119653026218,0.0708,0.1294,0.5469,93405.0,225967.0,47.3922,0.66,0.0,0.02,0.01,0.135,0.71,0.455,0.875,0.865,0.79,0.02665,0.25,1.0,1.0,1.0,1.0,0,0.1355,0.8005,1.0,1.0,0.0,1.0,0.0,0.0,-0.0268695098124335,-0.0339462733290362,-0.0602501376869443,0.0027322926575274,-0.0482135021671001,0.0073618425456282,-0.0564802428623059,-0.0368056483560393,-0.0083989169013594,1.3861554303200296,0.0392040065997435,-0.0029258373042117,0.042013279206228,-0.0531761928837677,1.5286733870876512,-0.0590583725741403,0.0423936020193034,0.6598461567781285,0.017034694357794,0.0496737664476691,0.3156278562109274,-0.052123596026816,0.9541246858685956,0.1719726969713681,1
Zm00001d025300,0.0,II,0.452276,0.58,3.965326106853567,0.2808877176290594,0.0329,0.057,0.5768,58.0,79973.0,6.23758,0.66,0.025,0.05500000000000001,0.0,0.72,0.715,0.005,0.905,0.865,0.625,0.40835,0.41065,1.0,1.0,1.0,1.0,401,0.5105,0.7049999999999998,1.0,1.0,1.0,0.0,0.0,0.0,-0.0585002563645026,-0.0977302993472939,-0.0990269656342847,-0.0998073306295646,-0.0503415379750318,-0.0405478440030843,-0.1114181276572654,-0.0674241518931957,-0.0545533079442841,0.9274666697955674,0.3762887787160528,0.1515777143981707,0.3410342362456032,-0.04940542888805,1.4464492791667871,0.1641785571089873,-0.0576304988426233,-0.1138941851998728,-0.0553761800079237,-0.0599996820826744,-0.0360169301344286,-0.0462593926454612,-0.0978199549427008,-0.0549667070414977,1
Zm00001d025305,0.0,II,0.49656,0.57,6.450969881900066,0.1984162404227391,0.0119,0.1235,0.0966,2.0,82.0,38.2919,0.65,0.03,0.01,0.0,0.7949999999999999,0.5700000000000001,0.005,0.845,0.695,0.385,0.3884,0.1136,1.0,1.0,1.0,1.0,684,0.2985,0.0,1.0,0.0,1.0,0.0,0.0,0.0,0.0284103102334549,-0.0552300782089275,-0.121637539558291,-0.0440015388214262,0.077580366311537,-0.0693304379238814,-0.1303912027430656,-0.030695810444697,0.0977201554382582,0.5040785171539189,1.1317411103679416,0.3837989953750822,0.7658653266405284,0.0225294230971027,1.1445713821094083,0.358022276577825,-0.0691587019599452,-0.1380046057818976,-0.047634311867983,-0.05184164414719,-0.02658895771793,-0.0915537103503952,-0.0982778422474459,-0.0645656228705927,1
Zm00001d050191,0.0,II,0.516354,0.41,4.153632695377658,0.3056265066906417,0.0299,0.2622,0.1141,61836.0,482676.0,24.4381,0.28,0.03,0.015,0.005,0.61,0.845,0.0,0.79,0.94,0.575,0.36365000000000003,0.13915,1.0,1.0,1.0,1.0,2687,0.6569999999999999,0.7276,1.0,1.0,0.0,0.0,1.0,0.0,-0.0273657016728232,-0.0473796683779387,-0.0462392884300194,-0.0111773442582274,-0.0599763429741676,-0.01676389465981,-0.0706479881050457,-0.0280288032181638,0.0478837355097983,0.7320424520421281,0.5660661836131491,0.223519338781962,0.5229052494800548,0.0045927899864279,1.2572467749501015,0.2595047039133427,-0.0040804534297006,-0.0748779991609544,-0.0346939560206429,0.007560068293333,0.0880884503424718,-0.0041802406187583,-0.0603401610858284,0.0335801478911559,1
Zm00001d050208,0.0,II,0.477528,0.54,3.9753926924360137,0.2822423657353292,0.0211,0.2131,0.0989,424997.0,206671.0,14.3661,0.27,0.06,0.025,0.0,0.755,0.47,0.015,0.895,0.5449999999999999,0.69,0.3434,0.5125,1.0,1.0,1.0,1.0,7163,0.4055,0.032,1.0,0.64,0.0,0.0,1.0,0.0,-0.0101738656590338,-0.0317865384532819,-0.0627878046696958,-0.0110418782446094,0.0275885467145773,0.0008497150103671,-0.0757032211449155,-0.0209707770334904,-0.0018175949136959,0.7892600934221066,0.4700066748551653,0.1489532067498421,0.4532211446551016,-0.0549612876903624,1.2524735133926848,0.3178727036683681,-0.1073364360852828,-0.1211994241326537,-0.0290269188250636,-0.0694412581020166,0.0032593797339286,-0.0716688967609693,-0.1146907358119994,-0.0606220814872433,1
Zm00001d050218,0.0,II,0.53817,0.73,3.5537887635571264,0.5304562452420906,0.0191,0.1333,0.1429,85.0,101402.0,33.0261,0.26,0.02,0.02,0.0,0.55,0.8,0.015,0.81,0.795,0.595,0.2271,0.24475,1.0,1.0,1.0,1.0,1607,0.1266,0.3655,1.0,1.0,0.0,0.0,1.0,0.0,-0.0364701328720435,-0.0455002682092142,-0.040528964429117,0.0036361917126072,-0.0502336186186827,0.0046172471848334,-0.0904114993669177,-0.0414042309055781,0.0313915716531753,0.3558290805117777,1.1261620628064046,0.4015925328807302,0.5271577159308241,0.0655232664884445,0.7553446028274133,0.2696608190598556,-0.0970970466034087,-0.1486693813683198,-0.0910258342764068,-0.0680684811985732,0.0512917463173532,-0.0747283573870371,-0.144669007209634,-0.0544835087589992,1
Zm00001d050187,0.0,II,0.523423,0.36,2.678291070454032,0.4298961568226868,0.0295,0.0705,0.4187,121068.0,214700.0,38.8568,0.3,0.02,0.03,0.01,0.775,0.825,0.03,0.8799999999999999,0.95,0.635,0.27775,0.27080000000000004,1.0,1.0,1.0,1.0,0,0.029000000000000005,0.09,0.58,1.0,0.0,1.0,0.0,0.0,-0.0153668786884627,-0.0074263719417384,-0.0271545893733058,0.0205319334776532,-0.0289172981871637,0.0273821529809109,-0.0476913830533892,-0.0289444602603108,0.3525971229481081,0.7454327757414152,0.3884658580936687,0.1862998737581697,0.6375331824111836,-0.057401069825529,0.8057633638372007,0.6683379589584526,-0.0651282301254117,-0.0838660977372862,-0.0062762460782787,-0.0264845394652775,0.0416707116495456,-0.031571489905978,-0.0818618643910562,0.0087987486115707,1
Zm00001d050182,0.0,II,0.635,0.61,3.1972981260284654,0.3253749315457963,0.0263,0.4162,0.0633,230.0,144549.0,29.2444,0.31,0.02,0.02,0.005,0.69,0.64,0.0,0.8,0.785,0.385,0.23609999999999998,0.1713,1.0,1.0,1.0,1.0,1841,0.12329999999999998,0.077,1.0,1.0,0.0,0.0,1.0,0.0,0.014842552264074,-0.0187895817934397,-0.0671583206272905,-0.0149625314859827,0.0303424358921097,-0.0340731796856661,-0.0685191515146723,-0.0510697989067641,0.395625750495777,0.4928490784605229,0.7362439845458595,0.3183655845090632,0.5661206855001952,-0.0051361732207012,0.9874553156105456,0.6438592390449406,-0.0676896415189259,-0.1278721882609034,-0.1188274977783584,-0.0767330516239243,-0.0910273714969714,-0.0886473353771164,-0.1461605621222957,-0.0919711498587812,1
Zm00001d050172,0.0,II,0.482639,0.4,5.003240572973953,0.2702105995452272,0.0159,0.1162,0.1367,256772.0,72953.0,26.3817,0.33,0.0,0.01,0.0,0.06,0.76,0.0,0.74,0.9099999999999999,0.0,0.15735,0.0611,0.83335,1.0,1.0,1.0,3884,0.21100000000000002,0.804,1.0,1.0,1.0,0.0,0.0,0.0,-0.0534613866794911,-0.0548450923702307,-0.0736821884847332,0.0118223826574921,-0.0684917625277116,-0.0474094296942924,-0.0919101213574854,-0.0437352915146523,0.0011745331545785,0.1753371516256171,-0.0232642213651752,0.0285767304529905,0.2049061185261084,-0.0454931081023165,0.1532887134179992,0.0321574694214745,-0.0315398488209443,0.7061177830349947,0.0284624959748454,0.0413951892250468,0.202625160404675,-0.0316386463616504,0.9028661085379576,0.0320909867217743,1
Zm00001d050174,0.0,II,0.502222,0.54,2.554995738777565,0.2363788322716727,0.0576,0.129,0.4465,87.0,220129.0,9.10026,0.32,0.05,0.02,0.0,0.835,0.785,0.0,0.915,0.915,0.45499999999999996,0.59405,0.3237,1.0,1.0,1.0,1.0,12998,0.8755000000000002,0.6895000000000002,1.0,1.0,0.0,0.0,1.0,0.0,-0.0285978724469164,-0.0537921485513228,-0.0798870549914841,0.0080423699422371,-0.0503397577944059,0.0175864875219377,-0.0798506968678029,-0.0275870285512116,0.0736114386677678,0.5195448267108775,0.8788189615884964,0.3554763319404476,0.6994315372855346,0.0109980785218763,1.0676797971604413,0.54469451563192,-0.0344020645908411,-0.0696593569728189,-0.064521039615358,-0.0532405547761996,-0.0160262758237076,-0.0282395168529387,-0.0741838258132399,-0.033648119978144,1
Zm00001d050168,0.0,II,0.677215,0.48,1.3149313232692748,0.6464467121774109,0.0856,0.167,0.5122,277.0,66022.0,8.12848,0.34,0.08,0.08,0.0,0.385,0.69,0.0,0.475,0.675,0.0,0.74895,0.73895,1.0,1.0,1.0,1.0,13994,0.0,0.18349999999999997,0.0,1.0,0.0,0.0,1.0,0.0,-0.1323508274852769,-0.1201547467033197,-0.1063603609980823,-0.0999233888095726,-0.1092430960292092,-0.0750098310311997,-0.1396423653848045,-0.1100694518974239,0.4239712135107033,0.0737657388287753,0.5620964002623436,0.1068590264867255,0.4234207057241756,0.0038726255629492,0.0423351134421676,0.3782431513308841,0.4715211435862375,0.2444576591697752,-0.012052989832144,0.1078575566273952,0.3666620324913295,0.0184968152198798,0.0221901089559264,0.1537023048013742,1
Zm00001d050163,0.0,II,0.631373,0.270588,1.5445151692154555,0.3812441734726158,0.0443,0.2592,0.1708,236907.0,229351.0,37.3728,0.34,0.03,0.025,0.005,0.845,0.815,0.035,0.86,0.92,0.24,0.2814,0.2333,1.0,1.0,1.0,1.0,0,0.44749999999999995,0.5489999999999999,1.0,1.0,1.0,0.0,0.0,0.0,-0.0394209738595556,-0.0255788245758054,-0.0276386844663061,0.0384123707607741,-0.0125634003408525,0.0130451915444989,-0.0719360439563601,-0.049494744166711,0.1043724442494243,0.3275599345328477,0.8130688448736361,0.4478536771571647,0.8037151996126358,-0.009131163599489,0.7429101411865031,0.6934740907803234,-0.0398089263786779,-0.0812341182160087,0.0173358728626683,0.0543623508481844,0.0626339862054314,-0.0261213133369505,-0.0661749277094534,-0.0145751380074812,1
Zm00001d041831,0.0,II,0.580707,0.511765,3.055660616825984,0.4121606752195958,0.0286,0.1651,0.1731,140.0,356432.0,7.66892,0.67,0.07500000000000001,0.025,0.0,0.28,0.45,0.005,0.305,0.53,0.6499999999999999,0.52605,0.3083,1.0,1.0,0.9821500000000001,1.0,0,0.040900000000000006,0.545,0.65,1.0,1.0,0.0,0.0,0.0,-0.0424670018623344,-0.0411028517174404,-0.0396940644856073,-0.0335181069587425,-0.0403783673962468,-0.0398014740781086,-0.0530985965145401,-0.0293216734830033,-0.0631284676535336,0.5254914213200685,0.8222808084363328,0.3265249720716031,0.5868077516941724,-0.0168611950363735,1.1196980967498151,0.3099598445411389,0.0462492780360338,-0.1474497934352647,-0.0173472977341642,0.0304497886244566,0.366803061990648,-0.0610050161202782,-0.1286716680565792,-0.0028619979253636,1
Zm00001d041791,0.0,II,0.70822,0.582353,0.1508279377091051,0.9943731868793312,0.0765,0.4591,0.1666,339991.0,108491.0,8.6407,0.65,0.05,0.065,0.0,0.84,0.6599999999999999,0.0,0.9099999999999999,0.87,0.0,0.91665,0.47914999999999996,1.0,1.0,1.0,1.0,1293,0.37150000000000005,0.6195,1.0,1.0,1.0,0.0,0.0,0.0,-0.0273881483673592,-0.0437812670419502,-0.055328458777915,0.0163895406003295,-0.0457483061472296,0.177723839322041,-0.0528407537031078,-0.026836382667807,0.3401493016414763,0.1409519015579593,0.3180100472140597,0.0464699675190728,0.0575804673655842,0.5809218872257016,-0.0518625011889141,0.0262948716218531,-0.0026018348880647,-0.0417485759155419,-0.0387091028967733,-0.0023482249245414,-0.001049928989523,0.2620407555090209,-0.0660195129529568,-0.046236217444556,1
Zm00001d041785,0.0,II,0.426845,0.45,5.639347634278381,0.1724269754803402,0.0097,0.1136,0.085,105107.0,337838.0,12.4752,0.64,0.035,0.02,0.0,0.6950000000000001,0.81,0.03,0.795,0.945,0.625,0.60395,0.19845,1.0,1.0,1.0,1.0,0,0.069,0.13699999999999998,1.0,1.0,1.0,0.0,0.0,0.0,-0.0536924705591159,-0.0707173618736828,-0.0225044508988505,-0.0300925236509437,-0.01645788733715,-0.0376644920534965,-0.113786636939868,-0.0504224381073142,-0.1305263497796293,0.9371277994466538,0.4275444468496716,0.114887836239484,0.2908643228195005,-0.0700721897623607,1.5277073427662862,0.1457992032775212,-0.0803277499151486,-0.1017471018619702,0.016736053818124,0.014617450970029,0.0469499468126516,-0.0411534174535405,-0.0493342173362578,0.069835438312818,1
Zm00001d041767,0.0,II,0.517544,0.61,3.9314481801144394,0.2313875677701771,0.0238,0.145,0.1642,272878.0,140371.0,19.1723,0.72,0.02,0.01,0.01,0.49,0.62,0.02,0.53,0.895,0.475,0.3333,0.10389999999999999,1.0,1.0,1.0,1.0,0,0.0,0.26550000000000007,0.0,1.0,1.0,0.0,0.0,0.0,-0.0582287555541761,-0.0708057866681476,-0.042873172129156,-0.0388445032152539,-0.0489079040707768,-0.03266501322083,-0.0987779306510924,-0.0673279006244029,0.1766873880021831,0.635651826623884,0.5173897526899984,0.2077169799357884,0.5872927554461052,-0.0327096270453439,0.9709234569128512,0.4202095007353185,0.2362463527866361,-0.0390185484164836,-0.0527992792383319,0.04216222264225,0.0429686657851745,0.0121307510097464,-0.0866052076009323,0.0389384072640749,1
Zm00001d041167,0.0,II,0.413996,0.35,0.0,,0.0849,0.1185,0.716,190188.0,715438.0,4.80624,0.12,0.015,0.005,0.01,0.69,0.72,0.26,0.88,0.895,0.29500000000000004,0.13885,0.06665,1.0,1.0,1.0,1.0,2505,0.098,0.079,1.0,1.0,0.0,0.0,1.0,0.0,-0.0318982619116992,-0.0411690841683432,-0.0250339867760569,0.0124519574677904,-0.0384844383173866,0.0053159576315523,-0.0737918395754214,-0.0106573247045467,0.3342608178503095,0.1879416476959799,-0.0588575314803778,0.0006851797271873,0.0829196413131952,-0.0699978826160925,-0.142974355930093,0.0967990080587131,0.0191601132287719,0.1343686511734417,-0.0061957742156297,0.0348595878451934,0.0402062945594763,0.0283957497506776,-0.0205676459335099,0.0260005124541704,1
Zm00001d041165,0.0,II,0.591873,0.494118,0.0235157867102229,0.98863927923866,0.0234,0.29,0.0806,324922.0,580988.0,24.4381,0.11,0.015,0.01,0.0,0.37,0.735,0.0,0.71,0.855,0.0,0.24475,0.1666,0.94445,1.0,1.0,1.0,879,0.45049999999999996,0.1035,1.0,1.0,0.0,0.0,1.0,0.0,-0.1017712773777641,-0.1054012314794514,-0.0819406085450354,-0.0503394892649934,-0.0896148266461425,-0.0529245936638234,-0.121598428998213,-0.1037397654984143,0.6081309820735294,0.2369509277995958,0.2214905008215704,0.0446992494727271,0.2164457815978985,0.1313783947277365,-0.109346871174558,0.0984749161226901,0.129055052801914,-0.0318052678064928,-0.0259918952165657,-0.0454430620247005,0.0224409730015263,0.2306684486149568,-0.0954853375114185,-0.0272544100210117,1
Zm00001d041154,0.0,II,0.625397,0.488235,0.9374995589872857,0.8248735603920363,0.0562,0.2808,0.2001,139379.0,15296.0,12.9347,0.11,0.035,0.03,0.005,0.69,0.82,0.015,0.78,0.9299999999999999,0.065,0.24045,0.31675,1.0,1.0,1.0,1.0,0,0.39849999999999997,0.34700000000000003,1.0,1.0,1.0,0.0,0.0,0.0,-0.0035022181680278,-0.0249735708623275,0.0026104079036047,-0.0214561593350373,-0.021346860970082,-0.0006564415616027,-0.0872740799677051,-0.0331440739995455,0.6388179373141342,0.1462717380222562,0.6020802460006431,0.219100974959626,0.4915693514662441,0.2218175941031498,0.0003021198063142,0.4086664279812709,0.4181097330313388,0.0691441977621584,0.1688303787058843,0.089449097224266,0.185142208287962,0.2425970136169425,-0.0888551763406964,0.1255638877842499,1
Zm00001d041142,0.0,II,0.469104,0.62,3.761712021079082,0.1990305154227243,0.0286,0.1011,0.2829,29.0,207289.0,16.7692,0.1,0.060000000000000005,0.01,0.005,0.84,0.69,0.03,0.925,0.855,0.665,0.6455,0.2111,1.0,1.0,1.0,1.0,5511,0.09299999999999997,0.20350000000000001,1.0,1.0,0.0,0.0,1.0,0.0,-0.0591949117220237,-0.0577096115888508,-0.0653009473913633,0.0202491215395163,-0.0690201146315625,-0.0109367445593072,-0.0928729326001707,-0.0493696284974389,-0.0970584620388798,1.012011037491453,0.3225948906314529,0.139899542884198,0.303213527192233,-0.0349345311964938,1.6329884724581885,0.2190881338141816,-0.0287354244722825,-0.0890476510135817,-0.0585092204645125,0.0085778626693032,-0.0150355454591324,-0.0469934895353875,-0.1030629530152368,0.0146471598451797,1
Zm00001d041136,0.0,II,0.425878,0.388235,1.420837011638743,0.4323497245548833,0.057,0.1147,0.497,430064.0,281151.0,16.7692,0.1,0.035,0.05,0.01,0.765,0.51,0.425,0.825,0.5449999999999999,0.775,0.625,0.6416,1.0,1.0,1.0,1.0,0,0.46599999999999997,0.27299999999999996,1.0,1.0,0.0,0.0,1.0,0.0,-0.0962992930549075,-0.092197344243211,-0.114893290263056,-0.0077879341411802,-0.0892547219760291,-0.0467206973160064,-0.1201499056655881,-0.072324106093454,-0.0906616325646497,1.7797894816469335,0.3391351302755586,0.0605299648024788,0.0553566536074865,-0.0444162972508717,2.147279907491461,-0.0310096116778166,-0.0124398560195566,-0.0455955156928952,0.0458627759281999,0.0010260795149596,0.0377864174942842,-0.010843022296277,-0.0586776261424771,0.0275203096309656,1
Zm00001d041119,0.0,II,0.517519,0.67,6.279755609831329,0.2332376774098822,0.0075,0.1138,0.0656,47.0,330.0,10.5316,0.1,0.025,0.01,0.0,0.835,0.6699999999999999,0.25,0.895,0.785,0.74,0.28705,0.13605,1.0,1.0,1.0,1.0,1871,0.06149999999999999,0.085,1.0,1.0,0.0,0.0,1.0,0.0,-0.0524801124430821,-0.0569819597876052,-0.0664001286115646,-0.0310431021616302,-0.0767266552551865,-0.0177300856968346,-0.0857443235276333,-0.0342551719687615,-0.1140883210924892,1.1574187192279022,0.4825208086070599,-0.0102108422104231,0.0831070668661615,0.0065957316372902,1.6146221813644204,0.0230191522476228,-0.0818174261469816,-0.0942998288537702,-0.0693903641173844,-0.0361115242778222,-0.0397313222274729,-0.0224842150185266,-0.0889357916425096,-0.0699779357748097,1
Zm00001d040991,0.0,II,0.666667,0.52,1.0776492010526475,0.8107501763267263,0.0862,0.221,0.3901,226227.0,256106.0,18.2005,0.0,0.09,0.02,0.0,0.45,0.7649999999999999,0.0,0.615,0.8400000000000001,0.0,0.6539999999999999,0.2778,1.0,1.0,1.0,1.0,981,0.30749999999999994,0.853,1.0,1.0,0.0,1.0,0.0,0.0,-0.0258153192214353,-0.1014555027229011,-0.08211521042376,-0.0359779711813457,-0.0415286183012599,0.2791267062897671,-0.1208672316653205,-0.0795529482319665,0.3807940042039661,-0.0045433737574325,0.1404972608555937,0.0551110076218886,0.1721910325227652,0.4705928156781979,-0.0960463162940113,0.1461984313206754,0.4778888788625737,-0.0579009246965808,0.0418446564620298,0.0242735361811444,0.1632427204047931,0.6840539661625671,-0.1155823565184933,0.0300205483023005,1
Zm00001d041751,0.0,II,0.590829,0.57,1.8995107273983,0.5307670694711447,0.0271,0.1502,0.1803,156.0,278759.0,32.5139,0.58,0.0,0.025,0.005,0.005,0.73,0.155,0.56,0.86,0.415,0.00835,0.2818,0.1389,1.0,1.0,1.0,0,0.0,0.18400000000000002,0.0,1.0,0.0,1.0,0.0,0.0,-0.0610231041150974,-0.0801377560351169,-0.0694986405618983,-0.0128210607686261,-0.071683811904557,-0.0366299795131814,-0.0937775608906731,-0.0604175380009402,0.3125496719659709,0.7593605766836167,0.3001999269476106,0.132983716701884,0.4082824540088675,-0.0934109613469455,0.662255306362237,0.404619908859343,0.1645804628505207,0.3884768003524719,1.1890529609479945,0.0411047222242811,0.2608761215108858,-0.0486910556182781,1.2719048813767488,0.1657576152195239,1
Zm00001d041750,0.0,II,0.513995,0.64,6.540299804998553,0.1819475471911183,0.0726,0.1814,0.4003,146.0,47576.0,32.5139,0.58,0.0,0.05,0.0,0.025,0.525,0.0,0.395,0.74,0.53,0.031,0.2958,0.5833,1.0,1.0,1.0,0,0.0,0.4820000000000001,0.0,1.0,1.0,0.0,0.0,0.0,-0.0171351008681284,-0.0537735112635782,-0.0400002444251248,-0.0338446773449069,0.0516846350976925,-0.0591833591925703,-0.0823920950559165,-0.0291506540898632,0.1818236651509944,0.568313133160633,0.7763208902868047,0.0416396376174461,0.218302800116617,-0.0129027084113185,1.1418973129660217,0.1125349814292518,0.2082562870014072,0.3569655116990332,0.5072216465493167,0.1311763267679593,0.4393168147890999,-0.0743971657296502,0.570168751440927,0.7022886817724484,1
Zm00001d041740,0.0,II,0.531987,0.49,1.062397076651718,0.4971792989246892,0.0285,0.1476,0.1928,78799.0,5812.0,10.072,0.62,0.035,0.01,0.0,0.605,0.675,0.05,0.755,0.81,0.685,0.31245,0.0906,1.0,1.0,1.0,1.0,0,0.21305000000000004,0.0,1.0,0.0,0.0,1.0,0.0,0.0,-0.071051222446149,-0.0229072714426003,-0.0769239891407228,-0.035286280784472,-0.0407677178707981,-0.0019526991656809,-0.0999652496384561,-0.0568428723282884,0.0602409493198545,1.0368964879702238,0.1423707196789696,-0.0510497313636577,0.1817395997639405,-0.07352738158901,1.144950659202599,0.0561744236708875,-0.1147974082172331,-0.1637488697442412,-0.100200308996102,-0.108379811656687,-0.0513683835882354,-0.0890643700240874,-0.1528490651076327,-0.0772016888599607,1
Zm00001d041735,0.0,II,0.514851,0.35,0.6171523429577209,0.6864167055199679,0.0253,0.1005,0.2518,69132.0,1295.0,28.2725,0.63,0.055,0.07,0.0,0.22,0.21500000000000002,0.0,0.335,0.5900000000000001,0.765,0.46424999999999994,0.70555,0.95835,0.9375,1.0,1.0,1454,0.0805,0.28300000000000003,1.0,1.0,0.0,1.0,0.0,0.0,-0.0481918020269523,-0.0628841446010397,-0.049234755802278,-0.0401560279195072,-0.0493062860385191,-0.0186967024598284,-0.0686541363492272,-0.0522291886758825,0.0225750553772385,0.6694336108325468,0.0604805461565806,0.0256907496806292,0.192233328149382,-0.0374275109474709,0.8999882364227487,0.022897981612028,0.0576039941747189,0.1618516342574675,-0.1072880633491853,-0.000650868342118,0.2322303993315934,-0.0737144391572261,0.1517106305017078,0.0589800851523892,1
Zm00001d041733,0.0,II,0.420382,0.43,0.066055399699745,0.8596454512072151,0.1279,0.2215,0.5774,68401.0,1649.0,42.6386,0.63,0.08,0.01,0.0,0.67,0.07,0.0,0.785,0.1,0.005,0.57955,0.10865,1.0,0.8928499999999999,1.0,0.9427,1747,0.42850000000000016,0.04100000000000001,1.0,0.82,0.0,0.0,1.0,0.0,0.6085901993765819,0.0544233428261357,1.060872318909763,0.2251616856830775,0.6933993306589462,-0.0183482259456082,0.2232096236020838,0.5956854359961025,0.5014980285675774,0.188891141756791,0.0046493223236906,0.0069984468426931,0.2118734807874187,-0.0135738219128609,-0.0979683663174204,0.0796814371556334,0.2566566523024777,0.0298028247833761,-0.0246502954756487,0.0185347630262193,0.2319997492834987,-0.0747726220259185,-0.1162491120578453,0.1536376238600964,1
Zm00001d041732,0.0,II,0.542857,0.51,1.226112661627781,0.6661267802603984,0.0716,0.2734,0.262,17.0,70359.0,42.6386,0.63,0.01,0.03,0.0,0.45999999999999996,0.09,0.0,0.6100000000000001,0.185,0.005,0.1947,0.56295,0.96875,1.0,1.0,1.0,3705,0.12449999999999997,0.0,1.0,0.0,0.0,0.0,1.0,0.0,0.2440541905648448,0.0274804072900176,-0.0212548062115512,0.0171623777051833,0.2290892288101733,-0.0763556599079025,-0.1193653216909018,0.1527539352692441,0.6853738792387377,0.0895401086671375,1.1777416955939504,0.2136231831535259,0.6622259822189275,-0.0026782187459173,0.2612475590374319,0.5432735408851094,0.0781611462309608,-0.0930019145674243,-0.061693584445167,0.0184901947609524,0.2911332717864239,-0.0505625751479555,-0.1297927388285812,0.1744106499140166,1
Zm00001d041727,0.0,II,0.602339,0.54,7.5354670577619,0.1840068272619167,0.0,0.0564,0.0,59.0,439942.0,10.5316,0.63,0.03,0.015,0.0,0.835,0.535,0.005,0.9199999999999999,0.715,0.0,0.36905,0.14845,1.0,1.0,1.0,1.0,2322,0.042,0.428,0.84,1.0,1.0,0.0,0.0,0.0,-0.0132057795040981,0.0598867687488568,-0.0566612314455475,-0.0103877412543207,0.0071594152920803,0.0277027089106529,-0.0331969055812564,-0.0263291906717963,0.2104019889732445,0.1650949427851737,1.467475119808371,0.2467219878367508,0.5279055735221829,0.0577443810224803,1.2342540966957032,0.3322933426410935,-0.048156197190243,-0.0354821587918321,-0.0079398501124188,0.0039555192483445,-0.0061568173360143,-0.008937375812966,-0.0139280317853478,-0.0105487564286193,1
Zm00001d041725,0.0,II,0.553299,0.56,1.5147078875414846,0.7756925990018264,0.0149,0.3215,0.0462,104087.0,335922.0,10.5316,0.63,0.02,0.01,0.0,0.47,0.41500000000000004,0.0,0.745,0.45999999999999996,0.0,0.24384999999999998,0.25375,1.0,1.0,1.0,1.0,0,0.23600000000000002,0.1825,1.0,1.0,1.0,0.0,0.0,0.0,0.3354753386171373,0.0381804481301681,-0.0391970085795722,0.0409046691702415,0.0717770237103068,0.0422604465615422,-0.1095237545166585,0.0345457475921298,0.9183333554290825,0.2607697045667748,0.2938870833984391,0.1131026795342508,0.2492976452889087,0.1935553232035157,-0.0612510415924193,0.1150092838402985,0.2295207504671512,-0.0186388272736947,-0.0461078450513709,-0.0461722051264175,0.068278816864084,-0.0216626153299261,-0.1158348666158418,-0.0006302566557773,1
Zm00001d041719,0.0,II,0.460688,0.55,4.543790777866602,0.3131760789882179,0.0252,0.1179,0.2135,281.0,430975.0,21.5754,0.6,0.03,0.025,0.0,0.675,0.735,0.175,0.8049999999999999,0.9,0.64,0.29164999999999996,0.275,1.0,1.0,1.0,1.0,0,0.561,0.039,1.0,0.78,0.0,1.0,0.0,0.0,-0.0816100252764304,-0.1150851249839917,-0.1247875160902406,-0.0711352370577136,-0.1258606017069417,-0.0647401421820409,-0.139905308966858,-0.1034718159538325,0.1825601368364229,1.1176178456093435,0.2910777123936858,-0.0070992138261447,0.2300116379665087,-0.074012576604046,1.332344551300308,0.0812047121348414,-0.0663961587006629,-0.0769099297918322,-0.0243724940206619,-0.0292583141648988,-0.0457626442804076,0.0321423527809064,-0.0758427819406359,-0.039509215972483,1
Zm00001d041702,0.0,II,0.676853,0.3,0.5081825736628117,0.7398848062049475,0.0232,0.197,0.1177,73097.0,409641.0,23.9785,0.49,0.015,0.07,0.0,0.7250000000000001,0.22999999999999998,0.0,0.785,0.3,0.0,0.32145,0.52005,1.0,1.0,1.0,1.0,906,0.3899999999999999,0.23049999999999998,1.0,1.0,1.0,0.0,0.0,0.0,0.1521988418182978,-0.0328060705412999,-0.0722028885204036,-0.016131232359158,0.058830573442281,-0.0096964224785054,-0.0971340198033855,-0.0068793183261968,0.2364725882587163,0.0416243651516417,0.8069054923297765,0.2418485698039755,0.6127772829566249,0.0135075874318276,0.1357173839133862,1.017899766587687,-0.0810454093046308,-0.1082339195314661,-0.065316164866126,-0.0562028572259611,0.0080948740541189,-0.0720085760815434,-0.1010001833440668,-0.0161962983117345,1
Zm00001d041703,0.0,II,0.538249,0.47,3.307317692395131,0.1769612856054705,0.0136,0.1612,0.0846,205202.0,276414.0,23.9785,0.49,0.045,0.01,0.0,0.435,0.29500000000000004,0.005,0.6100000000000001,0.525,0.73,0.49785,0.2313,1.0,1.0,1.0,1.0,0,0.17350000000000002,0.14059999999999997,1.0,1.0,1.0,0.0,0.0,0.0,-0.0614774906012186,-0.0717170428551983,-0.0760338981286694,-0.0561503160842794,-0.0649447857468966,-0.0293991654596859,-0.1016611607763356,-0.0825770145347739,0.0501677486016935,0.7359406233244238,0.5873508946855779,0.3033679723432831,0.5156839901423739,0.0526299235344568,1.1753845154614102,0.5267048314947818,0.0721667900095846,-0.0854887108157072,-0.0161267698837038,-0.0225341292642577,0.1310220634971408,-0.0440905095525406,-0.0858615458223886,0.0151730185075954,1
Zm00001d041708,0.0,II,0.482295,0.59,2.3185357131013906,0.3368855679253117,0.0289,0.1385,0.2084,296.0,164217.0,16.3096,0.48,0.03,0.015,0.0,0.71,0.54,0.02,0.845,0.8049999999999999,0.61,0.50415,0.19774999999999998,1.0,1.0,1.0,1.0,0,0.8219999999999998,0.0358,1.0,0.62,1.0,0.0,0.0,0.0,-0.0127038543846881,-0.0098559506617946,-0.0081862365160662,0.0200097015388225,-0.0135292816548324,0.0246854554016366,-0.0286915713405174,-0.0012216000091736,-0.0109577370887913,0.9642932274893984,0.4320581891456307,0.1611563189982245,0.3576042390132088,-0.0641307806178446,1.4634880190548496,0.2179925239409038,-0.1170235633894788,-0.1450165045992878,-0.0859666716116984,-0.0555861738981124,-0.0541461299745345,-0.0929262771024803,-0.1385634930203185,-0.0779096743503568,1
Zm00001d041707,0.0,II,0.461333,0.58,3.0402809463365514,0.3457110617522694,0.0775,0.152,0.5101,251568.0,222740.0,16.3096,0.49,0.035,0.025,0.015,0.7050000000000001,0.7,0.325,0.795,0.845,0.77,0.36415,0.2737,1.0,1.0,1.0,1.0,242,0.37249999999999983,0.225,1.0,1.0,0.0,1.0,0.0,0.0,-0.0197146221352686,-0.0327679268722228,-0.0342515555781804,-0.0293882251802069,-0.0317518110660058,-0.0203572139075583,-0.0352286432104724,-0.0149047488191804,-0.0446603177151419,1.3633936570534178,0.336299369789735,0.0865073139692886,0.04952272532156,-0.0382248658059342,1.440261017163385,0.0280132380744522,-0.1096075781433657,-0.1357976914880143,-0.059849932146272,-0.0809787648976043,-0.028780925762872,-0.0576457284578723,-0.1387582615851214,-0.0745891636655497,1
Zm00001d041711,0.0,II,0.492683,0.62,6.499083781201484,0.1905548839692723,0.1524,0.3037,0.5018,78.0,242000.0,11.5034,0.51,0.05,0.02,0.0,0.76,0.6699999999999999,0.015,0.845,0.84,0.5700000000000001,0.48505,0.10865,1.0,1.0,1.0,1.0,0,0.8419999999999999,0.946,1.0,1.0,1.0,0.0,0.0,0.0,-0.0288109866261411,-0.0305060522936576,-0.029757544911721,-0.0274711421278645,-0.0460295777152559,-0.0191207531242673,-0.0519761462223973,-0.0084963199808556,-0.0106001665670727,0.7646842093676114,0.5222518614588125,0.3452721236030624,0.5614814311290485,-0.0098615825316924,1.1392233587681797,0.4333784094171859,-0.0220960453137513,-0.0730658996594294,0.0155276237832482,0.0241451945309955,0.0136386240664695,-0.0321816776054137,-0.0874289118101435,0.0276977435368133,1
Zm00001d041715,0.0,II,0.451767,0.48,1.5441057973673604,0.4690808676063728,0.0309,0.1313,0.2354,102780.0,136931.0,18.2005,0.54,0.145,0.03,0.005,0.49,0.355,0.035,0.565,0.53,0.28500000000000003,0.6846,0.2625,1.0,0.95415,1.0,0.9861,0,0.57635,0.054000000000000006,1.0,1.0,0.0,1.0,0.0,0.0,0.3732071050459849,0.1030724353643784,0.7777256835060884,0.0348448418210508,0.2160151466756496,0.0055912459728776,0.5083468952785035,0.2111948014747253,0.2484333041979969,0.8980486135791212,0.4564718035981382,0.2282232523781327,0.6727542920322275,-0.0531256157278553,1.2637413045504895,0.4716049763120232,0.2893357725026183,0.0177182643356542,0.5451602813788168,0.2513439429865197,0.619421283186881,-0.0042303684742644,0.0467576263726575,0.5908207380166014,1
Zm00001d041701,0.0,II,0.546099,0.61,4.02454740712001,0.4329683167607962,0.0102,0.247,0.0413,218.0,24879.0,23.9785,0.49,0.02,0.03,0.0,0.6499999999999999,0.725,0.05,0.78,0.845,0.5800000000000001,0.2,0.2358,1.0,1.0,1.0,1.0,0,0.5784999999999999,0.6255,1.0,1.0,1.0,0.0,0.0,0.0,-0.057246347665603,-0.0725638765263839,-0.0608721542453293,-0.0352747482113334,-0.0420605850273513,-0.0264780226637443,-0.0856331967747282,-0.0836070969779053,-0.0237530276716064,0.5510386467674041,0.7921116389940799,0.0433762249183748,0.2953308604662252,-0.0687008371709581,1.1048653900634835,0.1836649443067721,0.0680719782541976,-0.0968648581784932,-0.0619117830269201,-0.0350543905059511,-0.0087221752091529,-0.0400959807702976,-0.1140407858076734,-0.0183242407746551,1
Zm00001d041698,0.0,II,0.545267,0.53,2.638349582890024,0.3930869533180304,0.0329,0.2018,0.163,396.0,3526.0,12.8821,0.49,0.035,0.0,0.0,0.12,0.005,0.015,0.305,0.21500000000000002,0.75,0.42200000000000004,0.0203,0.92255,0.16665,1.0,1.0,8109,0.115,0.0,1.0,0.0,1.0,0.0,0.0,0.0,0.1988150452872479,0.4677614285421798,0.0676586047875066,0.033592978675722,0.1157862972733535,0.0306197955837226,0.4291483582021679,0.041868438471829,0.1095831737707189,0.5638955770171165,0.8549526401129611,0.2931345203603276,0.5264941470506419,-0.0012649563686047,1.0296187733559254,0.4734727902546362,0.2256376429803669,-0.024051097527349,0.3650585459433437,0.1238665661962755,0.2976825483892893,0.0064666941101699,0.1482722108887888,0.303976615108519,1
Zm00001d041697,0.0,II,0.525714,0.5,3.475509315072579,0.4060944088876777,0.0228,0.1706,0.1337,98.0,3386.0,16.7692,0.49,0.06,0.0,0.0,0.11499999999999999,0.005,0.015,0.46499999999999997,0.445,0.41500000000000004,0.7639,0.0268,0.925,0.19444999999999998,1.0,1.0,5071,0.0,0.0,0.0,0.0,0.0,0.0,1.0,0.0,0.1563582855874425,0.1511231520982461,1.2282697525019055,0.3926315593702151,0.739910649779812,0.0319016845308869,0.6977938991238342,0.7906439459037158,0.4768958053424657,0.5153299485392727,0.4415205355542394,0.0899947094245392,0.2927607377927165,0.0526331210253171,0.4687588835700694,0.2715316802820373,0.2440885300906325,0.1042196880589462,-0.0340098256224736,-0.0176764533306737,0.1129689050433386,-0.0209152982649798,0.0903469009466759,0.1274715316724869,1
Zm00001d041696,0.0,II,0.584142,0.35,3.1217898388343497,0.2872659053930371,0.0541,0.3977,0.1359,291583.0,1426.0,16.7692,0.49,0.02,0.1,0.0,0.715,0.14,0.0,0.82,0.43,0.515,0.18209999999999998,0.73335,1.0,0.8125,1.0,1.0,1471,0.48149999999999993,0.0,1.0,0.0,0.0,0.0,1.0,0.0,0.4816461809443502,0.5748034987748978,0.29841370959058,0.0783425650923698,0.2345767002624676,0.0439343375297282,0.5022658405466471,0.1343743397724816,0.2461158112170441,0.4500329194993303,0.6597146632574521,0.1203428349397012,0.383492482515996,0.0029350028639477,0.7622329497893693,0.2587306844498448,-0.0833591135642241,-0.1088336829578654,-0.0463585581013967,-0.058636566144324,-0.0619800673864191,-0.0724331131722822,-0.1160843995836147,-0.0545436705504917,1
Zm00001d041693,0.0,II,0.443262,0.44,3.1787686006847777,0.2230308115329576,0.0227,0.1416,0.1602,145457.0,106440.0,16.7692,0.48,0.07500000000000001,0.0,0.005,0.725,0.135,0.29500000000000004,0.8200000000000001,0.31,0.865,0.5298,0.0344,1.0,0.94445,1.0,1.0,0,0.8665000000000006,0.049,1.0,1.0,0.0,1.0,0.0,0.0,-0.0517765663333486,-0.0481967066281099,-0.0396192695366572,-0.0604490761618149,-0.0421286447903776,-0.0518948102555115,-0.077837703460756,-0.0568243301499622,-0.1361431729574116,1.029005438031268,0.1299699414510004,-0.0170665203989109,0.0562836640282923,-0.0707474138172244,1.3222639551931503,-0.0096327875464046,-0.0093928754083163,-0.0380824211527157,-0.032262994429026,0.0514864675536657,0.0424661675666854,0.019310440330172,-0.0569959714321348,0.0410188181906288,1
Zm00001d041690,0.0,II,0.572549,0.6,1.0977138390730004,0.5738050006315776,0.0906,0.1036,0.8745,477803.0,70937.0,7.66892,0.47,0.065,0.065,0.0,0.72,0.515,0.02,0.8200000000000001,0.72,0.15000000000000002,0.6043499999999999,0.48195,1.0,1.0,1.0,1.0,0,0.4175,0.21600000000000003,1.0,1.0,0.0,1.0,0.0,0.0,-0.0536691707561716,0.0353342558898569,-0.0648794333069793,-0.0938239770067417,0.0045735863556941,-0.0782466395051603,-0.0015645647600164,-0.0416035906391691,0.4045530265262841,0.3972722033604488,0.6569244522828741,0.1918284127056042,0.6475462202682546,0.0116090472160539,0.6870161802539732,0.4781383029572573,-0.0502186001995964,-0.1011788825848664,-0.0411461461786944,-0.0703328430971409,-0.0301938214886836,-0.0596465011001748,-0.0959605738770557,-0.0044580422112189,1
Zm00001d041647,0.0,II,0.500942,0.57,3.7480738373142017,0.2116990324985371,0.0422,0.1031,0.4088,9.0,43316.0,19.6319,-0.06,0.095,0.075,0.0,0.835,0.46499999999999997,0.025,0.9199999999999999,0.61,0.685,0.6389,0.65455,1.0,1.0,1.0,1.0,0,0.802,0.024,1.0,0.48,1.0,0.0,0.0,0.0,-0.0196599682836826,-0.0381183838597185,0.2867934120095461,0.3029518340359831,0.4281687786275637,-0.0290355663725312,0.0751394656835072,0.5207199565093841,-0.1219128349275146,0.9337144065775852,0.2004912086356446,0.0065642943682564,0.1972384559731484,-0.0901408218282976,1.293115240441025,0.0541610956495695,-0.0679558822534858,-0.1168969640451726,-0.0761882787840834,-0.0357750451538507,-0.0442824018932054,-0.0595092209588775,-0.1126154029803409,-0.087574693451054,1
Zm00001d041635,0.0,II,0.552209,0.57,4.246838323117348,0.1927138226713685,0.0179,0.1551,0.1153,32.0,763899.0,44.07,-0.22,0.025,0.015,0.005,0.685,0.325,0.01,0.8049999999999999,0.49,0.79,0.41114999999999996,0.16665,1.0,0.94445,1.0,1.0,0,0.7365000000000002,0.39049999999999996,1.0,1.0,1.0,0.0,0.0,0.0,-0.025621109611212,-0.0667231843350505,-0.0947071346249662,-0.040287015048092,0.0274135474806101,0.0016245803194413,-0.1000669307631949,-0.045929170117522,-0.0785960598229594,0.6980793822206943,0.274732743302929,0.0857961292355008,0.2525407327619057,-0.0510653430834462,1.0314845346756305,0.0617866839075969,-0.0443717763719955,-0.0915004573734063,-0.0104076257372368,-0.0373875018920179,-0.0296959025313304,-0.0452422132586422,-0.0767653661527039,-0.0548394654213625,1
Zm00001d041626,0.0,II,0.524062,0.52,1.8561713388823948,0.4507605130755543,0.0481,0.136,0.3537,670961.0,95422.0,6.69714,-0.24,0.035,0.035,0.0,0.785,0.22,0.0,0.835,0.5700000000000001,0.765,0.37365000000000004,0.49445,1.0,0.89725,1.0,1.0,301,0.601,0.0,1.0,0.0,1.0,0.0,0.0,0.0,-0.0367216158379189,0.3860354710299887,-0.0846824587738028,-0.0609873916663262,0.041969250841484,-0.0781784105225699,0.3234685826755314,-0.0394461532385298,0.0903824903443669,0.5867299481162433,0.5708416753617986,0.214092523577047,0.3673944557453944,0.064453723196877,1.0268783450684729,0.4196017193585774,-0.0836229448321152,-0.1133133306142561,-0.0006286088949914,-0.0441762759678448,-0.0180178150099654,-0.0362801210336091,-0.1222918815680357,-0.015845035110617,1
Zm00001d041625,0.0,II,0.528018,0.45,1.4676556230218183,0.3246453362764847,0.0481,0.1363,0.3532,22843.0,222083.0,6.69714,-0.24,0.045,0.065,0.01,0.8200000000000001,0.305,0.0,0.94,0.635,0.685,0.41664999999999996,0.43,1.0,0.94445,1.0,1.0,947,0.0,0.5425,0.0,1.0,0.0,0.0,1.0,0.0,0.2271101347321117,0.1008252390240854,0.0833749321530746,0.1616820804385748,0.577869575496756,-0.0333406196413674,-0.0652205908978334,0.5697406867808505,0.120198379626342,0.7340973127721886,0.2834339321252293,0.1188754290632898,0.4318112906596452,-0.0225231679553963,1.0437592441666417,0.360816827056716,-0.058349915832536,-0.0788710048805011,-0.0816728309980947,0.0099960804449365,-0.0275535483092396,-0.0257479968428441,-0.1017106868680494,-0.038440414337979,1
Zm00001d041624,0.0,II,0.534549,0.55,0.4553271592216547,0.5001911554308044,0.0529,0.1684,0.314,214254.0,30382.0,6.69714,-0.24,0.01,0.065,0.0,0.755,0.315,0.025,0.8400000000000001,0.62,0.14500000000000002,0.1074,0.40835,1.0,1.0,1.0,1.0,8486,0.5849,0.17619999999999997,1.0,1.0,0.0,0.0,1.0,0.0,0.1090879058138757,0.2971802364345884,-0.0072906728933504,0.0496299908394515,0.3285653345516948,-0.0157617128592364,0.2083542689070289,0.2104256413836978,0.9716510201073576,0.6248786996748716,0.2993481585744971,0.032870670897105,0.305262967035566,-0.0675396347919718,0.1493578351265771,0.2831225613446663,-0.0201689037591172,-0.0321085046518691,-0.0133944292520402,-0.0348882442427181,-0.028074522735456,-0.0165176762085479,-0.0735085266276638,-0.0069243590506039,1
Zm00001d041608,0.0,II,0.441614,0.54,1.8520541915160773,0.4888010988614726,0.0089,0.109,0.0814,2799.0,34305.0,17.2288,-0.22,0.08,0.01,0.005,0.275,0.68,0.03,0.425,0.79,0.36,0.5993999999999999,0.1134,1.0,1.0,1.0,1.0,0,0.23799999999999996,0.5445,1.0,1.0,1.0,0.0,0.0,0.0,0.0173215402116837,0.037832110709962,0.0172282636674071,0.0099330715144983,0.0259075626292201,0.028054000780835,-0.0264159984586994,0.0066811756152568,0.2377602150272514,0.4732594475978884,0.5948364064585423,0.3731743228872232,0.659133215170694,-0.0334750393792858,0.7379767939042394,0.5909706188542232,0.1469442309840437,-0.0705053147119119,0.0508882763328291,0.0611001101725037,0.2296249358688188,-0.032897600834791,-0.101484964250512,0.1480576666441498,1
Zm00001d041606,0.0,II,0.506906,0.59,2.9123516174693247,0.4193759579714018,0.0119,0.1969,0.0602,117.0,35795.0,11.5034,-0.22,0.08,0.0,0.005,0.6950000000000001,0.0,0.0,0.76,0.24,0.2,0.75,0.03275,1.0,0.025,1.0,1.0,176,0.548,0.0,1.0,0.0,0.0,0.0,1.0,0.0,0.1779746192478856,-0.0408230974880064,0.415128295374645,0.3055419012974383,0.4711543906040525,-0.0371798209962775,0.1609611750444363,0.5477779764976665,0.8604422309697426,0.5630771068345553,0.98001390688407,0.0834794813152779,0.3713939469384217,0.0738262956670216,0.9929108215168492,0.2371104281591553,0.0513472504140156,-0.0376173978900166,-0.0339049500809893,-0.0135336161764197,0.0754049443227602,0.0085214083440691,-0.0613548588014407,-0.0061126829470285,1
Zm00001d041603,0.0,II,0.455367,0.217647,3.4930428985091257,0.2905236828589476,0.0484,0.1207,0.4005,22942.0,137132.0,8.6407,-0.2,0.05,0.035,0.0,0.275,0.39,0.005,0.38,0.42500000000000004,0.48,0.27785000000000004,0.5111,0.91425,1.0,1.0,1.0,1587,0.086,0.0,1.0,0.0,0.0,0.0,1.0,0.0,0.1169569208475536,-0.0122374228468709,0.6839505419406116,0.3916584368903949,0.6970040309963252,0.0453574852885546,0.43395119665708,0.6264033538150835,0.1522780234497633,0.5232928444372444,0.4788401878899602,0.3139702300712867,0.5950281509395821,-0.0577624818295001,0.927427130421942,0.5006166465346245,0.2969583459130804,-0.067527230855097,0.0141369678826097,-0.0180503865526472,0.1317302646433318,-0.0473109685911809,-0.0797444060002593,0.0232996836506605,1
Zm00001d041600,0.0,II,0.749636,0.39,0.0772372404670787,0.8395255596053918,0.0751,0.3261,0.2302,299854.0,49658.0,8.6407,-0.19,0.04,0.01,0.0,0.47,0.615,0.0,0.5449999999999999,0.71,0.0,0.28815,0.06525,1.0,1.0,1.0,1.0,8969,0.0425,0.504,0.85,1.0,0.0,0.0,1.0,0.0,-0.0793552855416758,-0.0592163869407029,-0.0668616513459459,0.0062058298858187,-0.0465039181406642,-0.0203357697498088,-0.0871097161371207,-0.0380491684535598,0.0458180784160756,0.0173045772394735,0.1378730846768209,0.0117920301548896,0.0446201245645577,0.0732857870725756,0.0019550001276887,0.0227438985670171,0.1872599375141783,-0.0804156534741692,-0.0400535351864219,0.0036475750287942,0.0668531007017801,-0.0397207941117948,-0.1001983855262621,-0.0394981324835294,1
Zm00001d041599,0.0,II,0.494519,0.42,3.010739871636446,0.293996539460898,0.0374,0.1503,0.2485,82380.0,260633.0,8.6407,-0.19,0.025,0.015,0.0,0.045,0.52,0.005,0.14,0.63,0.645,0.38539999999999996,0.13165,0.75,1.0,1.0,1.0,3732,0.0585,0.12850000000000003,1.0,1.0,0.0,0.0,1.0,0.0,0.0774934393318621,-0.0519642935798285,-0.0593007586487252,0.008833973751479,0.1199572225072765,-0.0071036697732577,-0.0822372616897132,0.0107864527241036,0.0027051634686862,0.8696239511377624,0.4134189362511306,0.1684900041505571,0.4752591549269697,-0.0791673648828872,1.3339583740001726,0.4271913634360372,0.4285671015805593,0.0266493122312067,-0.1064409866442169,-0.0161139500835088,0.2129277972366045,-0.0603489288832739,-0.1334813831877158,-0.003884296850017,1
Zm00001d041597,0.0,II,0.52381,0.53,4.222923209113351,0.2473220416733045,0.0134,0.1612,0.0833,216286.0,128954.0,8.6407,-0.17,0.04,0.075,0.02,0.29000000000000004,0.375,0.07,0.4,0.41500000000000004,0.45999999999999996,0.44894999999999996,0.7778,0.95,1.0,1.0,1.0,1714,0.08499999999999998,0.2515,1.0,1.0,0.0,0.0,1.0,0.0,0.2868499091432638,0.0657735249381318,-0.0276236662296625,0.0270987871178434,0.203685688188736,0.0378148781620054,-0.0360255272963061,0.0467986606571647,0.0712521680705922,0.6938456590592545,0.44078749016808,0.0983772953394487,0.3260763805450334,-0.0489763887924782,1.1012789534994547,0.2040773896012792,0.2059897232091198,-0.0369483657546142,-0.0111834510997618,-0.0435055648900824,0.0384949733536564,-0.0012168181695114,-0.0843689824223129,-0.024444652662382,1
Zm00001d041578,0.0,II,0.705185,0.529412,4.106451739846378,0.5386346668832693,0.1276,1.3905,0.0918,101.0,36198.0,14.4187,0.04,0.12000000000000001,0.01,0.0,0.28500000000000003,0.635,0.0,0.275,0.725,0.0,0.85795,0.06385,1.0,1.0,1.0,1.0,0,0.18899999999999997,0.16699999999999998,1.0,1.0,0.0,0.0,1.0,0.0,0.0008247562854129,0.0041095699784626,0.0232543036512772,0.0135692925572774,0.0116093427061098,0.0398342656464419,0.0010798043255687,0.0087258249725367,0.034168149970994,0.0337775470705064,0.5656258670939337,0.1511541188577908,0.2332566011843741,0.3894467463180123,-0.0662587389635757,0.427905477028072,0.4075680172475037,-0.052514845875041,0.0204927773835497,0.1207549991971181,0.3047991381827916,0.745858981774833,-0.1009373557956911,0.0888902869371905,1
Zm00001d041580,0.0,II,0.666667,0.49,0.1627219366176634,0.8742162654932544,0.1947,0.3229,0.6032,94261.0,59894.0,11.0438,0.04,0.060000000000000005,0.025,0.0,0.51,0.595,0.0,0.775,0.8049999999999999,0.0,0.22960000000000003,0.3095,1.0,1.0,1.0,1.0,612,0.6579999999999999,0.7194999999999999,1.0,1.0,0.0,0.0,1.0,0.0,0.0777345881612387,-0.0277179002357098,0.0132989418492307,-0.0010455057981666,0.0400406169764742,0.270905789970316,-0.0452459875605779,-0.0012725198434376,0.4315959240878605,0.0574767688529079,0.1792757926379418,0.008515884683741,0.1045498557002024,0.8618069069543912,-0.0819164182581468,0.042207722734854,0.0995921252185462,-0.076751286924771,-0.0488367094900352,-0.0398745597491194,-0.0013063911179347,0.6020395293777613,-0.1528481561548681,-0.0745118906297288,1
Zm00001d041590,0.0,II,0.522523,0.43,2.418022848224837,0.6565265099094564,0.0163,0.1148,0.142,380413.0,1124.0,24.4381,-0.04,0.1,0.02,0.0,0.46499999999999997,0.21000000000000002,0.0,0.63,0.42500000000000004,0.305,0.7139,0.2228,1.0,0.93565,1.0,1.0,1387,0.516,0.0,1.0,0.0,1.0,0.0,0.0,0.0,0.034232122195621,0.1345848312863912,0.0406277242789417,-0.0074594076270693,0.0787513629417044,-0.0553238978043744,-0.057411286719026,0.0110816272668742,0.4952649344216034,0.6513191033765613,0.8219191389414429,0.2998794436393197,0.7536351966725601,-0.0196253034146832,1.1567361147379815,0.5697256353996232,0.0423003855219518,-0.0591068719993737,-0.0510148612025756,-0.0513694123391575,-0.0091755221057196,-0.0369692907171321,-0.1016735125950911,-0.0417934628266363,1
Zm00001d041592,0.0,II,0.461981,0.39,2.574037659583004,0.3066315467484674,0.0698,0.1474,0.4736,7860.0,275113.0,18.7127,-0.08,0.005,0.05,0.0,0.44999999999999996,0.45,0.0,0.9199999999999999,0.625,0.705,0.0989,0.4248,1.0,1.0,1.0,1.0,5294,0.0,0.0,0.0,0.0,0.0,1.0,0.0,0.0,-0.0256904670079075,-0.0599063956574419,-0.0364220260776086,0.0080559707426155,-0.0456987522229329,0.0005329264840791,-0.0776440444138002,-0.0340626970818838,-0.0858668926937876,0.9658204882672402,0.044164728912881,0.0272792224629541,0.2874964025527944,-0.0695360683299563,1.114696000874503,0.0785808505184563,-0.0419126617011292,0.6577980232374895,0.0370923080054784,-0.0189744948199865,0.0049961336387815,0.0228630693340531,0.4899535084195531,-0.0260678581378602,1
Zm00001d041594,0.0,II,0.573209,0.32,5.479252363391417,0.1445134637782348,0.0335,0.1346,0.2492,7364.0,338991.0,8.6407,-0.15,0.04,0.035,0.045,0.865,0.72,0.12,0.92,0.905,0.43000000000000005,0.83335,0.38949999999999996,1.0,1.0,1.0,1.0,0,0.0,0.924,0.0,1.0,0.0,0.0,1.0,0.0,-0.0546716425597632,-0.0713164604528063,-0.0425466714452054,-0.0511896550137587,-0.051073338199505,-0.0400415626141009,-0.0834901045398414,-0.0375999566370584,0.0060802979174187,0.521400116860933,0.5078141543055716,0.4082238596935028,0.6802328046876309,-0.0397823945095695,0.7675879915291979,0.5253583443595943,-0.0550797573532966,-0.0707608244390209,-0.041373685972238,0.0419316234749658,-0.0212189216492837,0.0207566635516184,-0.0740081559370369,-0.0863794794479071,1
Zm00001d041576,0.0,II,0.540505,0.45,2.028938263644457,0.5616237077441015,0.0151,0.108,0.1396,53632.0,72679.0,15.2852,0.05,0.045,0.0,0.0,0.015,0.0,0.0,0.15500000000000003,0.655,0.455,0.5118,0.0264,0.20415,0.05555,1.0,1.0,4825,0.26600000000000007,0.0,1.0,0.0,0.0,1.0,0.0,0.0,-0.094125152222602,0.881783420789813,0.0199121694156381,-0.0214124156145073,-0.0859530443951163,-0.0728939567549422,1.156016862970909,-0.057991260509639,0.0956937558566942,0.6577891363141026,0.0990414695209191,0.1120042224475294,0.4901910468649985,-0.0052109871156501,0.6626101712578449,0.1951005629182583,0.1747036578777023,0.4186698327263944,0.0211303578423307,0.0398906748303263,0.2718766766907542,-0.0557319102009871,0.3597453650254486,0.1157585073988503,1
Zm00001d041569,0.0,II,0.550179,0.69,7.023004501910773,0.1956208214509814,0.0288,0.086,0.3353,86.0,1324.0,11.5034,0.07,0.025,0.035,0.0,0.6799999999999999,0.06,0.005,0.825,0.07500000000000001,0.28500000000000003,0.1899,0.45345,1.0,0.4405,1.0,0.9762,0,0.14649999999999996,0.1195,1.0,1.0,0.0,1.0,0.0,0.0,0.0585490992849384,-0.0016508286688934,0.4907985960431867,-0.0103659200695023,0.1426653279327736,0.007544101607379,0.0945152548890993,0.0786304986412588,-0.0871494455353467,0.3960247684062431,0.6643333669608269,0.206094653291438,0.4297698405307563,-0.0376366297989965,1.012584298806022,0.2544010369708193,0.0122738182156828,-0.0691551317825413,-0.0296236217365923,-0.0168883648595804,-0.0229721037972055,-0.0039635357830309,-0.0943705297309799,-0.0289860694384983,1
Zm00001d041568,0.0,II,0.647583,0.58,6.635779518930892,0.1645219742395255,0.0031,0.3647,0.0084,115.0,497.0,30.1634,0.07,0.02,0.02,0.0,0.03,0.565,0.0,0.36,0.77,0.0,0.46665,0.4333,0.3145,1.0,1.0,1.0,0,0.1195,0.5577,1.0,1.0,1.0,0.0,0.0,0.0,-0.0385648672742716,-0.024977208031497,-0.0539442877732659,-0.0274194554400778,0.0211881722194429,-0.0227610539890044,-0.0634018195231048,-0.0275681231487286,0.0669749522751528,0.1870427297980606,1.3624552672907753,0.2086834315940587,0.5266757929664065,-0.0335453146512275,0.7859616129818423,0.2032009664440319,0.040172791899673,0.1038000794781354,-0.0524844189027514,-0.0499800119573878,0.0257652894538579,0.0253432134353296,0.0711832103785421,-0.0297275449103429,1
Zm00001d041550,0.0,II,0.569231,0.6,8.802787397629343,0.1370527052196389,0.0087,0.5109,0.0171,8.0,658.0,41.2073,0.1,0.03,0.04,0.0,0.74,0.55,0.0,0.875,0.6950000000000001,0.155,0.1548,0.38865,1.0,1.0,1.0,1.0,2298,0.545,0.17515000000000003,1.0,1.0,0.0,0.0,1.0,0.0,-0.0496788819865704,-0.0359217730430685,0.0231381394663898,-0.0169925383385291,0.0505827950155048,-0.0108419556157253,-0.08981639365606,-0.0742209958286682,-0.0149267082792219,0.354055526766118,1.789177289608474,0.2725335527505601,0.5141692615197425,0.063885204748705,1.113014412246354,0.1130150405590555,-0.0641700743987017,-0.1256896198484592,-0.0100564734029387,-0.0487606853133511,-0.0443127266101932,-0.0565043552113903,-0.0827638993869999,-0.0851906141957162,1
Zm00001d041549,0.0,II,0.710271,0.59,0.6622414721029084,0.7467130362291566,0.0243,0.1771,0.1374,81.0,7320.0,10.5316,0.11,0.03,0.065,0.0,0.525,0.28,0.0,0.715,0.46499999999999997,0.01,0.19095,0.5224500000000001,1.0,0.95835,1.0,1.0,0,0.5460000000000003,0.188,1.0,1.0,0.0,0.0,1.0,0.0,0.2835660478505755,-0.0451246648968186,-0.0306483626569263,0.0077100616793568,0.0505803582847567,1.1137772971833988,-0.0818968887277368,0.0114775349932835,0.441228262054148,0.136899231358461,0.3899061214545909,0.090080608226794,0.1612610386366445,0.8771511122244908,-0.0304784193113281,0.0866318646302663,0.06593389714467,-0.0440297465161292,0.0077370048890642,-0.0028732055953202,0.0217674168847486,0.4500060916313186,-0.0600221994443003,-0.045492270860992,1
Zm00001d041548,0.0,II,0.611689,0.68,3.4787592846168613,0.3788321758423827,0.044,0.5643,0.0779,19.0,74321.0,14.8256,0.11,0.025,0.015,0.01,0.6950000000000001,0.635,0.315,0.815,0.73,0.65,0.3906,0.1833,1.0,1.0,1.0,1.0,0,0.07350000000000001,0.032350000000000004,1.0,0.64,0.0,1.0,0.0,0.0,-0.0197690613587848,-0.0043940113401867,-0.0106989831423197,0.0211639101767766,-0.0042535570403326,0.0140025000772663,-0.0185960612821716,-0.0083333760499967,0.1581535614246277,0.7268899826664653,0.5262530164410643,0.2444241657304731,0.4428627439217486,0.0161616074435239,0.6196725796002005,0.4123539851737043,-0.0041322385088891,-0.0355913802495798,0.0040738454590388,0.0307097352646609,0.0427678221821724,0.0195524931263894,-0.062889414850311,-0.0095679933134271,1
Zm00001d041536,0.0,II,0.624004,0.6,1.9297923732213556,0.4575611536371652,0.0352,0.3865,0.091,358.0,19003.0,14.8256,0.13,0.01,0.035,0.0,0.52,0.09000000000000001,0.0,0.5800000000000001,0.26,0.86,0.07289999999999999,0.41735,1.0,0.68815,1.0,0.96,3522,0.2505,0.24550000000000005,1.0,1.0,0.0,0.0,1.0,0.0,0.3806327004712158,0.3887360297268361,0.0829106710648858,0.0913506965766398,0.2467379635437596,-0.0082426989315198,0.2859616391183335,0.0927066816807214,0.0985007207136637,0.2666861856884258,1.1494997271758995,0.2387135411581279,0.5763791817175876,0.010042633710298,0.6259058578887151,0.5430471781296637,-0.0082390387493054,-0.1296984299487146,0.0482185845845234,-0.0358711725470424,0.0667201598985668,-0.0897398139471394,-0.1109512050586689,0.0456051571322249,1
Zm00001d041534,0.0,II,0.555738,0.59,0.3022697366025828,0.7564415030014018,0.0678,0.2567,0.2641,24523.0,1773.0,6.23758,0.13,0.025,0.06,0.0,0.7849999999999999,0.475,0.0,0.8600000000000001,0.635,0.0,0.3166,0.7167,1.0,0.925,1.0,1.0,3130,0.0,0.111,0.0,1.0,0.0,0.0,1.0,0.0,0.006699699094907,-0.0592941651346218,-0.0463054904189422,-0.0290403457670896,0.0235530745869117,0.0002759019040109,-0.0663291142983897,-0.0317897749274259,0.7448222734416937,0.275040507131315,0.5208328839054588,0.1049926092404313,0.4297923856831104,-0.023688997204905,-0.0896409364904616,0.4263626115615067,0.0414536148125593,-0.0394780712144297,0.0223890909798116,-0.004610668514861,0.0860230306784903,-0.0009507555330811,-0.1024773915344802,0.0615714537136085,1
Zm00001d041525,0.0,II,0.461579,0.47,1.6405621986480283,0.565034400487967,0.0571,0.1625,0.3514,64861.0,155560.0,5.72536,0.14,0.035,0.025,0.0,0.15000000000000002,0.615,0.01,0.22,0.865,0.6,0.54675,0.22240000000000001,1.0,1.0,1.0,1.0,0,0.0,0.6829999999999997,0.0,1.0,0.0,1.0,0.0,0.0,-0.0349959052945398,0.0003374241510926,-0.0103912418351799,-0.0096719017239831,0.0180079173023398,-0.0121613408622633,-0.0470822430176479,0.0173037239048375,0.1617650851919425,0.6259011458286026,0.5292300546236024,0.3836318921955695,0.7667430038495902,-0.0140473733581602,0.8761376753082372,0.6441092303200306,0.527348349525163,0.0465875940611827,0.0640755053365038,0.1609331652257555,0.3067473856874416,0.0051384800608362,-0.0340305247422143,0.2729832044526052,1
Zm00001d041523,0.0,II,0.649438,0.51,0.2232940134043108,0.8245113698164259,0.0868,0.2115,0.4106,103107.0,118731.0,5.2658,0.14,0.045,0.045,0.0,0.6799999999999999,0.525,0.0,0.8500000000000001,0.7150000000000001,0.02,0.63025,0.3972,1.0,1.0,1.0,1.0,0,0.11849999999999998,0.7275,1.0,1.0,1.0,0.0,0.0,0.0,-0.0047808405131446,0.0007176249331677,-0.0078696716475364,-0.005703670305224,-0.0067814220526386,-0.0053354508148384,-0.0078696716475364,-0.0040243581535201,0.6194824604146401,0.2102884535566032,0.4799302716831157,0.1171132701056151,0.3801522870455857,0.0749683091494058,-0.0345913072289941,0.3054603351911974,0.1248004200220187,-0.0161355256908189,0.0037453459712144,0.0279333812611741,0.1049168240944968,0.0140509914642164,-0.0499883393893022,0.0139058627090697,1
Zm00001d041515,0.0,II,0.444652,0.58,1.5338287994761526,0.4336308780612543,0.0821,0.0511,1.6074,626.0,256343.0,11.5034,0.16,0.025,0.01,0.01,0.6799999999999999,0.44,0.5700000000000001,0.8049999999999999,0.7150000000000001,0.885,0.20235,0.193,1.0,1.0,1.0,1.0,0,0.0,0.0048000000000000004,0.0,0.39,1.0,0.0,0.0,0.0,0.1807125611064536,0.0729563558018176,-0.0573744459192214,0.0373794715335579,0.227373694472053,-0.023856001815503,-0.0845126264429037,0.1292752079305453,0.0573385569374159,2.090921699657687,0.2475472104203061,0.0052792360575003,0.0944467713911597,-0.0925907322140116,1.7607094163412562,0.1179741277384744,-0.0614813322481102,-0.0821139499745375,-0.0010273953270338,-0.048395971714969,-0.0313497537867697,-0.0652418378499356,-0.1050771126733853,0.0168977554566852,1
Zm00001d041511,0.0,II,0.486137,0.429412,2.1700637832627465,0.6109076990607626,0.0237,0.1547,0.153,197.0,36156.0,14.8783,0.17,0.01,0.01,0.045,0.495,0.01,0.065,0.595,0.5,0.11,0.1294,0.14945,1.0,0.2982,1.0,1.0,0,0.2483,0.22099999999999997,1.0,1.0,0.0,1.0,0.0,0.0,-0.051406442615847,0.3336859958586503,-0.0386877751530941,-0.0099557386338492,0.0227956206601699,-0.0882509100452715,0.2734944736300109,-0.038302277384865,0.3966437872791037,0.4904585686484991,0.7453195811894184,0.5477439805289483,0.9625575870003036,0.0003195284247928,0.5904949172496122,0.6726640779671018,0.2876413152561889,-0.0362907627265902,0.0132413148979815,0.2146653746997257,0.5618251675899745,-0.0033851608715031,-0.1090885672921238,0.438115004690735,1
Zm00001d041510,0.0,II,0.432214,0.46,2.6174318123078995,0.3296839096192778,0.0137,0.1025,0.1333,28375.0,4959.0,14.8783,0.17,0.01,0.01,0.01,0.76,0.015,0.16,0.89,0.15000000000000002,0.735,0.11299999999999999,0.1423,1.0,0.31905,1.0,1.0,0,0.06499999999999999,0.221,1.0,1.0,0.0,1.0,0.0,0.0,0.2491817007206034,0.5024578668559472,0.4595181978630922,0.2640434741039142,0.5224567447458801,-0.0542425844939086,0.6030817495393241,0.2646479218634939,-0.0571808316244384,0.8990496395079909,0.458345856007902,0.2036653233585203,0.3323053064909656,-0.0481530435241651,1.3588959280515698,0.3149916930758367,-0.03957277717521,-0.0765392613411276,-0.0631062848270753,0.0358302699356165,0.0268611245457427,0.00446555284012,-0.0724955081198914,-0.0265325369217031,1
Zm00001d041329,0.0,II,0.530864,0.55,1.6158238484986225,0.2932677269254968,0.0809,0.1545,0.5234,13238.0,7494.0,9.10026,0.26,0.04,0.025,0.0,0.79,0.025,0.0,0.785,0.175,0.75,0.29164999999999996,0.48450000000000004,1.0,0.375,1.0,0.9625,3463,0.49500000000000016,0.0,1.0,0.0,0.0,0.0,1.0,0.0,0.6728570747184491,0.1936098144394616,0.0108209339810782,0.0823759820487564,0.3182320315481604,0.0369126301934992,-0.0747041664229021,0.2101118779249882,0.0619611329634483,0.4305587201629388,0.5750153833988176,0.5516788108206032,0.8402007582967432,-0.0553647473380476,0.8821685233126579,0.7973757537404467,0.0300500036164412,-0.0530102642378129,0.5412268678895249,0.4658172790665492,0.6786172474833845,-0.0303851333939986,0.2604662140669522,0.792595391400807,1
Zm00001d041334,0.0,II,0.627854,0.54,1.7863309309908464,0.4772323456243618,0.0429,0.2439,0.1758,489.0,120652.0,22.4946,0.26,0.025,0.04,0.0,0.72,0.745,0.015,0.815,0.8049999999999999,0.11499999999999999,0.25155,0.48524999999999996,1.0,1.0,1.0,1.0,2458,0.2705,0.33399999999999985,1.0,1.0,0.0,0.0,1.0,0.0,-0.0529322065466129,-0.0637776264730965,-0.0955764400032897,-0.0165821662737201,0.0075007876713368,-0.0099031011497475,-0.1006899920161313,-0.0552105903134405,0.2638497925656833,0.228345053366153,0.7646653717706664,0.2910151342781352,0.6819540355365996,0.01105288541836,0.7264776268000934,0.5300112449814738,-0.0882260993044118,-0.1449365514363719,0.09348441915391,-0.0438861488791395,0.1156106193716075,-0.0588814424860973,-0.0727890977872188,0.1136355324188257,1
Zm00001d041343,0.0,II,0.615056,0.66,2.305936636418466,0.5004304140498488,0.0222,0.3044,0.073,271.0,34320.0,16.3096,0.3,0.02,0.055,0.005,0.71,0.655,0.0,0.825,0.8,0.005,0.18330000000000002,0.51665,1.0,1.0,1.0,1.0,89,0.0,0.33145,0.0,1.0,0.0,1.0,0.0,0.0,-0.0079961212812618,-0.0299214754803331,-0.0193342275909146,-0.0141245882365912,-0.0248599941450468,-0.002359441420092,-0.0349313552836887,-0.0181784516215774,0.4444730601878216,0.3933519542163781,1.111282321086254,0.6409883116510303,1.1884750955446657,0.0037523513756702,0.6386742979660198,0.9504689476769792,0.0250848688997553,-0.0440989892215139,0.0964799320766703,0.0314443234927535,0.1225676104337699,0.0577402301838586,-0.0359196026488872,0.0467812654945776,1
Zm00001d041345,0.0,II,0.613333,0.42,1.4198700121234136,0.5921098095644044,0.0276,0.0803,0.3433,129674.0,96206.0,6.69714,0.3,0.07,0.0,0.005,0.6950000000000001,0.25,0.005,0.865,0.44999999999999996,0.135,0.80715,0.0868,1.0,1.0,1.0,1.0,2319,0.41085,0.07600000000000001,1.0,1.0,0.0,0.0,1.0,0.0,0.5750278401551139,0.2241621045393015,0.0599873895207859,0.1241800305836897,0.4774007748033779,0.0227620286526929,-0.0466633368152904,0.2879350203270311,0.4879161500110872,0.1793917405010495,1.324816258698997,0.3669795282368137,0.8825914955593364,0.0170542768695914,0.452902758916048,1.0515464854192744,-0.049869202618428,-0.0231077757229591,0.0370373378875374,0.003858717130518,0.0023306461245967,-0.0054514629406806,-0.0460540625321604,0.0107488378818242,1
Zm00001d041352,0.0,II,0.528545,0.69,6.852751865481179,0.1409482387485395,0.0027,0.1746,0.0153,153.0,55883.0,68.0485,0.31,0.04,0.13,0.01,0.8200000000000001,0.27,0.01,0.91,0.41,0.37,0.86545,0.65765,1.0,0.975,1.0,1.0,954,0.23799999999999996,0.23850000000000002,1.0,1.0,0.0,1.0,0.0,0.0,0.3472415142669847,0.085136621387109,0.233400553853339,0.0438707734185801,0.2061915981974661,0.0285711084889447,-0.0516477889639685,0.1950826504824462,0.3478013334553939,0.4308466139877144,0.4453102561846932,0.2896125894353663,0.5470678064405713,-0.0263267044910192,0.5365452755724676,0.3091005448276948,-0.0080509755378525,-0.0701125559339492,-0.0433400579448011,0.0090906046781206,0.0683306161004394,0.0236421647060374,-0.0857274041608738,-0.0168563193234308,1
Zm00001d041377,0.0,II,0.621655,0.5,0.3791400419995925,0.8442859310462117,0.1355,0.2442,0.555,72588.0,11486.0,12.9347,0.31,0.025,0.045,0.0,0.11,0.115,0.0,0.19,0.20500000000000002,0.03,0.35724999999999996,0.46515,0.94445,0.7639,1.0,1.0,0,0.24150000000000005,0.22200000000000003,1.0,1.0,1.0,0.0,0.0,0.0,-0.0427573273191538,0.6313407472548833,0.0087317489170267,0.0110610521076122,0.1544484997424653,-0.0496209282201203,0.6522189846486555,0.0028356713798629,0.4909042106956939,0.2628444108435027,0.2973785304859828,0.0306448850588885,0.0979317531261953,0.1768294738453445,-0.0377162612428075,0.1441600792648557,0.3915788102937477,0.0251767383524703,0.2107572047298302,-0.0596763597331991,0.0236658083129938,0.2734443114965842,-0.1051732760076938,-7.563893569493898e-05,1
Zm00001d041378,0.0,II,0.43654,0.61,2.6590655063570616,0.2700053453484539,0.0576,0.1286,0.4475,97.0,75722.0,12.9347,0.31,0.07,0.06,0.005,0.795,0.15,0.025,0.91,0.29000000000000004,0.635,0.60275,0.46165,1.0,0.7639,1.0,1.0,0,0.10034999999999998,0.231,1.0,1.0,1.0,0.0,0.0,0.0,0.2153892519951448,0.0115123896150817,-0.0183372802827641,-0.0378714049012884,0.1330939503519155,0.0207730857711498,-0.0851331154182123,0.0702498190390533,-0.1551682775904939,1.2594007943401069,0.2567851739473938,0.0276233979519708,0.1606001580209685,-0.0490226086786455,1.7598510260877067,0.0089289054090064,-0.096609417863984,-0.1286261630429107,-0.0685846933299522,-0.065692296369479,-0.0586034933093066,-0.0672374412003468,-0.1293683927632414,-0.0695338600849589,1
Zm00001d041392,0.0,II,0.49031,0.46,2.8591821347057844,0.2709951910400659,0.0215,0.1717,0.1254,156132.0,178291.0,18.6601,0.3,0.03,0.01,0.0,0.795,0.625,0.01,0.905,0.9199999999999999,0.86,0.41664999999999996,0.0755,1.0,1.0,1.0,1.0,1687,0.00045,0.28,0.09,1.0,1.0,0.0,0.0,0.0,-0.0581693042445262,0.6844548203900268,0.0793453818859891,-0.0129955104369524,-0.0640825728379872,-0.0082557210287806,0.8671283328813857,-0.022365650408695,0.0784118016644093,0.6854072251085626,0.4163923615277682,0.0334510618095786,0.2590582407942717,-0.0518625381301874,1.0676569994579912,0.3361197330351669,0.0650204369075215,0.0045859640587768,0.0349995038640391,0.0138042630828426,0.1186645784748673,-0.0105503925751119,-0.0315185862052091,0.0707161647515294,1
Zm00001d041402,0.0,II,0.51462,0.49,0.0,,0.0994,0.6147,0.1617,32146.0,837.0,6.23758,0.33,0.05,0.01,0.01,0.24,0.3,0.675,0.39,0.575,0.85,0.6,0.0976,1.0,1.0,1.0,1.0,0,0.12549999999999997,0.1115,1.0,1.0,1.0,0.0,0.0,0.0,-0.0852654741992712,-0.1032247022420107,-0.0697956500806473,-0.0287832742265609,-0.0994183908999566,-0.0507317487838017,-0.1079228303740708,-0.0735941805607143,-0.0082112342086029,-0.0751884594631159,-0.0631104268713193,-0.0645284754022599,-0.0604650711388534,0.061366380646997,-0.121479250142659,-0.0510263198126866,0.2051486586498162,-0.0028155300890278,-0.0207432087971865,0.0450604554761711,0.1168588143762888,0.1183958253612266,-0.0755096169510321,0.0322904208468366,1
Zm00001d041405,0.0,II,0.518823,0.39,1.357680578543933,0.4940461841704192,0.0608,0.1366,0.4451,83991.0,455040.0,17.741,0.34,0.055,0.04,0.005,0.35,0.605,0.375,0.53,0.81,0.745,0.45555,0.6171,1.0,1.0,1.0,1.0,11900,0.7479999999999996,0.8140000000000001,1.0,1.0,0.0,0.0,1.0,0.0,0.0460431638075794,-0.0250906158956911,-0.0795676596830335,-0.0204109220825502,0.0309538617692158,-0.0188870812512333,-0.0888865344770293,0.0021638791354352,0.4222063246605997,1.1689836089130885,0.3810063157876412,0.0801659211975556,0.3174625740626048,-0.0953977832787701,1.1070495348462563,0.3639860545428043,-0.0195874204769071,-0.079020115846513,-0.0174617335063242,-0.0286180044021855,0.0747265238336145,-0.022784666100897,-0.0675298191461277,-0.0180674221814349,1
Zm00001d041407,0.0,II,0.502674,0.664706,3.812717331480071,0.2539949596158087,0.0261,0.0944,0.277,158.0,181537.0,17.741,0.34,0.025,0.05,0.02,0.77,0.385,0.44499999999999995,0.865,0.48,0.725,0.3489,0.4038,1.0,1.0,1.0,1.0,0,0.04100000000000001,0.38589999999999997,0.82,1.0,0.0,0.0,1.0,0.0,0.1151595430340021,-0.0431439590050371,-0.0569661766347769,0.0251718613239257,0.1003625507163481,-0.0004198022782712,-0.0845746135467366,0.0216485219196529,0.0004527603099086,1.1256819327940517,0.2043377647257294,0.1402585054592766,0.2937918124637879,-0.0727747474704576,1.2659415566439356,0.1264475330640328,-0.0469594944481497,-0.0798475672166628,-0.0659376569798428,-0.0499704121734065,-0.037467687239823,-0.0186061033229099,-0.0799746301167457,-0.0228657550892425,1
Zm00001d041410,0.0,II,0.763052,0.45,3.077069567311783,0.5252247477114075,0.0357,0.5235,0.0681,105.0,858.0,15.3378,0.35,0.07500000000000001,0.17,0.0,0.245,0.22,0.0,0.4,0.225,0.0,0.65375,0.8717,0.8928499999999999,1.0,0.97915,1.0,1695,0.392,0.137,1.0,1.0,1.0,0.0,0.0,0.0,-0.0239686539856158,-0.0768036991797581,0.240693144970723,0.5921319896909657,1.0149496130282107,0.0298710023927357,-0.0749937136685168,0.4719271425307615,-0.0233952886171549,-0.0432358796654609,0.7115022770270076,0.5000758490674859,0.6960438334468992,0.0069001032486625,0.0687733295386206,0.5778913826546177,0.0691762813967232,-0.0978376804655387,-0.039283187517466,0.1362534789890493,0.4502376660257142,-0.0352547772409413,-0.110079782539249,0.2555529703431765,1
Zm00001d041414,0.0,II,0.60843,0.55,0.9069564459608292,0.5424253089764524,0.085,0.2672,0.3183,26805.0,173871.0,14.3661,0.35,0.045,0.035,0.02,0.535,0.7050000000000001,0.08499999999999999,0.735,0.865,0.22,0.44084999999999996,0.18155,1.0,1.0,1.0,1.0,0,0.311,0.5975500000000001,1.0,1.0,1.0,0.0,0.0,0.0,-0.1241397458151597,-0.1377476179897014,-0.1245219057453584,-0.0980975084643882,-0.1284277708976816,-0.0789150652634494,-0.1566987098225287,-0.1209923276621799,0.6601975197324492,0.6738419918943792,0.4878018847049383,0.0781833106761395,0.3725717390645813,-0.0573248320477915,0.4854201675684162,0.3188685613593467,-0.0030009803174797,-0.1142398826896496,-0.0461531511254114,-0.0785298666940548,0.0269030141105305,-0.062213545913351,-0.1107825286457388,-0.0627195653899469,1
Zm00001d041420,0.0,II,0.461221,0.39,3.483705462758364,0.3105092503704711,0.0116,0.1468,0.0788,22378.0,97671.0,13.9065,0.36,0.045,0.03,0.0,0.765,0.69,0.025,0.88,0.83,0.6699999999999999,0.6097,0.43489999999999995,1.0,1.0,1.0,1.0,206,0.16449999999999998,0.5687,1.0,1.0,0.0,1.0,0.0,0.0,-0.0476283294206187,-0.065087089271578,-0.1061402076975122,-0.0464924442749087,-0.0306483882109127,0.0003449625131418,-0.1128670456933767,-0.0756618408873371,-0.0545814549120108,1.202479508731606,0.2109705648158045,0.0747484746631401,0.3195581521788471,-0.0177694150999741,1.7015392532074334,0.1177539859928195,-0.0511812560224408,-0.0972470724364779,-0.0227435135407659,-0.0380091263599769,0.0501241465367249,-0.0712654449617254,-0.1100485563146251,-0.0338809592542936,1
Zm00001d041438,0.0,II,0.465584,0.46,1.50048909012747,0.522351984325442,0.0312,0.1323,0.2362,177416.0,344596.0,8.6407,0.35,0.015,0.0,0.01,0.73,0.005,0.425,0.805,0.27,0.805,0.1875,0.05184999999999999,1.0,0.16665,1.0,0.975,0,0.9230000000000002,0.0,1.0,0.0,1.0,0.0,0.0,0.0,0.2773757384784822,-0.0523256570539151,0.2615976169285531,0.0769114749333014,0.3038635261007494,0.0176321110792398,0.0664561383082719,0.3287532259631993,0.5560919016487047,1.456831561268107,0.2229444306025589,0.1191430762335841,0.3009094086271375,0.1488117834424017,0.7949179541357563,0.3144248341579708,-0.0461338125813387,-0.1018813286108577,-0.0809916452646275,-0.0522329221968616,-0.0280180692520385,0.002880317398666,-0.1178391192853229,-0.0924826814324189,1
Zm00001d041439,0.0,II,0.510638,0.57,1.3984935894948507,0.6054993884531488,0.0194,0.1524,0.1271,343394.0,203818.0,8.6407,0.35,0.005,0.095,0.0,0.13,0.265,0.005,0.095,0.635,0.565,0.07,0.59335,0.86365,0.96665,0.9231,1.0,0,0.20149999999999998,0.0036,1.0,0.33,1.0,0.0,0.0,0.0,0.5780318492321729,0.3156152361280848,0.315302282134527,0.4016596676771747,0.7239995466150779,0.0508472175353222,0.0166535549875584,0.7309974625334364,0.5535323952810363,0.7373227703615082,0.2301100483563408,0.1560999172947532,0.4403735057805469,-0.0290966090355917,0.6618845192088683,0.279358881903068,0.446057917610533,0.0637788212828756,0.7650915477782295,0.2038641547587744,0.6434613818148819,0.0596242203234734,0.4164218956313997,0.6914314934705876,1
Zm00001d041443,0.0,II,0.495536,0.42,1.9349436810828389,0.5097922438106349,0.0265,0.1187,0.2232,0.0,543091.0,16.7692,0.35,0.055,0.015,0.005,0.19,0.525,0.01,0.32,0.64,0.51,0.5351,0.24335,0.8778,1.0,1.0,1.0,939,0.0,0.14850000000000002,0.0,1.0,1.0,0.0,0.0,0.0,0.0308542673267518,-0.1106197695282191,-0.1352454661656131,-0.1034560688154844,-0.0374506208677237,-0.1044159541432551,-0.1440839006030351,-0.1045692321364564,0.4193844524354851,0.8240533985540692,0.737699043559008,0.2752285304649486,0.7567566687862599,0.0056117934435626,1.099286107319192,0.5940088483399097,0.4227880942146365,-0.0449870223686124,0.0264988609580529,-0.012449332789717,0.1930299924494737,0.063650659795638,-0.0686778519863559,0.0943244342531064,1
Zm00001d041445,0.0,II,0.455197,0.56,5.553364504128067,0.1678186220777529,0.0428,0.124,0.3452,310313.0,5027.0,37.4254,0.35,0.11,0.115,0.01,0.73,0.185,0.36,0.825,0.385,0.795,0.8139000000000001,0.70835,1.0,1.0,1.0,1.0,0,0.6755000000000001,0.0,1.0,0.0,0.0,0.0,1.0,0.0,0.3730478576584683,0.0693855879602396,0.624196414797418,0.0973820140356132,0.2317559782176959,-0.0167876999869579,0.3509474953416813,0.1739064493459939,-0.1513520968344894,1.4394446053662906,0.2703879927038266,0.0249041634702341,0.0849590953096695,-0.0618210338631568,1.647487648612444,0.062912853969293,-0.0431033054753945,-0.0475846105163791,-0.0341410552065942,-0.0101985919467723,0.0546672271417992,-0.0165676036519199,-0.0742384650516212,-0.0042459760226606,1
Zm00001d041455,0.0,II,0.514045,0.511765,5.215119372774059,0.3035807479424834,0.0221,0.1243,0.1776,42269.0,5796.0,9.55982,0.32,0.0,0.0,0.0,0.01,0.005,0.01,0.07500000000000001,0.52,0.43,0.03125,0.03685,0.16665,0.14585,0.7555499999999999,1.0,4387,0.0,0.08319999999999998,0.0,1.0,1.0,0.0,0.0,0.0,0.0050093817145584,0.7328661165318102,0.0741266362358046,0.0134880139458635,0.0306583296943929,0.0217242550576861,0.9146691747524398,-0.007609072536381,0.0068479810613163,0.542800587435832,0.3977665528479803,0.1743721007240617,0.4335001889957494,-0.0216723886996797,1.0678879189904156,0.1917893524854169,0.5033523347780495,0.0782008884537537,0.0240709335464326,0.1281288134187301,0.3282421686957418,0.0436889220815931,-0.0642183322073458,0.0569871919248209,1
Zm00001d041480,0.0,II,0.531667,0.55,3.937331853087493,0.3740179200190252,0.0378,0.2404,0.1573,50.0,185002.0,127.863,0.27,0.035,0.01,0.005,0.5800000000000001,0.535,0.025,0.73,0.785,0.605,0.2723,0.07735,1.0,1.0,1.0,1.0,0,0.7685,0.0,1.0,0.0,0.0,1.0,0.0,0.0,-0.1129961665565213,-0.0790884960807861,-0.1379221785053559,-0.0880154579144626,-0.0694899257869423,-0.0512735357164233,-0.1608100103492749,-0.0721689065217406,0.2330194478462616,0.7098122599644454,0.5263364427069283,0.1206843713171538,0.4067073909249499,0.0111701594722376,1.2084097683305093,0.2510510754679025,-0.0271598635467013,-0.0467428302425079,-0.0363826961951573,-0.0106981344198034,-0.0237788697086383,0.0207441569591119,-0.0610892641161196,-0.0320804664624693,1
Zm00001d041481,0.0,II,0.764835,0.65,1.1543695670032437,0.7355927915269148,0.0255,0.5436,0.047,376.0,33.0,26.3817,0.26,0.11499999999999999,0.015,0.0,0.47,0.6799999999999999,0.02,0.51,0.825,0.0,0.71945,0.1926,1.0,1.0,1.0,1.0,5374,0.20200000000000004,0.0795,1.0,1.0,0.0,0.0,1.0,0.0,0.0581127378189417,-0.0985967244233346,-0.0924698448524435,-0.0431751329588893,0.010930250987814,-0.0381742751438173,-0.126691650366324,-0.0498704568842555,0.1474760789686295,0.0071329162250337,0.2556551419225453,0.0494080213178453,0.0898642843295558,0.0042746534600038,-0.0007147964113961,0.1097251035286216,0.3490601942686197,-0.0333937655889608,0.0706681620116674,0.0027960281952505,0.1083077338734376,0.0655127081414863,-0.0360390394653004,0.0976108031460984,1
Zm00001d041488,0.0,II,0.495742,0.429412,2.422257603686454,0.3560551376459114,0.0216,0.1269,0.1702,113729.0,239013.0,15.3378,0.22,0.035,0.02,0.0,0.475,0.73,0.0,0.665,0.91,0.49,0.3055,0.29164999999999996,1.0,1.0,1.0,1.0,1699,0.4635000000000001,0.45799999999999996,1.0,1.0,0.0,0.0,1.0,0.0,-0.0220250504407508,-0.0277003641312348,0.0011410022937465,-0.020162956453487,0.0077754319752691,-0.0064180718992882,-0.0382502979139724,0.0044545690276441,-0.0089243955458089,0.6052788346189741,0.5900281774482738,0.2692247376962744,0.6090064558088903,-0.0579640395039242,1.1129222618466417,0.502971519207389,0.1155284029354073,-0.1091068409697118,-0.0493753173070267,-0.0319246204333283,0.1391751421764399,-0.0536308250545456,-0.106809439130064,0.0414396126216552,1
Zm00001d041489,0.0,II,0.56505,0.46,3.5605581668393325,0.3366980969258503,0.024,0.1479,0.1625,94.0,165.0,15.3378,0.22,0.085,0.025,0.0,0.5700000000000001,0.66,0.005,0.635,0.845,0.535,0.7707999999999999,0.20135,1.0,1.0,1.0,1.0,2885,0.21444999999999997,0.4049999999999999,1.0,1.0,0.0,0.0,1.0,0.0,0.0493893064838509,-0.0379559823542095,-0.0117219463709762,-0.0265553913760804,0.0551793234524116,0.0049494186116826,-0.0517148651896128,-0.0068672068813191,0.4181495804944514,0.6987272099679501,1.104108123377162,0.2350587445122128,0.629387241546958,0.0113414784603873,1.3162944934709837,0.4390549057661098,0.0848362752434328,-0.0541115463551676,-0.0433980264038158,0.0143201980873826,0.0770702255408876,0.0339624769508773,-0.0587759541739613,0.0011236771509936,1
Zm00001d041491,0.0,II,0.551724,0.59,2.235472812036046,0.3079345413720651,0.0398,0.1398,0.2849,26.0,145883.0,19.1196,0.21,0.12,0.01,0.015,0.47,0.83,0.26,0.5800000000000001,0.915,0.54,0.64165,0.1035,1.0,1.0,1.0,1.0,0,0.269,0.26399999999999996,1.0,1.0,0.0,0.0,1.0,0.0,-0.026499503857074,-0.0155740253582026,-0.0535925590485323,0.0054326494924899,-0.0106410410644346,0.0050428462877322,-0.0587132017601762,-0.0239124097259987,0.2295816146399699,0.9391310961842768,0.4838034524805857,0.1677687632021266,0.5167663443306125,0.0016358319951626,1.2399731039959176,0.3005175223864295,0.0878808480602712,-0.0349614451361598,-0.0356988219762593,0.0035292429438572,0.1814713262830729,0.0211046983144069,-0.0450830110699717,0.0539817082046592,1
Zm00001d041497,0.0,II,0.488564,0.38,2.607874462964601,0.4032721521677171,0.0294,0.1379,0.2131,61300.0,91836.0,10.5316,0.2,0.105,0.015,0.0,0.745,0.635,0.005,0.825,0.88,0.725,0.6611499999999999,0.20829999999999999,1.0,1.0,1.0,1.0,875,0.675,0.4115,1.0,1.0,0.0,0.0,1.0,0.0,-0.0560263950105714,-0.0080110018617364,-0.0580352580863281,-0.0399398363763118,-0.009637504611572,-0.0584257147236672,-0.0598320659449398,-0.020973575741569,0.0365704800731375,0.9289626480817252,0.3928974421258536,0.2110055314807488,0.4586523580055896,0.0016426986028545,1.2772150375686644,0.4037400815807121,-0.0220765258658925,-0.0438553756870922,-0.0183485898627621,-0.0016999983605118,0.0390841508881046,-0.0209571691763145,-0.0436016033952928,0.0064659868443394,1
Zm00001d041323,0.0,II,0.51557,0.605882,1.1421452349708907,0.5719353942443349,0.1032,0.0651,1.5845,67.0,13958.0,66.1049,0.25,0.075,0.0,0.0,0.10500000000000001,0.08499999999999999,0.01,0.53,0.325,0.3,0.94165,0.0429,0.9167000000000001,0.6667,1.0,0.9582999999999999,14205,0.267,0.91,1.0,1.0,0.0,0.0,1.0,0.0,0.1190064421984818,0.6113324038276617,-0.03772190376506,-0.0392314157545698,0.143823367147232,-0.0890570025771397,0.5459054108802335,0.1411338428523297,0.7355805116627948,0.5882416877068185,0.7734678495744142,0.0296397662727016,0.2604778115012461,-0.0147458010508088,0.819528645828947,0.3292610248511552,0.1545087560557694,0.1819327200940964,-0.0553077342682316,-0.0409522549292345,0.0983251023834309,-0.0563352111399478,0.0287364169449808,-0.0482035702930407,1
Zm00001d041307,0.0,II,0.517518,0.65,3.425811319811581,0.1494872677395963,0.0079,0.1215,0.065,77413.0,86747.0,6.69714,0.25,0.03,0.035,0.005,0.745,0.505,0.005,0.8049999999999999,0.72,0.78,0.57095,0.35555000000000003,1.0,1.0,1.0,1.0,664,0.0703,0.6934999999999999,1.0,1.0,0.0,0.0,1.0,0.0,-0.0158257719532659,-0.0209352500834226,-0.0238272039015304,-0.0142702840620031,-0.0243251929803296,-0.0175560362814693,-0.0308360263194514,-0.0181588585519637,-0.1302877116743432,1.268088865938114,0.1853703290564727,-0.0032388485668592,0.151627341810751,-0.0780525797488126,1.6666575057338373,0.0360774088711412,-0.0716851339081533,-0.0875104100006766,-0.0470513912207126,-0.0275656177001291,-0.0006180710838279,-0.0243913473150266,-0.0974060752244741,-0.0584130098654058,1
Zm00001d041290,0.0,II,0.555556,0.505882,4.206263520805884,0.2606193996341336,0.1034,0.1855,0.5572,217.0,560552.0,33.0788,0.24,0.065,0.04,0.005,0.53,0.49,0.02,0.635,0.6699999999999999,0.71,0.6528,0.34545,1.0,1.0,1.0,1.0,0,0.0,0.145,0.0,1.0,0.0,1.0,0.0,0.0,-0.0801240113735084,-0.0895261682531947,-0.1185296337703107,-0.0434975080570211,-0.0830243139855887,-0.0495066956737216,-0.1366372996384635,-0.0884642742567634,-0.0427965050355004,0.8907071249549265,0.6351754404024907,0.4097975681843427,0.6126599752871664,0.0052393919943897,1.5189539063894455,0.384633334416446,-0.0176548388713917,-0.1014800523776348,-0.0720067529108482,-0.0666162130507211,0.0415622498699558,-0.0418606991972273,-0.0996067672043251,-0.0508189284350474,1
Zm00001d041277,0.0,II,0.536098,0.51,2.681208262277932,0.679843141379311,0.0353,0.1617,0.2181,278208.0,2860.0,7.66892,0.23,0.02,0.02,0.015,0.54,0.415,0.060000000000000005,0.67,0.56,0.12,0.20235,0.22915,1.0,1.0,1.0,1.0,12255,0.21849999999999994,0.462,1.0,1.0,0.0,0.0,1.0,0.0,0.3980297170312292,0.0075274482927602,0.014921568486198,0.0935290089944627,0.199733029631624,0.6573359902613587,-0.0522133415094204,0.0826168366640411,0.8697764609265857,0.1773753855566479,0.5272870008706733,0.1826597800425772,0.4370667496676848,1.4722867114486402,0.2019750914938547,0.2355989007647296,0.0475630345832459,-0.0678625505742313,-0.0680418731060642,-0.0238893835037775,0.0125416086257961,0.5566631831161701,-0.0953590640819689,-0.0532736372314725,1
Zm00001d041258,0.0,II,0.70603,0.576471,0.390433892385047,0.7180625092281983,0.1197,1.0475,0.1143,417581.0,225248.0,12.9347,0.22,0.10500000000000001,0.065,0.0,0.62,0.175,0.0,0.72,0.355,0.0,0.63095,0.75,1.0,0.96665,1.0,1.0,0,0.06949999999999999,0.22549999999999998,0.86,1.0,1.0,0.0,0.0,0.0,0.4420129080725751,0.257135957593238,0.080248989721143,-0.0107663781343476,0.132011580797403,0.0013655441235332,0.015401711453525,0.0223379506112841,0.1002269745942577,0.0270864311091552,0.365193034658986,0.0258620366882752,0.1422317466530328,0.0590050302234122,-0.0176119272932042,0.1948122701705477,0.148259187541564,-0.0072022435847908,0.023547001333546,0.0168619596975501,0.1113120930564016,0.0855397117087048,-0.0539472621372476,0.0633166631327967,1
Zm00001d041246,0.0,II,0.682648,0.66,8.800873100012543,0.2067445999887116,0.0265,0.349,0.076,156.0,217486.0,37.8324,0.2,0.03,0.06,0.0,0.35,0.76,0.0,0.6599999999999999,0.855,0.0,0.26175000000000004,0.3562,1.0,1.0,1.0,1.0,0,0.3079,0.9025,1.0,1.0,1.0,0.0,0.0,0.0,-0.0070404219503438,-0.0564316122563173,0.1988965157609227,0.0023961111604591,0.0268137717941398,-0.0002175429154358,-0.0296469001801864,-0.005422117011717,0.1574520632458387,-0.0192413697288118,1.2908877228701674,0.3244988458225172,0.5164464752681881,0.0077991935217727,0.1941528128386023,0.5754758112173264,-0.0755556946176801,-0.140158639699124,-0.0268093754521162,-0.0741385552227457,-0.0154401146538275,-0.0699544701801307,-0.1173527323884621,-0.0442407090890437,1
Zm00001d041232,0.0,II,0.681344,0.48,0.8093410220746623,0.8015871937406963,0.0291,0.3226,0.0903,119660.0,199724.0,5.2658,0.18,0.05,0.01,0.04,0.5,0.7350000000000001,0.0,0.635,0.86,0.04,0.6073999999999999,0.10115,1.0,1.0,1.0,1.0,0,0.064,0.8843000000000001,1.0,1.0,1.0,0.0,0.0,0.0,-0.0074208741008556,-0.0474979343684641,-0.0208684732421637,-0.0130796377038281,-0.0257937885752035,0.0108062128644914,-0.0655393924694827,-0.0056213373972735,0.2791994960893612,0.1493877002523063,0.7149311571813121,0.0611395267500309,0.198102188866108,0.1097073940993932,-0.0405898994124974,0.3203555034176514,0.1257276837248505,-0.034613960582377,-0.0136203776710988,-0.0203056692827115,0.0811675801241867,-0.0303251011854931,-0.0907713177255448,0.0038256608978144,1
Zm00001d041216,0.0,II,0.539095,0.323529,4.58792095165077,0.2847510654986102,0.0056,0.2383,0.0237,120529.0,336942.0,14.3661,0.17,0.04,0.05500000000000001,0.01,0.555,0.41500000000000004,0.67,0.65,0.5449999999999999,0.805,0.525,0.42425,1.0,1.0,1.0,1.0,0,0.1705,0.33649999999999997,1.0,1.0,0.0,1.0,0.0,0.0,0.7105459892653003,0.2746774165547493,0.3842672942913035,0.0653928627396122,0.157441452453474,0.3358077559898657,-0.0500734965494866,0.1185653915753041,-0.1316340805158382,1.6183455437482417,0.239251803919898,0.078863158144845,-0.0345228730585378,-0.090618386621342,2.0237960782331585,-0.0045879326786922,0.0646726715599241,-0.0764953331848102,-0.0550492966132117,0.0145841531497425,0.1333375507360203,-0.0644986235580159,-0.0540242762634122,0.0357287745307787,1
Zm00001d011064,0.0,II,0.650794,0.6,0.0928619653542897,0.7569124451249102,0.0591,0.4984,0.1187,620.0,66384.0,38.8568,0.82,0.065,0.095,0.0,0.75,0.46499999999999997,0.0,0.8,0.605,0.0,0.5784499999999999,0.5944499999999999,1.0,1.0,1.0,1.0,0,0.08700000000000001,0.281,1.0,1.0,1.0,0.0,0.0,0.0,0.1635318334941822,-0.0390043678665406,-0.0634537558325097,-0.0371695694207877,0.0670376878884718,0.0118068306581786,-0.1064670001982225,-0.0301581722419439,0.7325718513625041,0.2447079353345154,0.3181314735153119,0.0700380748098008,0.2395776987127688,0.0156605553989754,-0.0632876833841064,0.1889275696612727,-0.0511395440914441,-0.0921780376625852,-0.0188384181984866,-0.0774751058231433,-0.0291006635105354,-0.0409277781966231,-0.124068827476154,-0.0225081241536631,1
Zm00001d011060,0.0,II,0.689038,0.44,3.185740985115727,0.4082393955932308,0.0722,0.3945,0.1831,23.0,135.0,8.12848,0.83,0.045,0.03,0.0,0.51,0.6,0.0,0.6699999999999999,0.725,0.0,0.7111000000000001,0.3476,1.0,1.0,1.0,1.0,1056,0.5345000000000002,0.4670000000000001,1.0,1.0,0.0,0.0,1.0,0.0,0.2075602777335376,0.1027696109134023,-0.0246087201673767,0.0479062481862603,0.2568507806651561,0.0135442425235429,0.0731569587120201,0.0383855940380514,0.2293374635882505,0.0382367703200735,1.3408058053047651,0.3326177288615978,0.706849795162492,-0.002739420343553,0.3827742589295754,0.8698745929623953,-0.0119642557253292,-0.0658339672103378,0.006173430765187,-0.0062569107459413,0.0923340414755653,-0.0176662023958635,-0.067842141208293,0.0068423243457059,1
Zm00001d011058,0.0,II,0.682399,0.54,0.3450065672858916,0.8026503455074484,0.0602,0.2215,0.2718,987.0,1535.0,6.69714,0.85,0.04,0.055,0.0,0.475,0.36,0.0,0.5700000000000001,0.4,0.0,0.40925,0.3875,1.0,1.0,1.0,1.0,4335,0.025500000000000002,0.1375,0.96,1.0,1.0,0.0,0.0,0.0,-0.0128236022713966,-0.0364303095459693,-0.0560097866508151,-0.0177227958888118,-0.0245980970476625,0.2922089161739042,-0.0672795637786177,-0.0229774204808746,0.4021331615790607,0.0982344675326079,0.5324894698053048,0.0601402467814395,0.1653908802268927,0.7011535593139941,0.0230525949768019,0.0997165502015342,0.3394989066067511,-0.0130068141969709,0.2631602709321918,0.0701488098502027,0.1571208666721426,0.6226580956947558,-0.0465886719910823,0.0771071831090664,1
Zm00001d011051,0.0,II,0.623552,0.63,3.984644634857313,0.4663996205618211,0.0468,0.5504,0.085,53.0,1.0,9.55982,0.87,0.025,0.08,0.005,0.605,0.29500000000000004,0.03,0.74,0.365,0.065,0.262,0.6463,1.0,0.9,1.0,1.0,206,0.4525,0.305,1.0,1.0,0.0,1.0,0.0,0.0,0.0038331042151786,-0.0415950397668437,-0.0337545142964933,-0.0604503585540573,0.0833069530266814,-0.1141119812022323,0.0195118863355028,-0.0099423314309248,0.602219647360702,0.2152348570508817,0.9936257749431274,0.2991404694400738,0.8146825204336838,0.0180285460245397,0.441596753876304,0.8043928724648544,0.0462713074772795,-0.0783002518731384,-0.0734170951597241,-0.0486853435871572,0.0125490210620335,-0.0707844647103737,-0.0995061476942607,-0.0119545341021419,1
Zm00001d011050,0.0,II,0.762346,0.54,3.453413447227927,0.3844691851510645,0.0109,1.0439,0.0104,230.0,2578.0,23.4663,0.87,0.04,0.075,0.0,0.14500000000000002,0.28,0.0,0.485,0.42000000000000004,0.0,0.49935,0.69,0.93855,0.96425,1.0,1.0,1765,0.0,0.14,0.0,1.0,0.0,1.0,0.0,0.0,0.4212599289748532,0.2622815938937229,0.2312992695756383,0.1773695185719734,0.5045852602398729,0.0259398184821824,0.1477013341109407,0.4576584482016667,0.020527488780046,-0.01329307448125,0.8585590132649564,0.3008061522652294,0.4350129850397076,0.0204376232023018,0.3397752291753577,0.4467895823105162,0.058195215064208,-0.0371024283005918,0.8101163322350798,0.2811997848948716,0.5638018055335039,0.0190814651732029,0.3098226048512401,0.7321083300220148,1
Zm00001d011041,0.0,II,0.747815,0.48,0.7899922918181964,0.657352738300348,0.0742,0.2316,0.3203,925.0,14264.0,19.1723,0.87,0.04,0.045,0.0,0.655,0.255,0.0,0.74,0.385,0.0,0.4161,0.29164999999999996,1.0,0.975,1.0,1.0,2364,0.030999999999999996,0.05,0.62,0.98,0.0,0.0,1.0,0.0,0.7959432602765982,0.2831690340180883,0.2747040250064875,0.0974173659405781,0.3711625863660531,0.0074633351817315,-0.0163211635329111,0.2844229980273727,0.4492874165576808,0.039356781341465,0.6380596611878848,0.109924519518457,0.3067296044411718,-0.003100587935214,0.0971273411864709,0.2465782151158099,0.1481397482139222,-0.0328755662141398,0.0818434285415914,0.0100930343762819,0.0869336839664586,0.0532730147995719,-0.0394883054022149,0.0315067465713651,1
Zm00001d011038,0.0,II,0.490741,0.68,2.3838544409086797,0.3870416158563804,0.0193,0.1714,0.1129,91.0,5253.0,11.9629,0.86,0.055,0.005,0.01,0.535,0.060000000000000005,0.42500000000000004,0.645,0.5700000000000001,0.735,0.31125,0.24164999999999998,1.0,0.7521,1.0,1.0,0,0.4925,0.0,1.0,0.0,0.0,0.0,1.0,0.0,-0.0513164252559365,0.4879508210357637,-0.0847174242094628,-0.0387926441118574,0.0925337762577329,-0.060735093258299,0.5292195980474788,-0.0203255409636772,0.1245259466057819,1.0923706751316176,0.2908244900588782,0.1188732988943905,0.2659256658871853,0.0177687475002119,1.1431852167364125,0.1764446890585002,0.0223397303164188,-0.0400258555930787,0.0118243483437053,0.0149273256231399,0.0263909589301643,-0.0166270757335507,-0.0515999073047743,0.042660415647848,1
Zm00001d011037,0.0,II,0.551976,0.64,2.4118905222024964,0.3067147724345105,0.0376,0.2023,0.1859,87.0,13986.0,11.0438,0.86,0.01,0.01,0.0,0.08,0.07500000000000001,0.015,0.28,0.44,0.84,0.1538,0.1417,0.5667,0.91875,0.96875,1.0,5933,0.0,0.0,0.0,0.0,0.0,0.0,1.0,0.0,0.1553246240208647,0.3475622970433333,0.0171530400146839,0.0281409123190929,0.2346315361454912,0.0271315709464549,0.2654881534775783,0.0555107024442272,0.0075588963796493,0.5246950939485973,0.6747836753557641,0.1846893404770219,0.327200755517039,0.0286737842650428,1.0403695072882106,0.3321964133939283,0.4045589404913241,-0.0702197530918643,0.0271967983854518,-0.031729300406459,0.1284796166233602,-0.0346290023070668,-0.1086842085868248,0.0540101048679802,1
Zm00001d011036,0.0,II,0.701754,0.49,3.033637170244935,0.6245985616759592,0.0964,0.1758,0.5486,679.0,1683.0,7.66892,0.86,0.0,0.015,0.0,0.015,0.085,0.0,0.825,0.305,0.0,0.030100000000000002,0.1923,0.17705,0.5667,1.0,0.9762,6766,0.0,0.0,0.0,0.0,1.0,0.0,0.0,0.0,0.0301732302326093,0.4580229737991791,0.7367320524140151,0.1834204041422556,0.3483614440515462,0.03536002067709,1.0130166238083522,0.3017254607762118,0.2257467645229514,0.0562845414606256,0.5544855994007857,0.0644906143208517,0.2208341751019104,-0.0171057311607239,-0.020372871171918,0.2717772627974144,0.431636498370039,0.2903073175594323,0.0458061880391783,0.1035203153284255,0.3300840235004249,0.0061036016107606,0.1131631195468582,0.1922224832025442,1
Zm00001d010998,0.0,II,0.686275,0.458824,0.0045868012684963,1.0,0.0349,0.3073,0.1137,161920.0,42518.0,21.5754,0.69,0.065,0.02,0.055,0.71,0.775,0.495,0.8400000000000001,0.895,0.625,0.6734500000000001,0.19995000000000002,1.0,1.0,1.0,1.0,3961,0.741,0.8734999999999999,1.0,1.0,1.0,0.0,0.0,0.0,-0.0377674687237318,-0.0627102087115578,-0.0249048237664719,-0.0130980534989964,0.0204330843277696,-0.0205673403319115,-0.0894919948261193,-0.0243633062386939,0.0318735897728084,0.0069534402493012,0.0707335898521119,-0.005128381048814,0.0416739307077784,0.0538161627051453,-0.0372818169644146,0.0585854050153075,0.110430477534818,0.0443222029846845,0.0633079469363041,0.0279522369971143,0.0781920391009785,0.1236018647448006,-0.0252393843390567,0.0261438738748771,1
Zm00001d010997,0.0,II,0.516679,0.68,2.109955571316202,0.2254718651558131,0.0505,0.2084,0.2424,163183.0,40367.0,7.66892,0.65,0.015,0.005,0.0,0.6799999999999999,0.02,0.0,0.735,0.515,0.69,0.06665,0.3075,1.0,0.5166999999999999,1.0,1.0,2443,0.10050000000000002,0.04,1.0,0.8,1.0,0.0,0.0,0.0,0.0101603079230704,0.4807268798259912,-0.0452509373972507,0.014852104017119,0.1143343572543164,-0.0079520996963359,0.5605163746746581,0.0080399826814234,0.0804994989933917,0.7787536617683222,0.3983394253680767,0.2369163843934902,0.4878967257119178,-0.0153455610643768,0.9296014599096892,0.3349449481040703,-0.0445956211205946,-0.0926496539623917,0.1753394830860253,0.0759173200730149,0.1354874609877216,-0.0525752580315662,-0.02916506120628,0.2252919091214286,1
Zm00001d010995,0.0,II,0.498721,0.48,3.611009047002485,0.2028729729175952,0.0453,0.1324,0.342,34621.0,167536.0,7.66892,0.65,0.02,0.0,0.005,0.5800000000000001,0.0,0.05,0.775,0.615,0.61,0.1473,0.021249999999999998,1.0,0.1333,1.0,1.0,0,0.582,0.0,1.0,0.0,1.0,0.0,0.0,0.0,0.0339199892061945,0.7625703629770016,0.3334852935903707,0.1586443165811908,0.3001418465623509,-0.0025282364298076,1.0733889740341431,0.1843423288456697,0.0173371934960984,0.7505223746564446,0.2659301888927508,0.0511961926869001,0.2660050871094971,-0.0761418380232291,1.1583989791485034,0.165264571901197,0.0608232503607532,-0.0060932686914662,0.1456807228412527,0.1964478453296215,0.4324990088272463,-0.041108114719301,-0.0173888916331587,0.4211291910048912,1
Zm00001d010987,0.0,II,0.658915,0.57,1.6823860017539067,0.6795464342393784,0.0556,0.4043,0.1376,212.0,128773.0,20.0915,0.7,0.01,0.065,0.0,0.65,0.355,0.0,0.7949999999999999,0.5900000000000001,0.0,0.0885,0.45285,1.0,1.0,1.0,1.0,1745,0.278,0.266,1.0,1.0,0.0,0.0,1.0,0.0,-0.0378423381152045,-0.0469713171507314,-0.0510845073882105,-0.0573836151562716,-0.0394998947458483,-0.0285579947561333,-0.061020322458337,-0.0359246045592677,0.3847032127172526,0.1265710399095302,1.0999332167657627,0.4305130007825437,0.930927517346844,-0.001945527625244,0.6103969701231673,0.8192289943289699,-0.1012956102769728,-0.1420677762499096,-0.0985588935496121,-0.0710453717085304,-0.0571349621773252,-0.0663270375618229,-0.1149813296405151,-0.0881622099802894,1
Zm00001d010982,0.0,II,0.641808,0.61,3.993838161646585,0.3395021668459871,0.0218,0.9717,0.0225,1842.0,20380.0,12.4752,0.75,0.05,0.005,0.01,0.71,0.18,0.025,0.865,0.21,0.44,0.5083500000000001,0.0833,1.0,0.5,1.0,0.5,1422,0.057999999999999996,0.308,1.0,1.0,0.0,0.0,1.0,0.0,0.0447958932795016,0.0056508591050509,-0.0191264460076616,-0.0021227510401348,0.0511216586894043,-0.0210150395463138,-0.0250714666138774,0.0023779255480838,0.2786239014660404,0.5013053321187607,0.5781701335867176,0.2521398643540791,0.6536110848103349,-0.0207825914093949,0.7260980720416323,0.5228552445998945,-0.0325419936887467,-0.0459187717047223,0.0013861187963373,0.0019062588853144,0.0242443679267555,-0.0009636657341295,-0.0616376324377121,0.0273475407097946,1
Zm00001d010976,0.0,II,0.680328,0.62,3.631486128057584,0.4846570848411444,0.0187,0.3085,0.0605,56.0,320.0,28.6795,0.75,0.025,0.07500000000000001,0.0,0.725,0.48,0.0,0.765,0.61,0.265,0.18785000000000002,0.65835,1.0,1.0,1.0,1.0,2260,0.6524999999999999,0.311,1.0,1.0,1.0,0.0,0.0,0.0,0.1742235538762181,0.0348732152311179,-0.0256682031965782,0.041421514636656,0.2200819503013777,0.0331370905027202,-0.0223661950781881,0.0709599826032959,0.1345782652166455,0.53480641607204,0.5305653479657193,0.3502080046749477,0.7796886550308523,0.0101172905864287,0.7820414652003083,0.4251768965276302,-0.050578013699839,-0.0641709225187668,-0.0530967439154901,-0.0026199751731109,0.0340801951193074,-0.0101502130592463,-0.0843920428706603,-0.004939895160342,1
Zm00001d010975,0.0,II,0.569241,0.64,3.624180017821416,0.3995661494054262,0.0317,0.2199,0.1441,216.0,98058.0,15.7974,0.75,0.03,0.01,0.0,0.655,0.615,0.0,0.825,0.785,0.235,0.24075000000000002,0.13195,1.0,1.0,1.0,1.0,4636,0.0,0.29250000000000004,0.0,1.0,0.0,1.0,0.0,0.0,-0.0870144973983364,-0.0482623745045401,-0.0862307616471284,-0.0765058574638915,-0.0433648472280888,-0.0342903184231345,-0.1098451143048789,-0.073199822878108,0.2348532078438261,0.3747161276458529,0.9390007504727792,0.5724321456419086,1.1225188558105863,0.0207656717415864,0.7608760659427967,0.9061058582717184,0.2138302006861691,-0.047908863513901,-0.0545967781283578,0.0370180405768506,0.2467834614453695,-0.0364306396085236,-0.1343928316050391,0.0877705270728315,1
Zm00001d010974,0.0,II,0.443491,0.66,4.378580078326518,0.1867391462135499,0.0423,0.1516,0.2792,23.0,41142.0,27.3008,0.73,0.02,0.04,0.0,0.74,0.6599999999999999,0.03,0.88,0.755,0.77,0.25234999999999996,0.31189999999999996,1.0,1.0,1.0,1.0,940,0.40400000000000014,0.8175,1.0,1.0,0.0,0.0,1.0,0.0,-0.0490810558964117,-0.0499624232638985,-0.0610096027245612,-0.0297617990575457,-0.0006685429348492,0.0282183861527899,-0.0597915384787456,-0.032022716069554,-0.202393697111211,1.2646255400095718,0.3525072789781176,0.0313488459961535,0.1948151422912663,-0.0677961347035204,1.9253123072490617,0.0311950441089666,-0.0823159385608318,-0.064565674997887,-0.0658241875671398,-0.0179134235483014,-0.0316514470718187,0.0225118295731303,-0.0972101210656394,-0.070374890528501,1
Zm00001d010970,0.0,II,0.535714,0.61,3.230076078637512,0.4886726318071295,0.014,0.1465,0.0954,197567.0,2350.0,33.0788,0.72,0.07500000000000001,0.0,0.01,0.545,0.0,0.03,0.725,0.01,0.53,0.46605,0.0,1.0,0.0,1.0,0.0833,0,0.5765,0.0,1.0,0.0,1.0,0.0,0.0,0.0,0.1690308422419514,-0.0586351087927884,0.1496462822151285,0.0843875521856246,0.3066113359859964,0.0024461020208187,-0.0607544485032355,0.2868143008391542,0.6218163524145177,0.8136593061345991,0.4413207029479949,0.3028419876300504,0.7408350111498974,-0.0137875729370765,1.026604145699478,0.4308326549882723,0.0147623800518753,-0.1069405069863113,-0.0758586424268854,-0.0442039438478673,-0.0076333851469788,-0.0699216330929711,-0.1051117570434441,-0.0461202982338101,1
Zm00001d010968,0.0,II,0.610687,0.44,1.7492494212987493,0.437307703924823,0.0867,0.1321,0.6559,13909.0,190429.0,16.3096,0.65,0.055,0.025,0.0,0.825,0.675,0.0,0.915,0.88,0.005,0.42845,0.2889,1.0,1.0,1.0,1.0,959,0.20350000000000001,0.6805,1.0,1.0,0.0,0.0,1.0,0.0,-0.0353679959471297,-0.0344909860843159,-0.050185472168322,-0.0036768443796659,-0.0315373925168354,-0.0256842957281419,-0.0668560470211194,-0.050341681105408,0.4088670642570424,0.2503163814528958,0.6460179053663835,0.1418067344672925,0.5115379068503445,0.0143857833276645,0.482722535598547,0.3958508483135227,-0.011134214667308,-0.0218593215336293,0.130076619774306,0.0685930119642217,0.1412860849194527,-0.0035920806305923,0.0017892147087053,0.2301968562092571,1
Zm00001d010969,0.0,II,0.636364,0.54,0.9712009870081616,0.7257105978416789,0.0772,2.2437,0.0344,128172.0,76013.0,16.3096,0.68,0.02,0.015,0.12,0.55,0.745,0.77,0.7150000000000001,0.885,0.9550000000000001,0.22355,0.1389,1.0,1.0,1.0,1.0,1324,0.36099999999999993,0.1405,1.0,1.0,0.0,0.0,1.0,0.0,-0.0651539086455962,-0.088079179152086,-0.0787334175282873,-0.0196557990286432,-0.0675480416066374,0.0744950548545461,-0.1124409439988122,-0.0844940070685031,0.2429420090457447,0.0976375290684855,0.3768187451638382,0.0592156228359162,0.2056847213785451,0.2185530676197768,-0.0327299072932728,0.1494834184805977,0.4507951789035329,0.117392962326053,0.1844600494881802,0.0753113879555795,0.3432765902550264,0.0477604312528632,-0.0619386726702809,0.1819873845708186,1
Zm00001d010967,0.0,II,0.495368,0.67,3.4500729191135378,0.1894595474821228,0.0573,0.129,0.4439,495.0,241.0,16.3096,0.64,0.045,0.04,0.0,0.645,0.43,0.005,0.74,0.575,0.785,0.37670000000000003,0.2803,1.0,0.9582999999999999,1.0,0.98335,682,0.095,0.322,0.97,1.0,0.0,0.0,1.0,0.0,0.0,0.0,0.0,0.0,0.0,0.0,0.0,0.0,-0.112074533760949,1.0149629389786532,0.5717870305076869,0.1678624949715774,0.3978609340058566,0.0094181113010415,1.5233238142082903,0.167289270862963,-0.0023517241207221,-0.0657972214287555,0.4447261493200076,0.1734133819217454,0.429031044386139,0.0001147238495421,-0.0035218415949452,0.5562863910458717,1
Zm00001d010954,0.0,II,0.525,0.62,4.717601018371133,0.2133280601228008,0.0204,0.2354,0.0867,1420.0,57392.0,9.10026,0.44,0.045,0.035,0.0,0.085,0.63,0.035,0.425,0.83,0.81,0.4231,0.3,0.7889,1.0,1.0,1.0,1251,0.0,0.04,0.0,0.8,0.0,1.0,0.0,0.0,-0.0022139759943921,0.0347630786550838,-0.0624618484837631,-0.0126590362732686,0.117867708178296,-0.0307290890256921,-0.0442025391341287,-0.0124825626212661,0.0228767747171197,0.6632660741967551,0.1826964325934391,0.0822291779201613,0.2359642950202838,-0.0405907451187233,0.7362127691801233,0.0121491194689886,0.193685746659962,0.1921788692259248,1.1408273972769956,0.2426009991947491,0.6035704236778789,-0.0250112123633425,1.0003450156820226,0.5461974710917461,1
Zm00001d010948,0.0,II,0.693723,0.38,1.2836662806286696,0.7128048003676727,0.0145,0.6741,0.0216,54013.0,75398.0,28.7848,0.38,0.025,0.08,0.0,0.745,0.32999999999999996,0.01,0.865,0.555,0.22,0.33185,0.71295,1.0,1.0,1.0,1.0,8849,0.1585,0.259,1.0,1.0,0.0,0.0,1.0,0.0,0.120065743344175,-0.0651539843772313,-0.0333271703527951,0.0350120542015091,0.0751907866755106,0.2024906983175483,-0.0978171586521553,-0.0140036766286277,0.7431453185273321,0.1386349897663162,0.2944976037866738,0.1248528258863373,0.2664912789263525,1.1655175709030547,-0.1386983180537992,0.2465824362374239,0.0819890081366728,-0.0511548597232101,-0.0506033900815695,-0.0139523842142194,-0.0048316122575051,0.9242980977080304,-0.0858687100230011,-0.037455536398199,1
Zm00001d010940,0.0,II,0.5375,0.66,2.777527728912355,0.2634283812451949,0.0476,0.299,0.1593,42.0,247.0,13.9065,0.22,0.035,0.025,0.0,0.635,0.485,0.0,0.825,0.715,0.47000000000000003,0.23785,0.3349,1.0,1.0,1.0,1.0,141,0.74,0.217,1.0,1.0,1.0,0.0,0.0,0.0,-0.0436699993870862,-0.02894028957699,-0.0130576652321191,0.0084488553648038,-0.035243885294383,0.0303193035773697,-0.0669023311805962,-0.0253070919921575,0.2370237016657789,0.5034832222549948,1.0173384146665858,0.5444191081025442,1.0288388507588944,0.0966370644576215,1.1075982592632965,0.8298508326615706,-0.0064351185104472,-0.0258328745772003,-0.0119958073807351,0.0084460735687061,0.0317249604492149,-0.007759898701925,-0.0157851222026428,0.0190124308530804,1
Zm00001d010943,0.0,II,0.42723,0.4,0.0301405792086258,0.8586731261668653,0.0549,0.1592,0.3448,232681.0,15304.0,11.5034,0.25,0.01,0.005,0.0,0.605,0.04,0.005,0.925,0.87,0.86,0.1565,0.10339999999999999,1.0,0.8928499999999999,1.0,1.0,4015,0.0,0.0,0.0,0.0,0.0,0.0,1.0,0.0,0.268963071324903,0.6683787537861912,0.2664055165182033,-0.0153907443093611,0.0840530581735882,-0.0638442641064044,0.9970712924381614,0.04500836348873,0.0722855286332762,0.6258858036795049,0.0095821521128806,-0.0221852335726224,0.0662591511599978,-0.0530558404562491,0.9157372104746208,0.0409479465615308,0.0424631070983639,0.8546646530476931,-0.0045233123609941,0.0301011185510241,-0.0034884155354525,0.0009293903299596,0.9917192158243984,0.0172460933363981,1
Zm00001d010927,0.0,II,0.533517,0.382353,2.708428233340299,0.2966819148429043,0.0553,0.133,0.416,83377.0,14219.0,91.4622,0.1,0.025,0.055,0.030000000000000002,0.745,0.515,0.095,0.88,0.69,0.515,0.16665000000000002,0.3597,1.0,1.0,1.0,1.0,0,0.5414999999999999,0.174,1.0,1.0,0.0,1.0,0.0,0.0,0.0739437121043241,-0.1291237985180827,-0.0998689115291409,-0.0678158981793946,0.0057005657158438,-0.0505475138387153,-0.1575192905381808,-0.1119465598592024,0.0216232211582139,0.6231453517663835,0.2336830514825054,0.1385542485948174,0.3486661054459695,-0.0373326514273305,0.9846871102461554,0.1596534970073373,-0.0854786121816767,-0.0922958282544512,-0.0629184896682331,-0.0436704991369904,-0.0589829058856886,-0.0667335145224318,-0.1159083468784569,-0.0783375159887126,1
Zm00001d010926,0.0,II,0.707447,0.41,0.0768916218995161,0.8879105705225463,0.0726,2.0204,0.0359,92770.0,245.0,7.20936,0.09,0.07,0.08499999999999999,0.03,0.32,0.165,0.66,0.445,0.2,0.785,0.58565,0.6077,0.96065,0.8535999999999999,1.0,0.97915,0,0.14400000000000002,0.06300000000000001,1.0,0.98,0.0,0.0,1.0,0.0,0.3476059536779254,0.0941543911899098,0.1829020820333048,0.0384289938544465,0.1113882074127878,0.3055173054113312,-0.0288375082453879,0.0263977876909589,0.0921463835154011,-0.1004582888978123,-0.0340637740689614,0.0212931354159406,0.006803685418959,0.1648784372601363,-0.1450390656650699,-0.0193877298750041,0.4343134380400517,-0.0843280150499819,-0.0551891511746856,-0.0006064713440245,0.0711204892886664,0.849794029804872,-0.1209873835706164,-0.0094481518538424,1
Zm00001d010920,0.0,II,0.587571,0.67,6.737757290900711,0.2653055440753918,0.0102,0.3008,0.0338,231.0,191.0,43.5578,0.06,0.02,0.03,0.0,0.755,0.75,0.005,0.79,0.87,0.61,0.19585,0.2992,1.0,1.0,1.0,1.0,1828,0.163,0.48599999999999993,1.0,1.0,0.0,0.0,1.0,0.0,-0.0880587019552331,-0.1206348268735695,-0.1020595239052885,-0.0632843485957821,-0.0630271417951552,-0.0537087128382398,-0.1385181845644916,-0.1345637793770626,0.0638447797566538,0.4954836983717368,0.9791270164509334,0.4455736710053958,0.6938933520029485,0.0231660768379211,0.9727111177519387,0.4391061867686552,-0.0503630366361701,-0.1073429927603381,-0.0593700510438464,-0.0439339633419751,0.0276748362677363,-0.0339257040120218,-0.1034324587702901,-0.0169641404807134,1
Zm00001d010919,0.0,II,0.513539,0.53,3.7764077195060977,0.1379024198976292,0.0081,0.2699,0.03,86496.0,6183.0,18.7127,0.06,0.04,0.04,0.005,0.7,0.435,0.135,0.8200000000000001,0.745,0.56,0.25905,0.42079999999999995,1.0,0.975,1.0,1.0,1175,0.6604999999999996,0.5325,1.0,1.0,0.0,0.0,1.0,0.0,-0.0454259769899439,0.1017240671570974,-0.0270606158002764,-0.0658440128717687,0.0039641076926035,-0.0430471648079807,0.0018027720498297,-0.0198463126490081,-0.0038685354914944,0.6838746901486931,0.4913547827593808,0.3125365879347276,0.5894463073208303,-0.0137814710316874,1.0708451701912374,0.383397277223492,-0.0458779352419483,-0.1021104996998513,-0.0723296551871813,0.0481468293640166,0.1555275901018891,-0.0517352536448903,-0.1207476901906507,0.0217408039437768,1
Zm00001d010918,0.0,II,0.471824,0.46,2.658552988708074,0.3890953256663048,0.0287,0.1213,0.2368,116.0,93766.0,18.7127,0.06,0.125,0.04,0.0,0.45,0.45499999999999996,0.015,0.45999999999999996,0.725,0.17,1.0,0.39475,1.0,0.9773000000000001,1.0,1.0,8445,0.168,0.5269999999999999,1.0,1.0,0.0,0.0,1.0,0.0,-0.0278935558756928,0.5621794635736654,0.0177478759656845,0.0252149394705713,0.1944868837075014,-0.0202101121190118,0.4648189755833409,0.0640301936345864,0.4587937277047856,0.5368878231504307,1.0298982186508616,0.2151502784122886,0.5509379675869854,-0.0201029714630462,1.1575999827554233,0.3047488925977143,0.1348774271759675,-0.0548731132444731,0.0071828514501119,0.0080985257139642,0.1973994460452414,0.0493415805212919,-0.0617144520700096,0.0334451400871337,1
Zm00001d010914,0.0,II,0.571138,0.62,2.5134185227023877,0.31038352830348,0.0457,0.1962,0.233,151.0,26661.0,13.9065,0.06,0.03,0.025,0.0,0.20500000000000002,0.75,0.0,0.735,0.87,0.5,0.33020000000000005,0.5,0.9589,1.0,1.0,1.0,0,0.191,0.3325,1.0,1.0,1.0,0.0,0.0,0.0,-0.0691302990979168,-0.0638579584172046,-0.0895979488703979,-0.0622860300833873,-0.0560854087983554,-0.0762127368528665,-0.0805103794488394,-0.0756477257819475,0.0322215627346723,0.4505702709227684,0.501471746871045,0.1872917799511168,0.3829188976266188,-0.0389358360407538,0.8401199810853498,0.1473214782724475,0.0280731233264611,0.0904617428157199,-0.0718688066562008,-0.0324734757599119,0.122355657762511,0.0125586188569881,0.0869166105928538,-0.0322130190109208,1
Zm00001d010912,0.0,II,0.628472,0.55,0.2964272404775011,0.9509781338054724,0.019,0.275,0.0691,2855.0,228214.0,8.6407,0.05,0.1,0.03,0.0,0.375,0.73,0.0,0.475,0.8400000000000001,0.0,0.4861,0.2726,1.0,1.0,1.0,1.0,3229,0.4114999999999999,0.0,1.0,0.0,1.0,0.0,0.0,0.0,0.1584695978188584,-0.0297618496841045,0.0439586874313606,0.1326564754485168,0.1710611553040786,0.4820384990764007,-0.1277231274515355,0.1156064089002464,0.7186407184946828,0.2458122676141693,0.7927629148406219,0.8781744436107457,0.7838746385490556,1.139739762845341,-0.0307224992440951,0.7233921633643856,0.0992764056001067,-0.1123951676213568,-0.0746714220492923,0.2874990090708425,0.4313220335890206,0.5232511799276441,-0.1169403521384949,0.248419847588009,1
Zm00001d010899,0.0,II,0.715618,0.59,0.5689135169270464,0.7974562573506366,0.0749,0.2247,0.3331,60650.0,147702.0,15.3378,0.13,0.03,0.035,0.03,0.475,0.625,0.175,0.715,0.85,0.315,0.3333,0.36045,1.0,1.0,1.0,1.0,0,0.05299999999999999,0.9875,0.99,1.0,0.0,1.0,0.0,0.0,-0.0678652418313257,-0.0999343346466692,-0.0638664759460007,-0.0582731739270632,-0.0912038089421136,-0.0559882437556972,-0.1108162674653154,-0.0878888274001076,0.5059212308983472,0.0479488826784564,0.1480212123649528,0.0601795532583396,0.1814951758783357,0.8361798239585706,-0.0674405210411206,0.0596197201988206,0.2512793467431551,-0.0480302772631031,0.0294429355179911,0.0136268227623351,0.0513586454149007,1.0455021467075585,-0.1182781883773329,-0.0133788464989032,1
Zm00001d010901,0.0,II,0.544715,0.49,5.306000546220896,0.1634032427856154,0.0158,0.1005,0.1572,161686.0,46459.0,9.10026,0.11,0.01,0.01,0.0,0.575,0.7050000000000001,0.0,0.725,0.91,0.385,0.13095,0.1222,1.0,1.0,1.0,1.0,3590,0.0,0.0,0.0,0.0,0.0,0.0,1.0,0.0,-0.0918774942454615,-0.1359117692779649,-0.1270264024115827,-0.0595956370011557,-0.1245876864276495,-0.1191327853437404,-0.1532110312434741,-0.1240470260956286,-0.0006961640403292,0.4667816909987558,0.6471152942568237,0.2151859022604983,0.4563697265747232,-0.0296555878675952,0.988097578500044,0.2059967740874543,-0.0020348492323176,-0.081649959923429,-0.0292497070627998,-0.0168944669008633,0.0629223632289684,-0.0394493607261745,-0.0764997106368721,-0.0245640443721278,1
Zm00001d010894,0.0,II,0.441722,0.59,0.4389609652304462,0.4383616002623504,0.0975,0.1518,0.6424,52.0,203811.0,15.3378,0.14,0.04,0.005,0.0,0.815,0.73,0.01,0.885,0.86,0.515,0.368,0.11455,1.0,1.0,1.0,1.0,5406,0.0,0.9753999999999999,0.0,1.0,0.0,1.0,0.0,0.0,0.003746925607571,0.008847629747465,0.00472564957642,0.0050237436826753,-0.007009970131919,0.0144626606805326,-0.0052624100038703,-0.0032739055190541,0.5163828763596665,0.7328128797911987,0.245722814050791,0.0945311006483613,0.2760675318022555,0.5425129352927528,0.3150342409656655,0.2207829144790564,-0.0664453289536968,-0.0798724242844522,-0.0679916956279844,-0.0677772284822113,-0.0472538666029123,0.2491879480330735,-0.0884692261529924,-0.046575201235041,1
Zm00001d010884,0.0,II,0.49484,0.51,1.4519616528202837,0.4395489537907959,0.0463,0.152,0.3048,114167.0,449533.0,20.6036,0.22,0.02,0.025,0.005,0.8,0.64,0.02,0.895,0.755,0.74,0.30555,0.36265000000000003,1.0,1.0,1.0,1.0,1195,0.43849999999999995,0.028999999999999998,1.0,0.58,0.0,0.0,1.0,0.0,0.0600129030147911,0.0007771151011628,-0.0673784288627049,-0.0363891285824369,0.0387381882915343,-0.0235764438618379,-0.1061201186409801,-0.036057071592325,0.2495049936884082,0.7000770755608909,0.305263981738862,0.0004714515278717,0.2535208424947451,-0.0643121467354495,0.7359161540584886,0.2287241354950159,0.0069803811586842,-0.0203018594684236,0.0122222393785746,0.0070476686175352,0.01107505526341,0.0015759897651228,-0.0495067355076729,0.0319341313041159,1
Zm00001d010877,0.0,II,0.439945,0.28,1.2218180166838075,0.4065868784682323,0.0744,0.1672,0.4452,156539.0,404668.0,11.5034,0.32,0.045,0.01,0.0,0.7949999999999999,0.475,0.005,0.89,0.61,0.625,0.60325,0.1542,1.0,1.0,1.0,1.0,0,0.8180000000000001,0.26904999999999996,1.0,1.0,1.0,0.0,0.0,0.0,-0.0680299140693836,-0.0852649384767443,-0.0862444097159968,-0.0234516638587221,-0.092294153998304,-0.0219956366112718,-0.0895133712418247,-0.0700173020566885,0.4441771573136871,0.9006480979617406,0.4867778983192123,0.0769988845738667,0.4435177602558185,-0.0092003482384152,1.2199833864375589,0.3707922970316457,-0.0229651198017836,-0.0862273630069863,-0.0212021014324574,-0.0197745625498877,0.0243384859075843,-0.0259699282185594,-0.0985905279319287,0.0235542866529758,1
Zm00001d010871,0.0,II,0.648515,0.64,2.567666362764316,0.7389486177451378,0.093,0.0677,1.3741,69.0,48766.0,13.9065,0.28,0.07,0.04,0.0,0.47,0.14,0.0,0.675,0.275,0.0,0.5666500000000001,0.3704,1.0,0.8928499999999999,1.0,1.0,316,0.5445,0.0845,1.0,1.0,1.0,0.0,0.0,0.0,0.339926017253875,-0.0618928330370998,-0.0557524623310002,0.0036982555942931,0.0947919853574919,0.315015859897576,-0.0838062845394619,0.0229271545938433,0.3550337976209641,0.0438081127168217,1.0690770897371968,0.2460191089703438,0.2994589705146593,0.5727732008138396,0.4519903596375305,0.2566416788444103,0.0366499810151749,-0.0853585162123473,-0.0366976361603669,0.000889356859079,0.0316536948018889,0.0202972994537402,-0.1081411125154312,-0.0204029974744502,1
Zm00001d010869,0.0,II,0.699121,0.46,2.356320251566107,0.3962421523624208,0.0575,0.2712,0.212,30.0,75.0,17.2814,0.26,0.01,0.025,0.005,0.6950000000000001,0.71,0.005,0.855,0.825,0.35,0.09605,0.22565000000000002,1.0,1.0,1.0,1.0,5311,0.5314999999999999,0.36949999999999994,1.0,1.0,0.0,0.0,1.0,0.0,-0.0365627114011401,-0.0846906599943749,-0.0247902878314153,-0.0374139728834324,0.0109095672156538,-0.0145618296549251,-0.0847325803961296,0.0192175796577341,0.0132825584301829,0.2230108325700054,0.6841773367891287,0.1010434663400813,0.46503703380716,-0.0211305463359774,0.4969189892750957,0.3771751589457077,-0.094379831870005,-0.1123101208995642,-0.0389478143642974,-0.0568351846540644,-0.0464888728817691,-0.063265271221801,-0.127468011424715,-0.0544849528605719,1
Zm00001d010858,0.0,II,0.437333,0.48,5.153009869869137,0.2117867665190436,0.0065,0.1695,0.0383,27.0,181021.0,6.69714,0.26,0.045,0.045,0.0,0.8,0.65,0.025,0.88,0.79,0.75,0.25395,0.27915,1.0,1.0,1.0,1.0,0,0.4244999999999999,0.7940000000000004,1.0,1.0,1.0,0.0,0.0,0.0,0.0390863660852212,-0.0300650761662345,0.2455200261226144,0.0643599974455172,0.2237368297025337,-0.043144026030515,0.11047165386431,0.2799774750564742,-0.0955068374114256,1.0201287029042412,0.4021678627718852,0.1192560580077388,0.2528648630892053,-0.0216817446016337,1.585331138395687,0.1793757986656733,-0.0859309941915954,-0.1013518338289662,-0.0864519235320621,-0.0331245441804766,-0.0126535130436783,-0.0694086592288081,-0.099019497552666,-0.0313873322875331,1
Zm00001d010862,0.0,II,0.468961,0.44,3.528004199192315,0.2311945220668685,0.0136,0.1071,0.1274,85716.0,92914.0,50.3075,0.25,0.06,0.01,0.005,0.855,0.365,0.21,0.8999999999999999,0.465,0.78,0.5509999999999999,0.17704999999999999,1.0,1.0,1.0,1.0,0,0.52785,0.0375,1.0,0.75,0.0,1.0,0.0,0.0,0.0788121777875142,0.0541373097633098,-0.0453785300863954,-0.0026410403660995,0.0991090423613312,-0.0166751730384757,-0.0807694558155087,0.0023023450581417,-0.0541644323892792,1.151183370627879,0.2946423279878907,0.0502747032669459,0.1900603309452168,-0.0093510341958567,1.4662834688110964,0.1343850298769019,-0.0408078352524275,-0.0728451533201926,-0.0511640846561454,-0.0290253950496917,-0.0276517100996046,-0.0465197898796366,-0.0814277806691727,-0.0378074065475399,1
Zm00001d010868,0.0,II,0.534858,0.46,3.1675724502453844,0.2885356128813469,0.0246,0.1737,0.1419,32519.0,89588.0,10.0194,0.26,0.01,0.01,0.0,0.405,0.81,0.005,0.395,0.955,0.54,0.12195,0.12495,0.975,1.0,1.0,1.0,0,0.6104999999999997,0.58135,1.0,1.0,0.0,0.0,1.0,0.0,-0.0271195157096769,-0.013687324557779,-0.0288701145257796,-0.0097693223467495,-0.0143959637043655,-0.0038573408635945,-0.0319039766473261,-0.0280161166783331,0.0197182866929697,0.5134120047871953,0.2578187005238855,0.0863133464991999,0.3180746492507247,-0.0140168218794413,0.7346230047474018,0.2076480608965943,0.1590845270789706,-0.0440630797717048,0.0248515795086887,0.0314147236685423,0.1694130755052532,-0.0067879616251073,-0.0548373159908933,0.1172520105645709,1
Zm00001d010852,0.0,II,0.519592,0.42,4.513920569798086,0.2431489419272909,0.0343,0.1379,0.2488,68236.0,99744.0,9.10026,0.3,0.07500000000000001,0.015,0.0,0.655,0.30500000000000005,0.005,0.77,0.565,0.635,0.31384999999999996,0.25455,1.0,1.0,1.0,1.0,152,0.8055000000000004,0.07734999999999999,1.0,1.0,1.0,0.0,0.0,0.0,0.221976947088793,0.0758499429745199,-0.0194272970652696,-0.0358066622696436,0.0471229313669438,-0.0077779973676771,-0.0990810426722548,-0.0269787006662621,0.0468907253227954,0.7215555322643287,0.6609817386683332,0.2342767532427892,0.5793696332808,-0.0176835709211151,1.2067004582397296,0.3075812757377336,-0.0388244253656714,-0.0622040015812422,-0.0017012206561727,-0.0317973730580737,0.0293451955541403,-0.0316657836003672,-0.047478848075426,0.0141152947087808,1
Zm00001d035862,0.0,II,0.491388,0.311765,3.589631118437216,0.1770597794264126,0.0397,0.114,0.348,566440.0,357636.0,20.6036,-0.04,0.035,0.04,0.0,0.75,0.76,0.0,0.85,0.8500000000000001,0.765,0.30565,0.39515,1.0,1.0,1.0,1.0,0,0.7865000000000001,0.11850000000000001,1.0,1.0,0.0,1.0,0.0,0.0,-0.0712058522333656,-0.1021052924600708,-0.0557301874182469,-0.0152224562631982,-0.0930571534636093,-0.0113646636064214,-0.1224702575963121,-0.081514972638056,-0.1344973935580817,1.1836737189320738,0.2289664050955919,0.0957573511267542,0.2843365694651557,-0.0533660748910066,1.6447888175005911,0.0760388196222262,-0.0103581986179499,-0.0556833926153282,-0.0141776538986596,0.0397076682800797,0.0219099949633437,-0.002631335038691,-0.0459549793431094,-0.0035924382598806,1
Zm00001d035872,0.0,II,0.632323,0.57,3.887844454229489,0.3764941865730586,0.0415,0.2714,0.1528,213137.0,151333.0,20.6036,-0.04,0.060000000000000005,0.0,0.005,0.76,0.005,0.02,0.895,0.515,0.72,0.54925,0.0347,1.0,0.08705,1.0,1.0,1091,0.5756999999999999,0.0,1.0,0.0,0.0,0.0,1.0,0.0,0.0986983628186283,0.5164736836246437,0.0148520718672703,0.0393871335917899,0.2991808181459642,-0.013018985090211,0.558691147639025,0.0952837204591761,0.0152184209463233,0.8234518290371865,0.4030182735537789,0.1150372163942648,0.2986682425744688,-0.0120212175284149,1.144765489458677,0.2542540205377953,-0.0683697153523909,-0.0714811405847274,-0.0399211741379689,-0.0416586506919866,-0.0288763907990827,-0.0381247497744893,-0.0857154875386027,0.0058822417950457,1
Zm00001d036514,0.0,II,0.460784,0.44,0.6904800515242681,0.9179660981451946,0.0749,0.4978,0.1506,361780.0,69419.0,23.4663,0.12,0.135,0.0,0.0,0.44499999999999995,0.045,0.0,0.6699999999999999,0.33999999999999997,0.83,0.72395,0.02085,0.9,0.26665,1.0,1.0,1551,0.19049999999999997,0.12649999999999997,1.0,1.0,0.0,0.0,0.0,1.0,0.5871852449727325,0.1514789926770428,0.1515819656303409,0.0881813467446466,0.2067112488298939,0.7267586942198454,-0.0585974393672734,0.1230742628320394,0.2782877601198096,0.1847230691775993,-0.0253675572320607,0.0246290056922819,0.0119615280936626,0.0370081797198833,0.0758176318542104,0.0474440637788171,0.359730942707901,0.2273105953736303,0.0126251730806752,0.1171724100223798,0.3462743552331724,0.1268464356212299,0.0508768734977704,0.2592779606063923,1
Zm00001d036507,0.0,II,0.422401,0.49,1.915623844380127,0.3567066829768082,0.043,0.0858,0.5015,140319.0,279270.0,23.4663,0.1,0.015,0.025,0.0,0.38,0.055,0.015,0.44,0.095,0.715,0.25275000000000003,0.23650000000000002,1.0,0.41669999999999996,1.0,0.9375,4572,0.08900000000000001,0.2595,1.0,1.0,0.0,1.0,0.0,0.0,0.3719712248224255,0.3026309759261695,0.1361649572595652,0.0268016456713166,0.1815920458020091,0.0116303191204086,0.1427495903400749,0.0738022557242624,0.0982120120845023,1.3387844593986742,0.2134411139107814,0.0152026778468727,0.3189740553382975,-0.0551878768674832,1.816243729692023,0.0949758034594079,0.0103994473525665,-0.1332045315376948,-0.0562461236249589,-0.0809799846868598,0.0803733969513638,-0.0209731413343542,-0.1366519103350675,-0.0091877209500233,1
Zm00001d036495,0.0,II,0.52651,0.42,2.6453643111742235,0.271168953614757,0.0219,0.1237,0.1773,82911.0,6016.0,15.7974,0.07,0.08,0.0,0.0,0.6699999999999999,0.005,0.01,0.8200000000000001,0.305,0.715,0.6271,0.0337,1.0,0.10835,1.0,1.0,808,0.5419999999999996,0.14909999999999998,1.0,1.0,1.0,0.0,0.0,0.0,-0.0408987993263669,0.6584841316110508,0.0016834945442311,-0.0394747824688178,0.0220666843740888,-0.0406155642051829,0.7994076707271179,-0.0549738614953374,-0.0140731913181605,0.9474042403624604,0.1592782180608282,0.0236538255900481,0.1798270879805393,-0.0057681708966724,1.3739964888865202,0.0589128426214279,-0.0432078758590756,-0.0781764788549838,-0.0729415431721323,-0.0534382383167693,-0.0017244499916874,-0.0406638036845606,-0.0886684088692406,-0.0394193873111359,1
Zm00001d036494,0.0,II,0.585887,0.57,4.897390604259248,0.1099046999467286,0.0472,0.1451,0.3253,174.0,91031.0,23.4663,0.07,0.04,0.02,0.0,0.655,0.65,0.0,0.8049999999999999,0.865,0.53,0.32955,0.26835,1.0,1.0,1.0,1.0,3459,0.23049999999999998,0.5002999999999999,1.0,1.0,0.0,0.0,1.0,0.0,-0.0882058809349282,-0.0716502450177521,-0.0906819064541709,-0.0773391847709795,-0.0887593802718091,-0.0344871564566739,-0.1131083551627685,-0.0569051410309951,-0.0744488308554066,0.7295336394447065,0.4346213184905865,0.1585113989049455,0.3223962428178152,-0.0395713311834647,1.100235403175284,0.2328030400967345,0.148326830120213,0.0008095531567187,0.022467382003979,0.014057296187903,0.0859797517055106,0.0072403957098135,-0.0712146094464439,0.0263046188017977,1
Zm00001d036485,0.0,II,0.529724,0.552941,0.8738579279578129,0.4752913391974237,0.101,0.2281,0.4427,189058.0,130079.0,97.2928,0.1,0.035,0.035,0.005,0.71,0.52,0.105,0.79,0.795,0.525,0.23725000000000002,0.38185,1.0,1.0,1.0,1.0,1830,0.5209999999999999,0.42949999999999994,1.0,1.0,0.0,0.0,1.0,0.0,0.0669716012287314,-0.0131285215113052,-0.0091724205388976,-0.0372082317671957,0.0998957088113699,-0.0140974403453802,-0.0962842161089637,0.0450062061098918,0.5769918968977273,0.4274087007277466,0.5055898893940304,0.1180698587310315,0.4247910218072145,-0.0184608969550608,0.2795544294497841,0.3546434313061098,0.459139099029503,0.0900310058844895,0.2884930063518464,0.1503841282798886,0.3006369629405588,0.0857064003846298,-0.0517290043485566,0.2193441326734079,1
Zm00001d036483,0.0,II,0.497772,0.55,2.569653832022286,0.3776617874974349,0.0218,0.1715,0.1268,359.0,225.0,97.2928,0.13,0.0,0.0,0.03,0.0,0.0,0.07500000000000001,0.35,0.46499999999999997,0.455,0.0139,0.028,0.04165,0.0625,1.0,1.0,0,0.0,0.036649999999999995,0.0,0.69,0.0,1.0,0.0,0.0,0.3774325330120386,0.4242055030913798,0.0267860683783646,0.0586102407549938,0.4237494966565006,-0.0248343600005559,0.4621845488539692,0.1619954341699688,0.5180969379367302,0.6823289890533928,0.6099670790483768,0.1631339340862084,0.5465280924376488,-0.0052558455358948,1.0931932664559212,0.3504889192903272,0.2982266443553939,0.1870185705584015,0.0832293217870248,0.1163254183779497,0.4318217148539299,-0.0100459574443044,0.1379335380713658,0.2347564492137989,1
Zm00001d036482,0.0,II,0.475556,0.47,3.367154718140183,0.2993246323614152,0.0161,0.2012,0.0798,276122.0,206.0,13.9065,0.13,0.08,0.07,0.0,0.515,0.14500000000000002,0.0,0.69,0.37,0.41500000000000004,0.5972500000000001,0.6229,1.0,0.9047499999999999,1.0,0.9375,457,0.7464999999999999,0.16974999999999998,1.0,1.0,0.0,1.0,0.0,0.0,0.1335523993497305,0.6308117571581984,0.0769082100771163,0.0534440399480433,0.2120319446493787,-0.0094262534926199,0.878030338529262,0.0720839822327765,0.3736632650141413,0.662905087136315,0.4617646995230716,0.1665064645881872,0.4944227039554148,-0.0925917286416631,1.1513168567551528,0.3569968392435161,0.0929769019127365,-0.0203177044759831,0.0321902234852726,0.0243234506935139,0.0956854469579584,0.008134056202324,-0.0586945992293433,0.0602212077570786,1
Zm00001d036481,0.0,II,0.446667,0.44,5.885381106780052,0.1337847569444701,0.0068,0.1265,0.0536,111404.0,162782.0,13.9065,0.17,0.02,0.01,0.0,0.84,0.56,0.015,0.875,0.77,0.735,0.31595,0.0773,1.0,1.0,1.0,1.0,1573,0.84795,0.055,1.0,1.0,1.0,0.0,0.0,0.0,-0.0334702779853023,-0.0365195622267061,-0.104022449811167,-0.0692449626272256,-0.0167991652064395,-0.0279194385026059,-0.1324599930383847,-0.016297136390837,-0.0292953961968491,0.9477722520359052,0.3813980861990195,0.1626622969040234,0.3463940794514289,-0.0290180479405477,1.394778361303932,0.3202550737036612,0.0108871627795444,-0.0524412527432711,-0.0310706844314501,0.0464675983764627,0.0962332275633243,0.0170072992004547,-0.0390783737256345,0.0114213417896054,1
Zm00001d036480,0.0,II,0.489157,0.59,7.517845169562906,0.1941156706384085,0.0032,0.2144,0.0148,60.0,276680.0,33.5384,0.23,0.055,0.055,0.0,0.675,0.655,0.01,0.785,0.855,0.62,0.70835,0.32120000000000004,1.0,1.0,1.0,1.0,474,0.22499999999999992,0.8192499999999999,1.0,1.0,1.0,0.0,0.0,0.0,-0.0147198696262679,-0.0191983785403382,-0.0130741970108238,0.0290795799828991,-0.0433725079182274,-0.0077415428672622,-0.0521141615636219,-0.0176946918832897,-0.042329254431022,0.6740457759703988,0.7336985930020767,0.2466096178396796,0.4127450013527943,-0.020169714915108,1.461429374502154,0.1907235680582867,-0.1075784684243437,-0.1297142035118671,-0.0799748419468187,-0.0020239113633051,0.0827175068691979,-0.0494119232169334,-0.1110901931480496,-0.0339007909803503,1
Zm00001d036477,0.0,II,0.46548,0.58,3.350563883997544,0.3065127948535496,0.0228,0.1321,0.1723,158715.0,834.0,10.072,0.16,0.015,0.025,0.01,0.885,0.5349999999999999,0.24,0.9,0.81,0.6950000000000001,0.13775,0.33355,1.0,1.0,1.0,1.0,0,0.508,0.568,1.0,1.0,0.0,0.0,1.0,0.0,-0.0294786465021565,-0.0245770890177191,-0.0292197764280746,-0.019530499413593,-0.0278237588950154,0.0133301399936411,-0.0450915732657847,-0.0197752511857018,0.1786411357308695,0.9018667051030465,0.2855632361655663,0.1495427050138491,0.4268112924657778,-0.0280262573526643,0.942372233794064,0.2434919901253947,-0.0241456384135657,-0.0107685369159047,-0.0006357526324563,0.0046241537502026,-0.0067172013504146,-0.0133362497168463,-0.0155961629419359,0.0007291393198835,1
Zm00001d036462,0.0,II,0.464912,0.46,1.7556821375420577,0.4253881016277531,0.028,0.1163,0.2408,63991.0,34012.0,5.2658,0.12,0.05,0.015,0.0,0.8300000000000001,0.51,0.015,0.91,0.725,0.605,0.5528,0.31245,1.0,1.0,1.0,1.0,0,0.7674999999999998,0.40850000000000003,1.0,1.0,0.0,1.0,0.0,0.0,-0.0365215114005282,-0.036688659521514,-0.0845273305616996,0.0301444666978355,-0.0593662582900523,-0.0211395275733054,-0.0936481093692408,-0.0511914638514417,0.128208421197668,1.080027754109524,0.2747906314864054,-0.0132163281731734,0.2732662039499377,-0.0697207787697796,1.42130205795373,0.1319819148277478,-0.0355881185002929,-0.0376565990336351,-0.0165599168145117,-0.0168791421255057,0.004389830287424,-0.0099389696228796,-0.0414146353137517,-0.0372070687175366,1
Zm00001d036459,0.0,II,0.683502,0.58,0.0030619468420783,0.9942079769933648,0.0442,0.1174,0.3762,135333.0,359.0,13.8538,0.1,0.01,0.0,0.0,0.65,0.30000000000000004,0.0,0.83,0.46499999999999997,0.0,0.13335,0.025,1.0,0.96665,1.0,1.0,1395,0.007000000000000001,0.306,0.48,1.0,0.0,0.0,1.0,0.0,-0.0731565837688121,-0.0572730991124352,-0.0738765481787429,-0.0062330612044987,-0.0641686723626461,0.0020574860308449,-0.087011798602937,-0.0151589474633643,0.3804172319144417,0.2010399826747286,0.4380721385025105,0.0625675604543256,0.1074687717007383,0.6021862097234776,-0.0597063401583085,0.091210444545007,0.0766893337147518,-0.0517532818327024,-0.027279811259666,-0.0245617482094483,-0.0172502248125557,0.0631123391344309,-0.0859200979476863,-0.0083465721742553,1
Zm00001d036448,0.0,II,0.512222,0.63,3.8477195055156703,0.2410908107555533,0.0249,0.1416,0.1755,95.0,173493.0,7.66892,0.05,0.07,0.015,0.0,0.755,0.8,0.025,0.885,0.9099999999999999,0.62,0.60415,0.24995,1.0,1.0,1.0,1.0,0,0.9314999999999993,0.40700000000000003,1.0,1.0,1.0,0.0,0.0,0.0,-0.0433056369768182,-0.0202172255445213,-0.0002809074603873,-0.016631842241741,-0.0426866651328517,0.0251800904439421,-0.0588412973505623,-0.0276791481477993,0.0433499349145618,0.7018066609131643,0.4432099184482589,0.1744592449495192,0.4610643788768279,-0.0694197146910036,0.992659759948024,0.3783913884546331,0.0055294748864177,-0.0105786108032278,0.0496294105964635,0.0437223330458711,0.0967690164017421,-0.0076881850746191,-0.0250332869619093,0.1166139167195019,1
Zm00001d036443,0.0,II,0.60461,0.35,4.023949840651854,0.1089920823432672,0.0226,0.1962,0.115,88081.0,85722.0,9.10026,0.04,0.04,0.02,0.015,0.855,0.73,0.37,0.8300000000000001,0.855,0.72,0.7605999999999999,0.3333,1.0,1.0,1.0,1.0,0,0.0,0.6689999999999999,0.0,1.0,0.0,1.0,0.0,0.0,-0.0323423686897168,-0.0417978559948337,-0.0378023745839218,0.0126907270311999,-0.0103631871685747,0.0271296532799342,-0.0755651202794474,-0.0607985271741515,-0.0242540032147135,0.5772885304649105,0.2469773469556222,0.0640197573793822,0.2048849984508317,-0.0344375369813854,0.8686490372834959,0.0864660631407917,0.0074007459842661,-0.0152601448275651,0.0129305404571885,0.0257073117358984,0.0114029350787943,-0.0105078519592575,-0.016301249898157,-0.0120029775921171,1
Zm00001d036436,0.0,II,0.590361,0.47,0.1562597124869847,1.0,0.1155,0.2482,0.4651,84601.0,203952.0,17.2288,-0.02,0.035,0.03,0.0,0.385,0.5800000000000001,0.0,0.77,0.745,0.0,0.54165,0.3333,1.0,1.0,1.0,1.0,0,0.092,0.747,1.0,1.0,1.0,0.0,0.0,0.0,-0.0144649251097363,-0.0121343047499738,-0.0177707063987993,-0.0006748752814045,-0.0188931907923446,0.0075265767813341,-0.0160674550097562,-0.0162695972814677,0.5306340597389563,0.2380390874353872,0.1436600002490189,0.1337995510406784,0.1720653480866135,0.3327625618611755,-0.0993585837107735,0.1491676838817543,0.2803947794378784,0.0348648627253813,-0.0006248402181616,0.0086420569677753,0.0777785595097407,0.1747455657482251,-0.069093003230314,0.0354466473745767,1
Zm00001d036429,0.0,II,0.539286,0.41,2.606268204160829,0.4508484817588014,0.0294,0.1703,0.1727,1297.0,195912.0,8.6407,-0.04,0.125,0.0,0.0,0.37,0.0,0.0,0.395,0.345,0.41000000000000003,0.74665,0.04315,1.0,0.0357,1.0,1.0,6608,0.1595,0.0,1.0,0.0,0.0,1.0,0.0,0.0,0.1332252798536455,0.4022519840222237,-0.0349866015103651,-0.0073084388138994,0.1639992654542832,-0.0601004170745062,0.3549713553196686,0.0188900585043223,0.3512554230002089,0.5514647417619225,0.306733280389268,0.2537384216418392,0.589339590319571,-0.0375640861227036,0.6333821144956501,0.3833021483320616,0.0891907229195194,0.0311946401535299,0.2227985110354668,0.0275927175536821,0.1591143579334727,-0.013066751134922,0.0987137424488518,0.0663572588236363,1
Zm00001d036428,0.0,II,0.470533,0.41,2.2859654711533977,0.3880184424256764,0.0666,0.1339,0.4975,190044.0,3830.0,8.6407,-0.04,0.035,0.0,0.0,0.725,0.0,0.0,0.88,0.455,0.655,0.37175,0.0052,1.0,0.0238,1.0,1.0,740,0.33649999999999997,0.0,1.0,0.0,0.0,1.0,0.0,0.0,0.3138618606227731,0.5970188788224708,0.1340066146978208,0.1763705156119066,0.3643315016612692,-0.0156368985151191,0.7210888446034811,0.1343729783201435,0.1863011542579659,0.7992836934508822,0.4413937665622869,0.0998859325329428,0.3236290447311288,-0.0619762210998813,1.1298597374090025,0.2771494744265859,-0.0382704709816264,-0.0525723010546163,0.0393831776579618,0.0096663329807477,0.0384611879048954,0.017084523265264,-0.0500083697748452,0.0426603309510478,1
Zm00001d036426,0.0,II,0.740964,0.61,0.7144645509862967,0.7848804181317676,0.0173,0.211,0.0819,2637.0,14170.0,5.2658,-0.06,0.060000000000000005,0.045,0.0,0.01,0.16999999999999998,0.0,0.09,0.28500000000000003,0.125,0.7963,0.725,0.09409999999999999,0.94445,0.8976500000000001,1.0,1591,0.234,0.1258,1.0,1.0,1.0,0.0,0.0,0.0,0.6654287342928032,-0.0263200584749743,-0.0321582846348262,-0.0364034323037757,0.0155508258099939,1.2627873453103515,-0.1216433133152888,-0.0427803960676878,0.1782377667870765,0.0445645207049225,0.1621326834117405,0.0190418032917512,0.0371483293876279,0.5279876937694835,-0.0171390430055376,0.0192426898711013,0.7540195823755684,0.1522925939113416,0.3667737255430346,0.1105796122433038,0.2592006982317348,0.983903907099869,-0.0468955801099886,0.1771800111317658,1
Zm00001d036422,0.0,II,0.493304,0.4,1.8900963225712764,0.2947763851625068,0.0791,0.1631,0.4847,152775.0,141375.0,16.8218,-0.08,0.045,0.0,0.0,0.825,0.0,0.0,0.895,0.0,0.495,0.7098500000000001,0.0,1.0,0.0,1.0,0.0,399,0.9419999999999997,0.0,1.0,0.0,0.0,1.0,0.0,0.0,0.0887775081230536,0.0251965834033287,0.1993482899225299,-0.0216624201978903,0.0219271029886008,0.0058214040105973,-0.0527642254541694,0.0486208695429733,0.121254512984507,0.6614631328828126,0.3449360987183066,0.2584849216732253,0.530457861202747,-0.014870653763777,0.8957057395759017,0.4249560234660513,-0.0333243666406062,-0.0575155503989016,-0.0333844294802435,-0.0151007994533835,-0.0105151531974306,0.0018112757941565,-0.0654397588890887,-0.0211132128582643,1
Zm00001d036418,0.0,II,0.720988,0.54,0.749641270861164,0.7584554692986866,0.0526,0.2393,0.2197,5748.0,292018.0,7.66892,-0.09,0.02,0.035,0.0,0.03,0.7,0.0,0.41000000000000003,0.8200000000000001,0.0,0.3833,0.5547,0.46875,1.0,1.0,1.0,1912,0.07415000000000002,0.08350000000000002,0.99,1.0,0.0,0.0,1.0,0.0,-0.0029784898495097,-0.0003861970848801,-0.0073906147351475,-0.0003617023385636,-0.0128405586766487,0.001711226207507,-0.0230594281170685,0.0046802815261378,0.1515788032581151,0.0167199636418322,0.4787640231313322,0.0618098243553992,0.1497531611333935,-0.0130343209413343,0.011658041070824,0.2334100004173966,0.1328663906666988,0.2012839181539672,-0.0106798796110555,0.1072087351206972,0.3391811110744525,-0.0022751027197652,0.1352482948633581,0.1025597384329255,1
Zm00001d036416,0.0,II,0.544061,0.64,1.6468205400979643,0.4450069714827599,0.0227,0.2017,0.1125,230.0,235.0,16.7692,-0.1,0.10500000000000001,0.055,0.005,0.265,0.265,0.01,0.44,0.165,0.685,0.5986,0.611,1.0,1.0,1.0,0.9722500000000001,0,0.19315000000000004,0.2845000000000001,1.0,1.0,0.0,1.0,0.0,0.0,0.3970960759777291,-0.0491814873360625,-0.0353394137952513,0.0140458882345816,0.0624019583341021,0.5002276768668042,-0.0676243937769034,0.028138437186841,0.4290860241549534,0.8500909870386497,0.2173924680353799,-0.0134286413252545,0.1161567404555973,-0.0264331120768488,0.8330279999517376,0.0909602552240704,0.3344542042152864,-0.0910172049090365,-0.0471909870243134,0.0056744253933962,0.1394591272227135,0.0314113976629534,-0.142164967047111,0.0438199029479186,1
Zm00001d036410,0.0,II,0.552061,0.61,3.0028542822400346,0.2451337556090479,0.0208,0.1318,0.1578,44.0,1834.0,7.66892,-0.12,0.025,0.08,0.005,0.84,0.485,0.05500000000000001,0.915,0.64,0.545,0.2875,0.45210000000000006,1.0,1.0,1.0,1.0,0,0.6204999999999999,0.28200000000000003,1.0,1.0,0.0,1.0,0.0,0.0,0.084771517209066,-0.0208453909800089,-0.0289526151892391,0.0340169885896051,0.1102158281670758,-0.0154133587574378,-0.0523302768237649,0.0161575058270828,0.1075536097729567,0.8041406526625181,0.4441895471705315,0.1025638569568686,0.3114412134686145,-0.0439126574687851,1.1872123710321136,0.27385109710223,0.00128426828385,-0.0306203303642299,-0.0310286833600454,0.0216477629890024,-0.0051179202418806,0.0488887785612007,-0.0278338381145205,0.0059116873724377,1
Zm00001d036403,0.0,II,0.477477,0.65,5.986755012987563,0.2207339188834099,0.0251,0.0937,0.2674,40.0,3475.0,10.072,-0.13,0.03,0.065,0.0,0.73,0.5249999999999999,0.03,0.825,0.6000000000000001,0.395,0.24255,0.4119,1.0,1.0,1.0,1.0,0,0.469,0.8005,1.0,1.0,0.0,1.0,0.0,0.0,-0.068562235348681,-0.0231317335413288,-0.0845125119023148,-0.0329055530516433,-0.0239970154935894,-0.0430379637844141,-0.1124767731016566,-0.0857008702680439,-0.0660012102781906,0.6405651169825928,0.6279342163232782,0.1260798197256771,0.3201284287574139,-0.0893796838298575,1.1921229610220343,0.1230414453780351,-0.0067525182302291,-0.0692541558950955,-0.0145999173019469,-0.0207616123486008,0.0010921634765397,-0.0345648251279252,-0.0768314317356113,0.0040894197915256,1
Zm00001d036402,0.0,II,0.536206,0.61,1.040617435694169,0.4865423636053241,0.0564,0.1229,0.4585,45.0,6495.0,15.7974,-0.13,0.065,0.03,0.0,0.5,0.785,0.01,0.5549999999999999,0.915,0.27,0.45545,0.38415,1.0,1.0,1.0,1.0,2125,0.3725,0.6925000000000001,1.0,1.0,0.0,0.0,1.0,0.0,-0.0773833001391374,-0.0859730364159319,-0.0811607624368459,-0.0260708375682193,-0.0380148391765036,-0.0380092804175246,-0.0957546660902659,-0.0791258380600942,0.5840403013782139,0.4572781483463389,0.5180700754340527,0.2105391170253477,0.557115954044985,-0.0015749248580198,0.5274900213108122,0.3634178371751404,0.3763212064687332,0.0108831177597928,0.3835803366371609,0.2913519355526919,0.583845984211473,0.0270167771541432,-0.022994593256646,0.3839879336347109,1
Zm00001d036401,0.0,II,0.507246,0.67,5.906240689917073,0.2130176326285011,0.0099,0.1762,0.056,212.0,436.0,51.2267,-0.13,0.035,0.035,0.035,0.56,0.715,0.08,0.66,0.9299999999999999,0.7350000000000001,0.35895,0.29164999999999996,1.0,1.0,1.0,1.0,1446,0.37599999999999995,0.7795000000000001,1.0,1.0,0.0,0.0,1.0,0.0,-0.0201283626265635,-0.0224131640314522,-0.0307197192100922,-0.0178047372043089,-0.0247748102708032,-0.0046661931545041,-0.0388274345006129,0.0005381594904531,0.2626464265605575,0.6699504361798414,0.7536163911436524,0.2188388355664946,0.6445510245773097,0.0135996025858041,1.0847708921907402,0.4155508872461969,0.021654370194918,-0.0923777632016518,0.0193492067742404,0.0167130736215662,0.1417780347257643,-0.029938019325124,-0.0837404134658814,0.0879853119586694,1
Zm00001d036395,0.0,II,0.504065,0.61,3.552738786941939,0.2511613900475662,0.0196,0.1038,0.1888,67520.0,4328.0,18.2005,-0.13,0.045,0.03,0.0,0.6000000000000001,0.69,0.195,0.7050000000000001,0.9199999999999999,0.7350000000000001,0.4593,0.1527,1.0,1.0,1.0,1.0,1756,0.162,0.6679999999999999,1.0,1.0,0.0,0.0,1.0,0.0,0.0127968500957086,-0.0214833788183164,-0.0203574161035394,-0.0065916286839239,0.0055280640308817,0.0106245413536163,-0.024985002108921,-0.0193048928693956,0.0047116419374824,0.8553219475535103,0.2351998772818564,0.1293096271695288,0.2607000131290054,-0.1196379553763479,0.8827789770209064,0.2588725537551708,0.3465950551158228,0.066936945391443,-0.0059322559946907,0.0945550053012327,0.3076262030444799,0.0084290502217799,-0.0836938145927775,0.1353539127469523,1
Zm00001d036382,0.0,II,0.681388,0.48,1.97784816869377,0.6387034061937464,0.0811,0.0803,1.0104,918.0,4070.0,85.8421,-0.13,0.065,0.065,0.0,0.575,0.6299999999999999,0.0,0.7,0.7350000000000001,0.0,0.6667,0.80555,1.0,1.0,1.0,1.0,756,0.3214999999999999,0.11149999999999999,1.0,1.0,1.0,0.0,0.0,0.0,0.2864665959062193,0.0225199284450265,0.0053340371864915,0.1256433782898783,0.2874547085645595,0.0140986169070149,-0.0763643414261965,0.092819149895581,0.3644220910175877,0.0807268071119536,0.7595739912537932,0.3571108817720251,0.799071015921446,0.0365736812132429,0.1820315371283407,0.7894756636408877,0.1157317727998836,-0.0834976650902998,-0.0282832481051844,0.0518328719194612,0.1468238425923695,0.040769335868382,-0.1088263691786332,0.0155453190896914,1
Zm00001d036363,0.0,II,0.413095,0.42,0.1164829124661739,0.8928004769891055,0.0308,0.1255,0.2455,153118.0,179639.0,5.2658,-0.12,0.01,0.01,0.01,0.8049999999999999,0.8049999999999999,0.81,0.905,0.92,0.89,0.08125,0.07289999999999999,1.0,1.0,1.0,1.0,560,0.019500000000000003,0.0,0.39,0.0,0.0,0.0,1.0,0.0,-0.0492176429999621,-0.0723635482929335,-0.0562272145342091,-0.0262225637256498,-0.0611503022927138,-0.0587650195731665,-0.0805107020398858,-0.0645720879193046,-0.0581833984047412,-0.064325507694022,-0.0575456829088739,-0.0221131943978057,-0.0623253490304637,-0.0118719386220728,-0.0911163810436702,-0.0810154640278783,0.0085314168542391,-0.0280121984442108,0.0245972760231839,0.0512824424383544,-0.0196381040329805,0.025075773522098,-0.0450007851627487,0.0051564023070407,1
Zm00001d036355,0.0,II,0.562963,0.66,0.0,,0.0915,0.7903,0.1158,166690.0,156706.0,7.66892,-0.1,0.01,0.01,0.01,0.755,0.66,0.7649999999999999,0.89,0.91,0.8999999999999999,0.07289999999999999,0.10414999999999999,1.0,1.0,1.0,1.0,2850,0.204,0.4175,1.0,1.0,0.0,0.0,1.0,0.0,-0.0952644439080171,-0.0807070998479936,-0.0465258264668375,-0.0495625345232422,-0.0816517525813366,-0.0562901375535397,-0.1116771542596017,-0.0558362975804258,-0.0385955649492276,-0.0190388541862086,-0.0187110052131685,0.0210695767020265,-0.0507396435208822,0.009233377421486,-0.0536902968467498,-0.0054805271388817,-0.0832350848612748,-0.0823200319354425,-0.0950629699287615,-0.0753422720826616,-0.0915994041736754,-0.0697653239778569,-0.1178516062289108,-0.0748293707248134,1
Zm00001d036351,0.0,II,0.449762,0.59,3.4342961663280818,0.4048985878623891,0.0141,0.1414,0.0994,11.0,532.0,27.3008,-0.08,0.01,0.025,0.01,0.675,0.575,0.22,0.8,0.64,0.735,0.10414999999999999,0.4768,1.0,1.0,1.0,1.0,0,0.0555,0.6593000000000001,1.0,1.0,0.0,0.0,1.0,0.0,-0.0385695615942867,-0.049559670279591,-0.0326743460873289,-0.0481617109521802,-0.046255086814048,-0.0252796188988151,-0.0658266213221823,-0.0557534232026419,0.4814230697017797,1.447122021288384,0.4096168793250041,-0.0107770775328907,0.2476484596961849,-0.0661173488136405,1.9832256299395885,0.1888632555527533,-0.1328900615467455,-0.1333890484929854,-0.1030290358285174,-0.0883942753798401,-0.1342305996596751,-0.0428873173111867,-0.1644250008325161,-0.142389454122691,1
Zm00001d036346,0.0,II,0.607803,0.59,0.2965591277808512,0.894255251440348,0.0248,0.4042,0.0613,388.0,137672.0,31.1352,-0.07,0.04,0.005,0.015,0.005,0.785,0.625,0.19,0.9,0.765,0.4545,0.059,0.09375,1.0,1.0,1.0,4525,0.17099999999999999,0.0,1.0,0.0,0.0,1.0,0.0,0.0,-0.0189821671476422,-0.0502309425284644,-0.0495504473444973,0.0676425798830608,-0.0277760060972725,0.0095322158448563,-0.0566248370473218,-0.0315151811278193,0.2565108416013598,0.0801888399042076,0.1619164923987356,0.0096087367555818,0.0803495081143195,0.026171662962605,-0.1168401049000732,0.0391672216984108,0.2868987072439309,0.2855984342067406,0.0604972717741172,0.0509973165162785,0.2063594228849262,0.0103214151577114,0.0859912216291474,0.1037070605740933,1
Zm00001d036331,0.0,II,0.507184,0.48,0.6664567281176232,0.8006691162137748,0.0331,0.1756,0.1885,31.0,65943.0,13.9065,-0.03,0.025,0.025,0.09,0.6950000000000001,0.675,0.215,0.84,0.845,0.32,0.34785,0.22999999999999998,1.0,1.0,1.0,1.0,0,0.5115000000000002,0.4785000000000001,1.0,1.0,1.0,0.0,0.0,0.0,-0.0058486749756552,-0.0817230016603753,-0.0980433425328778,-0.0357329054658918,-0.0449069944091013,-0.097937311009793,-0.126386751766409,-0.0977031935027382,1.068809767279182,0.4161837097704605,0.4288656179259406,0.4139918370036989,0.7578031140063946,0.0541078962031177,-0.1491842082131678,0.6658926375976983,-0.0588789698876174,-0.0846322145691274,-0.0568303180115143,0.0067908654991144,-0.0037241038385656,-0.0157875311969745,-0.0971345865733947,0.0481418365548149,1
