Maize,location,group,GC_genic,GC_prom,avg_expression,tau,Ka,Ks,O,acr_Lup,acr_Ldown,acr_S,recomb,CHH_up_avg,CHH_down_avg,CHH_body_avg,CHG_up_avg,CHG_down_avg,CHG_body_avg,CG_up_avg,CG_down_avg,CG_body_avg,CHH_up_max,CHH_down_max,CHG_up_max,CHG_down_max,CG_up_max,CG_down_max,TEdist,TEdenseAvgUp,TEdenseAvgDown,TEdenseMaxUp,TEdenseMaxDown,TE1,TE2,TE3,TE4,H2AZ_down,H3K4me1_down,H3K4me3_down,H3K9ac_down,H3K27ac_down,H3K27me3_down,H3K36me3_down,H3K56ac_down,H2AZ_genebody,H3K4me1_genebody,H3K4me3_genebody,H3K9ac_genebody,H3K27ac_genebody,H3K27me3_genebody,H3K36me3_genebody,H3K56ac_genebody,H2AZ_up,H3K4me1_up,H3K4me3_up,H3K9ac_up,H3K27ac_up,H3K27me3_up,H3K36me3_up,H3K56ac_up,WGD
Zm00001d039254,1.0,III,0.652582,0.53,0.0218601955495389,0.9145867212320375,0.0561,0.1365,0.4108,11610.0,24513.0,10.072,10.23,0.135,0.015,0.0,0.62,0.75,0.0,0.79,0.86,0.0,0.35085,0.14165,0.9125,1.0,1.0,1.0,395,0.8255000000000001,0.0,1.0,0.0,0.0,0.0,1.0,0.0,0.0988945803572318,-0.0241604707606934,-0.0065817964721805,0.0177455230786316,0.025640784855881,0.2971113182495787,-0.0877338289537428,-0.0186573747779899,0.357946844758046,0.1722324855845966,0.6696352143604164,0.0288840839306934,0.2076881997324978,0.6871390998527486,-0.0661913744032346,0.1808431992807693,0.0982299998271614,0.0242069563340121,0.0644978676467798,0.0058631475080219,0.0501695150453811,0.1298848166504688,-0.0212045236030015,0.0559659082737481,0
Zm00001d039258,1.0,III,0.533333,0.71,3.837433579341477,0.6705192804556863,0.0375,0.1142,0.3286,69.0,447.0,13.9065,10.14,0.02,0.015,0.0,0.64,0.16,0.005,0.7749999999999999,0.5449999999999999,0.10500000000000001,0.21944999999999998,0.17804999999999999,1.0,0.94445,1.0,1.0,749,0.14,0.08130000000000001,1.0,1.0,1.0,0.0,0.0,0.0,0.2096246749296423,0.3566428296700648,0.8249803232759414,0.2097758469241804,0.5255432805449376,-0.0025925306864976,0.759643473364947,0.6161775805525999,0.2652437905986288,0.3124221816217996,0.6741679308553548,0.1291480780268698,0.307438644106926,0.0455466467656011,0.7544568011415914,0.1711796154637414,-0.018422670660512,-0.0766685132452609,-0.0378667341044779,-0.0482255178373441,-0.0255981502163622,-0.0239173141660422,-0.0897816466653977,-0.0262918071335137,0
Zm00001d039259,1.0,III,0.539352,0.55,2.068469072048432,0.6423000705321295,0.0349,0.1419,0.246,59.0,601.0,13.9065,10.13,0.055,0.0,0.01,0.54,0.0,0.155,0.715,0.08,0.485,0.36324999999999996,0.0382,1.0,0.046299999999999994,1.0,0.7125,0,0.3789999999999999,0.0,1.0,0.0,1.0,0.0,0.0,0.0,0.1878528808301064,0.3586667131451684,0.2696037386568969,0.071758205079829,0.1923305196212859,0.0072830467248094,0.6187533321172182,0.0206162108425102,0.1489101367933546,0.3596713602092984,0.4656669172861066,0.1114000070238875,0.3814989057693505,-0.0114486847431063,0.5134272416317943,0.3789981302910246,0.1024856780018653,-0.0983695240034537,-0.0123744585787247,-0.0657349176766102,0.0087169223008527,0.0207584284036194,-0.078924489312628,-0.0315589393001143,0
Zm00001d039263,1.0,III,0.62585,0.55,4.503091537120096,0.2523803227629053,0.0146,0.3214,0.0453,147.0,2286.0,21.0632,10.08,0.03,0.0,0.0,0.09,0.0,0.0,0.225,0.055,0.18,0.31535,0.02085,0.7292000000000001,0.0,0.95835,0.58335,3240,0.0,0.0,0.0,0.0,0.0,0.0,1.0,0.0,0.2060105634105022,0.2486052590572539,0.612159182445549,0.1757348758241259,0.5000320111897787,-0.00917348791894,0.7383352541682477,0.3778803907190154,0.0542918373595763,0.2060905295005712,0.7188158662311781,0.2451436463529439,0.3911937149767291,0.0243680425355442,0.8644732631951563,0.243388300974561,0.32710699980741,0.0939079754967203,0.630221570210775,0.064597314486838,0.2404017665999389,0.0022814517725507,0.055185327462415,0.2480976383909582,0
Zm00001d039265,1.0,III,0.540741,0.55,1.1914379684626393,0.5743343767919543,0.1708,0.1512,1.1298,53175.0,5377.0,23.4663,10.02,0.015,0.0,0.01,0.235,0.0,0.065,0.5549999999999999,0.43999999999999995,0.435,0.16920000000000002,0.02025,0.9271,0.0,1.0,1.0,1699,0.20600000000000002,0.0,1.0,0.0,0.0,0.0,1.0,0.0,0.2626693416083439,0.6787114016533833,0.2735154698923531,0.0020079877470724,0.2723059966547363,-0.0266439886539275,0.9209882893654486,0.1002446023327224,0.1454936450864836,0.7248158570606066,0.2916390053930287,0.0241711073393692,0.1419918771134995,-0.012913150184043,0.9095311138426012,0.0580613953042468,0.3778218897305829,0.1062820668487302,0.1006598116094128,0.019510806446315,0.1921623820387863,-0.0300891448805011,-0.0767323170473584,0.2223687998983606,0
Zm00001d039271,1.0,III,0.544571,0.65,3.2665274338659707,0.1932196194124756,0.0206,0.1843,0.1117,1570.0,13321.0,145.25,9.96,0.055,0.01,0.0,0.20500000000000002,0.575,0.005,0.405,0.72,0.735,0.54905,0.13540000000000002,1.0,1.0,1.0,1.0,11625,0.0,0.0725,0.0,1.0,0.0,0.0,1.0,0.0,-0.0109213175263842,0.3602465418839909,0.0113684865622242,0.0178935632744684,-0.018872363698971,0.0108720963070787,0.3226025459055909,-0.0237353210977747,0.0125252218675539,0.798530338831537,0.2268090820161051,0.1991564351260206,0.2827285748644628,0.0275376349317967,0.8496766268799216,0.0881022834383676,0.0647825516164738,0.1587879286312186,0.786348477044951,0.248136582709233,0.5484140125092903,0.0932999916424588,0.553409695687055,0.5554874497942519,0
Zm00001d039283,1.0,III,0.570537,0.55,5.074492208114429,0.3957917200261643,0.137,0.0725,1.8897,336.0,15613.0,56.4924,9.86,0.04,0.01,0.02,0.245,0.63,0.05,0.4,0.7,0.05500000000000001,0.40705,0.18075,1.0,1.0,1.0,1.0,2558,0.1775,0.2555,1.0,1.0,1.0,0.0,0.0,0.0,-0.0958836334218957,-0.1122915205069316,-0.1117111463244529,-0.0564994710017583,-0.1229765986786164,-0.0672770406587157,-0.1512862928476792,-0.0852834718464227,0.7270067864519727,0.231589758798196,0.5704455451935083,0.1953237906490247,0.5309781068214038,-0.0010917697818685,0.048273174483126,0.2775873155943507,0.2569376666960552,-0.0774068442573558,-0.0845071618142959,-0.0078347636911313,0.1093784091688533,0.0363136376123776,-0.1114659472023331,-0.0039031405846227,0
Zm00001d039284,1.0,III,0.501507,0.39,4.84687965532182,0.2398690373147346,0.0265,0.1701,0.1559,9760.0,3552.0,20.1441,9.85,0.02,0.0,0.0,0.755,0.0,0.01,0.85,0.36,0.625,0.1548,0.03275,1.0,0.0625,1.0,1.0,6873,0.098,0.0,1.0,0.0,0.0,0.0,1.0,0.0,0.045508406198156,0.1731347798629124,1.0114032442137488,0.3950484849699543,0.6507890573229732,-0.021280712440568,0.6166424670624354,0.6817460174512026,0.0047141920471736,0.696502567614519,0.4419333121578309,0.0919185369120914,0.2966661896150829,0.0151668005346777,1.201290269407992,0.2103074550031045,-0.0693896612854487,-0.1110546234918481,-0.0751238512102749,-0.0169264873148263,-0.0739325173127,-0.0303483685429668,-0.1011107983398942,-0.0373542398044178,0
Zm00001d039285,1.0,III,0.481892,0.65,4.114726873885277,0.2388188748267631,0.0595,0.1799,0.3307,12.0,14761.0,20.1441,9.84,0.07,0.005,0.0,0.1,0.01,0.0,0.28500000000000003,0.525,0.405,0.75515,0.12000000000000001,0.9578,0.23255,1.0,1.0,3309,0.18,0.0,1.0,0.0,0.0,0.0,1.0,0.0,-0.0170965493019073,0.4000321802000733,-0.017403631683243,0.0141603359919819,0.1349008340228188,0.0173189035985414,0.4878560728121272,0.0092981851333045,0.0649405069264279,0.4866611008771504,0.7283180693963552,0.3359522564205703,0.5891681624182646,0.0181324422807717,0.8269442887564324,0.4855768942673747,0.1347518844447018,0.0211028639524382,0.2294238389490133,0.0705641674403955,0.2660698781852986,-0.0377495972635316,0.0218962443541343,0.273481164066703,0
Zm00001d039287,1.0,III,0.459486,0.38,2.901395790008159,0.2638083427319195,0.0356,0.1058,0.3366,77.0,37581.0,9.10026,9.8,0.03,0.015,0.0,0.755,0.585,0.005,0.875,0.755,0.725,0.38675,0.18874999999999997,1.0,1.0,1.0,1.0,188,0.0245,0.3104999999999999,0.49,1.0,1.0,0.0,0.0,0.0,-0.0248432513131802,-0.0556386281641653,-0.0937700047192731,-0.0381721949682116,0.0392556383800017,-0.0466330623494434,-0.0791859060848976,-0.0530228033206892,-0.1158374261586578,1.113652247090662,0.3045834906210505,0.0379564603424559,0.2118508111933462,-0.0824269347178141,1.6476983041053757,0.0719837076667958,-0.0077734040879055,-0.0442346423234488,-0.0427072786933713,0.0140595982292785,0.02853431025466,0.0087503850184223,-0.0834602732045602,-0.0272205103711181,0
Zm00001d039304,1.0,III,0.497612,0.64,3.2787599929664037,0.3881826581285178,0.0376,0.1635,0.23,129.0,72731.0,7.20936,9.46,0.065,0.09,0.0,0.08,0.665,0.14500000000000002,0.46499999999999997,0.7050000000000001,0.675,0.6381,0.6852,0.7666999999999999,1.0,1.0,1.0,6562,0.2515,0.023,1.0,0.46,0.0,0.0,1.0,0.0,0.1892767307541902,0.0318293656777114,0.1274812907818095,0.0131510366551549,0.1866331186273828,-0.0266076624715502,-0.0668918355213032,0.1704931829853011,0.0977066792493648,0.9555257619355786,0.4388228331243374,0.1660937857707214,0.3493098134992903,-0.0174615691618106,1.2783958020814388,0.1869568185309004,0.2425443614336226,-0.0581259938263574,0.6581825101113971,0.2364791308781535,0.5085586128479719,-0.020880322642951,0.2428916078766653,0.4789328525809139,0
Zm00001d039305,1.0,III,0.520499,0.61,6.4118711444080985,0.2122231055995413,0.0137,0.1581,0.0867,22.0,22698.0,33.9979,9.46,0.065,0.03,0.0,0.06,0.43999999999999995,0.0,0.5,0.63,0.55,0.73335,0.42085,0.7666999999999999,1.0,1.0,1.0,1285,0.2515,0.19450000000000003,1.0,1.0,0.0,0.0,1.0,0.0,-0.0098522506779628,-0.0148196584904125,-0.0071113881527449,0.003738361732046,-0.0132923780211331,-0.0113202349226888,-0.014511888418287,-0.006834710366102,0.0688492983430426,0.6967706744522838,0.7497492610375602,0.2345851139270627,0.4412720267700026,0.0097006026003945,1.279427410376207,0.2859664935586695,0.2432602925859578,-0.0493660603764415,0.4115889750807759,0.2580561518393983,0.5213456157798991,-0.0225969554433285,0.1042119454109392,0.4486386690463544,0
Zm00001d039315,1.0,III,0.467538,0.64,0.7410639458729439,0.8350140816563606,0.0334,0.1594,0.2097,56428.0,6564.0,10.072,9.32,0.03,0.005,0.0,0.62,0.04,0.075,0.79,0.295,0.555,0.27649999999999997,0.10775000000000001,1.0,0.9,1.0,1.0,0,0.254,0.0,1.0,0.0,0.0,1.0,0.0,0.0,0.0965853215030609,-0.0873743722561229,0.3896023521644252,0.0188405821024757,0.1443409826167574,-0.013414776714501,0.126273782484983,0.1747401842824856,0.538366629539931,0.8441227263976735,0.2564088926374391,0.0484862659406703,0.3514151530907303,-0.0380888171682857,0.9177842807310116,0.2598273599906856,-0.02895489031597,-0.0694610203112861,0.0392834403245857,-0.0377946695457132,0.0074956941172183,-0.0302699720336707,-0.0944607592078871,0.0193372081933665,0
Zm00001d039316,1.0,III,0.547231,0.62,5.714857098600564,0.2559918169822334,0.0215,0.2196,0.0981,4004.0,64348.0,10.072,9.32,0.065,0.0,0.0,0.45,0.135,0.0,0.56,0.38,0.385,0.60675,0.0387,1.0,0.90415,1.0,1.0,2377,0.41650000000000004,0.0,1.0,0.0,0.0,1.0,0.0,0.0,0.3317835288015177,0.4814474040206623,0.0612293420610276,0.0950525365083493,0.3035286798723443,0.0208243854050797,0.5815538864141854,0.2281873325108271,0.1824719371133884,0.4090083336692032,1.0062211005738877,0.1876961207961962,0.4477253927086874,-0.04425981686554,1.1701517791506402,0.2696381448878629,0.1749926767759194,-0.0890641788714488,-0.0731791853128525,-0.0712433846195688,-0.0197186346225959,-0.0101879271551359,-0.1130557759907249,-0.0195302449084418,0
Zm00001d039325,1.0,III,0.720365,0.52,1.9493928736552848,0.5247867875936916,0.0748,0.6965,0.1074,1153.0,1300.0,23.9785,8.89,0.12,0.02,0.03,0.625,0.075,0.025,0.83,0.445,0.10500000000000001,0.35555000000000003,0.29075,1.0,0.40625,1.0,1.0,1895,0.0605,0.0317,1.0,0.57,0.0,0.0,1.0,0.0,0.6677251345643092,0.2330035049306902,0.1702439576396152,0.0899415464158788,0.2144610614977605,0.1298810410689049,-0.0645804075443237,0.1217258850191859,0.2074423024223541,0.2988196283928993,0.5902953938170247,0.1760270367258986,0.4163726011913339,-0.0358074820440369,0.311926245370218,0.262867561324242,0.0837628127366659,-0.0571576735816068,0.2757355123190745,0.0450921950100796,0.2057489673206432,0.0352484468590438,-0.0004583250747988,0.1499713463410253,0
Zm00001d039338,1.0,III,0.676471,0.46,1.761299711608773,0.6354489518360543,0.0902,1.1356,0.0794,204.0,2104.0,39.3164,8.8,0.05,0.01,0.0,0.69,0.255,0.0,0.745,0.545,0.0,0.49285,0.09415,1.0,0.8571500000000001,1.0,0.9642999999999999,15382,0.0,0.0,0.0,0.0,0.0,0.0,1.0,0.0,0.4990634751650303,0.1819738672597781,0.835327677550103,0.1065309497993995,0.2280685134092844,0.1100622418819063,0.3626214594788538,0.2686962745257009,0.2905515935326009,0.0868730694089336,0.7326100511102366,0.1624692893005569,0.3915173477525732,0.0539814100281369,0.1839684981974178,0.3877054370176475,0.4253484136928005,0.0551610395265612,0.1488918658749475,0.0467459254400097,0.1201591379996048,0.2035154584317255,-0.0859999925837172,0.1379262247024192,0
Zm00001d039349,1.0,III,0.46978,0.35,2.830145241438808,0.4000340560391211,0.013,0.1187,0.1094,63021.0,4968.0,28.2725,8.54,0.05,0.005,0.005,0.43,0.0,0.12,0.675,0.72,0.635,0.47715,0.14945,0.95,0.0357,1.0,1.0,0,0.086,0.08,1.0,1.0,1.0,0.0,0.0,0.0,-0.0431293906086619,0.7773617788632566,0.263426282037125,0.0521500460979299,0.0933056523870783,-0.0200380768231216,1.213514793843615,-0.0445462038844485,0.0058430917468592,0.5789533460579073,0.2979139226029215,0.1411341571242554,0.3771775314415606,-0.0315343202490281,0.8056364051051613,0.2351392444983976,0.1618086822823794,-0.1112235132651247,-0.0487274016854967,-0.026045950301859,0.1680855991279012,-0.0604965777257627,-0.1210837434566373,-0.0644703421010866,0
Zm00001d044551,1.0,III,0.520889,0.51,4.1237092535215405,0.2070360986317673,0.012,0.092,0.1309,80215.0,45879.0,9.10026,2.58,0.065,0.035,0.005,0.8,0.8300000000000001,0.07,0.885,0.945,0.61,0.5543,0.3333,1.0,1.0,1.0,1.0,0,0.47494999999999993,0.99275,1.0,1.0,1.0,0.0,0.0,0.0,-0.0459730506082741,-0.032548109900255,-0.0368796883308977,-0.0078515410827333,-0.0425814734456027,-0.0148620603603422,-0.0487774463112015,-0.0152131929324401,-0.0647427262670214,0.9555638127682868,0.3405597737279393,0.1566645509522077,0.3792259759331121,-0.1160419891579589,1.4092328539126702,0.2790134658884274,-0.0352875627446354,-0.0517899725464444,-0.0078169528566982,0.0085052965152666,0.0988506568580373,-0.0205559944669097,-0.0680090500172511,0.0288700006919663,0
Zm00001d044540,1.0,III,0.511488,0.547059,4.4687542746417535,0.339322207965975,0.0093,0.176,0.0526,44.0,214.0,7.20936,2.56,0.01,0.045,0.0,0.59,0.5900000000000001,0.0,0.76,0.73,0.16499999999999998,0.1012,0.6667,1.0,1.0,1.0,1.0,740,0.14300000000000002,0.0,1.0,0.0,1.0,0.0,0.0,0.0,0.2000163220107217,0.0190882711442414,-0.0291136870671587,-0.0329199915445672,0.0280693728787736,-0.0166118491037016,-0.1106268510093185,-0.0473912894200485,0.908864392549589,0.5400459651309566,1.013853099820386,-0.0551789582034719,0.1227986252150815,-0.0484308527239487,0.7995725702656721,0.0553814168516716,-0.0596782189250338,-0.1162964111538985,-0.0652052665693547,-0.0588045465308062,-0.0699208638768996,-0.0320277688426351,-0.124176641544169,-0.0793626464971507,0
Zm00001d044533,1.0,III,0.642189,0.55,4.704228931867732,0.5005720389462684,0.0208,0.3076,0.0677,125.0,110071.0,74.2861,2.67,0.045,0.025,0.02,0.29,0.75,0.025,0.395,0.825,0.22499999999999998,0.5139,0.20415,0.9167000000000001,1.0,1.0,1.0,9680,0.026500000000000003,0.44949999999999996,0.53,1.0,0.0,0.0,1.0,0.0,0.00108387808746,-0.0453927421430516,-0.0105548232920791,-0.0430953061185024,-0.0149369645505329,-0.0043375413250325,-0.0757962040768126,0.0061638868725511,0.4271214378570458,0.251261437657334,1.1121064985073894,0.3280663146901419,0.6292516741689639,0.0162370103397653,0.4700858380772025,0.4444545511038076,0.1804339301363019,-0.0756083282120796,-0.0314010691958779,0.0544054866886751,0.2592850265837604,0.0151131565284896,-0.0694256094592353,0.114492690247999,0
Zm00001d044529,1.0,III,0.679617,0.56,0.6243384052177067,0.8899059808888289,0.0198,0.4388,0.0451,5242.0,104937.0,12.9347,2.71,0.015,0.025,0.005,0.04,0.785,0.005,0.07,0.9199999999999999,0.015,0.3249,0.4354,0.875,1.0,0.95415,1.0,20899,0.0,0.095,0.0,1.0,0.0,0.0,1.0,0.0,-0.0293400916939909,-0.0585274372693118,-0.0777883691477649,0.0480979709325028,-0.0351588809699876,0.0693599523632217,-0.0708104407910571,-0.0222332510151685,0.4930332655198056,0.1833311655078797,0.4521581432426448,0.0272673871567364,0.1355771667720026,0.7135027168184456,-0.0448113682654953,0.1132011440516263,0.814507107991249,0.0338440420806401,-0.0207502763163469,0.0915787321155864,0.1612648260235818,0.4419891028497972,-0.0869946115152039,0.0617023507521131,0
Zm00001d044528,1.0,III,0.564716,0.36,4.225302545930947,0.1477997850768118,0.0156,0.1907,0.0819,52632.0,32259.0,12.9347,2.73,0.035,0.005,0.0,0.56,0.07,0.02,0.69,0.9099999999999999,0.89,0.3403,0.14345,1.0,0.8393,1.0,1.0,3099,0.042,0.12249999999999998,0.84,1.0,0.0,0.0,1.0,0.0,-0.0600673950440071,0.9216330295211173,0.0595942641628404,-0.0266554177120064,-0.0121392877982602,0.0097911207801427,0.9439622549562342,-0.0214388763572752,0.0827095170966383,0.3722723043609063,1.2124904872290878,0.5659769902906129,0.927635847693178,0.0648610057312393,1.1330132528060362,0.921739680896119,0.3116135444068041,0.0623424955807309,0.2798259976421602,0.1615543339131731,0.3198310673477836,0.0329294417233881,0.0113602779835264,0.2688146307955034,0
Zm00001d044527,1.0,III,0.502732,0.41,4.040107275613661,0.1877059313204687,0.0468,0.0936,0.4996,724.0,5199.0,9.10026,2.74,0.09,0.0,0.01,0.345,0.04,0.46499999999999997,0.45,0.095,0.8,0.7656000000000001,0.07569999999999999,0.9375,0.7625,1.0,1.0,1085,0.1045,0.1545,1.0,1.0,1.0,0.0,0.0,0.0,0.3576941453426577,0.0408244079678276,-0.0284458317762266,0.0941830782766991,0.3767803314548524,0.0860623709521985,-0.0446463597272574,0.2973138003284633,-0.1398100513954872,1.318152042486458,0.2980124365862741,0.0527740472342599,0.0313364014869102,-0.0703786951682033,1.646558662883812,0.0034212088536468,0.2766132538346131,-0.0765612160088944,-0.0132660930314421,-0.0081504849929238,0.1783611517577715,0.0232878770583789,-0.0634832146044589,0.0439939454045732,0
Zm00001d016591,1.0,III,0.568627,0.59,3.049077560675636,0.1340255696388114,0.0187,0.2228,0.0838,95.0,17865.0,11.0438,0.84,0.06,0.12,0.005,0.77,0.8600000000000001,0.14500000000000002,0.87,0.96,0.76,0.62815,0.40154999999999996,1.0,1.0,1.0,1.0,345,0.0715,0.7320000000000003,0.81,1.0,0.0,0.0,1.0,0.0,-0.0174621039794411,-0.0077281863968743,-0.0257496578138303,0.0166417479727043,0.068615998153662,-0.006135310547518,-0.0248742376462265,0.0315431331054948,-0.0609660658107533,0.9657761370270052,0.4279454024467024,0.2698937638678004,0.4381176049827751,0.004310304094251,1.223829236668974,0.238818527180436,-0.031375510370668,-0.1128830721147175,-0.0932852565035135,0.004432433628343,0.0559239024091955,-0.0421471006955739,-0.1081799628048692,-0.0389879558713717,0
Zm00001d016590,1.0,III,0.671795,0.53,2.990184924164772,0.6514837574035812,0.0722,0.3919,0.1842,1.0,528.0,26.8412,0.83,0.0,0.14,0.0,0.0,0.48,0.0,0.04,0.625,0.005,0.00595,0.8531500000000001,0.0,1.0,0.4508,1.0,2295,0.0,0.125,0.0,1.0,0.0,0.0,1.0,0.0,-0.0353799217645678,-0.0421534420066156,-0.0264334832357835,-0.0166280495517072,-0.0031504677410719,-0.0275337954400594,-0.0469233026851883,-0.0249884015917359,0.4531586390807017,0.0382048541934385,0.8011158169260802,0.2722345576983234,0.4785483665141969,0.1540570927502159,-0.0225725268300864,0.4461647877222298,0.7957467832930867,0.0101754635529966,0.0129937170416275,0.0871273174110289,0.2361073102863845,0.5246655017341768,-0.0493865056987016,0.1529231302688969,0
Zm00001d016586,1.0,III,0.521693,0.62,0.801690927665046,0.6889870668036058,0.0642,0.1908,0.3363,300231.0,57768.0,21.5228,0.76,0.045,0.0,0.02,0.56,0.005,0.045,0.715,0.7,0.10500000000000001,0.43355,0.0102,1.0,0.21665,1.0,1.0,3636,0.036500000000000005,0.0,0.73,0.0,0.0,0.0,1.0,0.0,-0.0090221924584852,0.4911699017851689,0.7650790133068595,0.4243980499303462,0.8040359694302245,-0.0123817968165199,1.280171585553724,0.5736317366846142,0.8318573733373732,0.3393167457860783,0.4365611023954289,0.5527727482605062,0.9535214897489148,0.0926425531554306,0.0560536511118227,0.8744224397411159,0.0728806392169142,-0.0589393476274016,0.0541256800823744,0.0676054088083402,0.1655179279539945,-0.0023466623210689,-0.106811023926537,0.0869287066390242,0
Zm00001d016604,1.0,III,0.708447,0.652941,2.0268155164572463,0.2557196092430732,0.0408,0.1985,0.2054,5729.0,122379.0,10.072,1.11,0.045,0.060000000000000005,0.0,0.595,0.425,0.0,0.6699999999999999,0.495,0.135,0.41664999999999996,0.5185500000000001,1.0,1.0,1.0,1.0,0,0.19599999999999998,0.24350000000000002,1.0,1.0,0.0,0.0,1.0,0.0,0.1754834447707476,0.0354155482685642,-0.0116923670697894,-0.0286123675454146,0.1290286471094368,-0.0478161852483988,-0.0706373952701113,-0.0369405752710144,0.3253318258342692,0.4842892346696471,0.4108919461018996,0.1528581636660327,0.5428186122161501,-0.0187887149495951,0.5300855226833688,0.3672959657689968,0.2337672355124382,0.000635599753616,-0.0137165579501317,0.0598747723252957,0.2656156900835551,0.0173337181558937,-0.0607741817984756,0.0763518839087821,0
Zm00001d016606,1.0,III,0.448867,0.73,4.040305252780786,0.2819847306659261,0.0291,0.1022,0.2847,98.0,96643.0,92.4866,1.15,0.04,0.015,0.0,0.26,0.1,0.005,0.35,0.22,0.575,0.5528,0.31945,1.0,0.83335,1.0,1.0,0,0.0,0.0,0.0,0.0,1.0,0.0,0.0,0.0,0.8541385335638519,0.7087529619160876,0.2097050561530545,0.0215403588647732,0.1890196739342014,0.0465785232100641,0.4432986593793994,0.1511700950972395,-0.025522341139006,0.8956494591533076,0.5871460890591407,0.1829011263860242,0.3589762822935303,-0.0033254442710787,1.5174604295976766,0.2109208509159734,0.3423935928612369,-0.1104095968065767,-0.0887310180282116,-0.0329570813036183,0.0662266721424154,0.0439962542227141,-0.103018133390005,-0.0253038554812351,0
Zm00001d016621,1.0,III,0.686525,0.54,0.5857356388920668,0.8691846564417053,0.0589,0.3103,0.1897,6972.0,171605.0,10.5316,1.24,0.060000000000000005,0.01,0.075,0.7350000000000001,0.6950000000000001,0.44,0.885,0.765,0.565,0.501,0.08335000000000001,1.0,1.0,1.0,1.0,0,0.6154999999999999,0.05550000000000001,1.0,1.0,0.0,1.0,0.0,0.0,-0.0671730797118897,-0.0743187086459915,-0.052473837169104,-0.0365324097578565,-0.0715614591539292,-0.0325309060774157,-0.0921529844826809,-0.0469316033974825,0.3642152113977437,0.0653242664070042,0.1288822252280073,0.0230845427663429,0.1638390531078769,0.153991788214761,-0.1392786177982077,0.0928036152715365,0.1200739110733031,0.0149245970460277,0.0364583301882535,0.0313654871906524,0.0923547468252276,0.0357327311210236,-0.0630783167746372,0.0548767121450338,0
Zm00001d016634,1.0,III,0.413768,0.61,3.299486610386488,0.2465671383734115,0.0167,0.1526,0.1098,4225.0,1349.0,14.3661,1.31,0.04,0.175,0.0,0.485,0.455,0.01,0.54,0.585,0.7150000000000001,0.44999999999999996,0.7558,1.0,1.0,1.0,1.0,905,0.04549999999999999,0.44150000000000006,0.91,1.0,0.0,1.0,0.0,0.0,0.0966158402070527,-0.0194881082053701,0.1586795863331895,0.1831299402593999,0.2169910862934158,0.0053554914601647,-0.0816702264415726,0.1952255427923756,0.0512718558506589,0.7393141468733788,0.377688732294368,0.3018378538348735,0.4772089883971346,0.0063184179582871,1.2608950973077666,0.2494913889878362,0.1243576338477124,-0.0654436908602271,0.026947093792577,0.1063622372942155,0.2178867648941613,0.0368796462121281,-0.0364316868000011,0.1190869442267959,0
Zm00001d016640,1.0,III,0.463406,0.66,5.148742771452382,0.2352467618873622,0.0236,0.1432,0.1649,122.0,135381.0,18.7127,1.33,0.04,0.11,0.0,0.48,0.855,0.01,0.62,0.9199999999999999,0.675,0.38170000000000004,0.52085,1.0,1.0,1.0,1.0,106,0.0867,0.746,1.0,1.0,0.0,0.0,1.0,0.0,-0.0510840565711243,-0.0474643585041225,-0.0511885018349102,-0.032319237893983,-0.0338835089508606,-0.0281629320981078,-0.0672396731069158,-0.0478229099992821,-0.1052610692697157,0.8553798614255113,0.6864878911982659,0.1951077252139491,0.3620197943600316,-0.0318048791072212,1.4971081693803483,0.1319576307783627,0.0359399955055596,-0.1351410892190981,-0.0213833007601461,-0.0555606854010429,0.0944641817007942,-0.0543205098769015,-0.1365256883308309,-0.0659988063093906,0
Zm00001d016665,1.0,III,0.556306,0.59,5.243332292438148,0.1426930491851215,0.0322,0.0984,0.3267,15.0,764.0,10.5316,1.41,0.005,0.0,0.0,0.13,0.0,0.03,0.7,0.12,0.5800000000000001,0.09584999999999999,0.03275,1.0,0.061149999999999996,1.0,1.0,3024,0.0,0.023999999999999994,0.0,0.48,0.0,0.0,1.0,0.0,0.2462472473886199,0.2288730085205572,0.0112503409757585,0.0352668498332165,0.2316221578831928,-0.0173810691210723,0.1202069279799911,0.0831283638192836,-0.0666040928861927,0.6151719876143965,0.4601257751164184,0.0717299996466124,0.279164427664052,-0.1088511506203122,1.08049922807233,0.221327014242032,0.6047046138415307,0.318904371800319,1.097349154876465,0.3196168957400233,0.692550704781894,0.027277586136097,0.7674267201320052,0.9395233076297204,0
Zm00001d016737,1.0,III,0.488223,0.57,1.873322380801281,0.4069681006374732,0.0598,0.164,0.3648,95.0,13685.0,14.8256,1.62,0.005,0.08,0.0,0.02,0.23,0.01,0.5,0.38,0.705,0.19095,0.5125,0.28125,0.91665,1.0,1.0,2299,0.0,0.10095000000000001,0.0,0.91,1.0,0.0,0.0,0.0,0.0202201753648106,-0.0047300359076322,-0.0193755767036946,-0.0053272390701063,0.0210537772109286,-0.0131470063635661,-0.0199140377098541,-0.0177389164841529,0.3617223997101224,0.7495600505739217,0.3516085704007424,0.0037356867522524,0.1367950645427959,-0.0436774033339249,1.0881312814776982,0.0683271136291996,0.2373899295386129,0.0067625935036445,0.7146088834832224,0.1239286720570436,0.2386717911682656,0.00566505138134,0.4915626159841285,0.2019093259224678,0
Zm00001d016736,1.0,III,0.58493,0.611765,5.093108599248627,0.4389889143927337,0.0198,0.1254,0.1581,2.0,51.0,36.9133,1.62,0.015,0.06,0.005,0.015,0.14500000000000002,0.005,0.475,0.27,0.595,0.25865,0.6131,0.29164999999999996,0.7542,1.0,1.0,2750,0.0,0.0,0.0,0.0,1.0,0.0,0.0,0.0,0.5308922458220087,-0.0023003682969652,-0.0709310113709488,0.0018114558896637,0.0401931057439331,0.483750479965085,-0.0996290699205153,-0.0234034710697126,0.0520350782089417,0.6932440671380663,0.6027946670417178,0.0626852341883927,0.1819058979197251,-0.0171681372860498,1.1201080169879962,0.0677251046252392,0.2826547782911746,0.0219357550041429,0.404363105160687,0.0604653710498502,0.1987762160696197,0.0226131030276414,0.284722211995479,0.1815894750334462,0
Zm00001d016732,1.0,III,0.517134,0.6,2.581465029833153,0.284290450269366,0.0396,0.2271,0.1745,152.0,219.0,80.471,1.63,0.01,0.07,0.04,0.175,0.15,0.07500000000000001,0.88,0.185,0.5900000000000001,0.12385,0.6872,0.88395,1.0,1.0,1.0,0,0.049499999999999995,0.22700000000000004,0.56,1.0,0.0,1.0,0.0,0.0,0.0950712491173289,0.0212568642670628,0.0403193451190596,0.0690818185255326,0.2011784299592545,0.0167990925061213,-0.0388686101445052,0.1620773911397297,0.0293037424962479,0.6387581584758277,0.4826728748496327,0.4029269894733027,0.7638044150329482,0.0054729396305389,1.0676563014511435,0.4953785788651462,-0.0328563361669602,0.2893435072556852,0.6875718543748883,0.2948743230060033,0.4886997607155122,0.0290111437983427,0.5889768737706634,0.5183454111915908,0
Zm00001d016719,1.0,III,0.749612,0.49,1.3300733862629968,0.7567833462711775,0.0347,0.4115,0.0844,222.0,41337.0,25.8168,1.63,0.095,0.01,0.0,0.45499999999999996,0.675,0.0,0.595,0.715,0.0,0.7393000000000001,0.08335000000000001,0.9722500000000001,1.0,1.0,1.0,5969,0.06999999999999999,0.1785,0.8,1.0,1.0,0.0,0.0,0.0,0.0305733141525384,-0.0902549367875144,-0.083969736408139,-0.0088153578092363,-0.0472742969843464,0.523973503866996,-0.1278522805920814,-0.0820972094889061,0.0287781795277654,-0.0150414417853888,0.2120288702395686,0.1236634834224042,0.1583575295019864,-0.0100506576885112,0.0012001817574458,0.1907088107394487,0.0958181266276812,-0.0678370925683496,0.011678907943591,0.4862409354404922,0.7307166751132799,0.0307447998025094,-0.0629314716765409,0.3822214607830606,0
Zm00001d016720,1.0,III,0.519865,0.62,4.563515348719734,0.2650449655005799,0.0158,0.1586,0.0996,1095.0,3065.0,23.9785,1.63,0.095,0.005,0.01,0.265,0.0,0.02,0.48,0.015,0.46499999999999997,0.7508,0.13205,1.0,0.09165000000000001,1.0,0.3833,0,0.10250000000000002,0.0915,1.0,1.0,0.0,0.0,1.0,0.0,0.6340934947850132,0.1773712665837452,0.1318484434919015,0.2297440018643233,0.4734839721889982,0.0253220704670632,-0.0887535017411424,0.2895456467667187,0.1091118506089595,0.5986941644229975,0.7958179903525557,0.3420297545493089,0.6612754699341371,-0.0192488640178672,1.094102485507803,0.3174712565630569,0.0053344827609834,-0.1260049874367144,-0.0275659734424322,0.0347136074529948,0.3286298729677478,-0.028383823078998,-0.1058490981889146,0.0097806540117721,0
Zm00001d016722,1.0,III,0.438095,0.594118,5.875201729073567,0.1987328214089474,0.0197,0.1271,0.155,26.0,531.0,9.10026,1.63,0.03,0.01,0.0,0.835,0.47,0.01,0.925,0.6599999999999999,0.625,0.56665,0.19445,1.0,1.0,1.0,1.0,0,0.0325,0.0,0.65,0.0,0.0,0.0,1.0,0.0,0.1006913861808258,0.0799588399759338,-0.1020018164521596,0.0875512653603136,0.2365596009746594,0.0289187002697497,-0.0332902296492623,0.0468242625191226,-0.0883330693452759,0.6718433057458694,0.4249471289880039,0.2493495067770605,0.5259776875180815,-0.0568128816373655,1.312468750742946,0.2012151160381281,-0.0362470235815743,-0.0505808243180098,-0.0542490840380314,0.0030444866735555,-0.046828245416664,-0.0061590165336902,-0.0819216343279342,-0.0432872460456406,0
Zm00001d016755,1.0,III,0.562397,0.53,2.103287129795649,0.5343974896639159,0.0499,0.1075,0.4644,943.0,3961.0,23.0067,1.6,0.01,0.025,0.0,0.455,0.395,0.005,0.425,0.675,0.015,0.0973,0.26665,1.0,1.0,1.0,1.0,0,0.0669,0.8035,1.0,1.0,1.0,0.0,0.0,0.0,0.3522177336847613,0.2035069734187252,0.0490923219417508,0.0507667119182215,0.2733308351382818,0.0036175804061116,-0.0298394031024899,0.1560502933795469,0.2836093189581412,0.1113581858692738,1.0405943927378094,0.4640345641282267,0.9440591021792728,-0.0811717939455915,0.4184253955476422,1.085536385949209,0.1414409232524476,-0.0455115818390434,0.5913368848171865,0.2370418980893993,0.6150490469756976,-0.0258707903873208,0.1452015535093246,0.6499462380284756,0
Zm00001d016756,1.0,III,0.626911,0.57,1.173227524232369,0.816116080984587,0.1205,0.1124,1.0719,359.0,68903.0,9.10026,1.6,0.01,0.04,0.0,0.225,0.665,0.0,0.44,0.845,0.0,0.14579999999999999,0.2888,1.0,1.0,1.0,1.0,0,0.008100000000000001,0.07800000000000001,0.52,1.0,1.0,0.0,0.0,0.0,-0.0279372738243414,-0.0485068110234889,0.0046829944710258,-0.0197407436721592,-0.0199051195019514,-0.046050063467883,-0.0756704527062303,-0.028759103039486,0.3887007747892773,-0.0190298920438011,1.177944495853996,0.2691243376577727,0.6022781409244304,0.002105402973449,0.2269491429473549,0.6526038638563088,0.3810540639200092,0.1831036890718231,0.1130097770774992,0.0802133710830253,0.3218196132401269,0.0287041783985284,-0.0254786903713674,0.2238329214894026,0
Zm00001d016758,1.0,III,0.746479,0.6,0.5457822941687209,0.8071938338454564,0.0857,0.1758,0.4873,102.0,68924.0,12.4752,1.61,0.07,0.035,0.0,0.7849999999999999,0.6799999999999999,0.005,0.81,0.835,0.0,0.7167,0.30625,1.0,1.0,1.0,1.0,0,0.3275,0.46799999999999997,1.0,1.0,1.0,0.0,0.0,0.0,-0.0012245653496116,-0.047447750859299,-0.0367332553443275,-0.0373998013772945,-0.0263894398787129,-0.0191232515936226,-0.0773402375362277,-0.0325245153311084,0.2193252377763745,0.0534062855868113,0.5455190069080712,0.0647251089555227,0.1749319178304409,0.148428345059402,0.029101835959314,0.1878558306626709,0.1406502988016637,-0.0064919547662749,0.0527872369159177,0.0450764194236779,0.1372676910382076,0.0987032639909404,-0.0420394064782891,0.0806037177986322,0
Zm00001d016766,1.0,III,0.467836,0.564706,1.0745433274655711,0.3840355255969868,0.0733,0.0962,0.7616,68364.0,1808.0,18.2005,1.65,0.02,0.06,0.0,0.725,0.025,0.01,0.915,0.135,0.39,0.23609999999999998,0.5024,1.0,0.36665000000000003,1.0,1.0,0,0.21099999999999997,0.09010000000000001,1.0,1.0,1.0,0.0,0.0,0.0,0.0790981278323804,0.3669286272895637,-0.0024525887394351,0.0188244375457629,0.2207835302430421,-0.0119671598782257,0.3478099532749733,0.018532948428313,0.1977376173539452,0.7206625267393572,0.4412094894663488,0.3807130496788785,0.8973908949752802,-0.0240703248958764,0.8589456752584773,0.6752667569787907,-0.0251562986393705,-0.0613444337330989,-0.0731981136331925,-0.0528912466260765,-0.0118526279196434,-0.0021925823318855,-0.0762182146258013,-0.0449255615319853,0
Zm00001d016768,1.0,III,0.539881,0.51,3.116917493324481,0.3969423445391626,0.004,0.1444,0.0276,83.0,944.0,11.5034,1.65,0.015,0.07,0.0,0.7849999999999999,0.035,0.005,0.8300000000000001,0.135,0.435,0.125,0.5202500000000001,1.0,0.4,1.0,1.0,0,0.485,0.064,1.0,1.0,1.0,0.0,0.0,0.0,0.1326797729070651,0.0356555371745547,0.5227435634418793,0.1865461763299088,0.4717472126092158,0.021675595295791,0.0928674675992901,0.5972781569113577,0.0063055697304574,0.5046174614356299,0.586927592701992,0.1326682379208381,0.4876399282742039,-0.0308772461526778,0.9100441712017237,0.3717003946319978,-0.0281870671133312,-0.0695889176438077,-0.0410902520634514,0.0008386737002589,-0.0203948892815807,-0.0040910176758683,-0.0748155692813717,-0.0387431496336624,0
Zm00001d016783,1.0,III,0.543379,0.59,5.109167207656699,0.3047041542518873,0.0127,0.1687,0.0754,131.0,351716.0,33.5384,1.69,0.060000000000000005,0.0,0.0,0.39,0.505,0.0,0.39,0.625,0.175,0.5583,0.0494,0.9375,1.0,1.0,1.0,3049,0.2875,0.0,1.0,0.0,0.0,0.0,1.0,0.0,0.0894906177820253,-0.0246378188805732,-0.0714009966661282,-0.0137728072717117,0.0453364050670245,-0.0599163120892577,-0.112040791926752,-0.0292134099665953,0.3552790869720528,0.4637884146807525,0.5203091492243819,0.3568945129755306,0.795650315622362,-0.0317892033683777,0.6121975648673492,0.5513634136574036,0.051166922095773,-0.0816124445767269,-0.0466166828833514,-0.0073034342759075,0.0465529298833382,-0.0005757394761998,-0.0876518967502786,-0.0179688851707067,0
Zm00001d016793,1.0,III,0.510798,0.647059,3.0975191515243643,0.3351622693485854,0.0481,0.1561,0.3078,78.0,68772.0,16.7692,1.67,0.01,0.01,0.025,0.64,0.55,0.08,0.595,0.7150000000000001,0.625,0.0659,0.125,1.0,1.0,1.0,1.0,0,0.16,0.0,1.0,0.0,0.0,1.0,0.0,0.0,0.2918336864278762,0.0562825978165152,-0.07128978543208,-0.0008531539628381,0.0401768193140655,0.0021059392176691,-0.0827858543155176,-0.0235662746113073,0.010191244301583,0.6682649687497679,0.4431145975374709,0.2993918958906583,0.5147612698239955,0.005055783791609,0.9787584735440638,0.272412352766578,-0.0608614636227802,-0.1064315772283589,-0.0429423870551065,-0.0494034419821643,0.0536354742162693,-0.050431844894758,-0.1139637613281508,-0.0123156794813771,0
Zm00001d016822,1.0,III,0.436267,0.482353,3.63124781431536,0.2879987421237871,0.0319,0.0876,0.3634,24622.0,64277.0,24.9504,1.63,0.29500000000000004,0.07,0.01,0.89,0.42,0.43,0.91,0.475,0.85,0.81665,0.9167000000000001,1.0,1.0,1.0,1.0,0,0.1555,0.187,1.0,1.0,1.0,0.0,0.0,0.0,-0.001555075582504,0.0005866926736228,-0.0062591454335873,-0.0089456890304855,-0.0078501209965795,0.0020682877612405,-0.0172969969320471,-0.0013759531367306,-0.1065718094589049,1.6572925150211648,0.2487491659185295,0.0067073674167888,0.0498957163215065,-0.0468561094619676,1.8482079297401968,0.001614941793976,-0.011125414792276,-0.0273109226623063,-0.0128394868186596,-0.0004132318360267,0.0666177993999101,-0.009666685071234,-0.014913448330016,0.0796928023946534,0
Zm00001d016825,1.0,III,0.491337,0.48,2.627713527997944,0.3132422319750698,0.0323,0.1832,0.1761,2789.0,173786.0,20.6036,1.53,0.0,0.08,0.01,0.12,0.605,0.095,0.08499999999999999,0.8500000000000001,0.385,0.035,0.5538000000000001,0.80625,1.0,0.96875,1.0,3102,0.0,0.23350000000000004,0.0,1.0,0.0,1.0,0.0,0.0,0.1044503968773487,-0.0004555778651997,-0.0386488836533092,0.0026307221595719,0.1035847147002962,0.0803965131180437,-0.0324670261671733,0.0448274842647432,0.1317068121012105,0.8666266140344865,0.3765654533649772,0.1458199899655457,0.4559817668836025,-0.0564018524968899,1.0811337704096462,0.4276615410830845,0.127368800263578,-0.0315013470208706,0.3178972333112312,0.0310040460344728,0.1835622737183711,-0.0106861887071289,0.0672330491505627,0.0962766855875946,0
Zm00001d016826,1.0,III,0.691092,0.55,2.185000849071182,0.7622223130844382,0.0597,0.2663,0.2244,108.0,181225.0,20.6036,1.53,0.02,0.02,0.0,0.18,0.25,0.0,0.405,0.41500000000000004,0.02,0.36665000000000003,0.2976,1.0,1.0,1.0,1.0,1389,0.3395000000000001,0.0,1.0,0.0,0.0,0.0,1.0,0.0,0.1581542749200435,0.0050441383661725,0.6024281020244018,0.2681629924856953,0.6857611118114206,-0.0244576540033418,0.1855512836403754,0.8205292135867204,0.301368516342163,0.0268044104166156,1.2237270421095452,0.4194398926604236,0.5718207401205253,0.0732281813268729,0.4011150490953615,0.6795263449948203,0.0241859266350535,0.389137960678181,-0.0608550237415084,0.0385978635945365,0.1931740226259539,-0.0257532143606103,0.0561760699837897,0.0758894569307424,0
Zm00001d016827,1.0,III,0.41911,0.34,2.231602499594561,0.2827992243682345,0.042,0.1489,0.2818,268433.0,349.0,20.6036,1.54,0.01,0.0,0.01,0.8300000000000001,0.125,0.35,0.9099999999999999,0.08,0.715,0.07500000000000001,0.0312,1.0,0.80625,1.0,0.96875,0,0.9330000000000002,0.0,1.0,0.0,0.0,0.0,1.0,0.0,0.2884551002694866,0.0305751390038859,1.0479714890314686,0.3614023263625034,0.5344793083851068,0.0499774680531119,0.3358973489286336,0.6230098807805222,-0.0845449437123722,1.1164303337721884,0.0507133556109465,-0.0167231692655151,0.0179861575176428,-0.0156698771644792,0.8900833570225511,-0.0498698164812323,-0.0378277230641909,0.5012397560631179,0.0283991144386842,-0.0046951216078928,-0.0489366626560467,-0.0074459826223995,0.5700381546394165,-0.0420756453087666,0
Zm00001d016832,1.0,III,0.450505,0.62,3.319504139026479,0.4892863672285832,0.0369,0.1455,0.2535,31468.0,239184.0,23.4136,1.61,0.05,0.035,0.01,0.66,0.785,0.025,0.76,0.9,0.375,0.30005000000000004,0.4384,1.0,1.0,1.0,1.0,644,0.21350000000000002,0.06149999999999999,1.0,1.0,0.0,1.0,0.0,0.0,-0.0331534775276235,-0.0635815023014085,-0.0629842169707506,-0.0756678891821039,-0.0192710089012657,-0.0122552074414116,-0.09916782339976,-0.0298810735585846,0.3759327660158159,0.6295350449924834,0.4196590403770553,0.1750371011611022,0.5369656066034275,-0.055776747806903,0.5549463084788192,0.3278815321155844,0.0960974991001708,-0.0778592089006053,-0.0371165845601386,0.0351452679565452,0.1133002858214226,-0.0373630433302622,-0.1049224856863215,0.0009151758017928,0
Zm00001d016834,1.0,III,0.54963,0.56,3.1530951816122754,0.2474512077359471,0.0128,0.1029,0.1246,168.0,273387.0,23.4136,1.62,0.005,0.02,0.015,0.245,0.215,0.015,0.73,0.485,0.765,0.16665,0.24165,0.94685,1.0,1.0,1.0,0,0.0,0.051,0.0,0.97,0.0,1.0,0.0,0.0,0.2020307907273705,0.1499021216964704,-0.0499162872850349,0.0215774416947813,0.2619664726930102,-0.0241121607781822,0.1175783541061128,0.0312537089666632,0.0229750912265961,0.3322390788091137,0.6700687077417626,0.1104915261925534,0.2936641597794134,-0.0476229956940194,0.8756916268693882,0.2233289436588333,0.1456742416462041,0.5598126996132312,0.6235572742087164,0.3068841935299191,0.6339053656636044,0.0108624711127681,1.1438935603385578,0.6410782821782351,0
Zm00001d016838,1.0,III,0.499053,0.68,4.587866891425409,0.1596310343410382,0.0316,0.1983,0.1595,55.0,43.0,13.3943,1.64,0.005,0.0,0.0,0.16,0.005,0.0,0.26,0.46499999999999997,0.7150000000000001,0.0833,0.03195,0.5,0.09820000000000001,0.5,1.0,0,0.5795,0.0,1.0,0.0,1.0,0.0,0.0,0.0,0.0844870843218223,0.4482767679527082,-0.0254106154482415,0.155933190715497,0.3968403896633253,0.0047523117980682,0.4708109837171574,0.1181544218136791,0.0167659016155282,0.7923782841685678,0.6558393846195295,0.3572164011645441,0.6806480570123956,0.0008387074190044,1.3265509901339754,0.3400542422344045,0.1682864532469662,-0.0621091217193157,-0.0516992980912295,-0.0123430678178964,0.0992051279753563,-0.0146231827732652,-0.0670669176786239,0.0006509296749648,0
Zm00001d016850,1.0,III,0.713396,0.51,2.2891379377454,0.5752197012312819,0.0198,0.2702,0.0732,68228.0,593.0,46.0135,1.7,0.04,0.05500000000000001,0.0,0.55,0.75,0.01,0.6599999999999999,0.95,0.18,0.35745,0.44445,1.0,1.0,1.0,1.0,96,0.43300000000000005,0.6074999999999999,1.0,1.0,0.0,0.0,1.0,0.0,-0.0052789851176396,-0.0087104201792161,-0.0091094783290955,-0.0039400824005728,-0.0085003245653028,0.0114059692222828,-0.0068992535031121,-0.0077860486533689,0.4430313943282756,0.4421009667306051,0.5012314158866853,0.2060552858730475,0.5399635963044058,-0.063439067025201,0.2921966547502189,0.4621296961966437,0.0876824002451144,-0.0366157600858633,0.0204030633624984,0.014284110468677,0.1754493956641678,-0.0057292826767089,-0.0387837602600387,0.039260314686919,0
Zm00001d016851,1.0,III,0.570846,0.66,0.542249599422522,0.542167434156342,0.0871,0.0872,0.9994,161.0,69148.0,46.0135,1.7,0.04,0.04,0.0,0.42,0.39,0.005,0.53,0.51,0.23500000000000001,0.44445,0.47595,1.0,1.0,1.0,1.0,850,0.4590000000000001,0.13149999999999998,1.0,1.0,0.0,0.0,1.0,0.0,0.0252858901554721,-0.0385657223450115,-0.0096520355176851,-0.0061252878780999,0.0693241500472854,-0.0109631611809393,-0.0729171888668447,0.0061109418844383,0.4889824039220854,0.5717520278372771,0.3058332302074507,0.124552727203546,0.3634530296728561,-0.0581171993185539,0.3236539365719516,0.2522516938166987,0.0396891625678403,-0.0371490815436237,0.0688795518263487,0.0200201279837871,0.1261512128598012,-0.0118426285638563,-0.034323912054595,0.0767152351240469,0
Zm00001d016861,1.0,III,0.534747,0.458824,4.855021849031869,0.1755943318657881,0.0151,0.1138,0.133,818.0,119458.0,13.9065,1.71,0.095,0.01,0.0,0.16999999999999998,0.72,0.01,0.715,0.94,0.565,0.6683,0.07115,1.0,1.0,1.0,1.0,236,0.353,0.905,1.0,1.0,0.0,0.0,1.0,0.0,0.0058513954528477,0.0051697971068681,0.0,0.0134482571976345,0.0010882495948977,0.0076247422709791,0.0024521923193905,0.0074628997642127,0.0262789828043517,0.6304529845151368,0.5448144251028799,0.2717061994641124,0.6323768386767163,-0.0249888195342891,1.1069754564620309,0.4384527012777449,0.1920662196424246,0.1758903781959236,0.5627023418866756,0.3142378498839583,0.6491808224971524,-0.02038786647866,0.3954342079472585,0.7304863782844934,0
Zm00001d016879,1.0,III,0.623626,0.57,0.4387043952065768,0.8456220474535775,0.0121,0.6176,0.0197,3057.0,31268.0,13.4469,1.58,0.060000000000000005,0.005,0.0,0.585,0.005,0.025,0.46,0.5700000000000001,0.215,0.39075,0.1519,1.0,0.11905,1.0,1.0,6168,0.035,0.0,0.7,0.0,0.0,0.0,1.0,0.0,0.1453922416265317,0.6310961046040604,0.346239656234471,-0.001500143514121,0.1709368946923471,-0.0270319759464818,1.0909872657548776,0.0545517818296067,0.4357365140020305,0.3001992509696644,0.1578054801256762,0.0840513360086384,0.3788529791979447,0.0028339536020102,0.2569791270329432,0.2186138744433851,0.1239523021839532,-0.0267445457719174,-0.0546233586402986,-0.0164916608119959,0.0611406642064198,-0.0235722056887297,-0.0703854778683779,-0.0094343457368022,0
Zm00001d016897,1.0,III,0.511579,0.64,4.289212268907173,0.2363743857409469,0.025,0.1646,0.1518,160.0,5341.0,41.2073,1.44,0.035,0.035,0.0,0.315,0.355,0.01,0.32,0.545,0.45,0.2847,0.40845,1.0,1.0,1.0,1.0,12119,0.26249999999999996,0.0875,1.0,1.0,0.0,0.0,1.0,0.0,0.197368313129049,0.0295654456169936,0.3101723728825311,0.0044088281649535,0.0913742455731759,-0.0007360163262546,-0.0493795129937549,0.094990929060534,-0.0936985800244313,0.8558931760284576,0.3521396111303131,0.1508067199124502,0.3415020536130942,-0.0754109099005805,1.2778700180339082,0.1136346049106703,0.0530903359170235,-0.1001417154869805,-0.0602140106197281,-0.0737857306135473,0.0113127955372637,-0.0141908243025927,-0.1185312233890327,-0.0062453677740462,0
Zm00001d016902,1.0,III,0.469006,0.72,3.969201488754075,0.3331031974076646,0.0356,0.1169,0.3042,76.0,18299.0,46.9853,1.43,0.055,0.04,0.0,0.5700000000000001,0.355,0.0,0.735,0.45499999999999996,0.55,0.38139999999999996,0.48755000000000004,1.0,1.0,1.0,1.0,1209,0.21150000000000002,0.0016499999999999998,1.0,0.21,1.0,0.0,0.0,0.0,0.0766121669667796,-0.0457897237330413,-0.1008971027467345,-0.0412426112977906,0.0438989230002803,-0.0480465540385016,-0.1078515593515782,-0.0197256926747501,0.0442526605993347,0.5546748269391988,0.6571313640399941,0.2635145871290604,0.442434863439595,0.0308137747080256,0.958306286329875,0.2856416888607604,0.0243130058172276,-0.0578438357467065,-0.0385500563481146,-0.010821265944063,0.0770010532633621,0.0029258458237515,-0.0536429906142216,0.0311856438431839,0
Zm00001d016915,1.0,III,0.624765,0.59,3.5176438370205765,0.4471237299617837,0.0196,0.2017,0.0969,162.0,206.0,60.3269,1.39,0.09,0.0,0.0,0.19,0.005,0.005,0.255,0.33499999999999996,0.07,0.7381,0.00895,0.90625,0.125,1.0,1.0,1581,0.063,0.0,0.94,0.0,1.0,0.0,0.0,0.0,-0.0310804589841685,0.7417844038940208,0.0484829961057073,-0.0581312860178072,0.0848577514766262,-0.0419530034326606,0.9204467854106282,-0.0130398150835856,0.2221950449416004,0.327844291716021,0.960308617596373,0.5445816818345544,1.0362887250438226,0.0532648315202105,0.7925919647630992,0.7869726090664558,0.2244030725811602,-0.0910757757068489,-0.0512328244760102,0.0776997706558158,0.4350146365690451,-0.0238256287238111,-0.0978039438780169,0.1658332195113351,0
Zm00001d016916,1.0,III,0.474872,0.55,1.932880011933265,0.4048598160053799,0.0205,0.0907,0.2255,198934.0,9.0,11.5034,1.39,0.06,0.0,0.005,0.41500000000000004,0.005,0.305,0.55,0.14500000000000002,0.755,0.7578,0.0,1.0,0.0625,1.0,1.0,0,0.21200000000000002,0.0,1.0,0.0,0.0,1.0,0.0,0.0,0.0611213177891171,0.4014722569199221,0.1698708481136745,0.2645141889478796,0.6026176205786553,0.021677079759597,0.5401003862278098,0.3370880078010957,-0.1314511562935361,1.547999780687936,0.2498873038176399,0.06056702847456,0.1595812895183989,-0.0225114869911729,1.957980613895768,0.0617812284214766,0.4522382763024503,0.1346313893784553,0.0450600012739502,0.0089023111357493,0.2241770911869342,-0.0299736292888231,-0.0827141489651673,0.0835462412369241,0
Zm00001d016919,1.0,III,0.645787,0.3,0.0,,0.1628,3.0958,0.0526,84017.0,4409.0,8.6407,1.32,0.06,0.0,0.01,0.495,0.025,0.0,0.71,0.665,0.06,0.5940000000000001,0.03635,1.0,0.35414999999999996,1.0,1.0,4118,0.13449999999999998,0.0,1.0,0.0,0.0,0.0,1.0,0.0,0.0736486126480062,0.6162157013965459,0.2234615395735884,0.1549472244777699,0.3917906842144599,-0.0324772162659855,0.9126352808272729,0.2569863938273568,0.530802075249325,0.165506492875882,0.5754016545787216,0.0245197529962933,0.1718425480647504,0.1191903455214192,-0.0722621967869134,0.188070565288324,0.2692450306295498,-0.0662582403220993,-0.0876830310519083,-0.0407289865517538,0.02804924635912,0.1020691509172779,-0.1213327361506387,-0.0746513371965945,0
Zm00001d016928,1.0,III,0.509304,0.61,3.275574563866776,0.3084740744286253,0.0127,0.1551,0.0819,138.0,99844.0,63.6491,1.27,0.07,0.01,0.0,0.565,0.54,0.0,0.585,0.5700000000000001,0.44499999999999995,0.8309500000000001,0.19169999999999998,1.0,1.0,1.0,1.0,0,0.02645,0.27,0.97,1.0,1.0,0.0,0.0,0.0,0.267752720301068,-0.0065082727384856,-0.0799925136474321,0.0431080657269375,0.1000192980345821,-0.0135805939781736,-0.1107813222977119,-0.0048998088625714,-0.0087212351126077,0.7071996906559054,0.3987027302248577,0.4384685934432032,0.7306791723468092,0.0091654945520446,1.1977074369783547,0.2879676778256621,0.0341349618382027,-0.0924553784071472,-0.074708818846331,0.169655047193641,0.4156557277051328,-0.00807548858812,-0.0914526516820111,0.0943630103677383,0
Zm00001d016933,1.0,III,0.647619,0.39,0.8518937242641716,0.7771090444937568,0.0336,0.2188,0.1536,105375.0,54519.0,22.5472,1.25,0.005,0.03,0.0,0.30500000000000005,0.395,0.005,0.455,0.595,0.0,0.127,0.2153,1.0,0.775,1.0,1.0,824,0.0,0.8115000000000001,0.0,1.0,0.0,0.0,1.0,0.0,0.0079207832047167,-0.0004433728853443,0.0227633100012354,0.0143169465325666,0.0026175786323979,0.016984116166493,-0.0033190901922709,0.0070246939355595,0.4705030001632092,0.1455421883555941,0.3788366980275229,0.0649475946539096,0.2297909879601506,0.0416694012027056,-0.0621609037841482,0.1954221376662365,0.5428956969522524,0.1679355077423295,0.3608147058595164,0.183132309427945,0.5464632698781386,0.0011230165471435,-0.0814796692077914,0.3833707925527853,0
Zm00001d016938,1.0,III,0.639576,0.62,1.050163514930177,0.765904122854056,0.0401,0.37,0.1083,47459.0,91933.0,14.8783,1.22,0.05,0.025,0.0,0.33,0.775,0.0,0.49,0.85,0.025,0.39280000000000004,0.25,1.0,1.0,1.0,1.0,2253,0.241,0.20350000000000001,1.0,1.0,0.0,0.0,1.0,0.0,-0.0361090471454476,-0.0620600848148533,-0.0670834004175441,0.0133691487938521,-0.0536345378219462,-0.0424390688073843,-0.0743440291233971,-0.0361406625694854,0.8408751928595859,0.2591873279263371,0.997215585880286,0.2080407187754877,0.5327638339547573,0.0075869296938499,0.0218701268221356,0.5160357622196371,0.2253891536196404,-0.0747297876537727,-0.0372978637403436,-0.0312098792174263,0.0955410600070672,0.0341902880679135,-0.0962671591795932,-0.0275037321587057,0
Zm00001d016935,1.0,III,0.458172,0.61,6.396094682705108,0.1972048089607496,0.0333,0.1055,0.3154,106.0,269.0,22.5472,1.23,0.02,0.08499999999999999,0.0,0.64,0.685,0.0,0.78,0.865,0.68,0.1666,0.7821499999999999,1.0,1.0,1.0,1.0,1555,0.08950000000000001,0.589,1.0,1.0,0.0,0.0,1.0,0.0,-0.0286949333444334,-0.059358892454151,0.0029847273482349,0.015069340845541,-0.0479339258122579,-0.0137456491959872,-0.0675204761113415,-0.0394271333548848,0.2731585829021818,0.7105532332150978,0.6588256283175815,0.185151272577131,0.4043400270357442,-0.0283709064713613,1.3131703573163462,0.2259141180751909,-0.0220267990260291,-0.0845951997697582,-0.0298433750205958,-0.024053459255315,-0.0060002065239908,-0.0230727326397105,-0.0663089538816981,0.0144984428621235,0
Zm00001d016941,1.0,III,0.493029,0.51,3.5370167426165118,0.2197439536693234,0.0286,0.1364,0.21,31676.0,313450.0,5.2658,1.19,0.07,0.03,0.0,0.38,0.56,0.005,0.5449999999999999,0.685,0.575,0.42435,0.20235,0.9875,1.0,1.0,1.0,2246,0.138,0.39549999999999996,1.0,1.0,0.0,0.0,1.0,0.0,-0.0164810990355812,-0.0019178007750003,-0.0333605103899322,-0.0008456319661186,-0.0216104424104568,-0.0062301336244148,-0.0338981726810302,-0.0211688569483251,0.0106810865832762,0.5366157853404829,0.4792496518201363,0.2739508512191252,0.5332601819533663,-0.0913637759419456,0.98025749794792,0.2360102264716335,0.0794004990110899,-0.1025955806761181,0.0005004808049867,0.0042701906910781,0.1883256556949748,0.0090905688194978,-0.0856965893283185,0.0691623381313005,0
Zm00001d016943,1.0,III,0.731818,0.435294,1.2735825818741853,0.8343165694041891,0.0524,0.4451,0.1178,168157.0,179682.0,34.0506,1.16,0.045,0.01,0.0,0.49,0.63,0.0,0.765,0.77,0.0,0.39649999999999996,0.14085,1.0,1.0,1.0,1.0,3206,0.3710000000000001,0.6728999999999996,1.0,1.0,0.0,0.0,1.0,0.0,0.0068287215192066,-0.0783851065226279,-0.0767433657244486,0.0074777661185375,-0.0005922081580203,-0.0032923248280848,-0.1173105643900258,-0.0841842087539428,0.0734026646468113,-0.0420116666635287,0.4605127061658675,0.0387890407389802,0.1235644875184773,0.0180754973208537,-0.0229583105439868,0.1331946003024712,0.1220822920373915,-0.060959419876803,-0.0420314074351276,-0.0261508833453959,0.1375362758828344,-0.0226698898394916,-0.1266229201895531,0.0592009047990993,0
Zm00001d016957,1.0,III,0.478562,0.58,0.2408100046599923,0.9729847088718888,0.0206,0.0706,0.2913,85894.0,10852.0,6.69714,1.07,0.08499999999999999,0.02,0.01,0.45499999999999996,0.495,0.33999999999999997,0.73,0.84,0.54,0.6548,0.25125,1.0,1.0,1.0,1.0,0,0.6684999999999998,0.17149999999999999,1.0,1.0,1.0,0.0,0.0,0.0,-0.0451953058706456,0.5277608472516917,-0.0220777397164493,-0.0391217125970743,-0.0587279774910945,-0.0062407624297239,0.3110798486542576,-0.0550202323235062,0.4408344985033524,0.4676641304344008,0.0155889926164692,-0.0384837776907821,0.1764731042664121,0.4713484837377567,0.2218172427456324,0.073665170373109,0.1874814703145349,-0.0210821519577963,-0.0041850888235189,0.0023236753318528,0.0494552390651483,0.5744193970610085,-0.0865247745385988,0.0145432533565252,0
Zm00001d016977,1.0,III,0.654135,0.63,2.061372948941153,0.5402471176596444,0.0399,0.1915,0.2084,96145.0,86392.0,16.2569,0.98,0.055,0.025,0.0,0.71,0.765,0.065,0.855,0.915,0.46,0.5185,0.404,1.0,1.0,1.0,1.0,0,0.9105000000000001,0.0398,1.0,0.81,1.0,0.0,0.0,0.0,-0.0435635824896959,-0.0403666834557091,-0.0729504030405433,-0.0418038373705416,-0.0004587904435227,-0.040579828682529,-0.0838184920840817,-0.0575587997637783,0.0420116101941178,0.4625303069196143,0.3430309680131228,0.0391328213530962,0.3523645347888773,-0.0446332928405806,0.6433905512623089,0.2902089102075004,-0.0498593676362731,-0.055934974143339,-0.0175963203224571,-0.0397238387175055,-0.0332656924079686,-0.055049135648559,-0.0616676472049956,-0.0312658821453951,0
Zm00001d016980,1.0,III,0.443913,0.58,1.3232155675156243,0.393522102018532,0.0569,0.1473,0.3863,170500.0,9165.0,21.5228,0.97,0.060000000000000005,0.095,0.0,0.435,0.585,0.015,0.55,0.72,0.475,0.63405,0.45465,1.0,1.0,1.0,1.0,9082,0.143,0.7444999999999999,1.0,1.0,0.0,0.0,1.0,0.0,0.094546655852043,-0.0504737214347917,-0.043152975937866,-0.0049695724361433,-0.0141556171078511,0.0272041537699401,-0.0713842296509319,-0.0238113912049337,0.3995858799473787,0.7934860191382836,0.4373150434039168,0.0327314792650645,0.3447879985713483,-0.10137288311463,1.0416570526137976,0.2420856671756327,0.0210006730803261,-0.1102927186016975,-0.0665985330193398,-0.0709303263070958,-0.026316073251437,-0.0311979290213404,-0.0993509461623094,-0.0729995928554723,0
Zm00001d016998,1.0,III,0.527574,0.49,1.6190549698466974,0.4501761648980784,0.1579,0.1718,0.9188,11307.0,580.0,22.035,0.91,0.015,0.005,0.01,0.755,0.0,0.135,0.88,0.01,0.265,0.15555000000000002,0.04665,1.0,0.0,1.0,0.15625,0,0.6255000000000002,0.0,1.0,0.0,1.0,0.0,0.0,0.0,0.5996521767440303,0.054203113157756,-0.0134957720836134,-0.0265931024703085,0.1824821115136392,0.0267731065984417,-0.1025038292804044,0.0905239312950279,0.8113728677076667,0.4425715540774764,0.5861541230997349,0.153139254363544,0.4656344489730737,0.0045379905035427,0.3719925154886902,0.3138937962886069,-0.0077587904863455,-0.0365792013199544,-0.0024567622557104,-0.003944867961602,-0.0076545182961776,-0.0136504490829873,-0.0592637196090466,-0.0191405441842998,0
Zm00001d016999,1.0,III,0.467221,0.51,3.0663025433099325,0.2926282019299028,0.0979,0.0507,1.9284,51353.0,2642.0,6.69714,0.9,0.035,0.02,0.0,0.7050000000000001,0.105,0.04,0.785,0.305,0.5549999999999999,0.2834,0.4812,1.0,0.8906000000000001,1.0,0.9594,712,0.7980000000000002,0.04100000000000001,1.0,0.82,0.0,0.0,1.0,0.0,-0.0066455721982069,0.0469396796319514,-0.0802427872295121,-0.0744975697809493,0.0226232567462212,-0.0531978980758729,-0.0616973679521871,-0.0643552810428942,0.0676775726596025,0.725088948697965,0.5968329658043807,0.2212042043159522,0.5890317415227597,-0.0481887455123047,1.255591565291062,0.3780361802808372,-0.0284664350219918,-0.0682066450017651,-0.0364896272517363,0.007520843062552,0.0619693099078633,-0.0461357369089458,-0.073934401431741,0.0241828657508555,0
Zm00001d017026,1.0,III,0.491924,0.65,4.592758156895955,0.2078120723396635,0.0044,0.0697,0.0628,641113.0,86404.0,11.5034,0.83,0.03,0.01,0.01,0.55,0.765,0.33,0.77,0.88,0.63,0.30065000000000003,0.08465,1.0,1.0,1.0,1.0,0,0.22400000000000003,0.397,1.0,1.0,0.0,1.0,0.0,0.0,-0.004398648800361,-0.0010010852147798,-0.019009760831728,0.0375576779539537,-0.0114711434566325,0.0291764736074051,-0.0103173141658052,0.0172827944543548,0.2154493322876334,0.877085454757418,0.1607982563075938,0.059713029063758,0.1316645249373574,-0.0737967771229229,0.7607658611829801,0.025974940036581,0.0272980569599094,-0.0129191238488597,-0.0125883475310336,-0.0024682901591917,0.045971761688197,-0.0120163547714375,-0.0164337727722201,0.0192401713715268,0
Zm00001d017036,1.0,III,0.461837,0.388235,4.376471766409353,0.3484329154961695,0.0639,0.148,0.432,26.0,135366.0,17.2814,0.81,0.12000000000000001,0.02,0.0,0.24,0.645,0.005,0.335,0.865,0.575,0.815,0.20829999999999999,0.9375,1.0,1.0,1.0,790,0.050499999999999996,0.628,0.98,1.0,1.0,0.0,0.0,0.0,-0.0249448016760031,-0.0332054164092116,-0.0503699847847379,0.0005260434317556,-0.037645234219839,-0.0146572409751611,-0.0731780620151473,-0.0470806023520088,0.0960230870651098,0.6067610012172906,0.7573582500550582,0.3749484579673342,0.62204184880076,0.0224123745253266,1.2313055215200763,0.3702344239476048,0.2170603729241353,-0.1266990836267117,-0.051507974106363,0.0486684473889619,0.4123005842535062,-0.0322569539710546,-0.0995758334869545,0.023368947412488,0
Zm00001d017047,1.0,III,0.580303,0.59,6.630810909332344,0.2023580577922061,0.0155,0.2486,0.0624,54.0,154978.0,13.4469,0.78,0.025,0.005,0.0,0.575,0.54,0.005,0.75,0.61,0.16999999999999998,0.21815,0.125,1.0,1.0,1.0,1.0,0,0.856,0.39399999999999996,1.0,1.0,0.0,0.0,1.0,0.0,-0.0301727321636554,-0.0633204074351304,-0.0744213639249289,-0.0340088869271903,0.0987669569765014,-0.0596615244550389,-0.1072663662843113,-0.0753169963366891,0.0586110055632818,0.2186191460048492,1.198824743997854,0.2340761125442664,0.5407844030236065,-0.0432455905054918,0.9508616261060848,0.3101976688518008,-0.0032620098350716,-0.0333245651806718,-0.0176531450626312,0.0070938475967388,0.0474550392517686,-0.0102051043787926,-0.0436507437496323,0.013450239068168,0
Zm00001d017049,1.0,III,0.510836,0.49,3.694624171466696,0.2510473526249426,0.0255,0.1165,0.2187,36162.0,625.0,14.8783,0.78,0.125,0.02,0.0,0.645,0.615,0.005,0.725,0.79,0.505,0.80415,0.22025,1.0,1.0,1.0,1.0,0,0.34580000000000005,0.1945,1.0,1.0,0.0,1.0,0.0,0.0,0.2020345299003209,-0.0157390873772281,-0.0816598583302321,-0.0099550871200478,0.0732471398983636,-0.0420910091065323,-0.1089915191900706,-0.003362177847018,0.2193109204807702,0.6640452854559233,0.4141380893568745,0.0858057353216044,0.2825726975617372,-0.0415921153661722,1.0204592413031643,0.2197005788751637,0.0213459929851234,-0.0222521327776065,0.0660922537873457,0.010866146077365,0.0885170377522219,-0.0133116274323983,-0.0302660386389621,0.0407839248854709,0
Zm00001d017050,1.0,III,0.475477,0.61,1.33251293339695,0.5285890308833261,0.0336,0.1021,0.3284,43.0,202374.0,11.5034,0.78,0.05,0.01,0.0,0.7250000000000001,0.835,0.1,0.865,0.915,0.635,0.47914999999999996,0.0868,1.0,1.0,1.0,1.0,0,0.49400000000000005,0.0395,1.0,0.79,0.0,1.0,0.0,0.0,-0.021322968606094,-0.0159981571941166,0.0045612797373723,-0.0049819351323929,-0.0199759620396272,0.0046320748491567,-0.025321643911452,-0.0054582164958139,0.1484621551690473,0.9038307881348846,0.2714827887433791,0.1848170124607882,0.5460540449301711,-0.0743224974334873,1.027112904088986,0.440347792567905,-0.0180535443275255,-0.0570657434290535,-0.022524677238806,0.0036280275537856,0.0859492428285577,-0.0175233135492229,-0.0525979950370084,-0.0011670892292729,0
Zm00001d017061,1.0,III,0.483333,0.4,0.0046503819025626,1.0,0.1173,0.1685,0.6963,1378.0,94641.0,16.7692,0.77,0.05,0.03,0.02,0.165,0.47,0.42,0.435,0.77,0.635,0.40705,0.372,0.9375,1.0,1.0,1.0,0,0.15735,0.251,1.0,1.0,1.0,0.0,0.0,0.0,0.2777855513474082,0.1345431402956323,-0.0649201981097585,-0.0512817549784092,0.0609171201172783,-0.048431730365023,-0.1215068123680564,0.0158931366111197,0.2068758758545868,0.189732364052299,-0.0536667048151934,-0.0789014500214282,0.0368274388754578,-0.0958567293611831,-0.1610148638492055,0.0074942380977412,0.3435727753606813,0.1212206453918684,0.2114060359063882,0.1113691495327302,0.2139403888244624,0.0869707646690651,-0.0926144713366374,0.2688570121767148,0
Zm00001d017067,1.0,III,0.48366,0.71,2.410620988108441,0.248598771293936,0.0192,0.2541,0.0757,163.0,367.0,33.4857,0.76,0.015,0.04,0.005,0.785,0.22,0.0,0.815,0.24,0.655,0.1111,0.3771,1.0,1.0,1.0,1.0,212,0.8315999999999998,0.0405,1.0,0.81,0.0,0.0,1.0,0.0,0.0803345281002505,0.0161354469996909,-0.0008240727910123,0.0366274848321397,0.1378698990031485,0.0386977816169333,-0.0072239828214391,0.060113440223104,0.2677205262168136,0.6657759804119172,0.5074756885562458,0.2899822617214413,0.7117823077633448,-0.0175087254608109,0.9013795907440536,0.5003651528381592,-0.0155872904951128,-0.0153261492326026,-0.0185139982235693,0.0064300746365192,0.0044142026834091,0.0024326325707926,-0.0199484540185362,-0.0107063442013673,0
Zm00001d017070,1.0,III,0.642612,0.54,4.532345421708178,0.2291132997463477,0.0082,0.1322,0.062,48.0,72599.0,12.9347,0.76,0.035,0.0,0.0,0.18,0.005,0.0,0.225,0.005,0.085,0.3813,0.0889,0.8175,0.1666,0.9023,0.0625,3291,0.00285,0.0,0.29,0.0,0.0,1.0,0.0,0.0,0.3553998853202921,0.4496776903819119,0.173859520929404,0.1020173537965221,0.3128077287289094,-0.0429155204915194,0.6260183454598806,0.1187597663198893,0.2886242017376058,0.0638150583101913,1.3249775975687847,0.6381114512824945,1.2610132251967583,0.0327402741359672,0.7211809681322103,1.724415066930835,0.5688849002234371,0.1889553127175173,0.736551741626711,0.1587785464240415,0.3291670658518556,0.0559444306913844,-0.0309711270792945,0.5053018654333331,0
Zm00001d017079,1.0,III,0.7104,0.38,0.9311420101514304,0.7026029557773618,0.0215,0.3298,0.0653,68.0,127.0,5.2658,0.76,0.18,0.01,0.035,0.3,0.6499999999999999,0.085,0.49,0.755,0.115,0.78335,0.1607,0.9722500000000001,1.0,1.0,1.0,3464,0.40099999999999997,0.0,1.0,0.0,1.0,0.0,0.0,0.0,-0.033790688683086,-0.0115650675587728,-0.0388274948461286,-0.0190048303080456,-0.0029541676438254,-0.0049240106903514,-0.0369487070492435,-0.0124083205230911,0.2663955683086707,0.0353287692987734,0.65165986761159,0.2462358534719212,0.3587676142856735,0.0336429859684979,0.0216633260610758,0.3535955464193742,0.3455885534594298,0.0024647190702845,0.0054498963566273,0.0574662488600216,0.1698927448470598,0.0343973336515661,-0.0532116395209327,0.0785688057556987,0
Zm00001d017084,1.0,III,0.451667,0.69,0.8081108836279819,0.4860862252245584,0.0647,0.1533,0.4222,221.0,152269.0,32.6192,0.55,0.05500000000000001,0.08499999999999999,0.0,0.73,0.615,0.0,0.75,0.745,0.55,0.29810000000000003,0.5846,1.0,1.0,1.0,1.0,4352,0.0,0.26689999999999997,0.0,1.0,0.0,0.0,1.0,0.0,0.3852656425180191,0.1794652726077164,-0.0210496933826213,0.1903198338363364,0.3984873013634747,0.0455082159288939,-0.0714081222317979,0.2429415261350362,0.7003507406009307,0.5880306866717591,0.4627682052052296,0.3120041691371882,0.5117371383878646,0.0262651872172609,0.4107541699770887,0.2842964398212234,0.2094165646223467,-0.0511529406110139,-0.017766050514181,0.2429691120117162,0.5871210049477749,0.0378138681518946,-0.0849721765718271,0.254937578485395,0
Zm00001d017085,1.0,III,0.614396,0.62,3.317335983180166,0.3375564057094767,0.0373,1.9346,0.0193,22.0,375.0,11.9629,0.52,0.05,0.025,0.0,0.09,0.67,0.0,0.21500000000000002,0.7849999999999999,0.0,0.55,0.29995,0.75,1.0,1.0,1.0,4059,0.0,0.22099999999999992,0.0,1.0,0.0,0.0,1.0,0.0,0.0639808286892627,-0.0371978078784493,-0.028934791328773,0.1259878752917656,0.3242394316878941,0.0583151724830978,-0.0670350804017825,0.102721818026982,0.3325971084662257,0.0615424996760024,1.53757160308453,0.7363368423805106,1.0342515339867255,0.03564366027745,0.5135282516751578,0.8651749431338802,0.4464113026346519,-0.0527518385354525,-0.0131318259037447,0.2116980416941766,0.5695637528208735,0.0695703857311883,-0.0436741640465191,0.2506460454416832,0
Zm00001d017089,1.0,III,0.595388,0.488235,1.1902403377465227,0.5635639503634509,0.2014,0.2269,0.8877,154273.0,933.0,26.329,0.49,0.045,0.03,0.03,0.6950000000000001,0.125,0.08,0.835,0.36,0.485,0.37895,0.6007499999999999,1.0,0.96425,1.0,1.0,2260,0.12149999999999998,0.0,1.0,0.0,0.0,0.0,1.0,0.0,0.1944826075251955,0.1114277369909696,0.5138708940470678,0.5134882995098684,0.9108721022483184,0.0186800366958554,0.4278161677641265,0.6512869251159916,0.2946558023441738,0.5383931445113228,0.6200429481271788,0.1937071453953625,0.5661524821176676,-0.0139549284819781,1.011047137818848,0.364352428702096,0.004236981559072,-0.0549700523443229,-0.0171373012416773,0.0165598499746369,0.0680186547075889,-0.0109961317982772,-0.0966784323366423,0.0348966447905484,0
Zm00001d017091,1.0,III,0.568262,0.44,3.829281241836357,0.1524234573875601,0.0086,0.103,0.0833,110171.0,8818.0,6.69714,0.4,0.03,0.03,0.03,0.72,0.535,0.13,0.8300000000000001,0.595,0.73,0.29164999999999996,0.49645,1.0,1.0,1.0,1.0,0,0.4230000000000001,0.0,1.0,0.0,1.0,0.0,0.0,0.0,-0.0292654085923144,0.0043356059166285,-0.0397905400332376,-0.0254409418798367,0.0313588835983877,-0.0239681039654595,-0.0598090164853977,-0.0151909115293752,-0.0634174959514416,0.7953665829816197,0.3341795155176874,0.0122114307930339,0.1869187999407558,-0.0419965962649825,1.0667604595325668,0.1542896325937101,-0.0707981638844888,-0.0797193425113699,-0.0169073027733568,-0.0392180757330246,0.0147334068408993,-0.0424454144031176,-0.0881091048166616,-0.0019045000015177,0
Zm00001d017092,1.0,III,0.60515,0.61,4.580386467955435,0.5273474727125123,0.0184,0.1768,0.1039,93.0,63540.0,15.3378,0.37,0.065,0.025,0.0,0.6,0.02,0.005,0.74,0.21000000000000002,0.77,0.5768500000000001,0.39055,1.0,0.27775,1.0,1.0,0,0.5205,0.1505,1.0,1.0,1.0,0.0,0.0,0.0,0.4145118684478264,0.1363722693076645,-0.0111630651117157,0.044563011292276,0.2884240958471526,-0.0031073664923499,-0.0243318518722965,0.1062166068444936,0.160039048942099,0.1596244119437666,1.581463856529164,0.1671819958532381,0.2670353973026352,0.0409147334200486,1.0217258380700387,0.2414484039220699,0.0035988418692449,-0.0866280464241899,-0.0393274464622569,-0.0185903531024438,-0.0298633881926756,-0.0049251786836233,-0.1049365872881537,-0.0173739215848062,0
Zm00001d017096,1.0,III,0.479073,0.61,5.199791814553,0.2953386131035736,0.0304,0.1645,0.1848,1.0,2556.0,31.5948,0.36,0.02,0.02,0.0,0.745,0.61,0.0,0.815,0.77,0.435,0.24995,0.1726,1.0,1.0,1.0,1.0,6370,0.14,0.7441499999999999,1.0,1.0,0.0,0.0,1.0,0.0,-0.0603587369873397,-0.0857717516541297,-0.0925227653845234,-0.0989145181570664,-0.0819913605729745,-0.0391559980495856,-0.1109538348540893,-0.0953792182467937,-0.082852177433206,0.6205740792148625,0.8450739397557294,0.2578735186811264,0.3801753435491282,0.0191794646325621,1.2419322924872458,0.2310905955016818,-0.0762394415839203,-0.0974910425519964,-0.0392031635318382,-0.0333419305887843,-0.0010356695673109,-0.0162511432561761,-0.0992117748979825,-0.0418294698643118,0
Zm00001d017100,1.0,III,0.475362,0.45,3.876000035519144,0.3240698651659148,0.0282,0.1046,0.2694,181532.0,4271.0,10.072,0.37,0.05,0.005,0.0,0.255,0.04,0.005,0.28,0.21500000000000002,0.525,0.69295,0.0999,0.96665,0.42705000000000004,0.93055,0.95,4826,0.0,0.03900000000000001,0.0,0.78,0.0,0.0,1.0,0.0,0.0791773587191684,0.225959736047178,-0.0897143450060579,-0.0491023126708245,0.1078853270021349,-0.0884186190344055,0.2655231335031491,-0.0366139194340913,0.1057887534065058,0.6229638376145586,0.6021636620536925,0.3557506660486892,0.6355012086903123,-0.0114986283234667,1.130983808687026,0.5770220200456753,0.2273229695165284,-0.112002054408145,0.0292073927028195,-0.0119862200551256,0.13872171425109,-0.0628255270696725,-0.0975872659222498,0.0875079674744966,0
Zm00001d017106,1.0,III,0.512289,0.65,4.775028950329905,0.2678500082052719,0.0147,0.1757,0.0836,43.0,2554.0,12.9347,0.44,0.04,0.07500000000000001,0.015,0.7050000000000001,0.395,0.24,0.8300000000000001,0.53,0.595,0.39165,0.45204999999999995,1.0,1.0,1.0,1.0,0,0.552,0.0,1.0,0.0,1.0,0.0,0.0,0.0,0.6219701255065219,0.0886510332449426,0.177088898857628,0.1155914623106056,0.2709029829298973,0.0252527986396842,-0.0681342956664497,0.169786279077449,0.0078820976834914,0.5291190661649117,0.3149168495323399,0.0893187502604096,0.252468186660945,-0.0310883249380492,0.6822048035027983,0.1806214874774792,-0.0363820091937427,-0.050159742940754,0.0032691404907335,0.004407214731468,0.0010177433738671,-0.0044870510067085,-0.0440815870064451,0.0013774409023018,0
Zm00001d017107,1.0,III,0.634538,0.58,1.0150844250862752,0.7759795499619394,0.0586,0.4244,0.138,118.0,77.0,15.3378,0.45,0.08,0.01,0.155,0.35,0.135,0.185,0.5549999999999999,0.36,0.30500000000000005,0.6131,0.1666,1.0,0.95,1.0,1.0,0,0.0,0.0,0.0,0.0,1.0,0.0,0.0,0.0,0.1374176745224506,0.1354675653147898,0.0235588567540871,0.0860739212103209,0.2471160680309033,0.0224846673203996,-0.0709515914754237,0.206349358946135,0.5089322986188511,0.0824971600851367,0.1559749767780293,0.0690765229440404,0.2822768366790774,-0.0260114356934876,-0.0710975436983162,0.1285322147374576,0.6245003001222997,0.1206853919523385,0.1544652658244236,0.141012451702005,0.3054301019093598,0.0572022710254643,-0.0633966950217123,0.2310794124782211,0
Zm00001d017111,1.0,III,0.662589,0.56,3.233102872073682,0.4111070004756198,0.0213,0.2011,0.1059,186.0,209414.0,34.4575,0.62,0.02,0.0,0.0,0.135,0.01,0.0,0.61,0.45,0.435,0.19045,0.03145,0.77085,0.2333,1.0,1.0,6166,0.1503,0.07350000000000001,1.0,1.0,0.0,0.0,1.0,0.0,0.2496077064676892,0.5173201753116573,-0.0009678973670713,0.0072803548385644,0.0784385242256482,-0.063053606579345,0.3791429736138935,0.0353348668780887,0.2644585666343511,0.2664857108313734,0.6638447459730485,0.1736324778628259,0.3507450306137238,0.0026040469026199,0.3789268065083405,0.2742955921190018,0.5405840637285693,0.0865689311834102,-0.0025677508936846,-0.003952309023975,0.2641801681383705,-0.0411136912075463,-0.1121805760317252,0.1621429167275043,0
Zm00001d017121,1.0,III,0.544684,0.64,8.68382608014548,0.321234093072028,0.0099,0.2304,0.0432,273.0,57698.0,15.85,1.09,0.03,0.015,0.005,0.69,0.745,0.0,0.74,0.865,0.2,0.26245,0.16665,1.0,1.0,1.0,1.0,0,0.6325,0.22729999999999997,1.0,1.0,0.0,0.0,1.0,0.0,-0.06226541711356,-0.0779449617263769,-0.0685291071830078,-0.0422759383458484,-0.0590320426136658,-0.0341683296775591,-0.0982279807232371,-0.0621915207783468,0.6973479320645889,0.5179987181920547,0.4057554992808841,0.1613486654665126,0.579149701227731,-0.063867665790328,0.3949919715615874,0.4180997232304991,-0.0156848976450489,-0.084995158507664,-0.033607423887525,-0.0154734297842877,0.0056437458311622,-0.017698547536835,-0.0965543484657898,-0.0639557101357085,0
Zm00001d017145,1.0,III,0.562734,0.46,2.709268738767717,0.4027902146212183,0.0192,0.1373,0.1399,752.0,66486.0,16.7692,1.28,0.05,0.05,0.025,0.060000000000000005,0.585,0.034999999999999996,0.42500000000000004,0.76,0.055,0.89585,0.7216,0.73335,1.0,0.975,1.0,499,0.13999999999999999,0.5369999999999999,1.0,1.0,0.0,0.0,1.0,0.0,0.0771330982536829,0.0243858281577808,-0.0722717390725244,-0.0640082257419286,0.0392115690294607,-0.0811835514874318,-0.0769864750590363,-0.066003674266458,0.7273047528438266,0.4712371924856419,0.6323778234544981,0.1849229228290808,0.5758141948728956,-0.0187288479918313,0.2228505265532799,0.5955388668457521,0.3173762377922794,0.3657286472453861,0.173177666288446,0.0647703104487481,0.1756022926579139,-0.0310635037825389,0.3371235643371278,0.1611255634036001,0
Zm00001d017146,1.0,III,0.455154,0.57,4.023350267841502,0.2669067183450299,0.0864,0.0863,1.0016,60.0,1634.0,15.7974,1.28,0.065,0.18,0.01,0.74,0.13,0.025,0.78,0.19,0.38,0.44589999999999996,0.9091,1.0,0.75005,1.0,0.9514,1951,0.3710000000000001,0.2535,1.0,1.0,0.0,0.0,1.0,0.0,0.2609438951934696,0.0865261332498211,0.4961017605350222,0.1306055230183564,0.3213323816421045,0.009803493719375,0.0266475601348622,0.4866935218078089,0.466552894190977,0.6434671766765097,0.6921003164072357,0.2389287172025209,0.4635318663387124,-0.0330998661958976,1.04622380946021,0.3773845828264166,-0.0362338550225227,-0.0751703814048392,-0.0343457988934289,0.0188428614218114,0.1791677534016848,-0.0305748475121024,-0.0931193383756144,0.1135101893403961,0
Zm00001d017151,1.0,III,0.479092,0.49,3.897566052274896,0.195109783828561,0.0576,0.0677,0.8505,130885.0,6109.0,16.7692,1.39,0.025,0.03,0.01,0.72,0.01,0.025,0.85,0.22999999999999998,0.51,0.22115,0.6917,1.0,0.2222,1.0,1.0,2895,0.076,0.0,0.84,0.0,0.0,0.0,1.0,0.0,0.0154988332464395,0.4701899928564624,0.0384380232218517,0.0025577255059069,0.1481491010525487,-0.0024610616642222,0.5390972885305098,-0.0196734440568725,0.0111078555365285,0.8815082693006815,0.3993969359520815,0.1236967205385411,0.2976284244559667,-0.0356179596010338,1.281133115538725,0.1155846086291747,-0.0601211384844898,-0.0951972540576558,-0.0302733074202147,-0.0208546591683033,-0.0183889274496925,-0.0299246379753632,-0.093260643921053,-0.0366236706223126,0
Zm00001d017168,1.0,III,0.527721,0.617647,4.842612010709895,0.4305956716240336,0.0242,0.0872,0.2773,105.0,2200.0,39.7759,1.69,0.03,0.05,0.0,0.37,0.29000000000000004,0.0,0.51,0.28,0.22499999999999998,0.58335,0.5810500000000001,1.0,0.96875,1.0,1.0,5565,0.05199999999999999,0.0435,0.99,0.87,0.0,0.0,1.0,0.0,0.1114045299699166,0.0790589997496273,0.7384224146455023,0.4454170099621839,0.8449133528427046,0.0370942228276073,0.5449378631172731,0.7640939029740725,0.5546468262811562,0.6337773811848968,0.4948423296594352,0.024473728517345,0.2123607873529266,-0.0414253983375408,1.0425845041609116,0.0796446489297486,0.0827339857349136,-0.055883733866231,-0.0307944664645241,-0.0428840596943286,0.0274991555307761,-0.0018917124546135,-0.0782871389243463,-0.0071538345054627,0
Zm00001d017177,1.0,III,0.587927,0.51,4.572297479730504,0.1889289915231661,0.023,0.1133,0.2029,187.0,50639.0,6.69714,1.78,0.04,0.015,0.0,0.6699999999999999,0.6599999999999999,0.005,0.8049999999999999,0.825,0.645,0.4486,0.32735000000000003,1.0,1.0,1.0,1.0,0,0.36800000000000016,0.13535,1.0,1.0,1.0,0.0,0.0,0.0,0.0010991635923047,-0.0238649160898207,-0.064824137121212,0.053210907601423,0.1383217196440062,-0.0023211142400205,-0.0503316802301097,0.016697993164603,-0.0179041671179805,0.8483892930107485,0.3904907045155154,0.3209353998411047,0.5935384228254468,-0.0071758075014273,1.4112913525192683,0.3491126778020399,-0.033657685030365,-0.0383413025735532,-0.0094077703862012,-0.0049150597155314,0.0143536472886922,-0.0183115840842307,-0.0355367709217111,-0.0178679822255781,0
Zm00001d017178,1.0,III,0.501134,0.45,2.6372829321547573,0.5917708592655534,0.0704,0.0972,0.7246,71.0,47763.0,25.8694,1.8,0.07500000000000001,0.08,0.03,0.18,0.385,0.07500000000000001,0.3,0.47,0.19,0.575,0.43805000000000005,0.95835,1.0,1.0,1.0,2398,0.0,0.289,0.0,1.0,0.0,1.0,0.0,0.0,0.3591250046701012,0.0446065761875867,-0.030425011877272,-0.022021193027127,0.1047601565995825,-0.0123011355651121,-0.0701438198182548,0.0361616073199824,0.4754104094719134,0.5010443078557669,0.4091508804515043,0.1105451266387665,0.414930026832911,-0.0468303203238198,0.6110625320484352,0.2432037359343516,0.3839048951237583,0.1693934724857353,1.078868740136918,0.2699814419432131,0.5134707657589159,0.0431668184759512,0.427804050948721,0.5310396413164812,0
Zm00001d017187,1.0,III,0.49848,0.62,3.474833458675654,0.2255004309155887,0.0323,0.2143,0.1507,308140.0,2423.0,15.3378,1.84,0.07,0.125,0.01,0.6799999999999999,0.175,0.045,0.875,0.37,0.585,0.64595,0.67595,1.0,0.8110999999999999,1.0,1.0,0,0.6225,0.0,1.0,0.0,1.0,0.0,0.0,0.0,0.5488709733489766,0.1582532708802118,0.045541228416618,0.1243178857503511,0.3778733165535922,0.0307439361782251,-0.0423147382462505,0.2426516189499319,0.0288488383253879,0.668860043487401,0.3765007329049177,0.115960353917226,0.3146592560587399,-0.0304271146796306,1.0966486683969832,0.1197717220121024,-0.019214991622339,-0.0819248162885542,-0.0561715281410304,-0.0424932847068705,0.0153686808229388,-0.0463805645938868,-0.0908827275855774,-0.0017294838717722,0
Zm00001d017193,1.0,III,0.52459,0.41,3.988107165314944,0.240740453053337,0.0038,0.2031,0.0185,92899.0,216966.0,7.66892,1.89,0.049999999999999996,0.034999999999999996,0.015,0.855,0.78,0.05,0.94,0.91,0.605,0.2708,0.19925,1.0,1.0,1.0,1.0,0,0.934,0.44799999999999995,1.0,1.0,1.0,0.0,0.0,0.0,-0.0045904441935254,-0.0347657171384073,-0.037339336338685,-0.015398732693941,0.0024348875618564,-0.0177316314072132,-0.0517845373350682,-0.0146126422565951,0.0748839664742185,0.6823460686218155,0.4406852446338071,0.3315382182294005,0.740797380679598,-0.0622828775719634,1.0930364318947772,0.4640270077953506,-0.0518460969554181,-0.0268773821476651,0.0005969909570658,0.05169095769771,0.1020153764735795,-0.0156116559942136,-0.0401675969012419,0.0921867819854043,0
Zm00001d017197,1.0,III,0.458647,0.42,4.499048688274694,0.2405404905439142,0.0568,0.1511,0.3759,103319.0,5462.0,30.1634,1.93,0.04,0.03,0.0,0.6699999999999999,0.69,0.0,0.805,0.705,0.62,0.2472,0.4703,1.0,1.0,1.0,1.0,1747,0.24449999999999997,0.6480000000000001,1.0,1.0,0.0,0.0,1.0,0.0,0.0526570516878133,0.0173051510468903,-0.047590257117922,0.0041953895919922,0.126036088914766,0.0134276453205699,-0.0515006885071787,0.0469783799588813,-0.1158340729250882,0.8959904204149541,0.379240984028805,0.155432358505431,0.2822750984512551,-0.0554266721090173,1.3792044794297786,0.177713739246692,-0.0292766401491742,-0.0744286028254663,-0.0470697927592642,-0.0016118794361358,0.0574360737627806,-0.0044672605200171,-0.0683902162706625,-0.0238756520396857,0
Zm00001d017201,1.0,III,0.507902,0.52,0.25338444694461,0.736080511624335,0.0301,0.1438,0.209,79290.0,31299.0,18.2005,1.94,0.03,0.02,0.0,0.435,0.77,0.13,0.555,0.8400000000000001,0.605,0.3109,0.19025,1.0,1.0,1.0,1.0,12134,0.025999999999999995,0.0766,0.52,0.97,1.0,0.0,0.0,0.0,0.170974565428583,-0.0391838260618058,-0.020857331740023,-0.0080394247772761,0.0568429642620603,0.1321675243829207,-0.0865752086699573,0.0096507730837707,0.7420995406911167,0.6531496453591121,0.1993403781379474,-0.0511885799191545,0.0965799004672339,-0.0325232585690271,0.0801260450642672,0.1363443755484032,0.0132933716686272,-0.1468016980292859,-0.1163854911551444,-0.0743036261933337,-0.0441249614375371,-0.0327862867856045,-0.1609245964968917,-0.087327157480959,0
Zm00001d017204,1.0,III,0.614114,0.59,4.51882955713363,0.412256231248541,0.0255,0.319,0.0799,428.0,453.0,46.0135,1.96,0.14,0.025,0.0,0.37,0.35,0.0,0.5349999999999999,0.53,0.0,0.57915,0.46830000000000005,1.0,1.0,1.0,1.0,1577,0.18950000000000003,0.146,1.0,1.0,0.0,1.0,0.0,0.0,-0.064634891999462,-0.0794383092652068,-0.1119431129950711,-0.0359361063931056,-0.0639238588682179,-0.0312760154447659,-0.1001242174465804,-0.0510860491798582,0.7924420739197997,0.1150643338349013,0.1378733198628859,0.0317470833715451,0.078742431204179,0.0398122626243081,-0.1020711849639799,0.1660148915523439,0.4830631964911202,-0.0183588807970966,-0.0129696741533346,0.0624291048342431,0.1390769895299904,0.137143293599105,-0.076644169639502,0.0919078001575949,0
Zm00001d017205,1.0,III,0.461717,0.68,3.053274299589179,0.3653167395525462,0.0156,0.1424,0.1096,87.0,3639.0,39.7759,1.98,0.05,0.01,0.0,0.69,0.025,0.015,0.8049999999999999,0.225,0.685,0.38395,0.18255,1.0,0.3625,1.0,1.0,0,0.5135,0.18999999999999997,1.0,1.0,1.0,0.0,0.0,0.0,0.1115776718780216,0.3071157314331698,0.7292012781504795,0.2383916490777948,0.4874885551866545,0.0578855710547078,0.7584497522427129,0.4003123226913487,0.0283868509133053,0.824177618026841,0.3729255136685364,0.1376065065808958,0.2997955724822927,-0.0588786580725866,1.048986581117036,0.15090790646772,0.0073895612962082,-0.1404613126359412,-0.1054442181657656,-0.0718522420858975,0.0879648291645487,-0.124655561163927,-0.1336643499993195,-0.0257507802901916,0
Zm00001d017206,1.0,III,0.615023,0.6,4.058690784869799,0.2515805835257573,0.0508,0.0534,0.9501,34.0,8662.0,48.8762,1.98,0.060000000000000005,0.01,0.005,0.44,0.025,0.005,0.55,0.22999999999999998,0.16,0.5,0.13824999999999998,1.0,0.3625,1.0,1.0,0,0.106,0.19000000000000003,1.0,1.0,1.0,0.0,0.0,0.0,0.051845899853964,0.0766174839555435,-0.0946605947265251,-0.0749328501777937,0.0681836738940648,-0.0411138176796841,0.0083311966437516,-0.0444157923401711,0.1319438121680858,0.378658499704976,0.7604265266244645,0.2402854285773935,0.5163937378293756,0.0102702436683181,0.9028110849087632,0.3787277396044882,0.3366989459592679,-0.0659343086498379,-0.0098987538411513,0.0249170048977579,0.0454480754986229,0.8930838466912728,-0.1032306811270818,0.0387253501651922,0
Zm00001d017241,1.0,III,0.496139,0.71,1.1319401046125812,0.6639737248758154,0.0422,0.137,0.3083,368.0,35463.0,55.9803,2.11,0.045,0.08499999999999999,0.0,0.5449999999999999,0.75,0.02,0.815,0.885,0.20500000000000002,0.248,0.5,1.0,1.0,1.0,1.0,146,0.0003,0.948,0.06,1.0,0.0,0.0,1.0,0.0,-0.0167239230020288,-0.0120531885457513,-0.009232496210475,-0.0068498123086523,-0.0146548960616183,-0.0094737530329187,-0.0183134872438716,0.0008444512379741,0.6805991266577905,0.432107904882282,0.6036602724709516,0.2265436723477087,0.5243604305185695,-0.0121174443640856,0.6146221386256118,0.386268277740348,0.0179021564585953,-0.1121812051469684,-0.1109936719719803,-0.0476038283955841,0.0472868021051275,-0.0528478144348787,-0.1374292873934589,-0.0380922786273656,0
Zm00001d017242,1.0,III,0.523077,0.59,5.812030612991134,0.2134609478403642,0.0202,0.1973,0.1023,13.0,35203.0,19.1723,2.11,0.02,0.05,0.02,0.815,0.44999999999999996,0.1,0.955,0.49,0.43000000000000005,0.1297,0.4492,1.0,1.0,1.0,1.0,0,0.23199999999999996,0.32449999999999996,1.0,1.0,1.0,0.0,0.0,0.0,0.1421547943797134,-0.049681102207727,-0.0811926877190191,-0.0228298436503335,0.0964144695290206,-0.0528705804856516,-0.1086582040850301,-0.028255879889018,0.1189208251884306,0.6215748100670593,0.5199880767800905,0.2541082369147992,0.4781671446793147,0.0215138931141863,1.155359375521781,0.3148730200195254,-0.0638639073657203,-0.1100900590598727,-0.0466107364718191,0.0093117660680965,-0.0590007597995219,-0.0141901915228362,-0.0797159651640716,-0.0342292053748592,0
Zm00001d017243,1.0,III,0.647754,0.61,0.1488335929051004,0.9169446311933548,0.0655,0.1531,0.428,88996.0,47595.0,19.1723,2.11,0.085,0.02,0.0,0.135,0.625,0.0,0.18,0.73,0.0,0.51,0.20074999999999998,0.7632,1.0,0.9611000000000001,1.0,152,0.19800000000000004,0.7425,1.0,1.0,0.0,1.0,0.0,0.0,0.1205425897705441,-0.0451667465619665,-0.0229429751482334,0.0077187394597766,0.0388526739681303,0.490486747373548,-0.0714785632801519,0.0010233618194251,0.6960134162741392,0.249228097216134,0.4744229769256506,0.1770863755954523,0.2214553472608022,0.8236269774809809,-0.0662275934151618,0.1462410346744709,0.6519019448920471,-0.0085132159001809,0.0242791535692008,0.2411159581748236,0.2681315834555404,0.9207573931227968,-0.078164821423151,0.1695272388477398,0
Zm00001d017247,1.0,III,0.529412,0.5,1.0097511475212622,0.7463548746033256,0.0258,0.1348,0.1916,2.0,133240.0,8.12848,2.11,0.02,0.10500000000000001,0.0,0.5,0.49,0.0,0.62,0.635,0.08,0.14675,0.54165,1.0,1.0,1.0,1.0,127,0.078,0.5760000000000001,1.0,1.0,1.0,0.0,0.0,0.0,0.1269430846348575,0.0247848704743374,0.1022785986921648,0.1653635589326526,0.389527915153461,0.0480762507859952,-0.0487726303690264,0.2844467400670067,0.5436004508451976,0.5253498969263464,0.7907226228892308,0.4120818125402816,0.962793895756954,-0.0060496813751372,0.7203910082189477,0.5773395905730336,0.0669932904175403,-0.1121911221250449,-0.0700549092429384,-0.0366860148481553,0.0243732326200429,-0.0448718095577087,-0.1222775111804248,0.0146217739412474,0
Zm00001d017248,1.0,III,0.675676,0.452941,0.533291736309761,0.7574390373868358,0.0101,0.2264,0.0444,13106.0,2313.0,19.6319,2.12,0.035,0.03,0.0,0.45499999999999996,0.27,0.0,0.6,0.435,0.0,0.4754,0.2356,1.0,1.0,1.0,1.0,13747,0.126,0.14900000000000002,1.0,1.0,0.0,0.0,1.0,0.0,0.4597997060829603,0.0539095824230966,0.0462637370477713,0.2208535224235258,0.4036294348342387,0.0896648585583763,-0.0728947268704845,0.3352445419685496,0.4921678541431822,0.1245962745185274,0.4770284112116756,0.2492287484749096,0.3995263455348508,0.2632543104892767,-0.0510480860188005,0.3864330754893486,0.1131727170979228,-0.0810298729461805,-0.0620600738941472,-0.0459973028850984,0.0726903328969914,0.0753437748511138,-0.1134888030071997,-0.0343908407664901,0
Zm00001d017258,1.0,III,0.46284,0.588235,5.577265396494307,0.1857036004319771,0.0035,0.0796,0.0437,385374.0,52368.0,8.12848,2.41,0.045,0.01,0.025,0.73,0.865,0.28,0.875,0.945,0.675,0.4962,0.11180000000000001,1.0,1.0,1.0,1.0,180,0.28744999999999993,0.21000000000000005,1.0,1.0,0.0,0.0,1.0,0.0,-0.0313212482084074,-0.0514939685855433,-0.0592005974403117,0.0195067891431231,-0.053347685462674,-0.0279949247772033,-0.0817134748389966,-0.0100282627494321,-0.0497917056823282,0.998770224618171,0.118075001081916,0.0015992069213748,0.209741837340622,-0.101736795721367,1.3050427923874637,0.0403274611743572,-0.0800802774213456,-0.1191814330742118,-0.0067108592269247,0.0069354196516312,0.0767631233178674,-0.0715994772602863,-0.0968566495365134,0.1096911717335004,0
Zm00001d017261,1.0,III,0.45146,0.59,3.91911454549661,0.2074826968534074,0.0429,0.1147,0.3743,81.0,56872.0,8.12848,2.44,0.08,0.05,0.0,0.75,0.78,0.02,0.79,0.935,0.515,0.7417,0.24245,1.0,1.0,1.0,1.0,1144,0.15600000000000003,0.4475,1.0,1.0,0.0,0.0,1.0,0.0,-0.0112482275642213,-0.0107871227639587,-0.0109493625277945,-0.0132006677344313,-0.0094468282229793,-0.0128324482440457,-0.0126163628290194,-0.0153666690767437,-0.0053135633904489,0.933371916589888,0.3764432893951956,0.2283637453021708,0.4636906334864342,0.0203705785900843,1.4250574881806244,0.2699074822656057,0.0658760555409137,-0.0523806461652231,-0.0381049491981418,0.0461849697050867,0.0406558900447771,0.0123327547424769,-0.0710459901524346,-0.0243721643139511,0
Zm00001d017268,1.0,III,0.64898,0.62,0.2974093171630523,0.898252169900277,0.0576,0.4407,0.1306,77974.0,158508.0,33.5384,2.58,0.02,0.025,0.0,0.2,0.62,0.0,0.515,0.825,0.01,0.26585000000000003,0.2296,0.75,1.0,1.0,1.0,1327,0.2404999999999999,0.059,1.0,1.0,0.0,0.0,1.0,0.0,0.0953616014281345,-0.0401083951128571,-0.028725412615447,0.0198135911267811,0.0158902824937095,0.4883833996869072,-0.0772471474593592,-0.0165614827686237,0.6051853250015442,0.1483056196661864,0.3849461026611536,0.1129174815006583,0.2626157326100716,0.7774602506467159,-0.0402926322336527,0.1083934413787537,0.2862315667946536,-0.0583786869316658,-0.0119364336671581,0.0212359106022997,0.1317529755809589,0.6452050046090061,-0.0789379049078596,-0.0166351238698648,0
Zm00001d017270,1.0,III,0.757479,0.56,1.6272742542429317,0.594213861064242,0.0332,0.5923,0.056,68.0,9182.0,16.7692,2.62,0.095,0.03,0.0,0.21000000000000002,0.515,0.0,0.29000000000000004,0.69,0.0,0.7150000000000001,0.3779,1.0,1.0,1.0,1.0,0,0.09749999999999998,0.11060000000000002,1.0,1.0,1.0,0.0,0.0,0.0,-0.0209359813386912,-0.0114091013890502,-0.0175962388800131,0.0070579584123304,-0.0060911806780407,0.0022429257822635,-0.0294595797759572,-0.0020914025251763,0.1613737283735285,-0.0117358045536561,0.4642064601173768,0.2322717325127122,0.3406558155720693,0.0016634831763222,-0.0206723969262521,0.296715733546906,0.3411830295426609,-0.1108831317503521,-0.061903185447717,-0.033362258764545,0.1029240892438266,-0.0689454304235057,-0.1041535530898269,-0.0422598355609796,0
Zm00001d017271,1.0,III,0.492711,0.65,7.933237246911637,0.2031389495418272,0.0084,0.1005,0.0833,9.0,354.0,41.26,2.62,0.07,0.02,0.0,0.8300000000000001,0.6399999999999999,0.045,0.9199999999999999,0.385,0.605,0.675,0.23804999999999998,1.0,1.0,1.0,1.0,6244,0.8000000000000002,0.5245000000000001,1.0,1.0,1.0,0.0,0.0,0.0,0.0799686682696374,0.0053439157456215,-0.0105633875341225,0.1186508013879041,0.2001343711447895,0.046509490359476,-0.031199679600918,0.080905713873493,0.0829407998051823,0.763427010696998,0.5973932765604144,0.2275033737524697,0.4632379973511568,-0.0512945775757045,1.481224186815616,0.1978388151980064,-0.0691777864478065,-0.1223615503044995,-0.0669434465376986,-0.0628209725852163,-0.075000083785674,-0.0461744949930103,-0.1014284222099651,-0.0985968584754492,0
Zm00001d017274,1.0,III,0.681818,0.68,5.520596666748425,0.487395802144678,0.0142,0.9875,0.0144,48.0,379.0,49.7426,2.66,0.055,0.02,0.0,0.6599999999999999,0.485,0.0,0.7849999999999999,0.485,0.0,0.45835,0.25815,1.0,1.0,1.0,1.0,1023,0.5780000000000001,0.0,1.0,0.0,0.0,0.0,1.0,0.0,0.4202061545782546,-0.0237797330660423,-0.0346568114282761,0.1280819429044761,0.4150123231891694,0.0406528156229058,-0.1167412045092086,0.1220832062138626,0.2235336064720015,0.0344936444601263,1.3445663616999688,0.4240255092471408,0.6435852540422669,0.0328841757696314,0.0855209356398598,0.633068159522593,0.0196093388055775,-0.067995294416479,-0.0375089693897902,-0.0006488260586403,0.1139727520952971,-0.0037556414411735,-0.0786504234589573,0.0223958575018028,0
Zm00001d017275,1.0,III,0.683796,0.64,4.452851125197937,0.4732335842271483,0.0175,0.7408,0.0236,377.0,39.0,43.0982,2.67,0.125,0.015,0.0,0.28,0.135,0.0,0.38,0.3,0.03,0.8259000000000001,0.17980000000000002,1.0,0.6375,1.0,1.0,0,0.1926,0.0,1.0,0.0,1.0,0.0,0.0,0.0,0.6359825606248279,0.0670081286631993,-0.0244560699558067,0.1749473552004758,0.4353649212263381,0.0233949273173291,-0.1063914477667944,0.1743855469762686,0.3242574270977106,0.0991613216813475,0.8711509669942507,0.5176383049287502,0.726361979461138,0.0807377206701244,0.0526865556378423,0.646473228994757,0.3301908586265213,-0.026941333413845,-0.015162135643744,0.1320986762452904,0.4089136090577227,0.0625293420957914,-0.0325295699789233,0.1345824002166581,0
Zm00001d017284,1.0,III,0.68032,0.56,0.9984547567136574,0.6479400036393004,0.028,0.1985,0.1411,135.0,749.0,42.179,2.71,0.025,0.0,0.01,0.78,0.0,0.03,0.865,0.0,0.0,0.25,0.0,1.0,0.0,1.0,0.0,4098,0.6350000000000001,0.0,1.0,0.0,1.0,0.0,0.0,0.0,0.2876520403369456,-0.0505334221969339,-0.036159492941215,0.0931690742005629,0.2695516718557607,0.0577998838266271,-0.0738087627048298,0.2847542235535329,0.206435510431067,0.0176102939939282,1.1858491626219947,0.4528398804710724,0.8763183158885501,1.0586185265828996e-05,0.1427008549049264,1.1004797187754494,-0.049492849470701,-0.0583197656167961,-0.0313448024905733,-0.0082116042874051,0.0009498887506918,-0.0213206835961227,-0.0600364252106509,-0.0276534341649962,0
Zm00001d017288,1.0,III,0.67128,0.44,2.0867565751831183,0.7633706031867965,0.0079,0.2451,0.0321,1358.0,62.0,10.9912,2.72,0.07,0.025,0.035,0.53,0.805,0.04,0.6499999999999999,0.91,0.1,0.6778,0.27444999999999997,1.0,1.0,1.0,1.0,302,0.2574,0.8715,1.0,1.0,0.0,0.0,1.0,0.0,-0.014985417126571,-0.0433433347272402,-0.0290995339095778,-0.0094866596105241,-0.0165665993984289,0.0213578513581588,-0.0568531533387756,-0.0257990111914569,0.4862326896681955,0.0083044330133086,0.4914865856138339,0.1237480028621459,0.3779633759045723,0.0707680304037077,-0.1120180601129202,0.2955383065813695,0.2785624701898474,-0.0916903134677767,-0.0151821365746674,-0.0193946667509196,0.1162667476567592,0.0054180438606597,-0.1072837692957995,0.0211658594294193,0
Zm00001d017296,1.0,III,0.517637,0.4,2.325395086069891,0.2391383314783008,0.0466,0.1566,0.2977,31180.0,123967.0,23.4663,2.72,0.08,0.045,0.005,0.6599999999999999,0.22,0.19,0.79,0.39,0.665,0.5322,0.29395000000000004,1.0,1.0,1.0,1.0,0,0.058499999999999996,0.0955,1.0,1.0,1.0,0.0,0.0,0.0,0.4349408649169813,0.0282861256605541,-0.0460094907014063,0.006146975987307,0.1221591190883675,-0.0025103204480881,-0.0766339763454989,0.0132960790223399,-0.0343200620265414,0.7668169442116348,0.4413595779834903,0.1544650300771238,0.3523624541619224,-0.040394680407994,1.024896295648363,0.2558173531743661,0.0780906860790283,-0.0195773384948426,0.0192234686413212,0.0715699552690515,0.1789914890849721,0.0203746866380517,-0.0340627627644295,0.1661302095879032,0
Zm00001d017298,1.0,III,0.411512,0.63,3.0066294682546078,0.3443960861782519,0.048,0.1225,0.3917,108029.0,43801.0,23.4663,2.72,0.035,0.065,0.015,0.1,0.12,0.07500000000000001,0.1,0.21,0.47,0.4909,0.49970000000000003,0.7689,0.9722500000000001,0.9278,1.0,0,0.1605,0.14150000000000001,1.0,1.0,0.0,0.0,1.0,0.0,0.4455312419785578,-0.005553277114863,-0.0375716723725393,-0.0413968104269905,0.0854317910841681,0.152301146530725,-0.1227637823557544,-0.0280463834595979,0.8547080448396178,0.8402083535873052,0.4073786233712029,0.0271995245425192,0.3543224865772721,-0.059512111639189,0.50350546134808,0.2776464527869092,0.6768957238767765,0.0212236629399641,-0.0001953375005431,0.0464352308460436,0.2613809091045854,0.0205488475906785,-0.076184701967498,0.1433977700007537,0
Zm00001d017303,1.0,III,0.423686,0.49,2.586667632327081,0.2886960211025202,0.0129,0.0956,0.1344,49972.0,2075.0,19.1723,2.71,0.05,0.07,0.005,0.765,0.235,0.195,0.9299999999999999,0.4,0.725,0.52595,0.64165,1.0,1.0,1.0,1.0,0,0.28550000000000003,0.10450000000000001,1.0,1.0,0.0,0.0,0.0,1.0,0.5440914868779132,0.0823387963319991,0.052787123445106,0.0783088783765119,0.2323937086611303,0.1471405205713592,-0.0119413819015367,0.1424630626481975,-0.1050119305357882,1.6659352177502371,0.1450608721278919,0.0558199718286254,0.2523342336541852,-0.1261830793342359,2.178684423071889,0.0133425338087135,-0.0213004533858107,-0.0450806866282974,-0.0550705749071429,0.076836820073714,0.0864100736884009,-0.0167794180569747,-0.0742508254457677,0.0388965091076787,0
Zm00001d017323,1.0,III,0.563712,0.48,0.727373711746112,0.7595145324003651,0.0231,0.1633,0.1416,1153.0,7167.0,10.0194,2.58,0.11499999999999999,0.005,0.005,0.4,0.14500000000000002,0.01,0.595,0.65,0.15,0.775,0.10414999999999999,1.0,0.82145,1.0,1.0,0,0.18284999999999996,0.20749999999999996,1.0,1.0,1.0,0.0,0.0,0.0,0.0648536015268099,0.7187902412829337,-0.0313496455423303,-0.0809786247452149,-0.0028613481300407,-0.0525622276251198,0.8339269513177072,-0.0532384699628032,1.0175996716266114,0.474397210390109,0.2529472479884868,0.016387215099857,0.2670665923933306,0.0376121557687181,-0.081893646417791,0.1662145730074168,0.2242697111689209,-0.0608789283218708,-0.0319098790746153,-0.0186217631633248,0.0677666903220919,0.017112782981159,-0.0996612080912815,-0.0213718462399917,0
Zm00001d017335,1.0,III,0.457806,0.32,4.640199113160843,0.1738714015065067,0.0029,0.1109,0.0264,240554.0,79071.0,9.10026,2.33,0.02,0.075,0.0,0.72,0.515,0.0,0.825,0.45,0.555,0.1987,0.5903,1.0,1.0,1.0,1.0,0,0.39100000000000007,0.298,1.0,1.0,0.0,0.0,1.0,0.0,0.1691677990124317,0.0642391303339455,-0.0062544119820511,0.0421082175434025,0.1928543145097227,0.0239348004521178,-0.0505381868274357,0.1617049887222076,0.0022545160326744,0.0636388967212466,0.0818373721173856,0.0668423933201855,0.0826577675202773,-0.0043033706186387,0.1313936229997705,0.0902126959862943,0.0442549510940187,-0.0097935155923471,-0.0159175030151555,0.0535142403235738,0.0773164864942401,0.0033920924557047,-0.0224986840230776,0.020324550232191,0
Zm00001d017336,1.0,III,0.46473,0.35,4.91622641381633,0.1179576511164589,0.0,0.1627,0.0,215001.0,99123.0,9.10026,2.31,0.04,0.065,0.005,0.815,0.655,0.33999999999999997,0.86,0.775,0.825,0.46355,0.47665,1.0,1.0,1.0,1.0,0,0.391,0.586,1.0,1.0,0.0,0.0,1.0,0.0,-0.030530386365685,-0.0426537965056653,-0.0377310465913115,-0.0036644463389974,0.001553124854292,-0.0093590401175142,-0.0520913464191936,-0.0346920668757082,-0.0060840219626822,0.5029318731184589,0.2340385385962655,0.0949110857948293,0.143128823014001,-0.0324379418454535,0.8288092317800517,0.1015041271046425,0.0110939541375612,-0.0179293161971331,0.0020803840058623,0.0525398325602131,0.1439051111597529,-0.0055472050798591,-0.0100700184651661,0.0942713649679585,0
Zm00001d017360,1.0,III,0.452055,0.364706,3.4205240609936003,0.2678293527153866,0.0416,0.1196,0.3473,64590.0,47642.0,12.9347,2.06,0.03,0.01,0.0,0.7,0.685,0.01,0.77,0.795,0.585,0.30105,0.1189,1.0,1.0,1.0,1.0,722,0.12349999999999998,0.05449999999999999,0.85,1.0,1.0,0.0,0.0,0.0,-0.0852447406961128,-0.0934328868873216,-0.0809572058075777,-0.0530976183771301,-0.075064968719537,-0.0303615277505602,-0.1226489460770908,-0.0815291469949858,-0.0931522871972095,0.866145737162159,0.3112615867345085,0.2323215819083077,0.4876384619744219,-0.0869527659232159,1.2826047017326412,0.2690552015940756,-0.0628809066272735,-0.0949749131260081,-0.0929497831650419,-0.0234500423018741,0.0108051295517901,-0.0620112112235834,-0.0875097502838803,-0.0394681200248999,0
Zm00001d017361,1.0,III,0.491379,0.34,2.3728815391825964,0.3917087923508232,0.1617,0.1385,1.1674,3219.0,111038.0,12.9347,2.02,0.045,0.005,0.005,0.675,0.36,0.02,0.63,0.5700000000000001,0.5,0.3905,0.1157,1.0,1.0,1.0,1.0,0,0.7645999999999998,0.092,1.0,1.0,0.0,0.0,1.0,0.0,0.4581852497618865,0.173320119079098,-0.0206314660298515,0.0773433161821476,0.3454820741009294,0.0176061622112867,-0.0618895887502728,0.2143013709339095,0.5041173513755041,0.544085842671308,0.5869687554678119,0.2490724674801433,0.6867984932034917,-0.0055444405059798,0.9236702242037628,0.5728621694768673,-0.0343373999996092,-0.0679756206689374,0.0365053479959772,0.0421800753378108,0.0180106413048755,-0.0025649911478769,-0.0587776959996411,0.0395272330021037,0
Zm00001d017371,1.0,III,0.549296,0.66,1.6417143597048405,0.4726133327575099,0.0441,0.1338,0.3299,246.0,27243.0,33.9979,1.96,0.13,0.035,0.01,0.345,0.6,0.08499999999999999,0.47,0.765,0.435,0.5066999999999999,0.39390000000000003,1.0,0.95,1.0,1.0,718,0.0405,0.5760000000000001,0.81,1.0,0.0,0.0,1.0,0.0,-0.0202665030005638,-0.0218530187325699,-0.0227681193185135,0.003661089865435,-0.0176927944786782,-0.0005525849340335,-0.0253227995159931,-0.0088386699765928,0.1250883702072483,0.7813803714790274,0.5748339859720261,0.2778479820500513,0.6858343564984979,0.0452120382650658,1.089224978441556,0.3717615784432476,0.1206194654045129,-0.1200246333836649,-0.0916112230298449,-0.0498209274495652,0.1661641805650327,-0.0403247990786403,-0.1228146222741038,0.008683419714809,0
Zm00001d017373,1.0,III,0.454136,0.49,3.0848915150267118,0.2270481818266463,0.0289,0.1232,0.2345,35.0,2726.0,27.3008,1.93,0.060000000000000005,0.0,0.0,0.7949999999999999,0.01,0.01,0.935,0.005,0.645,0.46135000000000004,0.01785,1.0,0.1,1.0,0.05555,1373,0.5455000000000001,0.019799999999999998,1.0,0.84,0.0,0.0,1.0,0.0,0.334366960183791,0.0681652452902548,0.2694227373056398,0.2241798828997511,0.4079552623623613,-0.0369971501747159,-0.0733729738383351,0.3637058739402078,-0.0813947977863876,0.9997490409966048,0.1168448119748529,0.1934231917428348,0.49114295479798,-0.0758282187736522,1.3701554026888767,0.1565826474989151,-0.059275939828944,-0.0826600453599956,-0.038155743580124,-0.019426530977506,0.0925218831923316,0.0063819236216055,-0.0782731340918025,0.0089145858597506,0
Zm00001d017379,1.0,III,0.6341,0.61,3.261637271257394,0.3886481553858518,0.0302,0.1813,0.1664,134.0,6279.0,28.7848,1.84,0.025,0.03,0.005,0.77,0.65,0.10500000000000001,0.835,0.76,0.385,0.176,0.5,1.0,1.0,1.0,1.0,3318,0.0,0.29649999999999993,0.0,1.0,1.0,0.0,0.0,0.0,-0.037810580611265,-0.0253120826556408,-0.05896127934087,-0.0228201990961872,-0.0096859937619291,-0.0073364300021438,-0.0737679983283566,-0.0655622885916203,-0.0098688938290779,0.6957072339084892,0.5034747478229339,0.1261993235822155,0.3509328699016367,-0.0733570867259015,1.0541477099727634,0.0590575390137767,0.1270959999140131,-0.092271456570498,-0.0434789867114513,-0.0239843040489871,-0.0029621151126629,-0.012102292891257,-0.1012078967291681,-0.0145584055008508,0
Zm00001d017686,1.0,III,0.439946,0.39,1.4018251560869563,0.4035895887208095,0.0784,0.1284,0.6109,109300.0,549.0,12.4752,1.95,0.03,0.025,0.01,0.815,0.065,0.265,0.875,0.155,0.635,0.31665,0.4008,1.0,0.7107,1.0,0.95,5710,0.6795,0.05700000000000001,1.0,1.0,1.0,0.0,0.0,0.0,0.4437572975766766,0.4784114145193525,0.0707426006206755,0.1654021837350871,0.4546628874681827,0.0022213492392707,0.2214761830799755,0.1587749987160323,0.3671257432397586,0.9045830075418988,0.2853929913573624,0.1053591142912268,0.3464301086272477,-0.0138786568097761,1.1835513194231018,0.3083989703759644,-0.0345963968265834,-0.0460318994867017,-0.010579433645951,0.005952307831861,0.070128687915303,-0.0125866147262695,-0.0431573521292376,0.0155075438809552,0
Zm00001d017677,1.0,III,0.695731,0.45,0.9549744207134596,0.7966681242010915,0.0413,0.2975,0.1388,101.0,1032.0,15.7974,1.88,0.0,0.04,0.02,0.0,0.59,0.005,0.01,0.61,0.0,0.05275,0.4394,0.05,1.0,0.2,1.0,1952,0.0455,0.129,0.91,1.0,0.0,0.0,1.0,0.0,-0.0008177350075957,-0.0023545637288329,0.0075343549579808,0.019571092926846,-0.0005563658760262,0.0715972083048725,-0.0136457334420899,0.0176562768166947,0.4460801268307423,0.0802720704544071,0.8012183198407536,0.197481201149057,0.4321741359069254,0.2745127361506536,0.1529477000029832,0.3849735139091769,0.4172833227013984,-0.0583151379399121,-0.0174721334298677,0.0099407065256912,0.103523676489235,0.3068159719703976,-0.0852158958742049,0.0758152514985561,0
Zm00001d017660,1.0,III,0.418161,0.59,2.2182681768627344,0.2301584235946362,0.0263,0.1161,0.2269,64.0,6413.0,13.3943,1.73,0.030000000000000002,0.0,0.0,0.6599999999999999,0.0,0.22,0.81,0.385,0.865,0.29285,0.03125,1.0,0.0,1.0,1.0,0,0.0165,0.0,0.33,0.0,0.0,1.0,0.0,0.0,0.0986808320071137,0.2549666283287423,0.8164316472815685,0.1854072463538001,0.4407711990105684,0.0096315273770922,0.7483040764195803,0.3345661894003828,-0.3036384493802903,2.0027897949454223,0.268074575445986,-0.1087878298583631,-0.0059481965258754,-0.1184524355439133,2.5330738623989197,-0.1236107790661232,-0.0149883240955128,-0.027050384665031,0.0001852404018295,0.0060371658773874,0.0299625261847202,0.0127888247301254,-0.0384640409907917,0.0216520002859803,0
Zm00001d017659,1.0,III,0.636842,0.54,1.9460152032218192,0.6348381018633898,0.0213,0.2874,0.0742,31857.0,5043.0,11.0438,1.72,0.0,0.0,0.0,0.005,0.005,0.0,0.30500000000000005,0.48,0.0,0.00895,0.05275,0.125,0.11455000000000001,1.0,1.0,9464,0.0,0.0,0.0,0.0,0.0,1.0,0.0,0.0,0.0402521189902342,0.7883905543784444,0.3188161940568229,0.0731494702674364,0.1586188772349738,0.0096141675679832,1.2816802045720177,0.0319985572463201,0.0928129402351325,0.0547281682297361,1.12624237742004,0.2428344560849699,0.563237263470483,0.030220174843973,0.6240019889318857,0.4914202427732171,0.0390275185222326,0.4151720202684162,0.0042190457545321,0.0233360049370466,0.1948152683270864,0.0327610577511818,0.3540597879615269,0.0523418891037717,0
Zm00001d017649,1.0,III,0.730924,0.61,2.253350289171168,0.5570518526568249,0.0498,0.2767,0.1799,271.0,489.0,22.5472,1.68,0.0,0.05500000000000001,0.0,0.005,0.14,0.0,0.045,0.27,0.0,0.06945,0.65655,0.1125,0.7583500000000001,0.83335,0.9722500000000001,3354,0.045,0.0285,0.9,1.0,1.0,0.0,0.0,0.0,0.4444440580748515,-0.0644742978101871,0.1542036602527284,0.0665825314489737,0.2650482032273402,0.0368596989825937,-0.0742326363220349,0.1378221137637824,0.223273343651054,-0.0086610590367263,1.376435784344086,0.419975653346962,0.6723868697458485,0.0258030832999041,0.2764433099240019,0.7882958812590949,0.4741462046759541,-0.0717988982609664,0.0769263388152134,0.1281135538848722,0.3728621266649466,0.0286293392012172,-0.0410873061897951,0.2088361533057373,0
Zm00001d017647,1.0,III,0.690632,0.58,0.1481023517363393,0.8520829261819614,0.0265,0.2555,0.1039,57642.0,5865.0,21.5754,1.66,0.02,0.025,0.015,0.76,0.635,0.1,0.805,0.875,0.035,0.18330000000000002,0.2178,1.0,1.0,1.0,1.0,0,0.6970000000000001,0.247,1.0,1.0,1.0,0.0,0.0,0.0,-0.0630065758718315,-0.1250426679347854,-0.1001415568360905,-0.0861943867739613,-0.0886629963758008,-0.0783427922632795,-0.1451467767087056,-0.1126148880112348,0.3741796486218839,0.0627910879495593,0.4004343711460514,0.0800135625253899,0.2345054056942283,0.2184472178416508,-0.0803906619154981,0.1733634749196163,0.1003448624587329,-0.0367842681326638,-0.0059349126259151,-0.0014984683316802,0.0400724729807384,0.007583133475362,-0.098475473821156,-0.0017447244812852,0
Zm00001d017642,1.0,III,0.658832,0.43,0.4721737975894427,0.8749576071161161,0.0783,0.1596,0.4906,1373.0,17706.0,10.5316,1.65,0.035,0.0,0.0,0.10500000000000001,0.015,0.0,0.17,0.745,0.0,0.45139999999999997,0.0222,0.7611,0.31665,0.95,1.0,2233,0.0,0.0,0.0,0.0,0.0,1.0,0.0,0.0,0.1418514645974782,0.3705440220446641,0.4215246097112729,0.2771703059310045,0.5642825625901124,0.0206538927197837,0.6386217705805373,0.4796314834837164,0.6384238169020073,0.2211573661295232,0.7712826450412067,0.1725981938994392,0.4510686832277021,0.0539620283193323,-0.0162912213611009,0.4199892933913809,0.3734992214230374,-0.0817201495959103,-0.0379729579264531,0.0177749786728148,0.2173237149952924,0.0365410548453678,-0.0993686298182954,0.0271485627238176,0
Zm00001d017641,1.0,III,0.448956,0.55,0.3201719260296609,0.6773283973876237,0.0632,0.1163,0.5432,3243.0,4887.0,6.69714,1.65,0.07500000000000001,0.0,0.01,0.185,0.0,0.405,0.29000000000000004,0.0,0.745,0.62805,0.0,1.0,0.0,0.97265,0.0,0,0.0,0.0,0.0,0.0,0.0,0.0,1.0,0.0,0.6751429913192395,0.1663485983350972,0.5879122755835844,0.1590115132433687,0.4276049572526822,0.0347934271484367,-0.036274732412546,0.3150823341414199,0.0974869500982636,1.2096575139623156,0.2243856997287427,0.0891173696414691,0.2677158273720037,-0.0220331164495083,1.468347135295336,0.1532718558372538,0.7010984349762935,0.1505811555421972,-0.0078037442900985,0.081187223462132,0.2991261069410523,0.0415170721109294,0.0266976929132117,0.1829245140413131,0
Zm00001d017625,1.0,III,0.531085,0.59,1.9413414156998776,0.3822479500249532,0.0532,0.1124,0.4737,73.0,587041.0,7.66892,1.55,0.055,0.01,0.01,0.79,0.675,0.065,0.8200000000000001,0.8400000000000001,0.725,0.34630000000000005,0.10555,1.0,1.0,1.0,1.0,0,0.8085,0.6171,1.0,1.0,0.0,1.0,0.0,0.0,-0.0297274407372949,-0.0355032985324609,-0.0234134828441057,-0.0295076940558465,-0.0200089216878152,-0.0133474266201461,-0.0405644883333413,-0.0285776680264947,0.1051670204643077,1.1426907621421294,0.2499443408372936,0.0672426044443742,0.354299407963284,-0.0381885601443054,1.5488959944293454,0.1002606184447242,0.0114104224143624,-0.0265060104377887,-0.0250721590906143,0.0063915966230904,0.0629177551659485,0.004951410711684,-0.0246388659200774,-0.0151111517141935,0
Zm00001d017618,1.0,III,0.688731,0.62,0.3153921607885203,0.8599265414897966,0.0289,0.1728,0.1675,1042.0,67555.0,53.6825,1.54,0.05500000000000001,0.0,0.0,0.08499999999999999,0.005,0.0,0.29,0.025,0.0,0.69725,0.06805,0.875,0.12000000000000001,1.0,0.3095,4250,0.12350000000000001,0.0,1.0,0.0,1.0,0.0,0.0,0.0,0.599880175030893,0.3242268513780713,0.5810774950627335,0.2321763857846853,0.3858979044646112,0.8468943030132137,0.4335429185851192,0.1450172131488787,0.124471220993045,0.0366753647967343,0.7518319547222688,0.1882452599168509,0.2902182044955029,0.2986301935282819,0.1405194763993481,0.3450648581159392,0.3550263675535908,-0.0117987065025703,0.2932026360548211,0.2752249203897432,0.5061889178542743,0.5020678544848314,0.0115789089455962,0.3967739297749545,0
Zm00001d017614,1.0,III,0.539568,0.56,0.9265074692311256,0.8869597705798796,0.0216,0.1281,0.1684,6070.0,26960.0,17.6883,1.53,0.015,0.025,0.02,0.0,0.63,0.075,0.005,0.79,0.24,0.16665,0.41664999999999996,0.0,1.0,0.0625,1.0,0,0.0,0.5375000000000001,0.0,1.0,1.0,0.0,0.0,0.0,-0.0297701331220349,-0.04438595880492,-0.0289315077874294,-0.0147846259731514,-0.0405116274862798,0.226968015737291,-0.0508108991624832,-0.0349639328950718,0.7584471001299316,-0.0980984529848173,-0.0835323750767537,0.0154076857286763,0.0658532274182862,1.9521871792646344,-0.227315790551986,-0.0345817781701247,0.8368546931526228,0.0843729703335162,0.035226535769997,0.0937911085563051,0.1708656955083506,1.366230143004583,-0.0444033392367363,0.0594648517627416,0
Zm00001d017608,1.0,III,0.635693,0.59,3.427859617722206,0.2989495049408309,0.0287,0.1177,0.2435,131463.0,15672.0,26.329,1.52,0.05,0.0,0.0,0.12,0.0,0.0,0.45,0.2,0.005,0.5808,0.02375,0.8500000000000001,0.037500000000000006,1.0,1.0,5117,0.19250000000000003,0.0,1.0,0.0,0.0,0.0,1.0,0.0,0.345738205754298,0.5308705234275035,0.2796426161698014,0.0637813147221512,0.3317527655773704,-0.0644384200838896,0.8117567072892913,0.1699101752462399,0.1502929593322874,0.2496012414429553,0.6454642866430761,0.1869007244174321,0.577816817771659,-0.0514389848990731,0.6182720355413551,0.4498751831952973,0.1048166761585085,0.2921751827590322,0.0199729284445237,0.1423027989749994,0.3649638577640553,-0.0038050849530324,0.2332133094771782,0.1648648430808766,0
Zm00001d017583,1.0,III,0.685944,0.54,0.7430853349118598,0.789467229794289,0.0471,0.2735,0.1721,54.0,671.0,17.2288,1.51,0.115,0.030000000000000002,0.015,0.45999999999999996,0.6950000000000001,0.005,0.585,0.89,0.0,0.7092499999999999,0.20829999999999999,1.0,1.0,1.0,1.0,0,0.2964999999999998,0.9793000000000001,1.0,1.0,0.0,0.0,1.0,0.0,0.0063604613582408,0.0021200588250584,0.0040328011063744,0.0094875491291322,0.0132329143655858,-0.002980228275615,-0.0098906390507339,0.0006411014833906,0.2589670145922584,0.1309640314985369,0.6596126276081421,0.3716491458761179,0.6634134072723394,0.0217696124407232,0.1298212943320303,0.5301632345573476,0.1753567770897074,-0.083677668158751,-0.0494228261119797,0.0378653562892017,0.1532546019210117,-0.0184439639159045,-0.0699430944520047,0.015677285280392,0
Zm00001d017575,1.0,III,0.680889,0.617647,1.300902299671362,0.6492029468468715,0.027,0.2794,0.0965,441.0,26177.0,37.885,1.44,0.245,0.085,0.0,0.4,0.5700000000000001,0.0,0.39,0.54,0.0,0.8778,0.35,1.0,1.0,1.0,1.0,0,0.17549999999999996,0.807,1.0,1.0,1.0,0.0,0.0,0.0,0.0658915430470503,0.0146060893544058,0.057710118944914,0.0268454798869353,0.0609207870684215,0.2410404153685389,-0.0030334274833248,0.0086622510442523,0.398215766362428,0.0875099530961099,0.7484404662798385,0.3024870132170819,0.3993905500886483,0.829017455204261,0.0201091299920531,0.4261417212120111,0.683810297318836,0.0373016148399028,0.1428580517567094,0.2551104574219713,0.4853237711746279,0.9669215225479032,-0.0147637410379973,0.4218642804076908,0
Zm00001d017568,1.0,III,0.433476,0.4,3.786677090317778,0.2201464435850396,0.0343,0.1315,0.2605,155.0,74524.0,8.6407,1.4,0.11,0.025,0.0,0.685,0.185,0.07,0.78,0.63,0.55,0.85,0.4125,1.0,0.95,1.0,1.0,2,0.7269,0.1,1.0,1.0,0.0,1.0,0.0,0.0,0.1359442171973111,0.21100810592969,-0.0351247775221612,0.0007869796327424,0.1025857325435823,-0.018955889977927,0.0002406171132099,0.0219021020146487,-0.0528714062116767,0.77783749293369,0.4095422579512527,0.1673985423628368,0.3111387870805938,-0.0605022458700214,1.268977700766279,0.1810398541873286,0.0371807175415622,-0.024436203730468,-0.0032449380005088,0.0169125028674563,0.0921734070325283,0.0237718630060187,-0.0226451590761406,0.0547406677268925,0
Zm00001d017555,1.0,III,0.540952,0.56,6.782739127420669,0.2432377373461933,0.0254,0.1991,0.1274,72.0,2345.0,15.3378,1.37,0.04,0.025,0.0,0.785,0.305,0.0,0.8300000000000001,0.37,0.185,0.6,0.31335,1.0,0.96225,1.0,1.0,202,0.0,0.2975,0.0,1.0,0.0,1.0,0.0,0.0,0.5154617228936347,0.1875767766289807,0.0104804144652695,0.0673390782093692,0.2204999868509005,-0.0121647845063344,-0.1101007762776487,0.0564598692366909,0.1769398593340884,0.296086446937588,0.8713410206104703,0.5386151936735384,0.9331306357584884,0.0351256544078003,0.9406072975543271,0.6416916399368839,-0.033073260232897,-0.1144953286006996,-0.0989471368653857,0.0108659460464596,0.0276648483182073,-0.0636525976987482,-0.11775340943079,-0.0262898636936625,0
Zm00001d017550,1.0,III,0.478095,0.58,2.058773632813711,0.1891762953587938,0.123,0.1376,0.8939,16.0,24401.0,11.5034,1.36,0.015,0.02,0.0,0.855,0.755,0.03,0.925,0.855,0.55,0.08785,0.1279,1.0,0.8667,1.0,0.9226,0,0.018999999999999996,0.3145,0.38,1.0,0.0,0.0,1.0,0.0,-0.0045505814552654,-0.0045505814552654,0.0008914654746136,-0.0045505814552654,-0.0045505814552654,-0.0045505814552654,-0.0034371199430553,-0.0045505814552654,0.0628822494279772,0.6823614028133245,0.3844481412505798,0.2026739159556345,0.5794876349570621,-0.0842951273334096,1.0655277857440697,0.4208261928973043,-0.0701589087745751,-0.081010105694514,-0.0708160623185043,-0.0282013581159781,-0.0365001330442565,-0.0235355187709004,-0.0913333178088819,-0.0196529901453142,0
Zm00001d017547,1.0,III,0.658648,0.57,2.730875013686758,0.5651265714306922,0.0629,0.2991,0.2104,245.0,126353.0,10.072,1.35,0.14500000000000002,0.07,0.01,0.255,0.15,0.0,0.32,0.29,0.04,0.77085,0.24375,1.0,0.35835,1.0,0.5,700,0.1965,0.46924999999999994,1.0,1.0,0.0,1.0,0.0,0.0,0.2310074000511267,-0.0074432429318876,0.0005853965962608,0.0336003963268435,0.0793288333767034,0.0563601758986351,-0.0458594484449166,0.0297621897969396,0.3859302964210857,0.0920800608230205,0.2534886368527511,0.2959241747495401,0.2261187097154053,0.5016027945496074,-0.0463726684275117,0.2073142801153695,0.2577108029603466,-0.0241533334876272,0.0065942341712222,0.0571609772935347,0.1632182583969439,0.0773096827441836,-0.0416095378709279,0.0618719221582178,0
Zm00001d017539,1.0,III,0.564978,0.71,2.661784422926591,0.4138194308200867,0.033,0.2053,0.1608,131.0,83202.0,26.8412,1.34,0.195,0.025,0.0,0.365,0.42000000000000004,0.005,0.5449999999999999,0.45000000000000007,0.385,0.7885,0.37779999999999997,0.96665,1.0,1.0,1.0,1902,0.0,0.0825,0.0,1.0,0.0,1.0,0.0,0.0,-0.027028904574518,-0.031757247002741,-0.0177226901269366,0.0190073257243125,-0.0378935536350947,0.0036639246654625,-0.0615782679049219,-0.0274974084980415,0.4519840864485928,0.4633096769881651,0.7033763488630352,0.1788911612198149,0.4367380446031187,-0.039823749885501,0.4997898321292623,0.3211527815914892,0.4491254995402495,-0.111756963712539,-0.0908696513418995,0.0145234455655037,0.1213512539371351,0.1506055653992975,-0.1037456744830891,0.0358540121220154,0
Zm00001d017525,1.0,III,0.457122,0.64,3.9757127430633568,0.4589476210033738,0.0209,0.1076,0.194,60.0,211.0,85.7368,1.32,0.04,0.060000000000000005,0.015,0.79,0.22999999999999998,0.02,0.875,0.345,0.44499999999999995,0.42735,0.6479999999999999,1.0,1.0,1.0,1.0,0,0.2075,0.179,1.0,1.0,0.0,1.0,0.0,0.0,0.2342129183399167,-0.0948582875417874,-0.0815133914352355,-0.0535675243402757,0.0245345662081852,-0.0472768875804899,-0.1145841499701449,-0.0317562840360527,0.0779156711511902,1.003209504699815,0.7263045032023536,0.4327249403335131,0.8507481013678764,0.0101133131697148,1.5526826535467877,0.3409861240153238,-0.0696058103642384,-0.1222309842723264,-0.0877891129611515,-0.0543752114001606,-0.0598319241426265,-0.0730433973159111,-0.1309064631609696,-0.1044521390504046,0
Zm00001d017526,1.0,III,0.605747,0.59,6.037296646595121,0.4153497025126642,0.0056,0.1308,0.0431,46.0,305.0,85.7368,1.32,0.060000000000000005,0.0,0.045,0.195,0.0,0.0,0.305,0.135,0.055,0.6872499999999999,0.04725,0.9375,0.0,1.0,1.0,9184,0.179,0.0,1.0,0.0,0.0,1.0,0.0,0.0,-0.0510789374501744,0.654751636173114,-0.0148125741967764,0.0407728121703054,0.2520582852694794,-0.0130740735044555,0.8689181487343818,-0.0054214140097475,0.2651934373685505,0.2114699094282512,1.0878630579894222,0.3790577978407857,0.7711542394738353,0.0181998460403057,0.4682681316494594,0.3930092749177586,0.206210804355912,-0.0835599631999045,-0.0072104873743261,-0.0409988209365692,0.039835817497856,-0.0284246089900761,-0.0899776673747826,-0.0272200189000544,0
Zm00001d017523,1.0,III,0.546296,0.51,3.411875213295946,0.2018958340364443,0.0781,0.0881,0.8864,60244.0,79266.0,7.66892,1.32,0.045,0.01,0.0,0.725,0.56,0.045000000000000005,0.815,0.595,0.505,0.33335000000000004,0.12405000000000001,1.0,1.0,1.0,1.0,668,0.8054999999999999,0.06605,1.0,1.0,0.0,0.0,1.0,0.0,0.0242837619115674,-0.0238256740433239,-0.0438053665042466,0.0009970052122129,0.086124696543795,-0.0288133824096401,-0.040856675563585,0.0172769809335044,0.0122091688340823,0.6644209878037638,0.4487522772189981,0.181361287754405,0.5438611491473335,-0.0337479803114412,1.1056468562064623,0.3747339285857142,-0.0256007734767872,-0.0214975558605203,0.0057737468033297,0.0044330831208887,0.0469295530737658,0.0181264065259696,-0.03334999667529,0.0507192908767264,0
Zm00001d017516,1.0,III,0.542857,0.58,0.3638364073780615,0.738972210852667,0.0231,0.0538,0.4294,65681.0,230098.0,28.2725,1.29,0.08499999999999999,0.04,0.04,0.675,0.42500000000000004,0.245,0.835,0.685,0.345,0.52025,0.38095,1.0,1.0,1.0,1.0,1330,0.8035,0.026500000000000003,1.0,0.98,0.0,0.0,1.0,0.0,0.1461099660393276,-0.0157997214263162,-0.0356588796105722,0.0253777675025028,0.1041160094282405,0.043325107783426,-0.0844888426941713,-0.0102056259676916,0.4281367934613141,0.0087345080842903,-0.0448085314095981,0.1113829592467693,0.3811816264378614,-0.0056099129259943,-0.1370603861362455,0.0794876920897281,0.1011108074274057,-0.061037585768164,-0.1021173451952651,0.0306322631735138,0.0964231631214767,-0.0393272612898586,-0.12589228250046,0.0156437448410343,0
Zm00001d017505,1.0,III,0.447083,0.38,3.458737246259835,0.2572269898461577,0.0968,0.1572,0.6159,105.0,119666.0,16.3096,1.03,0.065,0.01,0.01,0.595,0.815,0.08499999999999999,0.6699999999999999,0.905,0.505,0.5917,0.1635,1.0,1.0,1.0,1.0,780,0.24950000000000003,0.0126,1.0,0.66,1.0,0.0,0.0,0.0,-0.0405689663898383,-0.037468950078271,-0.0249523273490705,-0.0018598002979481,-0.0255839292222963,-0.0146074417296239,-0.03674244633966,-0.0166631388492816,0.057042908305324,0.7861944566226515,0.3079045678932811,0.0822839891401433,0.3808921097745734,-0.0766130687527662,0.9514403260412166,0.237982375748457,0.2644464578666032,-0.0501152619099961,-0.0500966741988817,0.0296009576283122,0.1460466377598895,0.0289025181285773,-0.0769922830729907,0.0272157282131376,0
Zm00001d017501,1.0,III,0.555118,0.52,3.741987356098402,0.1682259181115736,0.0178,0.1185,0.1504,74711.0,30933.0,67.0767,1.01,0.025,0.045000000000000005,0.015,0.6799999999999999,0.060000000000000005,0.13,0.7849999999999999,0.19,0.635,0.2167,0.5305500000000001,1.0,0.70835,1.0,1.0,0,0.29799999999999993,0.05500000000000001,1.0,1.0,0.0,1.0,0.0,0.0,0.6080002130199459,0.0596372267152387,-0.0204843673165525,0.0544641780639851,0.179430045713733,0.1160316025888703,-0.1027509296169053,0.0536708531101954,-0.1012844884653466,0.8269805006858922,0.1736025793090453,0.0112750013600274,0.1504660763476092,-0.0903038465505834,0.9871135030273438,0.0239193744389663,-0.0749270788043703,-0.1396310507245415,-0.0746982529632743,-0.051933059749731,-0.0042170050322455,-0.0934020771369117,-0.1306643038655449,-0.0425677139451402,0
Zm00001d017491,1.0,III,0.607143,0.61,2.5818031508954493,0.3000965689647628,0.0883,0.2749,0.3211,50.0,86484.0,19.6319,1.01,0.015,0.02,0.0,0.51,0.435,0.0,0.655,0.765,0.0,0.3771,0.25845,1.0,0.93335,1.0,1.0,1883,0.18350000000000005,0.4905000000000001,1.0,1.0,0.0,0.0,1.0,0.0,-0.0414234969428673,-0.0321464533044293,-0.0489087710274662,-0.0349212913413739,-0.0285432969019456,-0.0217599725591481,-0.0437179578395418,-0.0177236062259475,0.2446172617526077,0.3716361624320919,0.674266562250366,0.0699482215870551,0.2656852356285343,0.0111838155453089,0.73469520684782,0.1985943484870972,0.0563068142473378,-0.1187002882110568,-0.1089260571598305,-0.0712524749996371,-0.0590520755654689,-0.0390382486340819,-0.1544500965009647,-0.0416188190845564,0
Zm00001d017485,1.0,III,0.698539,0.48,0.6769277401407706,0.9689000438929558,0.0271,0.7769,0.0349,79707.0,9000.0,17.2288,1.03,0.03,0.01,0.0,0.03,0.32,0.0,0.05500000000000001,0.5349999999999999,0.0,0.61905,0.094,0.6833499999999999,0.95,0.75,1.0,0,0.0605,0.0482,1.0,0.98,1.0,0.0,0.0,0.0,0.3956638096442987,-0.0527230476145473,-0.0619615768446623,-0.0288748311120005,0.0492974979891699,0.1836371886523533,-0.104403924105983,-0.0325187678287622,0.573038518646495,0.0910406096711567,0.1375437888408283,0.0192852385285534,0.0884575030049863,0.5881606732040312,-0.0383743051060581,0.0355730354939199,0.9327761013166688,-0.0271333889108853,-0.0489302646591518,0.0198532483744255,0.153578413586845,0.932959568735806,-0.0786392654981547,0.0359935768929924,0
Zm00001d017482,1.0,III,0.524103,0.52,2.337745723481996,0.4252567635420816,0.0422,0.1435,0.2941,85876.0,780.0,17.2288,1.03,0.04,0.08,0.005,0.11,0.145,0.025,0.265,0.21,0.5,0.3668,0.54095,0.5055,0.7778,0.9167000000000001,0.9582999999999999,3431,0.09049999999999998,0.18445,1.0,1.0,1.0,0.0,0.0,0.0,0.4856738794815783,0.0211942194155163,-0.0470886375365234,0.2696529242255909,0.5729242150930668,0.0510584551015709,-0.0527957344072689,0.2812379333481656,0.638365467183749,0.5811223086312672,0.4218175047641955,0.1624400372961791,0.3179380074535913,0.0155068127622516,0.6224906373625586,0.2540316843137249,0.4303648200554409,-0.0096559691730249,0.0183376418744914,0.0286746911603168,0.1038806145564577,0.085784300984375,-0.0611927106127743,0.088765031994356,0
Zm00001d017474,1.0,III,0.669706,0.56,0.7063733521360551,0.8070611058230501,0.0922,0.1033,0.8918,28857.0,136.0,4.80624,1.1,0.03,0.17,0.0,0.7350000000000001,0.21500000000000002,0.0,0.76,0.22999999999999998,0.0,0.4113,0.87085,1.0,0.775,1.0,0.89165,5876,0.0,0.0,0.0,0.0,0.0,0.0,1.0,0.0,0.3972884790943387,-0.0718074711819695,-0.0705230638320982,0.0458146235554464,0.2344097450515385,0.0012430626360826,-0.0845211989985116,0.1264126164249196,0.330943636498802,0.0415260142555972,0.5478251662568175,0.1759387637826859,0.3579368783993894,-0.0110719621964377,-0.0495377518955245,0.4847875862714065,0.1729148961201528,-0.0721393959009893,-0.0297350850775692,0.0412236044171694,0.1438170927155856,-0.0029415148188196,-0.1009419240547248,-0.0244403731136133,0
Zm00001d017473,1.0,III,0.704878,0.55,2.116701224565084,0.5790169557384104,0.0385,0.6574,0.0586,156.0,270.0,50.7671,1.1,0.15000000000000002,0.04,0.0,0.20500000000000002,0.535,0.01,0.21500000000000002,0.69,0.0,0.87085,0.317,0.775,1.0,0.89165,1.0,1240,0.0,0.11779999999999999,0.0,1.0,1.0,0.0,0.0,0.0,0.0381156221389265,-0.1124588220045134,-0.0940534559897579,0.0830700126277458,0.327673129538887,-0.0093874755810116,-0.1162213124382716,0.0528784014619557,0.1741454011975513,-0.0005594495207816,1.1227088802201857,0.7312438251663055,1.1005799996961745,0.0020566234538806,0.2769313939468392,0.9373339598061936,0.2840176631478904,-0.0804486857565926,-0.0136602662952523,0.0543992737089045,0.2320877986881604,-0.0022102111325548,-0.0851813423951509,0.1557449064538986,0
Zm00001d017461,1.0,III,0.702424,0.53,0.3731267221761655,0.7950687782617981,0.0372,0.2753,0.135,22236.0,42152.0,10.072,1.34,0.01,0.025,0.0,0.775,0.08499999999999999,0.0,0.835,0.23,0.0,0.12495,0.33999999999999997,1.0,0.8875,1.0,1.0,3435,0.8744999999999998,0.21949999999999995,1.0,1.0,1.0,0.0,0.0,0.0,0.4446283211618335,0.3556905749475855,-0.0303231973542544,-0.0567891981385301,0.1409768433505892,-0.0731366397407287,0.0445986360750315,0.0300697248515801,0.3777595265725368,0.0770398587939763,0.2956016545772009,0.1274485338790784,0.2351837274590767,0.013096164012498,-0.0913527988032167,0.243929992915085,0.0577669135541599,-0.0407695380516933,-0.0386906287621581,0.0429922565949068,0.0016344974838919,0.0043326505662599,-0.076804354214032,-0.0155102665719423,0
Zm00001d017460,1.0,III,0.476812,0.56,2.655351464673561,0.3430562983553508,0.063,0.1118,0.5633,32801.0,25199.0,10.072,1.35,0.05,0.005,0.01,0.175,0.034999999999999996,0.22499999999999998,0.405,0.15000000000000002,0.525,0.517,0.10314999999999999,1.0,0.2509,1.0,0.975,0,0.266,0.1505,1.0,1.0,0.0,0.0,1.0,0.0,0.287601374484194,-0.0018511725718401,0.12855312943635,0.0791940744493409,0.1491270351253358,0.0420643547681722,-0.0740468692459247,0.0742515776800119,0.4933701454659471,0.8380165352232278,0.2203067134299192,0.089552877409994,0.4005304661268193,-0.0519765925401275,0.7868321221759498,0.3512173453239297,0.1779336784422882,0.0927104544597269,0.0434281617102481,-0.0286012491509662,0.1537357229289062,-0.0521481294845643,0.0126755369011852,0.1131890309259249,0
Zm00001d017456,1.0,III,0.470978,0.65,5.607346800160895,0.1790155124537565,0.0023,0.125,0.0183,105605.0,616.0,10.5316,1.26,0.02,0.04,0.02,0.81,0.155,0.27,0.9299999999999999,0.35,0.5800000000000001,0.18055,0.32835,1.0,0.83335,1.0,1.0,3429,0.8955000000000001,0.0815,1.0,1.0,1.0,0.0,0.0,0.0,0.2372559046701912,-0.0856434234124783,-0.0774154059014563,0.4232696589538286,0.9553996304304824,0.0515379092156667,-0.0859264245066139,0.6612487262348454,0.0165935310823913,0.640039198776779,0.3562800542883761,0.4517452062851134,0.8252214452971636,-0.1223627900880587,0.8999825330108593,0.4311117221201015,-0.0321474318489858,-0.061529790034286,-0.0370226840687235,-0.0275427528230263,-0.0569762636788248,-0.0250596701205813,-0.0622806465829118,-0.0442383270821931,0
Zm00001d017455,1.0,III,0.696401,0.505882,1.000292249322332,0.8605719157505242,0.0981,0.225,0.436,163.0,183.0,7.20936,1.12,0.015,0.0,0.0,0.52,0.0,0.0,0.755,0.005,0.0,0.1101,0.00615,1.0,0.04165,1.0,0.12514999999999998,1933,0.1855,0.363,1.0,1.0,0.0,0.0,1.0,0.0,0.7385135344572766,0.05907677919319,-0.0672362562320112,0.0324753756924676,0.1591623465211588,-0.0573606757829878,-0.1250713855767874,0.0348377449712403,0.2274200602117215,0.0650974800574582,0.1574529779499555,0.0354467459661841,0.1132386313124434,0.0854497114030156,-0.032835242910606,0.1045310060663323,0.2995327911782497,0.0231401713579478,0.0163505816496041,0.106372826340086,0.2092388646658285,0.0308812361047574,-0.0878420476926704,0.0939533400907795,0
Zm00001d017444,1.0,III,0.573276,0.56,0.360138350431799,0.9490609454166868,0.0291,0.0909,0.3197,54442.0,1241.0,28.7321,1.38,0.015,0.01,0.05,0.755,0.02,0.125,0.815,0.06,0.245,0.1508,0.21875,1.0,0.21965,1.0,0.73615,3319,0.0,0.069,0.0,1.0,0.0,0.0,1.0,0.0,0.2678031992824741,-0.070049290026941,-0.0814652687006368,-0.0415958352770265,0.0271244353571433,0.4255855197941829,-0.120065813172923,-0.0251614237358692,0.997152557985834,0.0596344650395219,0.1467310768636944,0.0482802944027281,0.2023597906801165,1.4316119762562105,-0.1238105866236596,0.0611504927660106,0.4310732298124501,0.0827816794304098,0.0437652423567539,0.1219561970876998,0.1453332062604327,0.7960939626778047,-0.0596990529779307,0.0873665915925079,0
Zm00001d017424,1.0,III,0.520576,0.6,3.062324582071185,0.4680108507046735,0.0253,0.1149,0.2197,29.0,146658.0,23.0067,1.31,0.02,0.125,0.0,0.43,0.535,0.01,0.45499999999999996,0.665,0.52,0.1779,0.55995,1.0,1.0,1.0,1.0,1324,0.16549999999999998,0.64495,1.0,1.0,0.0,0.0,1.0,0.0,0.3292132264058153,0.0458900991815498,0.1650082373897445,0.0407240427139951,0.1879208997427837,0.0635438772939533,-0.0742796878733646,0.0939983705997024,0.0958668016507556,0.8747966830496396,0.3530786906299519,0.1478060685960399,0.4331534932975345,-0.0352881534805489,1.196623252990897,0.2500351177662998,0.1798425934902066,-0.114378766999516,-0.0672368419389072,-0.021156196064806,0.1889775418018937,-0.0617606131048438,-0.117679450291971,0.0464229298667781,0
Zm00001d017420,1.0,III,0.661714,0.48,1.675841208269893,0.4447633234012128,0.0708,0.1777,0.3985,164.0,322.0,12.4752,1.28,0.01,0.10500000000000001,0.0,0.585,0.255,0.0,0.675,0.41000000000000003,0.015,0.045,0.5279499999999999,0.925,1.0,1.0,1.0,0,0.0,0.0,0.0,0.0,1.0,0.0,0.0,0.0,0.3150766727318722,-0.0071351151948033,-0.1010913777193595,0.0749629970663822,0.4040805218438762,0.0069931835898869,-0.1219994391196553,0.1311601311451599,0.3026273751351924,0.1347238788631773,0.77044410377974,0.4505023930411657,0.8270632496592777,0.0139717147488278,0.1798529085414737,0.647266794344302,-0.0497521977191591,-0.1636502334275474,-0.0800416446054878,-0.0972170561234714,-0.0312498077618091,-0.0686717160783015,-0.1577900030306264,-0.0807987013198866,0
Zm00001d017419,1.0,III,0.724395,0.66,1.0331491081030335,0.6900500820342992,0.0421,0.3423,0.123,553.0,2681.0,40.2355,1.28,0.11,0.10500000000000001,0.0,0.275,0.47,0.0,0.39,0.5549999999999999,0.0,0.6292,0.5625,1.0,1.0,1.0,1.0,1397,0.0,0.063,0.0,0.7,0.0,1.0,0.0,0.0,0.2026511104494945,-0.0351670886606301,0.0372318197316142,0.0485529010708042,0.222877448604955,0.0111217922314382,-0.0856855285288426,0.0861451608638049,0.0281862918336885,0.0039701312158298,0.6852385206174307,0.1080599782310512,0.2293265219374523,0.0391257580880377,0.0088854458555102,0.2936659487127125,0.2493063153086204,-0.0628601641260183,-0.0621950301707208,0.2043870534447362,0.5954063743410378,-0.0285052487863847,-0.1118002848843299,0.2754854066481199,0
Zm00001d017403,1.0,III,0.636835,0.54,1.465323621392357,0.6257326738141813,0.0426,0.1422,0.2998,5240.0,61820.0,11.9629,1.31,0.06,0.01,0.03,0.055,0.72,0.345,0.1,0.87,0.705,0.8463499999999999,0.11165,0.83335,1.0,1.0,1.0,0,0.544,0.4395,1.0,1.0,0.0,1.0,0.0,0.0,-0.0324196798676994,-0.0549250084501627,-0.0612173902004293,-0.0123710175635296,-0.0586669898330198,-0.0408412042593863,-0.0942441198742138,-0.0652679245209974,0.1005295811894445,0.4136163728403138,0.3298959397906641,0.0764061370410411,0.3675239305375811,-0.0725756575139278,0.387842971739565,0.290569373974871,0.6370624352291785,0.1662202139031398,0.0576746037729266,0.1868284061266286,0.5170478010971422,0.0339368064331854,-0.0537208649498516,0.2798727837725102,0
Zm00001d017401,1.0,III,0.547096,0.51,4.572875448071548,0.2697268116815232,0.0186,0.1999,0.0931,20.0,67369.0,15.7974,1.32,0.015,0.015,0.005,0.515,0.5700000000000001,0.18,0.82,0.675,0.595,0.20829999999999999,0.27580000000000005,1.0,1.0,1.0,1.0,2208,0.0,0.5594,0.0,1.0,0.0,1.0,0.0,0.0,-0.0743114375078899,-0.0886921249882191,-0.1005915286008691,-0.0653183350280928,-0.0829028033136242,-0.0881618506547345,-0.1435203557339948,-0.0675468813376389,0.0220092859453174,0.9264507061471672,0.4876447658392367,0.0477424912506077,0.2914151287580886,-0.0167007817604116,1.133552951137019,0.1848882284991668,-0.0404075632132316,-0.0665879041419928,-0.0657240476141629,-0.0008644548140932,-0.0507214437761138,0.0147175690593668,-0.0937065885124171,-0.0256590439427377,0
Zm00001d017392,1.0,III,0.440893,0.5,2.696787549412251,0.2681192806477246,0.0489,0.1245,0.3932,81408.0,13161.0,18.7127,1.51,0.06,0.095,0.0,0.28,0.405,0.02,0.28500000000000003,0.62,0.625,0.28335,0.6412,1.0,1.0,1.0,1.0,0,0.7494999999999998,0.2275,1.0,1.0,1.0,0.0,0.0,0.0,0.1347959719650815,-0.0250046997103093,-0.008462039488824,0.0489450583398322,0.1729000638772995,0.0903004369038472,-0.0632525620232716,0.0882303990484554,0.0266995870720357,0.9770858841409652,0.4285982794483297,0.2027391204443892,0.4689065974329044,-0.0039782131827417,1.4199664061441597,0.2506402035655479,0.0434466880533622,-0.0477227159574931,-0.0178370548396756,0.0081988719552047,0.0730968765634374,-0.0194504658395246,-0.0486659801386059,0.0490419438629681,0
Zm00001d017390,1.0,III,0.492625,0.62,2.563951605940788,0.470990239428919,0.0255,0.1186,0.2151,15376.0,214566.0,18.6601,1.55,0.05,0.05500000000000001,0.0,0.17,0.435,0.015,0.28500000000000003,0.66,0.6000000000000001,0.44975,0.39954999999999996,0.8185,1.0,1.0,1.0,1150,0.0315,0.34650000000000003,0.63,1.0,0.0,0.0,1.0,0.0,0.3251139741261449,0.1212805758099891,-0.0408418296097503,0.0475777029722086,0.3111831338130618,-0.0459504507717236,-0.0621031724383125,0.2125718567719794,0.4191785309386758,0.5002574140445324,0.6413503148281077,0.317702589276129,0.6726420803824192,-0.0116244390151014,0.626089112556487,0.5866934535206256,0.5622201738661957,-0.0437794977720592,0.0129138715778502,0.0048667007937498,0.1931244823840172,0.0541897301465292,-0.0902314594867069,0.1670670502709666,0
Zm00001d017385,1.0,III,0.689342,0.54,0.1775307412206921,0.9801249957022292,0.0224,0.4217,0.0531,30109.0,43472.0,15.3378,1.73,0.025,0.095,0.0,0.585,0.44999999999999996,0.0,0.79,0.565,0.0,0.25,0.68985,1.0,1.0,1.0,1.0,867,0.401,0.599,1.0,1.0,0.0,0.0,1.0,0.0,-0.0018530831912671,-0.0046720698803808,-0.0022519294787659,0.0061429677488704,-0.0085329161871063,-0.0078717469303391,-0.0124353874857147,-0.0069020213507072,0.4305013032883114,0.0938138704119869,0.960445310317241,0.2196741300191871,0.5737186808705549,0.1560075876225624,-0.0095354399420991,0.7108725348962468,0.120465591421699,-0.0403600973133223,0.0162991343780104,-0.0015734437269643,0.0996277374608996,-0.0138630189205573,-0.0821038273293775,0.0944539492252365,0
Zm00001d017383,1.0,III,0.676941,0.51,1.080513528964638,0.6947247622524353,0.0509,0.2939,0.1733,1757.0,1052.0,13.9065,1.77,0.02,0.025,0.08,0.395,0.605,0.4,0.5549999999999999,0.745,0.385,0.1385,0.24435,1.0,1.0,1.0,1.0,4275,0.0,0.5935,0.0,1.0,0.0,0.0,1.0,0.0,-0.0535050240796699,-0.0809310198338795,-0.0822496327964145,-0.0845882590999617,-0.0813732784373728,-0.0428692665360418,-0.1138888758425906,-0.0665265798987817,0.2886001581215591,0.0092549939489232,0.1866228375004613,0.2498997488176751,0.3768939121246514,0.0252738922445511,-0.0658528542433584,0.3106557316998518,0.3633145361693378,-0.0555892859349826,-0.0138264246724415,0.4203120390759671,0.6697433679421154,-0.0071859572961442,-0.0858700546031709,0.3603976619245709,0
Zm00001d017382,1.0,III,0.543011,0.49,0.0915694626298247,0.874140341981198,0.0225,0.2124,0.1061,16767.0,46147.0,62.3231,1.79,0.015,0.045,0.0,0.28,0.775,0.0,0.405,0.9,0.0,0.1553,0.37665,1.0,1.0,1.0,1.0,311,0.0,0.887,0.0,1.0,0.0,0.0,1.0,0.0,0.0151965125889832,-0.0528073869845126,-0.0115746655979304,-0.0325460890749142,-0.0078994251179513,-0.0060909511984535,-0.0908629429585085,-0.0501452527233577,0.7601179681553567,0.2649308817966486,0.4129001812410927,0.1558557580070785,0.4631247098489433,0.0551127513354816,-0.0583657800597994,0.4435360589839104,0.6099679598191239,-0.0262684751070269,0.0293683011148242,-0.0051600963840944,0.0951255739028299,0.1517211667206291,-0.0998471786515516,0.0003834560926775,0
Zm00001d052307,1.0,III,0.430108,0.305882,2.4241151010476867,0.2669614191829044,0.062,0.1425,0.435,155024.0,345811.0,9.55982,1.9,0.03,0.0,0.0,0.67,0.005,0.04,0.86,0.265,0.73,0.2749,0.039349999999999996,1.0,0.08335,1.0,1.0,0,0.31700000000000006,0.025200000000000004,1.0,0.53,0.0,1.0,0.0,0.0,0.0652156960459057,0.2662724118866756,-0.0302729378931737,0.0109428759605849,0.2052458403279637,-0.0282685567968364,0.2772390164010054,0.0428334108618442,-0.1170456494034298,1.3596150140976024,0.2884416003246736,0.0763562889634459,0.3292072918852745,-0.0153766268847591,1.8261319718956444,0.1270875328444176,-0.0963329225289183,-0.1278054255163715,-0.0229032677700695,-0.0344485357264685,0.0140893721902905,-0.0254404067107906,-0.1025990035975339,0.0090275948142159,0
Zm00001d052308,1.0,III,0.45465,0.44,5.334701189742806,0.1975604058758389,0.0057,0.1062,0.054,465000.0,34987.0,9.55982,1.88,0.04,0.04,0.005,0.8,0.8,0.225,0.86,0.935,0.825,0.40225,0.25905,1.0,1.0,1.0,1.0,0,0.07400000000000001,0.9815,1.0,1.0,0.0,0.0,1.0,0.0,-0.0302010609147446,-0.0322730623157305,-0.0013635457504023,-0.0030813099855977,-0.0218625897187598,-0.0026927289272379,-0.0357031976117634,-0.0149929313585044,-0.0212475700034448,1.5384828507532229,0.3369526525834725,0.0459584688466973,0.145766416877239,0.0040280452337795,2.019152238387317,0.059289086381895,-0.0267140411884948,-0.0805258331188699,-0.0360737555536967,-0.0492588983116463,-0.0164978438073066,-0.0558891185431426,-0.1035491251128482,-0.0468900583721473,0
Zm00001d052314,1.0,III,0.480763,0.58,4.823801632073729,0.262863838754252,0.0125,0.1447,0.0863,149627.0,47.0,16.2569,1.87,0.025,0.02,0.0,0.655,0.555,0.0,0.79,0.615,0.6950000000000001,0.34145000000000003,0.24164999999999998,1.0,1.0,1.0,1.0,0,0.18500000000000003,0.6665000000000001,1.0,1.0,1.0,0.0,0.0,0.0,0.0009017431201998,-0.0439666316052987,-0.0901010004828087,-0.0127465279421251,0.0698693960691967,-0.0430933858285004,-0.0915742790388334,-0.0046970822822805,-0.0374640997086581,1.0054835272500342,0.4940341082128216,0.2695547249136495,0.4650422068851288,0.0139689233832147,1.5137027161845775,0.2492962838178579,-0.0748789088393434,-0.1146048529251183,-0.0841585480141653,-0.0841327636930955,-0.0536011980802268,-0.0011279236469937,-0.1123048371727093,-0.025839639689465,0
Zm00001d052327,1.0,III,0.45389,0.43,2.997965706141727,0.2679611186698977,0.0407,0.1189,0.3421,158809.0,22090.0,11.5034,1.81,0.065,0.02,0.0,0.71,0.635,0.01,0.805,0.8500000000000001,0.765,0.35414999999999996,0.24165,1.0,1.0,1.0,1.0,1161,0.267,0.37450000000000006,1.0,1.0,0.0,0.0,1.0,0.0,-0.0346172744877825,-0.0411897015163196,-0.0437846686655499,-0.0289871865550486,0.0028962505475099,-0.0296893841814898,-0.0582039612154589,-0.0327566972164066,-0.1462229300782579,1.4015288816978153,0.2641331240500076,0.0364341129844983,0.2656497462332847,-0.005750882214442,1.965851627149925,0.0928839674934893,0.0019356167187167,-0.0353397799913119,0.0054383712214829,0.0558698405869318,0.0529424128501011,7.725610270505092e-05,-0.0359241396121857,-0.0079998547180141,0
Zm00001d052354,1.0,III,0.520833,0.46,5.039066762682121,0.2226030630221102,0.0156,0.1767,0.0885,138.0,297.0,22.035,1.62,0.025,0.0,0.01,0.575,0.005,0.01,0.6499999999999999,0.39,0.64,0.1972,0.07289999999999999,1.0,0.1875,1.0,1.0,1087,0.39299999999999996,0.08275,1.0,1.0,0.0,0.0,1.0,0.0,0.0200956850716717,0.4083307124525165,-0.0742259043314219,0.0892754116086767,0.3373001460690111,-0.0610330183207091,0.4838481564291592,0.065300193908815,-0.0169947245442651,0.5571479914966877,0.5977943403352569,0.4730103004502611,0.7339455008731407,0.0418394447762303,1.0349807562322255,0.3880726414695448,-0.0152821939962153,-0.1045866903228543,-0.0710081397736308,-0.0314140219089581,0.0905230892124943,-0.0254021186362721,-0.1154159586578614,0.0093061159810346,0
Zm00001d052376,1.0,III,0.536006,0.41,4.291487603535491,0.2638297535369309,0.0471,0.2743,0.1716,93654.0,6873.0,10.072,1.26,0.015,0.08,0.015,0.585,0.79,0.0,0.77,0.9299999999999999,0.25,0.11065,0.5583,1.0,1.0,1.0,1.0,3406,0.0,1.0,0.0,1.0,0.0,0.0,1.0,0.0,-0.0357641847867126,-0.0459655854525256,-0.0598887799321972,-0.022781805384289,-0.0237351759131421,-0.0262261161601055,-0.0448350982546688,-0.0185115252300575,0.3938187451577067,0.4940622961367916,0.8454506005424317,0.2291186219634843,0.759212601310608,-0.0569638725829054,1.0273194825950849,0.5841458276706025,-0.0154029742079421,-0.0796147956363237,-0.0055806264630221,-0.0429593489263105,-0.0018460496901924,-0.0190219324083624,-0.0656339718274442,-0.0559266144295572,0
Zm00001d052378,1.0,III,0.524035,0.6,2.637408783124987,0.2182206890432792,0.0155,0.179,0.0865,45.0,305.0,10.072,1.22,0.025,0.025,0.0,0.235,0.585,0.005,0.36,0.79,0.605,0.27775,0.31665,0.9028,1.0,1.0,1.0,2089,0.0,0.22399999999999998,0.0,1.0,0.0,0.0,1.0,0.0,0.2052602876010295,0.0096588454312875,-0.0263139694445584,0.0487320905169202,0.254182212099544,0.0117417049622691,-0.0954248221514037,0.1056094504982594,0.2641973735007294,0.7810541618325735,0.3339930008842172,0.1746603566315248,0.5216695620183766,-0.0071601051364762,0.9175776041469624,0.2963426621089909,0.4008943000833115,0.2981071069394011,0.206052764485533,0.1452196398294609,0.4208823448753008,-0.0157117893109533,0.2788484884846736,0.2338812320921195,0
Zm00001d052380,1.0,III,0.723468,0.42,2.0317275618276134,0.5446819211060429,0.02,0.3005,0.0665,112.0,414.0,12.4225,1.2,0.01,0.09,0.0,0.74,0.255,0.0,0.825,0.425,0.0,0.0926,0.6936,1.0,0.9875,1.0,1.0,4888,0.0,0.1255,0.0,0.94,1.0,0.0,0.0,0.0,0.3471376996911851,-0.0076129059600239,0.0269474951537616,0.1694039231851731,0.5365452423067387,0.1818949903766667,-0.0830005023657769,0.3772021899132919,0.1423169583958094,0.0421436467648044,0.8311450857852606,0.2430124813391446,0.552505115481534,0.097534486933646,0.1576651547769872,0.4848299044308038,-0.0314807659433676,-0.1113432938612276,-0.0365195819966486,-0.0019834442425666,0.0085143530297041,0.0250784914493025,-0.107654893997465,-0.0158006400085581,0
Zm00001d052391,1.0,III,0.510802,0.52,5.884865453535057,0.2250800740416753,0.0823,0.2785,0.2957,0.0,10959.0,7.66892,1.26,0.035,0.11000000000000001,0.0,0.26,0.235,0.0,0.385,0.31,0.775,0.47085,0.42415,0.9861,0.6272500000000001,1.0,0.95,5462,0.0,0.4485,0.0,1.0,0.0,0.0,1.0,0.0,0.1699747039576376,-0.0351715227736909,-0.046824632749488,0.005167495934363,0.0380215644290558,0.073933128286657,-0.0525036945379431,-0.0327612645005944,0.0897726089685284,0.6061138619228693,0.5069306332888254,0.331046933300099,0.6284426635936745,0.0032341243116707,1.0235555734240072,0.4846023753273142,0.3681201683786808,-0.069024210796064,-0.0157219966139135,-0.0250407854478016,0.0765053197508954,-0.0054335762819164,-0.0971893916021357,0.0752819299191035,0
Zm00001d052392,1.0,III,0.615243,0.55,0.1766224251781415,0.8043504448207028,0.0932,0.9301,0.1002,40140.0,2301.0,7.66892,1.27,0.01,0.03,0.01,0.325,0.26,0.16,0.545,0.28,0.375,0.21665,0.37085,1.0,0.9861,1.0,1.0,1248,0.42450000000000004,0.0,1.0,0.0,0.0,0.0,1.0,0.0,0.4809131230989051,-0.0343240920695084,-0.0707725481379942,-0.052836914560639,0.0116210599226182,-0.0037376686317353,-0.117362799772777,-0.0160129399175231,0.5303557744168039,0.1951630948305249,0.3353191875427909,0.0736720093951461,0.2607641214629981,0.0276727404549613,-0.0851041659093963,0.3086521470688337,0.29227827357293,0.2108894746841592,0.0183345839322298,0.0615374889985433,0.1358708990461846,-0.0134377628364059,-0.0538048488813979,0.0777287144926595,0
Zm00001d052399,1.0,III,0.448877,0.6,4.765571083673875,0.3046801869028971,0.0202,0.1403,0.1439,180.0,29000.0,11.5034,1.39,0.02,0.01,0.01,0.66,0.575,0.065,0.765,0.56,0.645,0.11415,0.0993,1.0,1.0,1.0,1.0,1404,0.0,0.094,0.0,1.0,1.0,0.0,0.0,0.0,0.009475880076956,-0.0217116293517446,-0.0310066330159534,-0.0050569029293469,-0.0140139035614132,-0.0190515224485213,-0.0284015721393669,-0.0295324338971167,-0.0480333710918807,0.9661064787915312,0.3290423329104114,0.1614031974940609,0.3928368494200014,-0.0687424355793049,1.380942318730449,0.2075681900524878,0.0254737989676096,-0.0978164293164476,-0.0970974917506934,-0.0720332980877409,-0.0405363608787724,-0.0145357109558828,-0.106131832835079,-0.0503664995621586,0
Zm00001d052405,1.0,III,0.56422,0.65,1.995161205634064,0.7444971694610277,0.082,0.219,0.3744,3102.0,2364.0,7.66892,1.43,0.03,0.0,0.0,0.09000000000000001,0.04,0.01,0.2,0.585,0.07500000000000001,0.45835,0.0296,0.625,0.5132,1.0,1.0,4292,0.13699999999999998,0.2985,1.0,1.0,1.0,0.0,0.0,0.0,0.0425609931873296,0.5137991658287286,-0.0357914875565968,-0.0271123781869159,0.0827340574496567,-0.030828844667127,0.5949721614851817,0.0051483127259204,1.1055716789065717,0.50577118056335,0.3247102316083811,0.0690307616807599,0.3989305369821597,0.0070230606469984,-0.1077240780051886,0.338511980882132,0.6598837718539173,0.1536338908963686,-0.004035978075481,4.720370128331215e-05,0.0509153210998319,-0.0159719292596564,-0.1121916374759597,0.003794901206649,0
Zm00001d052411,1.0,III,0.481481,0.423529,3.4002967595652525,0.2846963636184,0.0089,0.1112,0.08,100.0,6922.0,15.3378,1.35,0.105,0.03,0.0,0.48,0.14500000000000002,0.0,0.565,0.505,0.59,0.4788,0.31685,1.0,0.975,1.0,1.0,39,0.9130000000000001,0.141,1.0,1.0,1.0,0.0,0.0,0.0,0.0494877310293028,0.0195629121571092,0.2090299480178622,-0.0202016795747524,0.0618089956893426,-0.0480362025655049,0.1738623685826974,0.1023992694847395,0.0795226856071026,0.6847610169906091,0.6803621743630623,0.2026446086765743,0.4183830812985186,-0.01350110072381,1.2452257785104617,0.3037790792596347,-0.0262989201534196,-0.0243924971114718,-0.0109421633535666,-0.0271649770229931,0.0098166735071969,-0.0201277007689833,-0.0273438377818356,-0.0021169838241565,0
Zm00001d052415,1.0,III,0.639413,0.4,2.326799438894175,0.3217587056660355,0.0338,0.2582,0.1311,164491.0,4953.0,26.329,1.26,0.075,0.0,0.0,0.475,0.005,0.0,0.52,0.675,0.0,0.6084499999999999,0.029450000000000004,1.0,0.16665,1.0,1.0,4243,0.017,0.0,0.34,0.0,1.0,0.0,0.0,0.0,0.2202644746917045,0.5010949713453431,0.7732526792324672,0.2135648403976522,0.5295116299676671,-0.0048307336736943,1.1355144503820824,0.2480963703650832,0.2017797773816599,0.1476112320446111,0.1683340114787854,0.0835449207445262,0.2950243571091939,0.0263461171617316,0.0531556744100323,0.3183337450438758,0.3386014988146631,0.0125342499813092,0.0931685835943816,0.027456861889585,0.2290699414316148,-0.0223024810893744,-0.0770854551427427,0.110909032921012,0
Zm00001d052438,1.0,III,0.629091,0.36,0.1761414424056276,0.7876381119794995,0.046,0.4922,0.0934,190740.0,62346.0,41.6669,1.02,0.0,0.060000000000000005,0.0,0.0,0.095,0.01,0.235,0.275,0.5800000000000001,0.0256,0.7703500000000001,0.0227,0.9582999999999999,0.9582999999999999,0.9582999999999999,0,0.032,0.048999999999999995,0.64,0.97,0.0,0.0,1.0,0.0,0.1732699263288277,0.4722591654216727,0.0223979116706513,0.0392369092753575,0.2007013075125815,0.012394536790439,0.2774902174618118,0.0818048110172796,0.4464048791342887,0.4507124196639217,0.2225952862684597,0.0329746274624133,0.1595983611429733,0.0306890105732806,0.3942557052822375,0.1564698050105737,0.4388500679456745,0.3760946267180455,0.0797650758261363,-0.0119607309661185,0.0541084336126223,-0.0306193464321777,0.2402642087842351,0.032295543499555,0
Zm00001d052439,1.0,III,0.467087,0.44,3.162184048360272,0.1813585467753237,0.0391,0.1447,0.2704,50307.0,195340.0,41.6669,1.02,0.05,0.05,0.005,0.835,0.08499999999999999,0.30000000000000004,0.905,0.45999999999999996,0.725,0.6852,0.71425,1.0,0.9582999999999999,1.0,1.0,0,0.1165,0.049,1.0,0.95,0.0,0.0,1.0,0.0,0.4831609424174917,0.2464154161897403,0.7220255830138218,0.2350948013836714,0.6429908174768582,-0.0061551207387574,0.5450101243077486,0.6725505971736412,0.1124390327202724,0.7108236218454315,0.3167524429234915,0.1675907206414107,0.3148652238384475,-0.0181968253966777,0.8850159541560425,0.2574236113086987,-0.1118032183935545,-0.1297676130873588,-0.0322333593965432,-0.0180700269729663,-0.0017759493635045,-0.0780436012431706,-0.1204390813783831,0.0298558252980109,0
Zm00001d052453,1.0,III,0.458667,0.49,2.889316096771078,0.290813244197992,0.0366,0.1087,0.3372,141.0,59365.0,26.8412,0.96,0.02,0.08,0.015,0.36,0.46499999999999997,0.62,0.745,0.52,0.87,0.21300000000000002,0.6857,1.0,1.0,1.0,1.0,0,0.0535,0.1654,1.0,1.0,0.0,1.0,0.0,0.0,0.0045956139683152,-0.0201175852652691,-0.0274729111480609,-0.0010590184083166,-0.0141838160622473,-0.0041212972426679,-0.0284649652061004,-0.0143613513694582,-0.1818284541674928,1.6103933060708866,0.1118537907213993,0.0267133773288477,-0.0527033448494868,-0.0402491671734586,1.7495545054332773,-0.0930592845105612,0.1630889425527837,0.5104608638815707,0.609979031264767,0.2715409542414299,0.466468528576103,0.0044261972191403,1.0365746964997358,0.4513855941566154,0
Zm00001d052462,1.0,III,0.562107,0.31,3.018278215643529,0.2736985611157084,0.0276,0.1756,0.157,77179.0,5784.0,5.2658,0.93,0.025,0.060000000000000005,0.005,0.05,0.165,0.01,0.42000000000000004,0.33999999999999997,0.575,0.4253,0.6236,0.8,0.92225,1.0,1.0,4054,0.0,0.29699999999999993,0.0,1.0,1.0,0.0,0.0,0.0,0.1951719930330326,-0.0452344975507752,0.0114001913196553,-0.0386644113089499,0.0257278982056072,0.0701164115878667,-0.0780702737336614,-0.041605173428383,0.1229362498987686,0.6730113844634291,0.5496700286574407,0.3319431481648671,0.5731203973982157,-0.0401019195041674,0.943633826618944,0.5184831971169043,0.1325740227811854,0.4401021758867984,0.0728060189391092,0.1417847387556857,0.4125907460390751,0.0091878094014089,0.3911519402951958,0.17213463010511,0
Zm00001d052468,1.0,III,0.721751,0.61,0.3901664052299777,0.8615016925702284,0.0188,0.287,0.0654,70167.0,31905.0,20.6036,0.91,0.025,0.0,0.0,0.6950000000000001,0.005,0.0,0.825,0.025,0.0,0.161,0.0185,1.0,0.15,1.0,0.2917,1697,0.08800000000000001,0.0,1.0,0.0,0.0,0.0,1.0,0.0,0.3639890271496911,-0.0559905707403949,-0.04150857339102,-0.0233863449518865,-0.0101621977246619,1.2791760413126247,-0.1208953028566462,-0.0936967235790649,0.5571913539831369,0.1675787054382818,0.4229699907887277,0.0571523640021495,0.1547812839261077,1.0128917842080627,-0.0718685472696017,0.1049420061545665,0.1072214117860167,-0.0655951887628681,-0.1028147859672572,-0.0022537541783115,0.0096589930493603,1.2922469339832534,-0.1086280908208491,-0.0354771823478607,0
Zm00001d052472,1.0,III,0.548338,0.558824,3.587992363259528,0.3830667920797395,0.0321,0.1837,0.1749,40547.0,51652.0,7.20936,0.91,0.07,0.01,0.0,0.725,0.065,0.135,0.8,0.73,0.73,0.84795,0.11545,1.0,0.66665,1.0,1.0,159,0.43250000000000005,0.1335,1.0,1.0,0.0,0.0,1.0,0.0,-0.0790778214730031,0.8495960727576672,0.0487554901772587,-0.0338158089530196,-0.0163498043925249,-0.079511575978346,1.157252437809675,-0.0751767453469654,0.3047507683468697,0.8524537704273369,0.2901494620153742,0.0170519288619512,0.2606454802600373,-0.068611870832572,1.0292377007691471,0.1875891782735212,0.001135935148051,-0.0144245430953706,0.0148991555460067,0.0008785569548761,0.0242930787796097,0.004985734283076,-0.0050387691274199,0.010276074798993,0
Zm00001d052473,1.0,III,0.549451,0.447059,4.89195741923091,0.179957947139592,0.0474,0.2478,0.1911,45176.0,46849.0,41.6669,0.91,0.03,0.01,0.0,0.8,0.015,0.185,0.89,0.53,0.77,0.49165000000000003,0.11754999999999999,1.0,0.2333,1.0,1.0,0,0.6375,0.1625,1.0,1.0,0.0,1.0,0.0,0.0,0.4186340335749927,0.3638426518270118,0.0969830295337312,0.0683613276104088,0.3311481959713619,-0.0187725390301308,0.3313025782147146,0.1800468629798883,-0.0287323837928445,0.9749408282827552,0.3774520154124827,0.1568844303195126,0.3333870634309815,-0.101513912316855,1.4404719848388647,0.2122876006556934,-0.0232015175976129,-0.0662184191817434,-0.0341959794167802,0.0036376639305742,0.079487101460854,-0.0440558317883112,-0.0440816208807395,0.04665988144971,0
Zm00001d052475,1.0,III,0.674603,0.44,5.293178396707982,0.1943410467823738,0.0308,0.4928,0.0626,127.0,194.0,41.6669,0.91,0.10500000000000001,0.05500000000000001,0.0,0.36,0.52,0.005,0.595,0.79,0.0,0.7229,0.5596,0.95455,1.0,1.0,1.0,2044,0.17974999999999994,0.10549999999999997,1.0,1.0,0.0,0.0,1.0,0.0,0.1353446615767164,0.0220270148572983,0.0663557967702172,0.1808842035171307,0.48662885418288,-0.0062854129246931,-0.0579269041571991,0.336092046065685,0.2883844650986172,0.092887700224878,0.958654014635112,0.5598811584313493,1.035561937449239,-0.0019452232502251,0.604692921077959,0.7039606960774973,-0.0018798133185171,-0.1911041797789035,-0.1326323997511408,-0.1594777358364959,-0.1038581948094778,-0.0813099451392855,-0.1918966510790299,-0.1521146532231058,0
Zm00001d052495,1.0,III,0.667608,0.48,0.4760561580246909,0.7413662229564187,0.0283,0.1979,0.1431,94730.0,196.0,22.5472,0.99,0.025,0.025,0.005,0.625,0.605,0.005,0.785,0.8,0.14500000000000002,0.26285000000000003,0.39285000000000003,1.0,1.0,1.0,1.0,0,0.6024999999999999,0.7178000000000001,1.0,1.0,1.0,0.0,0.0,0.0,-0.0196122937302707,-0.0259761815209743,-0.0392228847259406,-0.010480195274831,-0.0193523149708829,0.0026913005479723,-0.0322744225805323,-0.0118282640051791,1.0507020664663156,0.4233729009699207,0.524543291392972,0.1319792867671761,0.4824342952473991,-0.0439120713601227,0.1495990711552403,0.4269615038430578,-0.0303263864955509,-0.0931612041240339,-0.0663975692625198,-0.0913490405457839,-0.0666122857320797,-0.0459161733535152,-0.1334956056475665,-0.0865026857588026,0
Zm00001d052542,1.0,III,0.467742,0.53,1.2383684271255886,0.4779692410641109,0.0503,0.1638,0.3069,197036.0,548864.0,14.3661,1.35,0.08,0.005,0.0,0.415,0.1,0.005,0.615,0.53,0.245,0.70715,0.0769,1.0,0.89445,1.0,1.0,8875,0.43099999999999994,0.0,1.0,0.0,0.0,0.0,1.0,0.0,0.5758986512620267,0.3555109383157303,0.0927899972961453,0.1460982067942939,0.4412709598172963,0.175092598422805,0.0931911580740239,0.3480081351531813,0.4132445561380703,0.3193686163646738,0.5716049252595868,0.4915503707290917,0.818077112809948,0.2242268772871671,0.6987229169616611,0.7323925258275541,0.1476210969453056,-0.0595166503438215,0.0408941756370345,0.0330156528604682,0.1627298144475455,0.1817109643667315,-0.08726761034876,0.1020970763776505,0
Zm00001d052551,1.0,III,0.67503,0.54,0.080092890693776,0.9311229494340076,0.0923,1.2827,0.072,410348.0,335367.0,24.4381,1.39,0.13,0.06,0.0,0.265,0.735,0.0,0.52,0.865,0.0,0.68755,0.3845,0.875,1.0,1.0,1.0,251,0.21299999999999997,0.5115,1.0,1.0,0.0,1.0,0.0,0.0,-0.0753712688567971,-0.1091712280986382,-0.0665298080972159,-0.0677652696853258,-0.096886415811234,0.0395817130629486,-0.1233745871574266,-0.0763089493736044,0.6413786235139051,0.1826304626514024,0.2434331262618216,0.0664765364375587,0.1535442045345042,1.2179310717111584,-0.0828475158580096,0.0623204703468146,0.3833898767427894,-0.0007843595076984,-0.0268474593558411,0.0149947412212027,0.1380514313607684,0.5875157391745627,-0.0828597824425579,0.0644263270010676,0
Zm00001d052566,1.0,III,0.513317,0.53,4.038456963084868,0.2060758981514814,0.0162,0.1443,0.1122,3.0,120979.0,12.9347,1.45,0.02,0.005,0.0,0.72,0.07500000000000001,0.0,0.7949999999999999,0.915,0.77,0.20550000000000002,0.12495,1.0,0.69445,1.0,1.0,0,0.051500000000000004,0.21750000000000008,0.97,1.0,1.0,0.0,0.0,0.0,-0.0491296596969934,0.920594453908646,0.0763321930607388,0.0319304732731076,0.0250492023359203,0.0126747084115598,0.9762859325729918,0.0262739158182438,-0.0791863985066447,0.5810258794992846,0.8483357250031653,0.4148611098744753,0.6325200988544792,-0.0425145725916937,1.2459921288566116,0.5369610606418375,-0.052344413124249,-0.0502136566259337,-0.0258919116959278,-0.0037860009393265,0.0216891710878955,-0.011445433980306,-0.0654713770653435,0.0374160156686863,0
Zm00001d052561,1.0,III,0.52808,0.62,3.70169539812673,0.2611995023867258,0.045,0.2079,0.2166,39.0,743619.0,24.4381,1.44,0.025,0.01,0.0,0.41000000000000003,0.755,0.015,0.65,0.76,0.75,0.20165,0.11995,1.0,1.0,1.0,1.0,0,0.4715000000000002,0.679,1.0,1.0,1.0,0.0,0.0,0.0,0.0272885527086534,-0.0252318068680919,-0.02943372897077,-0.0030010907580802,0.0903946788728277,-0.0039929893427444,-0.0582142792448695,0.0146676868528586,0.0175155176808618,0.6432895459202833,0.6106158955330859,0.2621090104117512,0.5291727518275943,0.0458039372057375,1.264281565006627,0.3429865732861659,0.0189295380514267,-0.1335524079394303,-0.0710207691945384,-0.1171915745192172,-0.043857213187454,-0.0856835852380521,-0.1604327002473269,-0.0451671460336773,0
Zm00001d052595,1.0,III,0.645224,0.64,3.647411761756547,0.7180295937243409,0.0636,0.3271,0.1946,12.0,782.0,36.4011,1.51,0.01,0.0,0.0,0.615,0.0,0.0,0.7050000000000001,0.015,0.005,0.0975,0.039999999999999994,0.9821500000000001,0.04165,1.0,0.27775,1187,0.1355,0.028499999999999998,1.0,0.57,1.0,0.0,0.0,0.0,0.79310876500051,0.1796164243424939,0.2104379158393388,0.0795455104806034,0.1982982915968996,0.4547263606307023,-0.0788280663111303,0.087553248014477,0.4342452735029767,0.146166522465358,0.9049898493005866,0.1868737590437071,0.2316816773646507,0.7398941503474914,-0.0353637571447058,0.2943356727078993,0.122842306485001,0.0044913198821976,0.0482598674020745,0.053755006974219,0.0670470549196526,0.4464450926051169,-0.0525130213546643,0.0589421659489883,0
Zm00001d052598,1.0,III,0.646617,0.48,0.0149898402301191,1.0,0.0274,0.2169,0.1262,55788.0,188852.0,36.4011,1.51,0.02,0.0,0.0,0.355,0.07,0.0,0.525,0.215,0.0,0.23265,0.01665,1.0,0.7639,1.0,1.0,0,0.444,0.0,1.0,0.0,0.0,0.0,1.0,0.0,0.2399897856806239,0.047433785986072,-0.0272674139313416,0.0323033972940676,0.0118986183555607,0.6413667368858842,-0.0785239619539584,0.0197158353259945,0.6373751098915561,0.1691822182390391,0.2127926979003192,0.0028073007153399,0.0553898054674808,0.9779974642976388,-0.0826019848251672,0.0845689992430191,0.2955857151451156,-0.0097829880060441,-0.0391116655828761,-0.0348615275702769,-0.0290497031513894,0.9853571058680436,-0.1169109740824503,-0.0405998436584714,0
Zm00001d053150,1.0,III,0.46905,0.435294,2.6698390090673167,0.5123681471993851,0.0442,0.1517,0.2914,87290.0,1306.0,10.072,0.37,0.03,0.0,0.01,0.14,0.005,0.005,0.165,0.05500000000000001,0.21,0.4433,0.0139,0.95,0.1389,0.97915,0.77085,5531,0.0765,0.0,0.78,0.0,0.0,1.0,0.0,0.0,0.2399831563270119,0.0089587001581319,0.3876203080072051,0.0761983637957799,0.1737386665935874,0.1107477568845134,-0.0343463679287365,0.0698701104279559,0.6171745089193905,0.6950493321491957,0.4546959211280503,0.1874300662654263,0.4812410744238347,0.0377279289675444,0.855411305973013,0.2984594709602948,0.1807976625000763,-0.1172381154893955,-0.054403307283082,-0.037404486667806,0.0336926174148889,0.0070913762351502,-0.1069809248494436,-0.003691020513921,0
Zm00001d053151,1.0,III,0.709821,0.52,2.004747403879365,0.6805955416098489,0.0245,0.3805,0.0643,15.0,1486.0,10.072,0.37,0.08499999999999999,0.0,0.0,0.12,0.005,0.005,0.22000000000000003,0.175,0.060000000000000005,0.84275,0.0542,0.87495,0.0833,1.0,1.0,525,0.2775,0.0,1.0,0.0,0.0,1.0,0.0,0.0,0.4784014422020576,0.4859292417427674,0.0431656612889023,0.1029736918071793,0.3491202962882542,0.0130546930287023,0.3327993403518496,0.2015877718699598,0.4053636427656048,0.0834119218846551,0.6331410327556608,0.2619119338755613,0.4211536768548466,0.180764589015364,-0.0301804103618241,0.2997847732405522,0.338393812202025,-0.0609072059784216,-0.0693443582817923,0.0958228658166104,0.1962397088175125,0.221365010118467,-0.1009517651988639,0.101946107240785,0
Zm00001d053162,1.0,III,0.659784,0.711765,2.1983009984577406,0.3621398854590938,0.0287,0.1927,0.1491,149.0,35468.0,165.801,0.4,0.06,0.01,0.0,0.79,0.20500000000000002,0.395,0.835,0.275,0.6799999999999999,0.64165,0.1488,1.0,1.0,1.0,0.875,0,0.15980000000000003,0.768,1.0,1.0,0.0,0.0,1.0,0.0,0.0025196153018538,-0.000211829747551,0.0092858041782527,-0.000821776186494,-0.0036136406327539,-0.001589361536792,-0.0042736781000605,-0.0020703687200815,-0.0348668478672235,0.5380137045621696,0.2017514264436516,0.0816808330113819,0.159863997404401,-0.0319084838616003,0.5985430811824564,0.0659060127843506,-0.016600300379958,-0.0567303583039826,-0.0563409587931136,-0.0119251883882592,0.1123702822785267,-0.0061779684785959,-0.0718851600911128,0.0158779878808253,0
Zm00001d053173,1.0,III,0.488193,0.44,2.2186434789878557,0.3272290775995601,0.0487,0.1995,0.2443,46738.0,425277.0,61.3513,0.4,0.035,0.01,0.0,0.655,0.635,0.005,0.9,0.8049999999999999,0.5700000000000001,0.2986,0.13335,1.0,1.0,1.0,1.0,1240,0.6156,0.16075,1.0,1.0,1.0,0.0,0.0,0.0,-0.0499622473927916,-0.0047771657482195,-0.0641611827954076,-0.002427774820281,0.0180909960240635,-0.0334211374288503,-0.0694879843072959,-0.000835578122466,0.1420368109538823,0.692380427115287,0.3957364992604155,0.2325775972095002,0.5502002912612849,-0.0144399169093607,0.8660495625594671,0.5016863847964819,-0.0393576135003924,-0.0991870123300245,-0.0274602869830209,-0.0436209034018294,-0.0234762113073723,-0.0113674760204167,-0.1105828129629113,-0.0310384847410572,0
Zm00001d053177,1.0,III,0.537037,0.43,5.375152561287851,0.2789177836351494,0.0023,0.2027,0.0115,22145.0,43438.0,22.035,0.4,0.035,0.035,0.0,0.7,0.77,0.015,0.7749999999999999,0.9299999999999999,0.485,0.2361,0.49465000000000003,1.0,1.0,1.0,1.0,711,0.6219999999999998,0.16149999999999998,1.0,1.0,0.0,0.0,1.0,0.0,-0.0538388567050288,-0.0780563709575732,-0.0985219335293044,-0.0356942918950998,-0.073276410203949,-0.0104902922257808,-0.0982983187064526,-0.049267721924324,0.1994124737171705,0.4163064457073824,1.115693817831338,0.5461154363339938,0.9766909825016836,-0.0013312530414132,1.137272964387644,0.5358403224909178,0.0139073409563983,-0.0090364852844805,0.1124910064837814,0.0672747938035609,0.1221205519018674,0.0338339228255313,0.0272748705566982,0.0915392795199351,0
Zm00001d053178,1.0,III,0.458429,0.347059,1.9126756387740105,0.4909431810361772,0.0484,0.1081,0.4476,2326.0,81259.0,17.2814,0.4,0.07,0.0,0.0,0.30500000000000005,0.23500000000000001,0.005,0.765,0.665,0.8,0.53355,0.049100000000000005,1.0,1.0,1.0,1.0,7485,0.1485,0.0,1.0,0.0,0.0,0.0,1.0,0.0,0.1314657655271545,0.1829256683335477,-0.0347690595251658,0.0036871646292608,0.1684677169535199,-0.0502938380393513,-0.0490751847611655,0.0986648634835616,0.1830567261821201,0.7024519904302757,0.0309807151189895,0.0342419237200577,0.126983996529716,-0.0084208107231407,0.6749695220341705,0.0532784803652014,0.328797527995019,0.6090788402221795,0.4610229043280417,0.1688044762975341,0.3960800931725075,-0.0143530427106432,0.804619310808166,0.3584172938945285,0
Zm00001d053192,1.0,III,0.670078,0.55,0.0043801634860464,0.9914350092802866,0.0591,0.2179,0.271,130381.0,990.0,12.9347,0.39,0.035,0.065,0.0,0.76,0.52,0.0,0.73,0.62,0.015,0.55,0.8344499999999999,1.0,1.0,1.0,1.0,353,0.038,0.46149999999999997,0.76,1.0,1.0,0.0,0.0,0.0,-0.0499524555975862,-0.0539671840025196,-0.0647348443000568,-0.0195070737393655,-0.0667116652008489,0.00949831055895,-0.0940125334752176,-0.0704960787492309,0.3610216898729059,0.155125973059595,0.5705086338853802,0.0570030477435028,0.1748279833909068,0.162297170259139,-0.0456057542735055,0.1333737048018617,0.158037604173869,0.0027100986021376,0.0387782576640515,0.0404133180782591,0.0602450691956109,0.0118766927677492,-0.043017421542263,-0.0066266336504346,0
Zm00001d053017,1.0,III,0.506352,0.36,1.3222393215766564,0.6361410663489918,0.0093,0.207,0.0451,132110.0,13026.0,17.741,0.54,0.045,0.035,0.0,0.775,0.585,0.035,0.84,0.755,0.38,0.4238,0.4349,1.0,1.0,1.0,1.0,710,0.187,0.42699999999999994,1.0,1.0,0.0,0.0,0.0,1.0,-0.0854270599697129,-0.0808868697881781,-0.1271712145039963,-0.0949451773111612,-0.1017835335421853,-0.1132970614050903,-0.1432728787715692,-0.1192099530141258,0.1072433930817992,0.6419307324721477,0.5731501015218731,0.1553298254477021,0.4876831113386671,-0.0766010854170243,1.0644332069272202,0.4170887325291755,-0.0443228427854642,-0.0662032928949067,-0.0072913932481415,0.012949569569635,0.0575475569093226,-0.0111359361772798,-0.0733081544924377,0.0551316606924017,0
Zm00001d053028,1.0,III,0.510228,0.57,1.0040662524712245,0.4080671224751022,0.0395,0.1504,0.2624,567415.0,63877.0,11.0438,0.33,0.125,0.005,0.02,0.615,0.48,0.57,0.705,0.605,0.8200000000000001,0.8467,0.0791,1.0,1.0,1.0,1.0,0,0.68435,0.0,1.0,0.0,0.0,1.0,0.0,0.0,0.4392060731580048,0.1950144156779824,0.2307749916635169,0.3814043234995304,0.752422779213486,0.0444757523406273,-0.0708201367544634,0.8189794739913916,0.0327071598513782,1.799413146301844,0.3645677763457124,0.1644909170898472,0.2167810441564637,-0.0744539014179731,1.978487352839851,0.2520949728351123,0.2140394767107522,-0.0559488307664622,-0.0193907889829215,0.0767665815105946,0.2723315500959126,0.0177540723393316,-0.0866686641721248,0.0968284890459658,0
Zm00001d053038,1.0,III,0.493522,0.311765,2.772523790680084,0.2414820787984858,0.0203,0.1184,0.1713,352104.0,285183.0,7.66892,0.26,0.015,0.01,0.01,0.8049999999999999,0.43000000000000005,0.45,0.85,0.69,0.835,0.08285000000000001,0.09415,1.0,1.0,1.0,1.0,4825,0.1315,0.0,1.0,0.0,0.0,0.0,1.0,0.0,-0.0793123476509909,-0.0770516430697887,-0.089386046562617,-0.0645587731102964,-0.092726109108888,-0.0093923656901038,-0.1062402808661262,-0.0644776715286494,-0.2455218506710199,1.9260948236911648,0.2311500585042913,0.0305108791148592,-0.0055112469331148,-0.0576983029005252,2.301011052080633,-0.0448119616025554,-0.079780799907549,-0.0836618508720951,-0.0301699739569704,0.0238060957913981,0.0610606567411728,-0.0608136402970213,-0.0891856760432315,0.0301837181664894,0
Zm00001d053041,1.0,III,0.483447,0.44,1.6608826155796788,0.4190980643353243,0.0293,0.0957,0.3065,465872.0,186797.0,7.66892,0.24,0.015,0.015,0.0,0.87,0.745,0.10500000000000001,0.95,0.875,0.7,0.14329999999999998,0.12915,1.0,1.0,1.0,1.0,0,0.0,0.23799999999999996,0.0,1.0,0.0,1.0,0.0,0.0,-0.0878917412036577,-0.088484142354801,-0.0966468778408726,-0.0364342924032487,-0.088556409145007,-0.1024547500526957,-0.1260785296126667,-0.1001033096338802,-0.0162742709045307,1.20683739638003,0.2019724089865902,0.080165941574763,0.3122196736036952,-0.0736445144753441,1.438324787965809,0.1624216043746002,-0.0133616527352483,-0.0351482643830569,0.0358797292859394,0.0031594809347223,0.0314651652458434,-0.0115149357849307,-0.0378252405049436,0.0107149458399515,0
Zm00001d053049,1.0,III,0.713762,0.735294,0.9745010395984228,0.7647650660456143,0.0364,0.9319,0.0391,113.0,418.0,71.9356,0.17,0.01,0.03,0.07,0.435,0.81,0.22,0.43,0.815,0.105,0.10235,0.31035,1.0,1.0,1.0,1.0,700,0.0,0.6275,0.0,1.0,0.0,0.0,1.0,0.0,0.083298571427556,-0.0605549871476757,-0.0529191079414409,0.02324365352948,0.0031826424642622,0.012216607141589,-0.0932418665152724,-0.0523359721272561,0.4587558044854373,0.042278287479081,0.2805851371154794,0.0674880020271768,0.2483583795969483,0.3459856262415214,-0.058246632187401,0.1287423130642427,0.4888163356251038,-0.0351070850515426,-0.0270308816720267,0.0663502726295626,0.1350301958866517,0.778449074609738,-0.0685535955611648,0.0581021010472048,0
Zm00001d053060,1.0,III,0.668973,0.64,0.9490997691655696,0.7064862095975919,0.0675,0.4836,0.1397,51.0,393.0,60.8918,0.05,0.03,0.025,0.0,0.365,0.6699999999999999,0.0,0.5700000000000001,0.75,0.0,0.3333,0.2133,1.0,1.0,1.0,1.0,0,0.17000000000000004,0.539,1.0,1.0,1.0,0.0,0.0,0.0,-0.0591624430128939,-0.0779997782590983,-0.0608066086314433,-0.0150172324910264,-0.0689490520362308,0.0011511413563553,-0.0881928540346002,-0.055235984265159,0.3095719968689431,-0.0002602211214445,0.9190526941005656,0.2412169257599725,0.4379250559986582,0.0804774281149722,0.0336667083760086,0.2953659415047005,0.002164953157812,-0.077348762826919,0.0024031687503825,0.0224483154975627,0.1587591379693511,0.1309539414639797,-0.0745264189722538,-0.0167117872377261,0
Zm00001d053076,1.0,III,0.455385,0.61,2.545034116216768,0.5498932673048342,0.0288,0.1085,0.2652,81984.0,260102.0,34.4575,0.0,0.035,0.015,0.01,0.75,0.78,0.6,0.835,0.885,0.885,0.25795,0.14225000000000002,1.0,1.0,1.0,1.0,0,0.47450000000000003,0.08779999999999999,1.0,0.74,0.0,0.0,1.0,0.0,-0.026131332480944,-0.0425341121054865,-0.017291295246975,0.0139160846603052,-0.0578762732053283,-0.0110779123089509,-0.0735522644601053,-0.0471774413680013,-0.2425832707746767,1.7012689808069985,0.1869539272667303,0.0227510554999101,-0.1110936086564339,-0.0754771018206203,1.664671482860707,-0.1298466687028789,-0.0160333535125772,-0.0767196535488292,-0.0127695574246339,0.0154163466663714,0.0604706056129707,-0.0421958412421595,-0.0406589772770113,0.0482847978676746,0
Zm00001d049224,1.0,III,0.686717,0.63,1.565178234723569,0.7091952003683717,0.0397,0.1402,0.2829,59.0,6251.0,12.4752,2.54,0.095,0.02,0.0,0.765,0.5700000000000001,0.0,0.8400000000000001,0.725,0.055,0.69495,0.16215000000000002,1.0,1.0,1.0,1.0,2208,0.5790000000000001,0.36450000000000005,1.0,1.0,0.0,0.0,1.0,0.0,0.0048025394674117,-0.1199802491494771,-0.0744300705870872,-0.0486803014114736,-0.0169983131312224,-0.077366988263789,-0.1550181663818018,-0.061632752992775,0.2451102388004895,0.0227061176143491,0.9379843374618364,0.2368349442861055,0.5087226908480804,0.0262755265127917,0.2121575450161613,0.3608201067561458,0.0672839571884596,-0.0526390464947934,0.0259246818690389,0.0269678219852267,0.0983829087206722,0.0076256624138899,-0.0548241547667802,0.0348430702697572,0
Zm00001d049223,1.0,III,0.521772,0.63,3.788428668429325,0.3435045471746771,0.0202,0.1034,0.1951,149.0,193567.0,21.5228,2.67,0.030000000000000002,0.015,0.005,0.165,0.695,0.255,0.29000000000000004,0.805,0.835,0.445,0.19585,0.84335,1.0,1.0,1.0,3114,0.0785,0.265,1.0,1.0,0.0,1.0,0.0,0.0,-0.1090743352921733,-0.1027380024023631,-0.1044002435109419,-0.0003516370493135,-0.1070443247979613,-0.0677152083072418,-0.1349376148508244,-0.101597594149403,-0.1065899832621736,1.6938364194995503,0.184642319279244,0.1198513250855406,0.3424164796676814,-0.0178469613567027,1.8760234578077444,0.2253050325714514,0.3918448757495286,-0.1178232052738699,-0.0609569415999882,-0.0409421999383478,0.03174282157112,0.1016734608796723,-0.1195115396159067,-0.0180933606470638,0
Zm00001d049239,1.0,III,0.59808,0.66,8.426600459158493,0.167893295573599,0.0041,0.322,0.0126,7.0,696.0,18.2005,1.82,0.045,0.025,0.01,0.78,0.79,0.04,0.79,0.9199999999999999,0.12,0.6354500000000001,0.1437,1.0,1.0,1.0,1.0,1390,0.0,0.5665,0.0,1.0,0.0,0.0,1.0,0.0,-0.0074699959874107,-0.0095292167436719,-0.0059011854570858,-0.0041115939292306,-0.004712673490265,-0.0095292167436719,-0.0087472166925964,-0.0056839032496555,0.0319632045280702,0.0907800259973041,1.954157664623564,0.5762505032597021,0.8345963181334872,0.0691974780912474,0.8561515443884506,0.5031119657600269,-0.0891486210488163,-0.1096648928515704,-0.0577239295920733,-0.0328363336242635,-0.014487237772285,-0.0319717402646726,-0.0982222412512071,-0.0693833595745777,0
Zm00001d049208,1.0,III,0.521647,0.62,5.177138516220131,0.1983749527940038,0.0317,0.1517,0.2091,64.0,64828.0,25.8694,2.83,0.025,0.025,0.005,0.865,0.65,0.055,0.895,0.745,0.725,0.16110000000000002,0.2958,1.0,1.0,1.0,1.0,0,0.3625,0.8275,1.0,1.0,0.0,1.0,0.0,0.0,-0.071567132356657,-0.0923153751939524,-0.0969104630506797,-0.071921697798202,-0.0590590226164433,-0.0212429924342686,-0.1149983469379254,-0.0799318614421069,-0.2606037405524797,1.4792002003614022,0.2530740039086498,-0.1157210525568287,0.0662897496752591,-0.0659951768268341,2.134222995126568,-0.0591515814819888,-0.0814376227034175,-0.0820150266957577,-0.0718152285896153,-0.0385887401376289,-0.077879648827002,-0.029879592937872,-0.0921002095321264,-0.044493070487732,0
Zm00001d032328,1.0,III,0.523179,0.54,2.34874004049308,0.4432758635081973,0.0662,0.0989,0.6691,95615.0,417.0,8.58804,1.06,0.14,0.0,0.005,0.78,0.01,0.21,0.925,0.13,0.76,0.48335,0.0464,1.0,0.225,1.0,0.92855,129,0.7685000000000001,0.0,1.0,0.0,0.0,0.0,1.0,0.0,0.2198715544430639,0.0898009254923574,0.5012141720470757,0.1856159104422017,0.4789462763854707,-0.0088358842240174,0.301608041653788,0.3731796608558314,-0.0336532161610663,0.9524262620352592,0.334987455564702,0.1672964578075429,0.404784257598579,-0.0813067544630042,1.3430734399083497,0.219621518196522,-0.005079286314462,-0.0094298762658623,0.0499470300274505,0.0617134650946756,0.0783245647684123,0.000331957748248,0.0180942461913858,0.0979852568667736,0
Zm00001d032267,1.0,III,0.456183,0.34,2.905550932405944,0.2810767165887325,0.052,0.1575,0.3305,83450.0,49613.0,7.20936,1.36,0.030000000000000002,0.065,0.005,0.56,0.265,0.065,0.755,0.45,0.67,0.31445,0.6236,1.0,1.0,1.0,1.0,0,0.05999999999999999,0.5605,1.0,1.0,0.0,1.0,0.0,0.0,0.076939114898815,-0.0220959794575489,0.0193472319355353,0.0235360507059753,0.1736565888666722,-0.0482653657177974,-0.0993709096170655,0.0264130720882725,0.047621627148037,1.051200890619291,0.328661956453643,0.110007133411174,0.4049294761697785,-0.1103881728021944,1.458806747919243,0.2539513731890964,0.1622244366750943,-0.0690789795438778,-0.0209657914455048,-0.0029567826010336,0.1255753434139168,-0.0004069134566036,-0.0861929696921819,0.0556206371401141,0
Zm00001d032268,1.0,III,0.534167,0.564706,3.025935884193718,0.3248206860104735,0.0277,0.1519,0.1822,112068.0,18768.0,7.20936,1.36,0.02,0.1,0.015,0.66,0.51,0.29500000000000004,0.6699999999999999,0.625,0.8,0.1625,0.55655,1.0,1.0,1.0,1.0,1429,0.265,0.0,1.0,0.0,0.0,0.0,1.0,0.0,0.1453707719940422,0.0018917917909267,0.3535313246385824,0.1466642394555593,0.3793707770261464,-0.0314279988520154,0.2376364250302828,0.2313960293715565,0.0390918126384044,1.096009787166955,0.3318860370758505,0.10513551349257,0.1807027457456095,-0.0178382657554267,1.2860811272855217,0.1319533060451574,-0.0015354922780602,-0.0799990348225144,0.0357234202457475,0.0202513521871877,0.1039465992712438,-0.0304047317456561,-0.0428689175829905,0.0716175122385854,0
Zm00001d032280,1.0,III,0.492866,0.52,4.349874858307012,0.2151540495258564,0.0288,0.1155,0.2497,181053.0,240234.0,21.1158,1.34,0.13,0.025,0.005,0.535,0.77,0.16,0.665,0.875,0.675,0.6677500000000001,0.25,1.0,1.0,1.0,1.0,0,0.27949999999999997,0.9490000000000001,1.0,1.0,1.0,0.0,0.0,0.0,-0.0115739735470687,-0.0164763807599453,0.0111099367201515,0.0100921570428553,-0.0202913551622718,-0.0064279008555605,-0.0219954737535983,-0.0203805027957208,0.0295583482536478,0.5773738121672506,0.4153343875371998,0.2536051135863327,0.5338754918551509,-0.0056975952554717,0.9489672114631708,0.3592150292921742,0.003509602852206,-0.1178854038995453,-0.0278523495473532,-0.0217720497313998,0.0792261387858143,-0.0504301038017176,-0.1054235643847829,-0.0251086975716138,0
Zm00001d032286,1.0,III,0.593651,0.68,0.0086040810394748,0.9790861888134764,0.0599,0.3007,0.1992,20793.0,33541.0,10.5316,1.32,0.01,0.03,0.0,0.27,0.605,0.0,0.365,0.8,0.0,0.16435,0.33094999999999997,0.9,1.0,1.0,1.0,8446,0.0,0.143,0.0,1.0,1.0,0.0,0.0,0.0,-0.0494058860115455,-0.1179626244864924,-0.1060572205767448,-0.0401416745104663,-0.0781873633710865,0.6742308284703833,-0.1493385679535425,-0.0826653710263036,0.6021377802640397,0.1867989643139817,0.6046329284722511,0.1773370728974431,0.2340217880531512,0.7132194068189087,-0.0567749215585339,0.1617692731258544,0.3193971504305773,-0.0579376184219516,-0.0259350922560467,-0.0247361011433162,0.1108349624923741,0.4553688809328566,-0.1206529460930409,-0.0323265589873916,0
Zm00001d032292,1.0,III,0.747368,0.53,3.869521410986093,0.4793984327543029,0.0319,0.4343,0.0735,60.0,58.0,9.10026,1.3,0.015,0.065,0.0,0.73,0.48,0.0,0.8200000000000001,0.71,0.0,0.1333,0.33465,1.0,0.86785,1.0,1.0,0,0.0,0.804,0.0,1.0,1.0,0.0,0.0,0.0,0.026751369866693,-0.0213619186853751,0.0185362153206145,0.0048516075358595,0.0352883500222614,0.0130449408619947,-0.0188270265569024,-0.015219527850916,0.2352801539502747,-0.013991530557865,0.6021859140328123,0.1347682969844272,0.2498587438389613,0.0631320634340781,0.0446018472297729,0.2039948777763561,-0.022322855897443,-0.0680155145150474,-0.0511186778969985,0.0215838177925227,-0.0182968700411996,-0.0189914987883497,-0.1033612192164169,-0.0322767302535216,0
Zm00001d032304,1.0,III,0.46332,0.388235,1.299250020368221,0.6126820958119185,0.0697,0.1435,0.4858,308377.0,57673.0,11.9629,1.22,0.045,0.055,0.0,0.735,0.795,0.025,0.88,0.925,0.495,0.3478,0.35209999999999997,1.0,1.0,1.0,1.0,0,0.2710000000000001,0.8109999999999999,1.0,1.0,1.0,0.0,0.0,0.0,-0.037351817621601,-0.0597196974258623,-0.0241036517014089,-0.0117685864189134,-0.0721073803505495,-0.0016748594712609,-0.086842596731485,-0.0272722435438841,0.4955018427397589,0.7684130964769259,0.362269287859676,0.0428270556462877,0.3517944664723946,-0.1085164218931677,0.9422615634868884,0.2641051802666819,-0.0178520968674193,-0.0885033902248959,-0.011019698356906,-0.0627554527084905,-0.0308355820931853,-0.0393372243054167,-0.055871772044011,-0.0361470934763259,0
Zm00001d032306,1.0,III,0.658683,0.51,1.1727028671293724,0.422527305540508,0.0712,0.2485,0.2864,42.0,52058.0,11.5034,1.21,0.055,0.04,0.04,0.53,0.635,0.185,0.615,0.81,0.395,0.53335,0.39580000000000004,1.0,1.0,1.0,1.0,581,0.0,0.7325,0.0,1.0,0.0,0.0,1.0,0.0,-0.0100398955150086,-0.0111007723745616,-0.0227792104567407,0.0076326651666826,-0.0183580912135617,-0.0025081941896112,-0.0247370494750117,-0.0045745439631833,0.2822222002630303,0.5850988991105159,0.4980550524701394,0.1985139266507625,0.4894756320343113,-0.0259404937487696,0.4934090937942734,0.44218071009451,0.2544083854408333,-0.0413168876378947,0.3930195950063821,0.3079746853871729,0.6776039760599052,-0.0372900063370112,-0.0435092570921623,0.6242769907688788,0
Zm00001d032311,1.0,III,0.442263,0.5,2.555250313977886,0.3910022877765426,0.0219,0.1325,0.1656,1463.0,53955.0,9.55982,1.15,0.030000000000000002,0.005,0.01,0.7150000000000001,0.045,0.01,0.925,0.215,0.445,0.29995,0.12545,1.0,0.57895,1.0,0.9583,0,0.9852,0.0,1.0,0.0,0.0,0.0,1.0,0.0,0.697301663150652,0.4145143975424692,0.11579156442823,-0.0345700094163558,0.167817211284047,-0.0950151852110314,-0.1236311608617793,0.1557028481748305,0.7739915114603124,0.6967022234097832,0.6203095839129416,0.2928744280656676,0.7044114766403546,-0.0438746751822185,0.4236737454245097,0.5496843340234363,-0.0109393428077748,-0.0098147158128221,0.0065836167706374,0.0030844230384315,0.0351381548784224,-0.0038198052654551,-0.0130947658028148,0.022874390421841,0
Zm00001d032316,1.0,III,0.640836,0.482353,2.2213775623604914,0.5901281314124752,0.0261,0.2626,0.0992,315868.0,50946.0,44.9891,1.14,0.04,0.01,0.02,0.815,0.675,0.195,0.88,0.875,0.22,0.65835,0.15175,1.0,1.0,1.0,1.0,2481,0.43300000000000005,0.1505,1.0,1.0,1.0,0.0,0.0,0.0,-0.0624862336407433,-0.0303841410842907,-0.0691951533596608,-0.0742913747374365,-0.0666897794969191,-0.0429021508668527,-0.1194364638802141,-0.1030747625460835,0.2649042183456428,0.4642308799730714,0.6425056025174808,0.2227394045649045,0.518192940767848,0.0197558018849721,0.7157728415808974,0.5834684755031658,-0.0868785376022638,-0.1119465120013457,-0.0499429761521578,-0.0328553794015228,-0.0314373382368279,-0.04083126256523,-0.1183271474007582,-0.0446306607184571,0
Zm00001d032317,1.0,III,0.45034,0.44,0.0049284542261587,0.9628435813598728,0.0261,0.1005,0.26,253436.0,106232.0,44.9891,1.13,0.035,0.02,0.02,0.73,0.27,0.32999999999999996,0.8200000000000001,0.39,0.46,0.5119,0.25965,1.0,1.0,1.0,1.0,0,0.9154500000000002,0.20199999999999996,1.0,1.0,0.0,1.0,0.0,0.0,0.2354445228575171,-0.0589793725928439,0.1155372279629337,0.2366450543425103,0.5652884106171628,-0.0227106621359866,-0.106145672522966,0.5012361561250219,0.4589400905124904,0.389565265565161,0.1326765426314047,0.0753520790205307,0.2778511561652912,-0.0453784586202339,-0.0065792447847246,0.2661249836363742,0.0252871331377439,-0.0195752640258941,-0.0174611294330264,0.0126591784269224,0.0178566559921898,0.0180070910562006,-0.0509119155584522,-0.002126877117292,0
Zm00001d032319,1.0,III,0.497693,0.45,3.2207748170620474,0.2100436209975445,0.0375,0.1397,0.2682,210112.0,155445.0,11.5034,1.12,0.065,0.02,0.0,0.65,0.59,0.0,0.81,0.6950000000000001,0.8049999999999999,0.56125,0.1717,1.0,1.0,1.0,1.0,2438,0.07055,0.0,0.74,0.0,0.0,0.0,1.0,0.0,-0.0430420266413578,-0.0295009260251833,-0.039746983317476,0.0143965285056696,-0.0385507285550131,-0.0248444371942202,-0.0451649056626483,-0.0185978645507243,-0.0625932676759523,0.9224893910933633,0.3032394052854275,0.0597736687277149,0.1919984802299271,-0.053080737746545,1.3390464601979055,0.029000010987235,-0.0549536671501003,-0.1151051022069977,-0.0646036260132412,-0.0566264343397487,-0.0143328422080314,-0.0422658091036394,-0.1220098413510845,-0.0303620012293313,0
Zm00001d032263,1.0,III,0.550162,0.45,4.0858301450813945,0.2236936913153489,0.0425,0.2988,0.1422,107822.0,10969.0,17.6883,1.37,0.035,0.015,0.0,0.8049999999999999,0.6950000000000001,0.0,0.8200000000000001,0.915,0.0,0.42225,0.20829999999999999,1.0,1.0,1.0,1.0,147,0.0695,0.14550000000000002,1.0,1.0,0.0,1.0,0.0,0.0,-0.0225150709908808,0.7869036153829809,0.2320318843835259,0.0659879937181605,0.128634495098969,-0.0182932827084229,1.1536544130975763,0.0153615924422239,0.1341765489952728,0.031911420881368,1.43139399110743,0.9838871730445108,1.469694386260759,0.0279547249094593,0.8962486375290636,1.8962758789222025,-0.0303793455818309,-0.087605457606919,0.019120723436698,0.0799169001876391,0.0291127536048509,-0.0271799681873327,-0.0632265682955812,0.0711648109458449,0
Zm00001d032262,1.0,III,0.524652,0.45,1.2100124379881931,0.3324836381295057,0.0403,0.1395,0.2885,160852.0,106483.0,9.55982,1.37,0.060000000000000005,0.045,0.0,0.46,0.36,0.0,0.61,0.6399999999999999,0.665,0.4324,0.47945,1.0,1.0,1.0,1.0,12719,0.0605,0.4549999999999999,1.0,1.0,0.0,0.0,1.0,0.0,-0.0650776430018725,-0.0758831161844846,-0.0860200369311083,-0.0327282788265825,-0.0499334381606201,-0.0197909325058052,-0.1182551060082587,-0.0393936017758589,0.0562800225757529,0.5231349056096803,0.6495536763882019,0.1725167849878851,0.4063622459422242,0.0411806945819077,0.8856640132954483,0.4435640711397017,-0.0596207920034415,-0.0978978327380637,-0.0430375956261351,-0.0685091729061185,-0.0182597301984121,-0.0680283423932819,-0.1200713397469289,-0.0364638520615734,0
Zm00001d032257,1.0,III,0.510191,0.5,5.880265151150849,0.1211416484462202,0.0124,0.132,0.0939,88638.0,82511.0,23.4663,1.38,0.125,0.045,0.0,0.45999999999999996,0.5549999999999999,0.005,0.64,0.75,0.565,0.9821500000000001,0.24995,1.0,1.0,1.0,1.0,5868,0.26230000000000003,0.2925,1.0,1.0,0.0,0.0,1.0,0.0,0.0067984129845975,-0.0464111565101045,-0.0727842296014015,-0.0196706359630405,0.0446548593502726,-0.0273574060083588,-0.0782113698114208,-0.0304390194271975,0.022922543880686,0.8194997940834685,0.3476759986435376,0.0649097603160442,0.2698503122654561,-0.0212588414534715,1.2092955063334838,0.1618967163753089,0.1377724879292725,-0.1034520386210356,-0.0711418576678158,-0.024382259488304,0.1068110115641232,-0.0897297174524345,-0.1248662965800246,-0.0369306767805797,0
Zm00001d032250,1.0,III,0.593245,0.54,2.212243736695596,0.5348522029937253,0.0741,0.2311,0.3208,89793.0,132007.0,61.3513,1.39,0.075,0.01,0.005,0.6,0.73,0.015,0.75,0.89,0.14,0.6389,0.0953,1.0,1.0,1.0,1.0,477,0.4155,0.0,1.0,0.0,1.0,0.0,0.0,0.0,-0.0975197114388497,-0.1420597850220336,-0.1473026004386794,-0.0909968458482822,-0.1270031593358903,-0.1075624041464347,-0.154318522061285,-0.1086390630023375,0.4706759594433789,0.3382181749406877,0.2095318609183368,0.091084176913644,0.3796789077377042,0.0311015601218229,0.134517369780904,0.2334834495743472,0.0783578227860718,-0.0470571444437864,0.0239766686844051,0.0482761351561895,0.132907388773163,0.1034726715799884,-0.0472339337290732,0.0583495998887137,0
Zm00001d032249,1.0,III,0.664596,0.46,0.8971856755500144,0.6535682178704443,0.0544,0.1786,0.3047,355.0,37105.0,11.5034,1.39,0.02,0.01,0.030000000000000002,0.6,0.69,0.155,0.715,0.845,0.30500000000000005,0.30665,0.07830000000000001,1.0,1.0,1.0,1.0,697,0.6744999999999999,0.0,1.0,0.0,0.0,0.0,1.0,0.0,0.0011467686841263,-0.0710172569900082,-0.0794515927609633,-0.0168859532096282,-0.0648115124430415,0.9366402777549052,-0.0934906748908769,-0.0572557212315985,0.4609495510038812,0.2631195814147847,0.3437433264156292,0.1002561881828357,0.2379563151667679,1.0624328716008475,0.1388040056961416,0.1396126696903708,0.0538248363172379,-0.0444828283079727,0.0027084866795616,0.0104131288260442,0.0532835694212386,0.6080051197712132,-0.0603883769062399,-0.0328537318351576,0
Zm00001d032244,1.0,III,0.683532,0.58,0.0036495043419323,0.9606171730688302,0.0675,0.321,0.2102,59690.0,133690.0,13.3943,1.39,0.075,0.0,0.0,0.665,0.01,0.0,0.875,0.24000000000000002,0.0,0.5655,0.07085,0.95,0.25,1.0,1.0,7331,0.5925000000000002,0.0,1.0,0.0,0.0,0.0,1.0,0.0,0.0827667437450573,0.7557564576720923,0.0790745185301752,0.0445084713289812,0.1807468543769239,0.0043782430397306,0.9372917091529605,0.0545556019097376,0.3133818659764575,0.1540747811116414,0.4665619053391006,0.0417508959180677,0.1388936206924717,0.171464722358242,-0.0288730918836173,0.1601605412051376,0.2798299084877474,0.0503907216963763,0.062712465579652,0.0335078555787782,0.1401373961464664,0.0825915533151138,-0.0822171301602224,0.0274042169350874,0
Zm00001d032242,1.0,III,0.495327,0.34,0.0157809341592746,0.9761777706466712,0.0307,0.1802,0.1705,23316.0,170744.0,13.3943,1.39,0.015,0.01,0.0,0.515,0.585,0.0,0.7949999999999999,0.8300000000000001,0.025,0.1583,0.22945,1.0,1.0,1.0,1.0,0,0.33720000000000006,0.0965,1.0,1.0,0.0,0.0,1.0,0.0,-0.0645553261419515,-0.1131097124339254,-0.0893542613745306,-0.0565733415923378,-0.0718323731686768,-0.04026767245065,-0.1459330507398662,-0.0916339354556609,0.5629272146021185,0.1150301159665556,-0.0358384141099902,0.0210567639381091,0.1519145731105323,-0.0168008468983546,-0.1022074873637099,0.0677787271283866,0.0642500477419124,0.0226221251774518,-0.088689803060914,0.0219631862470042,-0.0476483601272059,-0.0003113689853822,-0.1088362842448759,0.0045501469897019,0
Zm00001d032239,1.0,III,0.743986,0.48,4.345743481343057,0.3896182370429858,0.0556,0.4787,0.1162,0.0,251.0,42.6386,1.39,0.05500000000000001,0.060000000000000005,0.0,0.665,0.715,0.0,0.62,0.83,0.035,0.35895,0.18005,1.0,1.0,1.0,1.0,2211,0.1595,0.03900000000000001,1.0,0.78,0.0,0.0,1.0,0.0,0.2121331741983248,-0.0753164049927865,-0.0554741400712775,-0.0137335617960604,0.1127888407551632,-0.0559635979097287,-0.1344274085225288,-0.0011632920836695,0.12388395640708,-0.0407087772195944,1.0647746882202012,0.5265700296210444,0.805843213541124,0.0115256526406027,0.2604501136960014,0.6446072866195502,0.0108502962796835,-0.0621706898011842,-0.0382233212486812,0.0206649463805762,0.1833775960000388,-0.0050141390274781,-0.0759277471703104,-0.0092274883106864,0
Zm00001d032231,1.0,III,0.503243,0.41,7.657479211010368,0.1800291111232798,0.0157,0.2043,0.077,90.0,6254.0,23.0067,1.39,0.045,0.03,0.0,0.77,0.72,0.0,0.835,0.795,0.495,0.4663,0.31465,1.0,1.0,1.0,1.0,2341,0.9009999999999999,0.8334999999999999,1.0,1.0,1.0,0.0,0.0,0.0,-0.0875715962602739,-0.0982507561992184,-0.1137590879865639,-0.0610722945014373,-0.0273888120036722,-0.0524124693657819,-0.1239995180895237,-0.0640922534177241,-0.0255670429466976,0.5613433996574286,0.9927337726545228,0.4503094902259755,0.6739098910899425,0.0581326697755292,1.3065902139549794,0.317138860618426,-0.0380798611548419,-0.0719897879379625,-0.011035400303557,-0.0193423154498486,-0.0174695027076339,-0.0495645159291698,-0.0730636904362991,-0.0297372102020083,0
Zm00001d032229,1.0,III,0.594444,0.65,5.047441401113232,0.1903117676678928,0.0408,0.147,0.2775,146.0,46315.0,13.9065,1.39,0.06,0.01,0.0,0.8300000000000001,0.73,0.005,0.905,0.815,0.45,0.6107499999999999,0.13795000000000002,1.0,1.0,1.0,1.0,8062,0.234,0.0,1.0,0.0,1.0,0.0,0.0,0.0,-0.0760922139189635,-0.0975227169232595,-0.0833545537069614,-0.0298886921899785,-0.0720235060144595,-0.0190173774674222,-0.1280649063337967,-0.1194744581561179,0.4165068905180436,0.6441351657757511,0.5926863435470467,0.2158843723159689,0.589565766803559,0.0065666575877079,0.8331249204715989,0.4457201605360207,-0.0286635103008481,-0.0835500818577131,-0.0811764002514758,-0.0316387069494509,-0.012840824027905,-0.0245389976121781,-0.0974535534475804,-0.0342989594868646,0
Zm00001d032226,1.0,III,0.494583,0.47,2.4655775094117733,0.2675471516198208,0.0465,0.1424,0.3267,59822.0,57290.0,21.0632,1.4,0.025,0.025,0.0,0.795,0.6799999999999999,0.0,0.845,0.8300000000000001,0.55,0.3333,0.5,1.0,1.0,1.0,1.0,1758,0.152,0.098,1.0,1.0,0.0,1.0,0.0,0.0,-0.0767582026788954,-0.0849012077365914,-0.0943258670040532,-0.0260966425993471,-0.0056857099453197,-0.0043188355669636,-0.1218584614516273,-0.0744972876168137,-0.0751857519241693,0.6289102857480026,0.9740455457368604,0.3163394767781418,0.5611425726680939,-0.0417141141316841,1.4427980783127894,0.2983785352546019,-0.0452827173518706,-0.0572970578795858,0.0109885592538805,0.0166969464216675,0.0095385790852307,0.012213919018666,-0.0515361462264373,0.0200362563855686,0
Zm00001d032224,1.0,III,0.58404,0.54,4.034971692438718,0.3918362984948781,0.0255,0.1173,0.2173,26.0,117923.0,21.0632,1.41,0.02,0.005,0.0,0.765,0.07500000000000001,0.0,0.855,0.33999999999999997,0.69,0.10650000000000001,0.07775,1.0,0.75,1.0,1.0,3668,0.10400000000000001,0.0,1.0,0.0,0.0,0.0,1.0,0.0,0.2229986586156195,0.0094674434144641,0.0129913388105041,0.112557237659324,0.4042386980504243,-0.0260460535592654,-0.0907299722935966,0.184822377692914,0.0829006389614752,0.7108407144655856,0.7145587698892908,0.1051090350438441,0.31151032950219,-0.0103914285243847,1.2572174609630504,0.2415550885239203,-0.1204211108100211,-0.1428633424040317,-0.0710733360246936,-0.0904896656950763,-0.108456180179142,-0.0938091170445134,-0.1410693838714469,-0.1139802028724874,0
Zm00001d032219,1.0,III,0.398907,0.32,0.0,,0.1026,0.0964,1.0643,139479.0,25813.0,99.9975,1.44,0.0,0.005,0.0,0.025,0.56,0.0,0.14500000000000002,0.865,0.01,0.0363,0.15655,0.3021,1.0,0.80835,1.0,1012,0.0,0.5725,0.0,1.0,0.0,0.0,1.0,0.0,0.0165845040363303,-0.0072170997368452,-0.0201641336149741,0.0198599683550558,-0.0164322927942059,0.0653484505589188,-0.0150786373550117,0.0196580360619704,0.4569069024912441,0.0053278176927717,-0.0191856217991279,0.0016889358845148,0.0530413716013295,0.9295102608707954,-0.0849586089146021,0.0211596513067629,0.4659776110716291,0.129096522537465,-0.0279624709814391,0.0147807969351487,0.1786760838774163,0.64371732674002,-0.1134378757818798,0.1315725991124587,0
Zm00001d032215,1.0,III,0.588832,0.64,3.1215047530323723,0.5891219751832473,0.0114,0.1635,0.0699,197170.0,85965.0,15.3378,1.46,0.035,0.035,0.005,0.63,0.585,0.11000000000000001,0.82,0.6950000000000001,0.41500000000000004,0.3532,0.3472,1.0,1.0,1.0,1.0,5366,0.5525,0.14305,1.0,1.0,0.0,0.0,1.0,0.0,-0.0468805009078579,-0.0773070593935782,-0.0731396574173092,-0.0270902716522196,-0.0709112701225028,-0.0157393397099895,-0.111109796073827,-0.0553395058154074,0.3741362470493422,1.0874104084638057,0.4148138361665407,0.2795049898458575,0.5498350192571759,0.0509162100823636,1.027940937151205,0.3486655149019845,-0.0776525550148874,-0.1062822830516955,-0.083626292660505,-0.0404897687964675,-0.0544525315981943,-0.0402126198031974,-0.1329083570467391,-0.0355903059704475,0
Zm00001d032213,1.0,III,0.720339,0.59,0.4363265519478191,0.6744443427124753,0.0614,0.192,0.3198,110478.0,176545.0,9.61248,1.47,0.01,0.095,0.030000000000000002,0.63,0.44499999999999995,0.055,0.835,0.61,0.1,0.11145,0.55625,1.0,1.0,1.0,1.0,0,0.6609999999999999,0.11599999999999999,1.0,1.0,1.0,0.0,0.0,0.0,-0.0252552793733585,-0.1088561525485148,-0.1087972127735824,-0.0747217134601911,0.0152681834504513,0.6899289378780424,-0.1208693661274558,-0.077601688595802,0.5203035700551071,0.1199675991067673,0.281117397556993,0.0615591890312913,0.0928425687148145,0.9001949766616676,-0.0827737422156763,0.064706491249332,0.013344991701317,-0.0519645121785058,-0.0125857481910879,-0.0081562110163873,-0.0230013005653651,0.4606186839906653,-0.0806170687738453,-0.0075711315885845,0
Zm00001d032212,1.0,III,0.460261,0.6,2.8707536976403305,0.4497517658192369,0.0183,0.1069,0.1707,70113.0,214522.0,9.61248,1.47,0.045,0.035,0.0,0.765,0.715,0.015,0.81,0.7949999999999999,0.45499999999999996,0.6542,0.5277499999999999,1.0,1.0,1.0,1.0,835,0.795,0.7879999999999999,1.0,1.0,0.0,0.0,1.0,0.0,-0.0177363920607392,-0.0121345525897787,-0.0181750260999365,-0.00824676811476,-0.0170606437307177,-0.0025401853151179,-0.0219013484254886,-0.024012743514437,0.301481255304315,0.6740126395978662,0.6153457161624694,0.1610745770025642,0.4938362174586453,-0.0474840690911179,0.9984715351059508,0.3843317152916648,-0.027924500206955,-0.0586997870940925,0.0133767920803266,0.0075329701401872,0.0079496572813429,-0.0269599906652236,-0.0804077490206907,-0.0024826319443842,0
Zm00001d032206,1.0,III,0.529101,0.36,0.4745471013458233,0.9175500653973476,0.0383,0.1287,0.2976,273.0,110.0,14.3661,1.5,0.04,0.03,0.0,0.54,0.31,0.005,0.675,0.45999999999999996,0.0,0.4137,0.32289999999999996,1.0,1.0,1.0,1.0,1683,0.09299999999999999,0.012499999999999997,1.0,0.25,0.0,0.0,1.0,0.0,0.210964155997116,-0.0147875962739419,-0.0827684012658019,-0.0184176140699936,0.222779116182992,-0.0229827230703841,-0.1344666315219183,0.0484389072100599,0.7368637992665426,0.2555802313915945,0.5042404017731987,0.2269262885168106,0.6592652060720007,0.062382723441058,0.0125788707344651,0.5934357433880247,0.1751769425585476,-0.0606628332570632,-0.0431832504863833,0.0061789981666682,0.1211619184935744,-0.0290149452750449,-0.127678063459621,0.0058827344651486,0
Zm00001d032198,1.0,III,0.476703,0.423529,5.924574203934429,0.1111232876176107,0.0208,0.1004,0.207,233353.0,29.0,25.3572,1.52,0.015,0.095,0.0,0.63,0.19999999999999998,0.005,0.77,0.35,0.605,0.12635000000000002,0.5077499999999999,1.0,0.875,1.0,0.9843999999999999,1857,0.1605,0.0,1.0,0.0,0.0,0.0,1.0,0.0,0.191738199435932,0.0275288540181946,0.9950754875040908,0.2603281489786472,0.4852721084838899,0.1838306429639245,0.1604582396032901,0.4022178125408494,-0.0177192931538445,1.0353572130101605,0.7907816881861203,0.4231289072048004,0.6097096854253987,0.0234862951070461,1.637090914264455,0.375313968488255,-0.0570451925333639,-0.0652625133186551,0.0048619082312169,0.0435964549180278,0.0844520387013058,-0.0205178326211971,-0.0585975325834702,0.0182505107845184,0
Zm00001d032197,1.0,III,0.669355,0.67,3.105710589714406,0.7452873704632844,0.0061,0.1873,0.0328,733.0,376.0,25.3572,1.52,0.0,0.065,0.0,0.0,0.6100000000000001,0.0,0.155,0.8,0.085,0.02905,0.5806,0.03125,1.0,0.90175,1.0,834,0.0875,0.8740000000000001,1.0,1.0,0.0,0.0,1.0,0.0,0.0282620221140833,-0.0381802163788654,0.1610734253277864,0.032831079648129,0.0615139554473141,0.0153700911827265,-0.0127048882837115,-0.004308787684296,0.2977789735096809,0.1018596084438942,1.540871970137725,0.3300155496157552,0.4590552245672706,0.2527826492174169,0.3139300796430017,0.4454231538821738,0.014557075010238,0.2142842038804207,-0.0035052310282065,0.245081799093249,0.5110431757718473,-0.0212790025424833,0.1645681670707196,0.207171548831971,0
Zm00001d032188,1.0,III,0.580852,0.58,2.9914213838074803,0.4538208829771985,0.0389,0.2257,0.1725,369.0,28108.0,55.1138,1.56,0.11,0.025,0.0,0.495,0.74,0.005,0.6499999999999999,0.915,0.12,0.54765,0.20934999999999998,1.0,1.0,1.0,1.0,0,0.24600000000000002,0.8298000000000002,1.0,1.0,0.0,1.0,0.0,0.0,-0.0484229735018284,-0.0411850095525566,-0.0354478025394451,0.0039065866139651,-0.0555700736780219,-0.0025401675775705,-0.0766787803415674,-0.0486979936664052,0.2816358249133966,0.3314631633896659,0.4542342765895889,0.5813312188148062,1.0186742759771297,0.026745777500995,0.3974709203980421,0.8712546651882394,0.2160616283928254,-0.0741901610045468,-0.007896362994896,0.1939274439443537,0.4865749847485269,0.0484664200997167,-0.092513223738386,0.2433464423205857,0
Zm00001d032187,1.0,III,0.545148,0.394118,4.3611514912501335,0.3780791221590336,0.031,0.2667,0.1161,1116.0,2549.0,33.0788,1.57,0.04,0.04,0.0,0.425,0.065,0.0,0.43,0.175,0.615,0.3169,0.40790000000000004,1.0,0.78175,1.0,1.0,13870,0.10149999999999998,0.0,1.0,0.0,0.0,0.0,1.0,0.0,0.2272759971114721,0.1809015665489536,0.3506589510727004,0.1489883414396566,0.2566190622963358,0.0634134862228912,0.0664460116895702,0.2584087071164268,0.1422993033463078,0.627483276250856,0.3692315801391103,0.3537925698459256,0.5794032363465973,0.0094930677500465,0.8486765934185543,0.3302221402104978,0.0932461336169102,-0.0331395440210096,0.6736764181120347,0.4540936138261514,0.7718607771392874,-0.0269437471096956,0.3551920241492216,0.6417641486617776,0
Zm00001d032182,1.0,III,0.581849,0.42,0.0125944487881265,0.9353381418475144,0.0481,0.2534,0.1897,34382.0,2557.0,14.3661,1.58,0.03,0.0,0.0,0.575,0.005,0.0,0.8,0.13,0.0,0.32735000000000003,0.10195,1.0,0.25595,1.0,0.9582999999999999,3515,0.0,0.05549999999999999,0.0,0.6,0.0,0.0,1.0,0.0,0.0970893993605877,0.4950556214017945,0.5038243200228729,0.1275034806870946,0.4021625755104726,-0.0311119716466022,0.9062647845159716,0.0889632885980236,0.781021209627814,0.2182231330946133,0.3772478968910563,0.1233295697489485,0.4417605601232652,0.019741889420561,-0.0626562776663468,0.4889532578266969,0.2613293357213831,0.1319058694221201,0.1422300115814646,0.0520671807874683,0.1097163065313109,0.0126452613181628,-0.0855376464463532,0.079588270858183,0
Zm00001d032181,1.0,III,0.538889,0.5,6.10592201061511,0.2573759307178725,0.0069,0.2915,0.0238,65.0,36229.0,14.3661,1.58,0.065,0.04,0.0,0.535,0.2,0.0,0.6399999999999999,0.33499999999999996,0.13,0.5757,0.31945,1.0,0.9375,1.0,1.0,1341,0.244,0.0,1.0,0.0,1.0,0.0,0.0,0.0,0.1872513058160203,0.1038427403965503,0.0812249374418519,0.0562358499746036,0.0741944358754577,0.0089438964974237,-0.0856608407127014,0.0430498444116984,0.1062927745229194,0.3937212827439694,0.977322799606072,0.2804305609840979,0.6712007122031981,-0.0410961917227688,1.26481866268765,0.4039897318410557,0.1183558124386244,-0.0934131680567533,-0.007761147606481,0.0126938860247983,0.0956488822312577,-0.0053724010730416,-0.0684326305969977,0.0080816906819007,0
Zm00001d032165,1.0,III,0.409556,0.39,4.202710658620874,0.2437584206669388,0.1117,0.2117,0.5276,122590.0,10967.0,16.2569,1.63,0.055,0.01,0.0,0.61,0.66,0.0,0.6699999999999999,0.79,0.52,0.55555,0.06915,1.0,1.0,1.0,1.0,0,0.5349999999999998,0.2785,1.0,1.0,1.0,0.0,0.0,0.0,-0.0392911220765426,-0.0695206224962016,-0.0916751339717818,-0.0193876621584333,-0.0091025932420624,-0.0085347286633835,-0.1063599972531361,-0.0259396707602505,0.0784051462248641,0.7168396175189581,0.488652737869255,0.2801849926944155,0.5430646085665221,-0.0213129899694143,1.1540208183032037,0.406633175270049,0.175833232606087,-0.0190877035347752,0.0397275884401378,0.0611463791766173,0.3229237213584178,0.004363839532632,-0.0654867338652533,0.203345738032256,0
Zm00001d032158,1.0,III,0.623225,0.65,3.825615100625118,0.273857346726493,0.0244,0.2194,0.1114,22.0,53461.0,25.8694,1.65,0.035,0.015,0.0,0.8300000000000001,0.6,0.0,0.8400000000000001,0.885,0.0,0.5639000000000001,0.16665,1.0,1.0,1.0,1.0,8030,0.36955,0.27699999999999997,1.0,1.0,0.0,0.0,1.0,0.0,-0.0547656865432439,0.0618536385494478,0.0572570039102289,-0.0182370349315177,0.0021042157645202,-0.029080915005986,0.0569460485601471,-0.0484797361143252,0.064650241772786,0.0631082623042679,1.3303341388544854,0.6021784761033059,0.9790887446085456,0.0066301332130622,0.6427797433508223,1.1262808859743043,-0.0614459960101197,-0.0639618883968525,-0.0513997689135699,-0.0327596781919949,-0.0091082663801278,0.0092152814850696,-0.0805069184061952,-0.0031189108661007,0
Zm00001d032157,1.0,III,0.522273,0.305882,3.4899682719693232,0.2230091495084195,0.0305,0.1456,0.2094,44197.0,6262.0,25.8694,1.65,0.06,0.035,0.025,0.615,0.315,0.095,0.87,0.5,0.575,0.35865,0.49445,1.0,1.0,1.0,1.0,3831,0.47150000000000003,0.075,1.0,1.0,1.0,0.0,0.0,0.0,-0.0139825713597009,-0.0336147214952203,-0.0254589580148037,0.0038873669612862,-0.0501854297381847,-0.0322597557567926,-0.0693974905795942,-0.0465976595927188,0.3137577652839682,0.7824170212626834,0.3257685892168622,0.1266013250578527,0.387629470556463,0.0011841260494458,0.7253369777223385,0.2583058428999359,-0.0347698792413114,-0.0837993836268915,-0.0704894063697559,-0.0497494328191431,-0.0085038895362872,-0.0532280576366616,-0.0846970551065298,-0.0609464416214011,0
Zm00001d032152,1.0,III,0.678892,0.51,3.253464342238051,0.6420545861192732,0.0309,0.467,0.0661,410.0,58.0,22.035,1.65,0.045000000000000005,0.0,0.01,0.5900000000000001,0.005,0.0,0.755,0.5800000000000001,0.060000000000000005,0.3185,0.015050000000000001,1.0,0.08335,1.0,1.0,0,0.4975,0.04549999999999999,1.0,0.91,0.0,1.0,0.0,0.0,-0.0696717332808881,0.7490611422842288,-0.0058509769810501,-0.0195321080812565,0.1020793174421546,-0.0929753045160657,1.107466417741308,-0.061388105450966,0.570512742568096,0.0129168618238768,0.0860882943334949,0.2336295407577721,0.3889231387441519,0.5291171221119215,-0.1249996968277321,0.2335919651943664,0.0552803764620223,-0.0811547439148829,-0.0546798483923821,0.0036995892218035,0.068543907742359,0.1235670948405332,-0.1047282429749036,-0.0150387904744662,0
Zm00001d032146,1.0,III,0.482955,0.49,2.2899005998355046,0.4639387000396517,0.0623,0.1297,0.4802,52594.0,118799.0,7.66892,1.66,0.035,0.01,0.0,0.7949999999999999,0.515,0.0,0.8999999999999999,0.675,0.0,0.48335,0.1488,1.0,1.0,1.0,1.0,59,0.4230000000000001,0.2834999999999999,1.0,1.0,0.0,0.0,1.0,0.0,0.4765417379738698,0.1886020634630738,0.215353914833264,0.2665863461708474,0.5463613106779356,0.0568041908065849,-0.0640927740623483,0.5260840802729211,0.6125994032473937,0.1908410897711346,0.2994292122819452,0.1052523724412152,0.3946822264952423,-0.061180373115482,-0.0782768627637081,0.3492395176791608,0.0784366868280103,0.0570653593405411,-0.015879246252075,-0.0026208962066885,0.0224482106256457,-0.0122316760985297,-0.0758811913108252,-0.0227072984061248,0
Zm00001d032139,1.0,III,0.515432,0.38,3.0926579515626726,0.3017521387862352,0.0313,0.1408,0.2225,52940.0,969.0,20.0915,1.66,0.04,0.045,0.01,0.65,0.17,0.06,0.875,0.345,0.525,0.6253500000000001,0.48265,1.0,0.78335,1.0,1.0,0,0.5365000000000001,0.0783,1.0,1.0,1.0,0.0,0.0,0.0,0.3208422362531813,-0.0083306068681753,0.003796043475597,0.0832570523243421,0.2316992977480858,0.1171695818642596,-0.0259315903379631,0.1308279041509865,0.3700521403564797,0.5209336391869294,0.3648523391843609,0.3520201164030048,0.7804455551569537,-0.0573230401312635,0.6299984952002655,0.5289374630604013,-0.0850950041980224,-0.1118504659468035,-0.0418094236270561,-0.069869895026108,-0.0240414997660998,-0.0642528901455106,-0.1150399245024801,-0.0057767527468701,0
Zm00001d032123,1.0,III,0.429825,0.39,4.854859406497115,0.2212793088962438,0.0,0.0777,0.0,217257.0,41394.0,16.3096,1.67,0.0,0.025,0.0,0.05,0.8,0.01,0.89,0.915,0.38,0.059,0.21939999999999998,0.83335,1.0,1.0,1.0,0,0.0,0.0,0.0,0.0,0.0,1.0,0.0,0.0,-0.0636572025488797,-0.0998678058514032,-0.0614411599006987,-0.0362991913050487,-0.0403033738874663,-0.0347730814924675,-0.1126826646933301,-0.0850316572528839,-0.0117562714019999,0.6114747105791596,0.0008439210836729,-0.0213314833298404,0.1313581963856625,-0.0510516219286565,0.5332880166633599,0.0015045279079619,-0.0991353423518474,0.6048126649503185,-0.0514279045977787,-0.0075590614732932,0.0530139749227818,-0.0404234103213368,0.8236744113794112,-0.0412630684998366,0
Zm00001d032118,1.0,III,0.585257,0.37,0.0143448626220024,0.8908090508176131,0.0749,0.1986,0.3774,65865.0,11217.0,17.2814,1.67,0.07,0.015,0.0,0.7849999999999999,0.485,0.0,0.9,0.6799999999999999,0.0,0.6309499999999999,0.10605,1.0,0.9375,1.0,1.0,78,0.6347,0.539,1.0,1.0,1.0,0.0,0.0,0.0,0.1214555511728251,0.0329242802303181,0.0223382770263386,0.0317536993591349,0.1265769776848134,-0.0257727041659103,-0.0533574776859894,0.0274561586640439,0.8945342116038872,0.3370961840077121,0.4773165953810213,0.3434939973827686,0.6559894728082042,0.0762098226201396,-0.1008668404196208,0.4747606647471182,-0.0650431785868384,-0.0947638588581741,-0.0087474666624252,-0.063440565098135,-0.0273013248505328,-0.0607981999759858,-0.1358415866033559,-0.0562915169016313,0
Zm00001d032109,1.0,III,0.444819,0.482353,2.2762012631050417,0.3226612654652648,0.069,0.1052,0.6555,113.0,249408.0,11.9629,1.67,0.095,0.025,0.0,0.5,0.33999999999999997,0.0,0.54,0.5449999999999999,0.525,0.8180499999999999,0.32494999999999996,1.0,1.0,1.0,1.0,682,0.31930000000000003,0.0,1.0,0.0,1.0,0.0,0.0,0.0,-0.0702350100212428,-0.0812034008049013,-0.0526846165800104,-0.0158642424623123,-0.0677167158138924,-0.0467791376625467,-0.1016275828722509,-0.0361204858220237,-0.109329529244706,0.8402124072728263,0.3547353015919834,0.1243128475344514,0.2596159177304726,-0.0351284359139525,1.1910894014475857,0.1768839629126908,0.3298931798816812,-0.0847306143423236,-0.0273981743505517,-0.0209963816035402,0.153889781461325,0.0484617120118411,-0.0990089591487688,0.0159314916052022,0
Zm00001d032056,1.0,III,0.505993,0.629412,1.0937765603374106,0.5149482781235575,0.0993,0.1387,0.7161,51857.0,215858.0,14.8783,1.6,0.065,0.025,0.015,0.69,0.78,0.245,0.895,0.9299999999999999,0.69,0.5259,0.27775,1.0,1.0,1.0,1.0,0,0.6890000000000001,0.5954999999999999,1.0,1.0,1.0,0.0,0.0,0.0,-0.0161049321449845,-0.025947432788826,-0.0445799075865473,-0.0126230005381371,-0.0493457799841849,-0.0186774756480243,-0.0468300720508589,-0.0010185511043615,0.3342549193836119,0.8555165646789273,0.2143857154514851,0.0313899322432511,0.3241579496692835,-0.0469593846497255,0.6706956564382038,0.2734647159003479,0.030936410341293,-0.0332664708951308,-0.014352956210454,-0.0056590675156093,0.0456283248721682,-0.0260043529876752,-0.0789104010492891,0.0177512489064106,0
Zm00001d032055,1.0,III,0.636879,0.6,0.7539705272859902,0.842485295744168,0.0836,0.3865,0.2164,484.0,273612.0,14.8783,1.6,0.05,0.01,0.005,0.5,0.615,0.005,0.755,0.89,0.0,0.3125,0.1444,1.0,1.0,1.0,1.0,0,0.5900000000000002,0.0,1.0,0.0,0.0,0.0,1.0,0.0,-0.046902501849404,-0.0278071500770226,-0.0357582037137157,0.0081370525674477,-0.0478807550576076,-0.0184021007672122,-0.0752497553026026,-0.0368355606164077,0.4816548743244997,0.152063812177051,0.6953459911885003,0.24288143853502,0.5774440160834468,-0.030595482401031,-0.0215416447050485,0.538845739900044,0.0190902408542021,-0.0352937636710751,0.0078813796951566,-0.0010753095173242,0.1232657460558751,0.0071259973148633,-0.0486329569343321,0.0727291374670386,0
Zm00001d032049,1.0,III,0.625,0.55,3.053431932204459,0.3718710629411813,0.0165,0.1563,0.1056,161446.0,182932.0,14.8783,1.59,0.060000000000000005,0.04,0.0,0.6100000000000001,0.8,0.015,0.7649999999999999,0.89,0.385,0.575,0.51095,1.0,1.0,1.0,1.0,0,0.7178500000000001,0.5115000000000001,1.0,1.0,0.0,1.0,0.0,0.0,-0.0860679140700626,-0.1038216748951595,-0.1177153121829296,-0.0646214456819875,-0.0535659339514009,-0.0890521593726216,-0.1303006862838328,-0.0496598035014117,0.2369252702285559,0.3860698471242097,0.6089450615355279,0.4594832261350607,0.7058754717965298,-0.015025576923706,0.5114759026805008,0.5875028975267547,-0.0004895300475704,-0.0622999711269641,-0.0569930616944631,0.0277973254880951,0.0655291696188429,-0.0354384074907986,-0.0721035671015924,-0.0169526144698072,0
Zm00001d031740,1.0,III,0.610315,0.53,3.547873041394467,0.3472873260612784,0.0207,0.162,0.128,106363.0,50119.0,7.66892,2.07,0.03,0.02,0.0,0.825,0.725,0.005,0.9,0.885,0.11,0.2195,0.33505,1.0,1.0,1.0,1.0,2477,0.8519999999999998,0.0,1.0,0.0,0.0,1.0,0.0,0.0,-0.0465000614165196,-0.0428628180161179,-0.050322098185669,-0.0172515732153034,-0.0145817448876745,-0.0111625837131208,-0.0670960773159872,-0.0610247141311996,0.1090210519621595,0.4531743561051963,0.8526835993345626,0.198064715713798,0.5629588703239563,0.0064488185001318,0.8366835437108172,0.4282633826243455,-0.0681085283924882,-0.1069902751324185,-0.0462875980135789,-0.0366746204339843,-0.0537323074349593,-0.0651155859649526,-0.1016571781828411,-0.0358136039529331,0
Zm00001d031832,1.0,III,0.510638,0.65,3.6773085155050578,0.2242237657167473,0.0642,0.1345,0.4772,765.0,367.0,33.9979,1.86,0.26,0.055,0.005,0.32999999999999996,0.765,0.07500000000000001,0.215,0.735,0.615,0.9055,0.6452,0.9167000000000001,1.0,0.66665,1.0,5635,0.0,0.602,0.0,1.0,1.0,0.0,0.0,0.0,-0.0334417973080081,-0.0914654479278553,-0.1053808706408129,0.1062680094302131,0.2633754031325704,-0.0079314205889433,-0.1210380364441909,0.0457603284578332,-0.0936409320515851,0.9529090083888448,0.2795671641680571,0.4477644565981983,0.7969119364073332,-0.0438808019405865,1.3041154028790092,0.3450964567368106,0.2841257922539523,-0.0805944859256992,0.0736798964213701,0.240671229368118,0.4983502782123642,0.0665729399866687,-0.0793558815205266,0.3604484542935914,0
Zm00001d031837,1.0,III,0.648627,0.72,0.5534338606300442,0.8757365789137516,0.0992,0.4494,0.2208,936.0,330.0,16.7692,1.85,0.025,0.04,0.0,0.115,0.54,0.0,0.27,0.74,0.005,0.3247,0.38785000000000003,0.84375,0.95435,0.9792000000000001,1.0,956,0.022500000000000006,0.611,0.45,1.0,0.0,0.0,1.0,0.0,-0.0026838275743793,-0.0053913670276729,0.0044188273821263,0.0012272509132686,-0.0049458334553109,-0.0009782123939701,-0.0090413998187471,0.0031556832793818,0.5590282637265284,0.1089344416000132,0.8421244537241505,0.3390820559236095,0.6884217879179848,0.1589170353784764,0.1278189640379011,0.6630305421510475,0.2351603971623641,-0.0981839753920234,-0.0385235505832765,-0.0451921251629387,0.0808098778100964,0.1133996024319188,-0.0802334927729156,-0.0338382338357222,0
Zm00001d031986,1.0,III,0.478125,0.55,5.220134525692408,0.2118023724100207,0.0152,0.1642,0.0923,84555.0,387094.0,11.5034,1.44,0.025,0.02,0.005,0.785,0.5800000000000001,0.16,0.9,0.74,0.645,0.30000000000000004,0.18830000000000002,1.0,1.0,1.0,1.0,0,0.3035,0.16200000000000003,1.0,1.0,0.0,0.0,1.0,0.0,-0.0360068819988757,-0.0451082166055461,-0.0439344076493588,-0.0324057660630294,0.0047227610872308,0.0225807037921949,-0.0755988206240344,-0.0406996292021359,-0.1071460733313268,0.9419967126267568,0.3280581697713322,0.0658841344962596,0.2055474493051507,-0.0109434771460905,1.4636122776759737,0.0948669261270279,-0.0401211297602613,-0.0635905774862326,-0.0371116564513305,-0.0260157703769811,-0.0224385479646739,-0.0057550863508486,-0.0711491228829568,-0.0356555715233711,0
Zm00001d023504,1.0,III,0.4375,0.6,4.25903553599327,0.1459958909678432,0.0067,0.1443,0.0467,91.0,274950.0,8.12848,1.87,0.05500000000000001,0.015,0.0,0.8200000000000001,0.645,0.01,0.9,0.905,0.765,0.5972500000000001,0.24305,1.0,1.0,1.0,1.0,7417,0.7880000000000001,0.075,1.0,1.0,1.0,0.0,0.0,0.0,-0.1000614963340886,-0.0721227475136924,-0.1199986309398543,-0.0676502830897396,-0.0986358355737347,-0.074923016072746,-0.1195182018194618,-0.098549360082825,0.0534138697269211,0.5279094636599421,0.4384680186590034,0.1051987484010535,0.3286537470596989,-0.0184842289063173,0.7598264234929174,0.3445493612207586,-0.0407586570954661,-0.0970418958897517,-0.0363315469684814,0.0242168448747067,-0.0133539397756252,-0.0377977692527042,-0.1004085607670413,-0.0074776642839537,0
Zm00001d023510,1.0,III,0.496403,0.54,4.14256171900717,0.3187633934457047,0.0363,0.0947,0.383,233.0,252160.0,33.5384,0.64,0.01,0.01,0.0,0.7749999999999999,0.77,0.2,0.855,0.895,0.75,0.09720000000000001,0.2222,1.0,1.0,1.0,1.0,0,0.018500000000000003,0.0012000000000000001,0.37,0.17,1.0,0.0,0.0,0.0,-0.0473566271231469,-0.0808213774402701,-0.0684530497162259,-0.0256739479926883,-0.0653748454628367,-0.0249190548965222,-0.0971270049976587,-0.0301762318958094,-0.1600958257917371,1.3158743398462485,0.2857773473627042,0.1317613316817387,0.1922828425745472,-0.0247092100262202,1.6548858180320631,0.0021799071502148,-0.0436245759162263,-0.0873108085985447,-0.0666168350417817,-0.0197133414109478,-0.0176890929792083,0.0191120469521341,-0.0947827077882095,-0.059101198285194,0
Zm00001d023521,1.0,III,0.455766,0.68,2.8542517635515723,0.3807544759249934,0.036,0.1331,0.2707,594.0,261.0,5.2658,1.36,0.09,0.02,0.0,0.33,0.0,0.01,0.38,0.0,0.655,0.52415,0.1833,1.0,0.0143,1.0,0.0,4011,0.027499999999999997,0.03270000000000001,0.55,0.93,0.0,0.0,1.0,0.0,-0.0231972114417168,-0.0536228652873943,-0.0009567736660864,-0.0141881403668719,0.0166375910302334,-0.0117017074764724,-0.0561074066876724,0.0003397989052361,-0.0184582617076988,0.8284647721417573,0.4353585972809954,0.2079735859388071,0.3698125287015001,-0.0431274160858767,1.3133486872187157,0.0703517444528342,0.0966809172166515,-0.059506874767357,0.0696522558035328,0.0650298680509328,0.2834394175829854,-0.0003709932791964,-0.0640763899379669,0.1597576124421717,0
Zm00001d023520,1.0,III,0.433048,0.62,3.78090003873001,0.2670260977168391,0.0174,0.1655,0.1052,38.0,1009.0,19.1723,1.37,0.03,0.07500000000000001,0.0,0.8,0.27,0.005,0.865,0.325,0.765,0.27615,0.48960000000000004,1.0,1.0,1.0,1.0,576,0.7840999999999998,0.11100000000000002,1.0,1.0,0.0,0.0,1.0,0.0,0.0239108868120759,-0.0352568831183005,0.4816639155641353,0.1926190810380087,0.4341988442584461,-0.0050664476848967,0.2116296484857075,0.3128266941278833,-0.1214666471281954,1.0717986085702598,0.2607054486958012,0.1068486087438614,0.2918637697598361,-0.0498571214400557,1.5822755279409335,0.0350168676663107,-0.0698699220321984,-0.0963519903031962,-0.0674718915418768,-0.0430476784269825,-0.0467260715374978,-0.0302956973476312,-0.1004264483657788,-0.0554817801182859,0
Zm00001d023544,1.0,III,0.45609,0.58,2.622953970704614,0.5358682604962152,0.0481,0.0978,0.4915,234.0,296.0,20.6036,1.03,0.125,0.07,0.0,0.61,0.21500000000000002,0.055,0.6599999999999999,0.44,0.475,0.7778,0.5844499999999999,1.0,1.0,1.0,1.0,0,0.23909999999999998,0.17209999999999998,1.0,1.0,1.0,0.0,0.0,0.0,0.1201031947271696,-0.0833743934451975,-0.1026810179060856,-0.0866479721280706,-0.0307083473327036,-0.0205067044652717,-0.1314812750629191,-0.079053509939586,0.5199316849190119,0.743828247756854,0.7877374150848008,0.3724728510422125,0.965136774845172,0.0130235004258479,1.1111692434873863,0.6314555945863793,0.1515232134407193,-0.0534928026370313,-0.0444087980920668,0.024400593970114,0.2760717264214169,0.0257367164524054,-0.0736982489132053,0.0479133316478642,0
Zm00001d023560,1.0,III,0.575448,0.51,1.8584511838573077,0.5702631390443252,0.0198,0.1771,0.1115,741.0,988.0,6.23758,1.33,0.03,0.0,0.0,0.48,0.0,0.0,0.5,0.0,0.28,0.4104,0.0,1.0,0.0,1.0,0.0,1535,0.28850000000000003,0.0,1.0,0.0,0.0,1.0,0.0,0.0,0.4584756697392869,0.1319316702847831,0.4727869650799096,0.1191923937475571,0.2989626857750927,0.3437981619398501,-0.0718382020877349,0.3069935598620049,0.6860470599366936,0.515699029337209,0.3244394704547508,0.1492212541378587,0.532556201953642,0.0083058530558289,0.1866339584593791,0.4580603804290929,0.0964771705192305,-0.0780102321361389,0.2872486636777679,0.0753552779694727,0.3827679310329196,-0.0829720273620137,0.0257236529494921,0.2519863504488511,0
Zm00001d023576,1.0,III,0.440771,0.6,4.582997218502206,0.2596887273829029,0.0092,0.1231,0.0747,25435.0,125675.0,16.3096,1.19,0.05,0.035,0.01,0.745,0.625,0.035,0.8,0.7849999999999999,0.41500000000000004,0.2854,0.28785,1.0,1.0,1.0,1.0,1698,0.614,0.18350000000000002,1.0,1.0,0.0,0.0,1.0,0.0,0.0425676301041086,-0.0604182233007631,-0.0679177056999135,-0.0360822723826825,0.0242188125428734,-0.0269424301203933,-0.0959502709248905,-0.0549280999089011,-0.0165223580877138,0.6647767637905396,0.5153698176377447,0.1964290208156645,0.4299522521980446,-0.0197254828543895,1.2032227241802125,0.2335087868298856,-0.0752025148540145,-0.089201189926603,-0.0194685337331155,-0.0691200677090549,-0.0437044061446987,-0.0065874722388759,-0.0896165221198239,-0.0382378190475638,0
Zm00001d023606,1.0,III,0.581514,0.61,4.252410382749757,0.3175092585621031,0.0221,0.1548,0.1429,50415.0,47729.0,30.6757,1.08,0.02,0.005,0.0,0.835,0.025,0.01,0.8999999999999999,0.08499999999999999,0.69,0.161,0.0745,1.0,0.23975,1.0,0.92315,92,0.0,0.0,0.0,0.0,1.0,0.0,0.0,0.0,0.3404978031623451,0.0729566750051471,0.3105510194404564,0.0401086776335722,0.1816413313297926,-0.0199034350371461,-0.0302239923534676,0.2318681441319242,-0.0209215330756656,0.7394816328299403,0.628824086360662,0.0884653810135526,0.3255483836370854,-0.0171991392691537,1.2032698709961376,0.2655230547043091,-0.0417915239513631,-0.0281300511645435,0.0197325214335378,0.0048656862140222,-0.0106038308801877,-0.0039576940691426,-0.0349204882714998,0.0178344106151157,0
Zm00001d023700,1.0,III,0.656168,0.74,0.2163775958500421,0.9500724129785716,0.0705,0.2997,0.2354,929.0,51635.0,8.6407,1.36,0.015,0.045,0.045,0.42500000000000004,0.765,0.16,0.415,0.86,0.09,0.1465,0.4834,0.9602999999999999,1.0,1.0,1.0,1821,0.034,0.08950000000000001,0.68,1.0,0.0,0.0,1.0,0.0,0.0545712184194945,-0.0108497545623599,-0.0234892107259126,0.024166849603546,0.025123223593414,0.2840391066802469,-0.0488607721756293,-0.0077115776103863,0.6174730173236382,-0.0323981818743785,-0.0139474298823462,0.1001789223591923,0.1880070263440461,0.9126433176197324,-0.1004829319507238,0.0448284732675166,0.24022855534742,-0.0733123385134186,-0.0541315822794843,0.0167896867296075,0.0210690130453243,0.4297657390652108,-0.081513155201859,-0.0079332462242788,0
Zm00001d023706,1.0,III,0.515051,0.68,3.4279428367211264,0.1725819652670175,0.0223,0.169,0.1321,111.0,509.0,49.848,1.33,0.015,0.0,0.0,0.685,0.16,0.01,0.72,0.305,0.8,0.10114999999999999,0.05155,1.0,0.75005,1.0,1.0,4760,0.0,0.085,0.0,1.0,0.0,0.0,1.0,0.0,0.0132117518314125,-0.0838116204524463,-0.0486466172834197,-0.0372280765006362,0.0178720928174312,-0.0199977631620431,-0.0935774062327092,-0.035461613362844,-0.1130829265600134,0.9261714006866846,0.4465405323700343,0.0400218227780456,0.2884359038238694,-0.0792139243592904,1.4833463530014637,0.1324690658041511,-0.0052525145948331,-0.097976491509762,-0.0567958068760294,-0.0283337413913678,0.0156842267252808,-0.0466291256940751,-0.0937769611215038,-0.0337471803619803,0
Zm00001d023710,1.0,III,0.412899,0.42,1.072118531356947,0.5340111157129868,0.0321,0.1071,0.2998,448.0,11396.0,14.8783,1.3,0.055,0.04,0.0,0.51,0.73,0.0,0.7050000000000001,0.785,0.62,0.40490000000000004,0.3644,1.0,1.0,1.0,1.0,389,0.39150000000000007,0.153,1.0,1.0,1.0,0.0,0.0,0.0,-0.048852275498831,-0.0481524223230833,-0.0436139570915439,-0.0230746362415308,-0.0589332312693928,-0.020896617926221,-0.0745621226545948,-0.0493706074898355,0.4968057140538043,0.8925596979494358,0.2981719578797023,0.0124274454188956,0.2890503910653997,-0.0893178295448619,1.118831409565116,0.1875508716456362,0.1534392464793479,0.0063399072417966,0.1403923188021911,0.0238793852681574,0.2722820303086731,-0.0545475049453658,-0.0786672143253914,0.2830233304931557,0
Zm00001d023713,1.0,III,0.630137,0.58,2.053156048634538,0.7739659365744345,0.0725,0.4463,0.1625,86.0,357592.0,12.4752,1.29,0.03,0.04,0.0,0.75,0.545,0.01,0.84,0.725,0.005,0.4222,0.41255,1.0,1.0,1.0,1.0,259,0.053,0.6035,1.0,1.0,1.0,0.0,0.0,0.0,-0.0667069029079364,-0.0386129768194924,-0.0401956781320103,-0.0334510562224391,-0.0654659784262379,-0.0049390721777427,-0.0934000594218459,-0.0356328133017306,0.2113595469146374,0.0133110714952901,0.6455004737657781,0.2856685784536674,0.4220649608580308,0.0292849248437135,0.1565365723263144,0.2246090644961383,-0.0428615331127896,-0.0551130703722084,-0.0472915508001206,-0.0077914331986718,0.0364197659754425,-0.0178755156690176,-0.079973046374275,-0.0183724052448453,0
Zm00001d023634,1.0,III,0.418507,0.56,0.8519568222966302,0.2672691556255418,0.0431,0.1833,0.2353,18.0,42586.0,5.2658,0.83,0.05,0.045,0.01,0.82,0.15000000000000002,0.365,0.875,0.39,0.885,0.7014,0.5797,1.0,0.95835,1.0,1.0,2344,0.653,0.0,1.0,0.0,1.0,0.0,0.0,0.0,0.06920009679016,0.5720304546100787,-0.0220159267801765,0.0383275086319101,0.2079933452997043,-0.0015984312789116,0.3870998243108423,0.0552743870660904,-0.1115116057317276,1.3777380706455185,0.470790452301627,0.106058922010093,0.0618019448880263,0.0067328577272316,1.84576114383379,0.0842619762340868,-0.0546570491701731,-0.1218773886676626,-0.0497784319524322,-0.0441234121567858,-0.0498537178282903,-0.0050870197924017,-0.0996794674407408,-0.0066709491002684,0
Zm00001d023659,1.0,III,0.507054,0.66,4.20049010436143,0.1812076629100369,0.0444,0.1313,0.3382,94.0,3.0,29.2444,0.65,0.03,0.015,0.0,0.8300000000000001,0.665,0.005,0.935,0.8,0.7050000000000001,0.15,0.17225,1.0,1.0,1.0,1.0,0,0.51075,0.6815000000000001,1.0,1.0,0.0,0.0,1.0,0.0,-0.0992033608462242,-0.1061154008313833,-0.1037826879375731,-0.0397009410693688,-0.0856852685420823,-0.0538910088773185,-0.1169675883305439,-0.0765340349701106,0.3181902706872759,0.7464441767976313,0.6887575090462824,0.3480380982887979,0.7939339283446517,-0.003143100633162,1.219266290712486,0.5599846105410649,0.0058622558830481,-0.0613907495267653,-0.0414635380122736,-0.0320413381928081,0.0372761402672678,-0.0092774369237756,-0.0737910358532025,0.0217935922031277,0
Zm00001d023640,1.0,III,0.43454,0.364706,3.767364792755677,0.2445955933704426,0.0134,0.1473,0.0912,447808.0,151535.0,30.623,0.68,0.025,0.035,0.01,0.71,0.5449999999999999,0.35,0.85,0.7849999999999999,0.85,0.36310000000000003,0.17495,1.0,1.0,1.0,1.0,0,0.198,0.23149999999999998,1.0,1.0,1.0,0.0,0.0,0.0,0.155077520546649,-0.0192614611693274,-0.0354891347482911,-0.069761389107509,0.0031365428281215,0.0263663132084781,-0.0940628186584852,-0.0308937657555481,-0.1703035533136257,1.7192384195979429,0.212004981794162,-0.0765673948723305,-0.103572980392084,-0.0956908028426361,2.1629952119575115,-0.1219388397638516,-0.1020684681545778,-0.1071317364004991,-0.0768435759738631,-0.076714809095012,-0.0524693463984188,-0.057803806706612,-0.1203422612874871,-0.0649138355820961,0
Zm00001d031217,1.0,III,0.462139,0.376471,2.147883392349954,0.3445434186097283,0.0267,0.1186,0.2249,86266.0,4175.0,25.4098,1.39,0.015,0.0,0.005,0.86,0.0,0.02,0.935,0.47500000000000003,0.5449999999999999,0.20829999999999999,0.01905,1.0,0.10414999999999999,1.0,1.0,0,0.0339,0.0,0.77,0.0,1.0,0.0,0.0,0.0,-0.0535689246605715,0.4323903984410197,-0.084770603140276,-0.0692561697329724,0.1247175059883217,-0.1071829826033108,0.6955009865623423,-0.0853131961312463,-0.0117451519865908,0.9559966916589466,0.3282668014635249,0.1591244410954441,0.4726218744376586,-0.0657753390227626,1.4000455324635372,0.2105880444485996,-0.0118796289802529,-0.0280545861827403,-0.0047716609921416,-0.0140966592232538,-0.002027401779464,-0.0173004605309981,-0.0323479427003957,0.0042519649550687,0
Zm00001d031231,1.0,III,0.456956,0.45,3.021864114716641,0.306909535436279,0.0485,0.096,0.505,628512.0,148292.0,11.5034,1.41,0.04,0.01,0.025,0.775,0.095,0.335,0.88,0.22999999999999998,0.6950000000000001,0.37854999999999994,0.2333,1.0,0.875,1.0,1.0,0,0.24749999999999986,0.24849999999999997,1.0,1.0,0.0,1.0,0.0,0.0,0.3626193878534822,0.3891227449741338,0.0963772537551489,-0.0071335443432907,0.11920392146777,-0.0393404255835943,0.0945631569234855,0.0649287322190563,0.0238177749809208,0.7294668095704061,0.3838342260771588,0.077710164700536,0.2438392911727891,-0.0485575986847649,0.9293181939926096,0.140199740814649,-0.0309122142960731,-0.0470352663645704,0.0149584348269765,0.0599294717184274,0.09509478929214,0.0036418046324172,-0.038710754610042,0.0691123075824272,0
Zm00001d037596,1.0,III,0.508524,0.44,4.389411777982003,0.1290974327586042,0.0313,0.1362,0.2295,150.0,327.0,8.12848,1.2,0.11,0.015,0.0,0.655,0.54,0.04,0.77,0.7,0.74,0.75005,0.11665,1.0,1.0,1.0,1.0,0,0.5325000000000001,0.0791,1.0,0.98,0.0,0.0,1.0,0.0,-0.0543342077408705,-0.0908713870849227,-0.0790307864993563,-0.0666235595562252,-0.0068010263454068,-0.0416229305194782,-0.110291798024282,-0.0584884676470971,-0.1845932949423444,1.1984336194373402,0.3745216112735339,0.0186621243938853,0.1494551188186944,-0.0639917616852853,1.6573401854928829,0.0270655110292886,-0.0522619835850103,-0.0488005733031014,0.0122312992907471,0.0025737787077996,0.0189704818346836,0.02160622314337,-0.0576138544046804,0.0008190590123069,0
Zm00001d037599,1.0,III,0.455072,0.42,4.630987930256903,0.2190486563008124,0.0202,0.1031,0.1963,162696.0,333.0,14.8783,1.13,0.03,0.01,0.0,0.715,0.65,0.185,0.79,0.795,0.76,0.27615,0.09125,1.0,1.0,1.0,1.0,1982,0.3274999999999999,0.0775,1.0,1.0,0.0,0.0,1.0,0.0,-0.0732223308403791,-0.0938616146012239,-0.1245070515694612,-0.0244292171422314,-0.0837335964118505,-0.0425587681180517,-0.1197493193383964,-0.0787978994764523,-0.2041969408806043,1.6228609899783577,0.3148792126497671,0.0047537207275908,0.0711030317798251,-0.0440163402697054,1.946841399519726,-0.0091788614592132,-0.0854208861235004,-0.1083994450272274,-0.0542770564435401,-0.0461850420326001,-0.0201719143535115,-0.0584461005743603,-0.1121810636284386,-0.0535478735161192,0
Zm00001d037601,1.0,III,0.508306,0.494118,3.035431175347608,0.2534956755396158,0.0046,0.2231,0.0205,75724.0,46413.0,15.3378,1.09,0.02,0.015,0.015,0.81,0.21500000000000002,0.055,0.8049999999999999,0.645,0.675,0.2095,0.26665,1.0,1.0,1.0,1.0,2017,0.5105,0.0031999999999999997,1.0,0.31,0.0,0.0,1.0,0.0,-0.0090829929889411,-0.0300405889565115,-0.0195560362978329,-0.005365442055927,-0.0082033413428748,-0.0215307301209807,-0.0441461515208606,-0.0153031069718075,-0.0214631059768616,0.5413043959844402,0.5614230442699224,0.1960946662347475,0.3800337372185006,0.0327226291646731,1.0460289911355871,0.2085685684351445,-0.0614503947783535,-0.0747592026088365,-0.0836369768816401,0.0242199888082449,0.0330400105003715,0.0224549391322768,-0.0832796660347787,-0.0397325333621013,0
Zm00001d037603,1.0,III,0.529582,0.47,8.07679621631578,0.1681085480668475,0.0023,0.207,0.0113,53.0,128069.0,14.8256,1.01,0.02,0.045,0.015,0.755,0.065,0.02,0.865,0.405,0.195,0.1444,0.5428999999999999,1.0,0.83335,1.0,1.0,0,0.276,0.1675,1.0,1.0,1.0,0.0,0.0,0.0,0.0969183642699806,0.7489136933471239,0.1016767382695806,-0.0060524492275615,0.1510520347314002,-0.0382412717554982,0.9748486434037076,-0.0301308380881674,0.1675566783565669,0.4521781982212162,1.3714641955405007,0.1951190362684064,0.499924273608743,0.0157495612711527,1.3298122675521464,0.1974659039841036,-0.0534283605496608,-0.065597947754205,0.0227254681077246,-0.0055975658806605,0.0089195355887057,-0.0046718214228973,0.0069873101132196,0.0045630832942189,0
Zm00001d037606,1.0,III,0.52489,0.61,5.731484424558232,0.1768796053598496,0.0044,0.2579,0.0173,9.0,123137.0,10.5316,0.95,0.035,0.015,0.0,0.72,0.75,0.165,0.835,0.9299999999999999,0.625,0.17855,0.23954999999999999,1.0,1.0,1.0,1.0,0,0.6755,0.22919999999999985,1.0,1.0,0.0,0.0,1.0,0.0,-0.0605461473250372,-0.0267045686288804,-0.0446286996091863,0.0157456981413988,-0.0489798242325092,0.0111112194721366,-0.0558334293052487,-0.0541054538458153,-0.1352880627326448,0.7455174221738493,0.5124597653016808,0.1030233721436393,0.2013764299766821,-0.0321583364304273,1.2227893838593418,0.0760560498807665,-0.0824351075225375,-0.1160005761283531,-0.0821255674548146,-0.0616288632627665,-0.07583412331235,-0.0386290537970651,-0.1171421598145106,-0.0743579388552501,0
Zm00001d037538,1.0,III,0.47036,0.57,5.430305009061112,0.1955262746750043,0.0233,0.1497,0.1554,77549.0,98866.0,25.4098,1.38,0.085,0.025,0.0,0.755,0.73,0.015,0.875,0.865,0.665,0.68835,0.42705,1.0,1.0,1.0,1.0,0,0.272,0.0,1.0,0.0,0.0,0.0,1.0,0.0,-0.0299450470561152,-0.0685196953430947,-0.1078285564306262,0.0041094657491359,0.0217991675937778,-0.0511041800834795,-0.1261417327114438,-0.0466100745434659,-0.0447724446481617,1.0479304664375726,0.3631125959239744,0.1221792588363628,0.2592759231497902,-0.0529038211012495,1.5844745737997772,0.1378706768376168,0.0091601725895193,-0.0092307593081925,0.0484329144979469,0.0206393105254218,0.046605590766595,0.0345482797819949,-0.0022784472021289,0.0580195834643262,0
Zm00001d037537,1.0,III,0.584299,0.52,3.0828286628840065,0.2513058964167406,0.0387,0.2029,0.1909,67906.0,112317.0,10.5316,1.38,0.02,0.05,0.0,0.8200000000000001,0.705,0.015,0.875,0.855,0.515,0.15935,0.34304999999999997,1.0,1.0,1.0,1.0,0,0.10999999999999999,0.8245,1.0,1.0,1.0,0.0,0.0,0.0,-0.0390433517606819,-0.0286908366438764,-0.0263880392532175,-0.0257755159425689,-0.0298809914029554,-0.0290991956234936,-0.0396363279021829,-0.0234066155510692,0.2424577536357255,0.6499434200018233,0.454410267205686,0.0657326928050816,0.3570379192038047,-0.0261698507022717,0.7375896738683089,0.360910903468984,-0.0439393994419983,-0.0913527091416609,-0.0424797866755719,-0.0130448763455848,-0.0245628883786401,-0.0100783421641737,-0.1026156320750396,-0.0607614986805699,0
Zm00001d037505,1.0,III,0.450647,0.45,4.100280326168665,0.3269669349830155,0.0096,0.1083,0.0884,136134.0,38521.0,45.5013,1.04,0.08499999999999999,0.025,0.0,0.58,0.735,0.005,0.705,0.76,0.6399999999999999,0.6734,0.23809999999999998,1.0,1.0,1.0,1.0,243,0.3364000000000001,0.6769999999999999,1.0,1.0,1.0,0.0,0.0,0.0,-0.0664972881089341,-0.092429366000746,-0.0856326472923905,-0.0429020500909722,-0.0750591302452039,-0.039255191326564,-0.0944282439157724,-0.0746915909531218,0.0278370969255982,0.7850688654892702,0.480992998505091,0.2866732583076803,0.5130636610770212,0.0093317702220201,1.2763815599841006,0.3743185531339897,0.080309736879791,-0.084335375971769,0.0192934844261876,0.0110602239095238,0.1856179050073178,-0.0063543518149268,-0.0700973460070371,0.1106878053243092,0
Zm00001d037503,1.0,III,0.436583,0.694118,2.465847907123514,0.356986660154082,0.0591,0.0984,0.6,81119.0,87245.0,10.072,1.03,0.045,0.0,0.01,0.745,0.245,0.48,0.895,0.5,0.75,0.4787,0.00695,1.0,0.5833,1.0,1.0,294,0.10800000000000001,0.8868999999999998,1.0,1.0,1.0,0.0,0.0,0.0,0.2016440722669288,0.0921360334520188,-0.0172798048793988,-0.0265454989752784,0.0271322343831914,-0.0334919863516498,-0.0716119918491996,-0.0054045981293664,0.245355591918933,1.1272545430184642,0.4209283075750251,0.0452620556378273,0.2868473354013329,-0.0663758112333105,0.9790742828164608,0.2307911789917711,0.0100732484621235,-0.027109959371925,-0.0208373585324463,-0.0035264970179053,0.0723666774059511,0.0334550829069808,-0.0544095879545006,0.0606393276684529,0
Zm00001d037663,1.0,III,0.596667,0.52,5.62834573794606,0.1464915848132394,0.0086,0.186,0.0462,110896.0,383034.0,15.3378,0.22,0.03,0.02,0.02,0.755,0.455,0.165,0.87,0.775,0.5700000000000001,0.1875,0.23415,0.9875,1.0,1.0,1.0,762,0.2975,0.477,1.0,1.0,0.0,1.0,0.0,0.0,-0.0795945627690337,-0.0964879607463044,-0.0935736680533134,-0.0668788802543447,-0.0364654411602149,-0.0717765411815869,-0.1141353313736194,-0.0853915387901542,0.025416724137517,0.7106082140755494,0.5048504133017678,0.2003313351036161,0.4516609723785466,-0.019312542958181,1.017743094779414,0.3658389949335395,-0.0721901897518559,-0.0997939124141627,0.0306636403883061,-0.0113222066886014,0.0277907293196346,-0.0672732680887211,-0.0852030763204776,0.0345935515164107,0
Zm00001d037640,1.0,III,0.538084,0.52,2.4000320481293858,0.3062419031171762,0.0295,0.1487,0.1983,42968.0,44551.0,20.0915,0.28,0.05,0.01,0.02,0.77,0.735,0.025,0.905,0.835,0.35,0.68755,0.0833,1.0,1.0,1.0,1.0,4490,0.449,0.27399999999999997,1.0,1.0,1.0,0.0,0.0,0.0,-0.0585508991773268,-0.0263059429355392,-0.0378644141682551,-0.0143492672244174,-0.040077270256662,-0.0465970518190129,-0.0982386590117553,-0.0573037695537935,0.2023816222006303,0.5047569400012746,0.5103686292179445,0.473385924512416,0.9309865637499768,-0.0288296565107084,0.6431927345582606,0.8083155239991825,-0.0336417577846137,-0.048400344616433,0.002483382845005,-0.0170161191339867,0.0740075909745691,0.0222505491785879,-0.0643924539435597,0.057004188244605,0
Zm00001d037637,1.0,III,0.728856,0.5,1.714151877516619,0.6448822139085728,0.067,0.3528,0.1899,538.0,20217.0,21.5754,0.29,0.11000000000000001,0.06,0.0,0.27,0.76,0.0,0.37,0.875,0.0,0.6492,0.625,1.0,1.0,1.0,1.0,3522,0.2175,0.8109999999999996,1.0,1.0,0.0,1.0,0.0,0.0,-0.0071404260302446,-0.0749257571334634,-0.0726041698150603,-0.0089639169989491,-0.0004858631402498,0.0345602548246599,-0.0874130165820595,-0.0201417496858685,0.4390980530958164,-0.0265447973509075,0.0687152532859304,0.0717865725926728,0.1956295827480603,0.2825956761083582,-0.0891338920615782,0.0957471260785817,0.5414777522943349,0.0534265016089517,0.3070845224224533,0.1362119565266321,0.3377109069376102,0.2960809568561912,-0.0583800981440765,0.1970623048247557,0
Zm00001d037636,1.0,III,0.465426,0.494118,4.332308894753926,0.4540936818339073,0.0072,0.0934,0.0766,115.0,15030.0,113.497,0.3,0.09,0.025,0.0,0.41000000000000003,0.47,0.005,0.505,0.6799999999999999,0.625,0.5503,0.19265,1.0,1.0,1.0,1.0,192,0.268,0.66295,1.0,1.0,0.0,1.0,0.0,0.0,-0.0104614809160356,-0.0664279172140529,-0.0464049322024372,0.0059045746428451,-0.0192779771310857,-0.0017813386988709,-0.0728140847312936,-0.0139455437158106,-0.086844588142234,0.7967967264902509,0.8332676048858824,0.3299638184488845,0.4763971144556533,0.011962176620466,1.3979105492341828,0.2544471693482911,0.1501692453675702,-0.0994937742289645,-0.0879381404946342,0.0234453384664233,0.1530707101000553,0.0107521201213536,-0.1010783548394509,-0.0035866212787664,0
Zm00001d037619,1.0,III,0.716518,0.705882,2.497722362408813,0.665226946235292,0.0332,0.7808,0.0425,272.0,241.0,24.8977,0.56,0.01,0.02,0.0,0.56,0.215,0.0,0.65,0.38,0.0,0.14579999999999999,0.263,1.0,0.91665,1.0,1.0,2926,0.1425,0.0,1.0,0.0,0.0,0.0,1.0,0.0,0.372472158097345,0.0015016036743548,-0.0296147728111786,0.143801099652069,0.2832169222207774,0.0163720391160567,-0.0660602998004033,0.1015838606058374,0.0313184795537338,-0.0121484246860475,0.6972173720761049,0.3630270647058399,0.4855090700110196,0.0516382094638112,0.0314172449314889,0.6203037558937019,-0.0463571635449498,-0.1114247955988778,-0.0710702895754044,0.0361651044232099,0.2359953471380267,-0.0552158470714107,-0.1202424781176713,0.0107535051237384,0
Zm00001d037613,1.0,III,0.493333,0.56,4.733916040164182,0.2110882804503757,0.0295,0.1573,0.1873,257419.0,195751.0,11.0438,0.77,0.045,0.03,0.005,0.7150000000000001,0.66,0.20500000000000002,0.905,0.74,0.73,0.3333,0.30069999999999997,1.0,1.0,1.0,1.0,0,0.45169999999999993,0.41150000000000003,1.0,1.0,1.0,0.0,0.0,0.0,-0.0391551377670506,-0.0605500376804399,-0.0601506576874238,-0.07682965935061,-0.0348933525233861,-0.0288935014055886,-0.0967402832249069,-0.0491342018586081,-0.0892655062582209,1.0703525444513966,0.1681627874990258,0.0655915595548632,0.1653788247369866,-0.059593325247513,1.4493793668414807,0.0884969160717476,-0.0561924832610302,-0.0518130536170516,-0.0187635220255689,-0.0413495690229006,0.0158700336473569,-0.0255876541963278,-0.0605483132331126,0.005799334100686,0
Zm00001d037607,1.0,III,0.62585,0.488235,0.9881793513901274,0.8285145243262642,0.0495,0.2683,0.1846,3093.0,6537.0,9.55982,0.9,0.035,0.07,0.005,0.13,0.605,0.0,0.33999999999999997,0.7250000000000001,0.0,0.3264,0.34995,0.7718499999999999,1.0,1.0,1.0,209,0.23549999999999996,0.6735,1.0,1.0,1.0,0.0,0.0,0.0,-0.0064255146897791,-0.0099651548226661,-0.0206350425549107,0.0104144959750072,-0.0064036745072604,-0.0171353571323269,-0.0194103211395864,-0.0043162865859924,0.6439991450017871,0.1771101805915263,0.3975925981408985,0.227783325364851,0.3073465586457672,0.177671481222921,-0.0573655836111187,0.3044995239595804,0.4455204065998486,-0.0522180011397306,-0.0464290049440403,0.0518470330269204,0.1013461688987256,0.3063364699089789,-0.0922886840003248,0.0281087752719574,0
Zm00001d037693,1.0,III,0.649737,0.63,2.4643100308755823,0.567562365388975,0.0219,0.5557,0.0394,450.0,16260.0,17.2814,0.5,0.03,0.01,0.0,0.645,0.76,0.005,0.7150000000000001,0.8200000000000001,0.0,0.3631,0.075,1.0,1.0,1.0,1.0,3884,0.171,0.08650000000000001,1.0,1.0,0.0,0.0,1.0,0.0,-0.1126492035698701,-0.1258320820703485,-0.1109475407049085,-0.0781142884945654,-0.1173679812632887,-0.0400329808009438,-0.1450013378518044,-0.1176420349378104,0.6947036028784728,0.2918675634125973,1.0892369267241415,0.4895416976190169,0.8059690199177758,0.0850105509008091,0.1298761232854646,0.8097874710210979,0.0431962521090699,-0.1227021518921864,-0.0734695938962654,-0.0353337789916851,0.0717705234804586,-0.0978934746480843,-0.1476379870001722,-0.0313718021761326,0
Zm00001d037691,1.0,III,0.680108,0.61,0.7328578588787633,0.8007464795680724,0.0895,0.1334,0.6708,120751.0,25392.0,10.5316,0.47,0.01,0.03,0.065,0.63,0.8049999999999999,0.41500000000000004,0.765,0.895,0.485,0.2396,0.21665,1.0,1.0,1.0,1.0,0,0.01475,0.1312,0.3,1.0,1.0,0.0,0.0,0.0,-0.0122709406656906,-0.0148072790552136,-0.0188906808460143,0.0151536201228289,0.0050289345219149,0.0198888385537205,-0.0267141104388557,-0.0127450910762506,0.4599949256932484,0.0670220664593579,0.5262186109916576,0.1231621589722186,0.5124860889294977,0.0190573050460046,-0.0575044597627881,0.4854615552801286,0.0341810459867655,-0.0376244248120217,-0.0418467530882629,6.894886848480917e-05,0.0965343019302356,0.0011708437803085,-0.0775263208185113,0.0500364187596243,0
Zm00001d037688,1.0,III,0.740101,0.46,0.4744354894862119,0.8243389219901864,0.0412,0.3493,0.1179,1831.0,5575.0,44.07,0.45,0.034999999999999996,0.015,0.0,0.20500000000000002,0.585,0.0,0.23500000000000001,0.685,0.0,0.24535,0.1773,0.8571500000000001,1.0,1.0,1.0,11022,0.0,0.157,0.0,1.0,0.0,0.0,1.0,0.0,0.0496047545516516,-0.0663281485484347,0.0288264276387693,-0.0152373081509656,0.0471478354506129,-0.0094707785599834,-0.0927753829046911,-0.0393819232266868,0.1276064920328021,0.0114187852947373,0.6142214716180002,0.1386722002206631,0.343604393766368,-0.0077533711705035,0.074052930498477,0.291030520180173,0.4897113404593735,-0.0137922124676947,0.1948920331096916,0.264201791995614,0.5393807859880513,0.2759969602715049,-0.1003175357587335,0.4957145366400338,0
Zm00001d037687,1.0,III,0.441257,0.56,2.385249992744395,0.5502815608895105,0.0632,0.1612,0.392,11104.0,5539.0,11.0438,0.42,0.055,0.015,0.005,0.305,0.47,0.03,0.43499999999999994,0.625,0.35,0.45265,0.1169,1.0,1.0,1.0,1.0,0,0.5525,0.10050000000000002,1.0,1.0,1.0,0.0,0.0,0.0,-0.0497618895358313,-0.071053630607888,-0.095052654855132,-0.0287088814845062,-0.0568941721082397,-0.0178551371397313,-0.1092551351925442,-0.0680779610308971,0.400017949669779,0.7208440167948054,0.3993379440879198,0.1692600513982542,0.5400881376967893,-0.0164590737724144,0.9575671746713168,0.4641813311000223,0.0956616635016973,-0.0622809274866625,-0.0226081912886009,-0.0003540441321785,0.1024180876077404,0.0045962779830942,-0.0649297909091566,0.0624129819343975,0
Zm00001d037770,1.0,III,0.502078,0.55,4.542525009833733,0.2232495315160748,0.0442,0.1551,0.2847,4.0,52917.0,6.69714,0.52,0.025,0.025,0.0,0.78,0.5549999999999999,0.0,0.86,0.605,0.115,0.2238,0.42425,1.0,1.0,1.0,1.0,0,0.28300000000000003,0.21249999999999997,1.0,1.0,0.0,0.0,1.0,0.0,-0.0214506476021505,-0.0872755299233288,-0.0674494426715384,-0.0574929948417684,-0.0756055905850029,-0.0364496061929853,-0.0901778874212551,-0.0719539204902781,0.1719992543691039,0.3410839331997997,0.602935697389982,0.0650193092336971,0.3474648601401316,-0.0174609361316382,0.7897634817610574,0.2977315366566008,-0.0665527230645517,-0.0965143118186035,0.000812463611101,-0.0010969188153616,0.0517240960589864,-0.0253141135090079,-0.1040303755342589,-0.0023845111853841,0
Zm00001d037748,1.0,III,0.544096,0.5,2.348476216776288,0.5394151656902857,0.0539,0.1003,0.5375,74134.0,2126.0,12.9347,0.52,0.015,0.035,0.01,0.72,0.74,0.035,0.855,0.8,0.46499999999999997,0.131,0.34375,1.0,1.0,1.0,1.0,0,0.0,0.6190000000000001,0.0,1.0,1.0,0.0,0.0,0.0,0.0039619524477429,-0.0111724947372069,0.0020461008895207,0.0146380555301567,-0.0097424642370111,-0.0118357741522248,-0.0119747143971514,-0.0116855299296646,0.0011234586718356,0.749370606729702,0.651940853675466,0.3046421184536885,0.7129320849906984,0.036633815170949,1.21365258884946,0.3806114604863732,-0.0319316821847767,-0.0844713191177824,-0.0165325421833414,0.0247030474307802,0.0178885922524121,-0.0301489131846195,-0.098037726792359,0.0288137396132762,0
Zm00001d037732,1.0,III,0.521318,0.61,6.78435916785417,0.2204914538491521,0.0076,0.2943,0.026,79.0,25443.0,24.4381,0.48,0.005,0.01,0.0,0.04,0.44,0.01,0.7150000000000001,0.55,0.41000000000000003,0.18245,0.1272,0.45835,1.0,1.0,1.0,0,0.0475,0.0,0.93,0.0,0.0,0.0,1.0,0.0,-0.0669204615897414,-0.1011691320406561,-0.0740832934390504,-0.0619015857804806,-0.0875590903411553,-0.0713996368035256,-0.1111535894466496,-0.0752498908867106,0.1072256894956242,0.5555682784041509,0.8624873900003209,0.1938590268421198,0.3995221005161838,-0.0119311525103588,1.2727797206114968,0.1813394122643094,0.0045623187463903,0.2138373895808226,0.0306970567805429,-0.0096037455771604,0.0390122324104258,-0.0031724002508009,0.2364694675249574,-0.0134697620099909,0
Zm00001d037728,1.0,III,0.550553,0.58,1.4611376269034535,0.622707958974829,0.0217,0.1025,0.2121,62.0,110966.0,7.66892,0.51,0.045,0.025,0.0,0.74,0.475,0.015,0.805,0.66,0.37,0.4538,0.2097,1.0,1.0,1.0,1.0,4641,0.387,0.31500000000000006,1.0,1.0,0.0,0.0,1.0,0.0,0.1389248303494001,-0.0155688114673529,-0.0260450944137017,0.0160523162243511,0.2165233913125865,-0.0192188188721946,-0.0601243435866263,0.0683838037093244,0.7357465955207857,0.7342899598034514,0.4751399374502999,0.2780265152727417,0.6637103479343918,0.0147678091779493,0.9052621819881252,0.5362193153700165,-0.024663270158729,-0.1144133192972479,-0.0545595527894077,-0.0934096544534213,-0.0413167527767994,-0.0718873895438352,-0.1250260769606423,-0.1016816592011463,0
Zm00001d037725,1.0,III,0.513484,0.66,6.301534031127365,0.2217753075911691,0.0198,0.1413,0.1399,99.0,2070.0,266.258,0.54,0.095,0.005,0.0,0.79,0.02,0.005,0.94,0.060000000000000005,0.15,0.6871,0.0964,1.0,0.39285000000000003,1.0,0.6697,0,0.7194999999999999,0.1863,1.0,1.0,0.0,0.0,1.0,0.0,-0.0153102933049559,-0.0269349251165423,0.0074525813065162,0.2438020828469968,0.3825055877216634,0.0250686068520484,-0.068579530705094,0.2233129499565514,0.0053754325440726,0.4479839094065428,0.8381970759367622,0.4829995623301054,0.774286921001069,0.0193734222792839,1.0971443889849637,0.441923873694705,-0.1117382129145008,-0.1037773459872808,-0.0438303440665047,-0.0394894176967507,-0.0375193399641562,-0.0564540344449194,-0.1207280026853487,-0.1010303792312126,0
Zm00001d037771,1.0,III,0.605923,0.52,2.370844181664564,0.3908248132193052,0.0654,0.3024,0.2165,187.0,1329.0,67.0767,0.51,0.035,0.035,0.005,0.7050000000000001,0.8300000000000001,0.025,0.6950000000000001,0.92,0.02,0.39215,0.30115000000000003,1.0,1.0,1.0,1.0,0,0.0,0.5530000000000002,0.0,1.0,0.0,0.0,1.0,0.0,-0.079163114470211,-0.1002996471921174,-0.0655410014112544,-0.0457344926274244,-0.0782556948120554,0.436522924937778,-0.1064107294080894,-0.0632099298453496,0.9029251985376416,0.1103423129574582,0.3294361996300466,0.2446689362187989,0.4760281196812267,1.4864899456902607,0.0537882132276943,0.3204729370312643,0.151443088494915,-0.0503448677106568,-0.0582380291279024,0.0240994913206169,0.0391230980167823,0.8077385183870242,-0.0943788743458355,-0.0379679268644177,0
Zm00001d037772,1.0,III,0.425345,0.441176,2.712274973520597,0.2150597111751715,0.0316,0.1178,0.268,128.0,1318.0,16.7692,0.5,0.055,0.035,0.005,0.85,0.495,0.345,0.92,0.62,0.85,0.66665,0.28445,1.0,1.0,1.0,1.0,0,0.14650000000000005,0.0,1.0,0.0,0.0,1.0,0.0,0.0,-0.0418730862360303,-0.0835056568274072,-0.0864283616339236,-0.0487510256032722,-0.0485393074620342,0.0082207147048217,-0.1051398179940092,-0.0537206851803916,-0.2269093223024607,1.897702913554456,0.2085342797634498,-0.0072312644432111,0.0602618015185807,-0.0902830845066652,2.1720983423180487,-0.0856412229554611,0.012771680630757,-0.1096553913158819,-0.0966447915660411,-0.025873990890699,0.039370436869226,-0.0528132486110504,-0.1210627906720989,-0.0187952672511836,0
Zm00001d037774,1.0,III,0.590476,0.34,6.249358077930627,0.3038735406702538,0.0215,0.1472,0.146,83.0,420.0,145.197,0.48,0.08499999999999999,0.04,0.0,0.6950000000000001,0.07,0.0,0.815,0.235,0.52,0.7941499999999999,0.45115,1.0,0.8375,1.0,0.98335,0,0.7585,0.020999999999999998,1.0,0.42,1.0,0.0,0.0,0.0,0.1192771327235712,-0.0914064229707006,-0.0756711567661104,0.0427846129099536,0.272462659646293,-0.0428640167506935,-0.091793519443739,0.0451247126441231,0.0425274413873352,0.2760169237918778,1.154430239714651,0.3313004321692064,0.7454325717227732,-0.0427256365666027,1.0433223078330678,0.4447587097127801,-0.033721463077659,-0.0453280677494937,0.0092914244183529,0.0018176722931332,-0.0068045750654756,-0.0064789756347844,-0.040018629325461,-0.008025705885849,0
Zm00001d037779,1.0,III,0.69401,0.51,1.4429264404954296,0.8560177612772101,0.0481,0.3765,0.1276,964.0,103697.0,11.5034,0.46,0.015,0.02,0.0,0.62,0.345,0.005,0.7150000000000001,0.545,0.005,0.20429999999999998,0.2614,1.0,1.0,1.0,1.0,5542,0.04,0.16895,0.8,1.0,0.0,0.0,1.0,0.0,0.1419794245601962,-0.0784047560596688,-0.0865820201813104,0.1637833859812963,0.2636653963212579,0.0257586702829326,-0.0917468237053903,0.1431705825136922,0.3070153920010688,0.0808081798786467,0.475869350058115,0.3102233512136729,0.4542859470465348,0.058637267943826,-0.0152190166091346,0.4032644258397099,0.1245816878922148,-0.0566452889763988,-0.0325938696319765,0.0214315661399193,0.0282831414692185,0.0260686935388255,-0.0823604841024078,-0.0502409864175817,0
Zm00001d037781,1.0,III,0.463141,0.64,2.9882515416079904,0.4102644536813563,0.0112,0.1028,0.1091,240.0,183781.0,9.10026,0.45,0.04,0.01,0.0,0.585,0.715,0.005,0.7450000000000001,0.89,0.58,0.39485000000000003,0.14024999999999999,1.0,1.0,1.0,1.0,0,0.554,0.04050000000000001,1.0,1.0,1.0,0.0,0.0,0.0,-0.0616271028843759,-0.0696927744207683,-0.0523361482826087,-0.0434235956890941,-0.0773431321033817,-0.0278277472656035,-0.0892184211553051,-0.0746314166418935,0.6142293053608365,0.8311715650494064,0.4365770893429401,0.0224124949167562,0.3122877376818354,-0.0936770373301626,1.101386659641523,0.2558985752864302,0.0053289234653318,-0.0341104778112235,0.0068296135637638,0.0007865400342737,0.036782017229967,-0.0132330967310691,-0.0257741823359625,0.0247097710374945,0
Zm00001d037790,1.0,III,0.575145,0.59,3.0039148045838324,0.2610024565800617,0.0126,0.1972,0.0637,14918.0,62716.0,20.6036,0.39,0.02,0.01,0.0,0.6,0.75,0.005,0.635,0.78,0.62,0.3,0.16665,1.0,1.0,1.0,1.0,5118,0.13199999999999995,0.30150000000000005,1.0,1.0,0.0,1.0,0.0,0.0,-0.0777966908010528,-0.1088090551792018,-0.0895185799931823,-0.0389914161097561,-0.1153793261183699,-0.0585296557057087,-0.1398893151136671,-0.1026766710390162,-0.1069189499728897,1.0977292301040549,0.3664821056145498,0.2144915033939451,0.4610717294437614,-0.0459943085453387,1.5093613978568987,0.1337759322524063,-0.0098852032740027,-0.1422074261766981,-0.1314921630450641,-0.0745697552278667,0.0483348937549337,-0.0619544010441839,-0.1438666280207373,-0.0806311258537775,0
Zm00001d037787,1.0,III,0.444444,0.547059,1.8437409432366405,0.4282779594519743,0.1858,0.2702,0.6877,78592.0,2856.0,20.6036,0.39,0.015,0.055,0.0,0.01,0.28,0.015,0.21500000000000002,0.455,0.65,0.20075,0.7222500000000001,0.19585000000000002,1.0,1.0,1.0,6652,0.0665,0.15969999999999998,1.0,1.0,0.0,1.0,0.0,0.0,0.178191237883332,-0.0280699478665233,-0.0562473402436008,-0.0336596526124903,0.0544826041013683,-0.0048433448723174,-0.0823923042788606,-0.0171410113729971,0.040347092396272,0.5726366518759811,0.2467696980088289,0.0272853062428004,0.155949536908792,-0.0562462038472654,0.9532609321465666,0.0447240379333278,0.4417924067680759,0.215303449457027,0.2711845068813328,0.1836704295058109,0.4273478929936385,-0.0648365725050537,0.125554353024429,0.4705687471502841,0
Zm00001d038021,1.0,III,0.448106,0.53,3.1572618599321847,0.3882394664211396,0.0115,0.1297,0.089,20418.0,4031.0,10.072,0.61,0.01,0.015,0.0,0.6699999999999999,0.33999999999999997,0.0,0.765,0.575,0.5700000000000001,0.0837,0.17545,1.0,1.0,1.0,1.0,0,0.436,0.0902,1.0,1.0,1.0,0.0,0.0,0.0,0.0336365898260142,-0.0116683179290285,-0.1018169181594336,-0.0541249173137484,0.0275953123069528,-0.0145408866805136,-0.0865790887663947,-0.0496547478480318,0.2287013110370747,0.8432302121433002,0.6197004072015533,0.1155539460880594,0.3442648723025503,-0.0022417570361061,1.4017109822229703,0.2144702025442542,0.0264461664586422,-0.0458733931538375,-0.0114625816913957,0.0145846727872907,0.0323226490994102,0.0155856284052104,-0.0652493577700836,-0.0254758172545569,0
Zm00001d037993,1.0,III,0.55355,0.55,4.9566415172925815,0.2032161262010182,0.0383,0.2327,0.1648,73.0,151251.0,21.1158,0.41,0.04,0.195,0.0,0.645,0.345,0.0,0.815,0.41500000000000004,0.585,0.42500000000000004,0.68475,1.0,0.89395,1.0,1.0,0,0.5990000000000001,0.43700000000000006,1.0,1.0,0.0,0.0,1.0,0.0,0.1715150395985401,-0.0041438523934415,-0.0478374232850842,0.0411638937338254,0.1266026268709771,0.0269227851420348,-0.0839860328987132,0.0120529409465289,0.0946555527120529,0.642635142577203,0.5812448970667625,0.2232501368614918,0.5139117936892864,-0.027376902051659,1.1313384578717467,0.4902296124197237,0.0324656948832602,-0.0560306941801243,0.0020179762274119,-0.0124606502249858,0.0636268890396917,0.0269825515544747,-0.0556300614135886,0.0581578144517441,0
Zm00001d037992,1.0,III,0.454852,0.67,6.190005542447872,0.2378361227038973,0.009,0.1742,0.0516,19.0,90749.0,12.4225,0.39,0.09,0.035,0.0,0.7949999999999999,0.525,0.005,0.835,0.81,0.32,0.7103999999999999,0.3333,1.0,1.0,1.0,1.0,300,0.5080000000000002,0.395,1.0,1.0,0.0,1.0,0.0,0.0,-0.0094221079155446,-0.0225205811636828,-0.0191302459997666,0.0090359745316433,-0.018453794711154,0.0140610702960409,-0.052666347471624,-0.0086864771900234,0.0739596757256208,0.5693125211020487,0.6808722818193276,0.2671896051019585,0.510138451411948,-0.0097126227356471,1.1929034589141811,0.4085574614939804,0.0314873524751072,-0.0588030584723768,-0.0238991373099303,0.0160877618647877,0.0405853276223614,-0.0030681655209664,-0.0625765917349985,-0.0073637796776168,0
Zm00001d038066,1.0,III,0.663957,0.45,2.148589308086068,0.6595422182951644,0.0322,0.2218,0.1452,60187.0,2655.0,4.80624,0.85,0.03,0.05,0.005,0.645,0.095,0.034999999999999996,0.89,0.13,0.0,0.4295,1.0,1.0,0.83335,1.0,0.95,469,0.7044999999999999,0.0645,1.0,1.0,0.0,0.0,1.0,0.0,0.2154220739348832,-0.0007068152406196,0.4524442146802552,0.1703891397635037,0.4144343335185469,0.01858269524702,0.0143537635536732,0.3870270308175424,0.4637524998176691,0.1097833036964508,0.5531054116644784,0.2127570691453404,0.4072612611579709,0.028184782610131,-0.0712038259885371,0.3862784319021182,0.0690551254545436,-0.0129280897550424,0.0228371348308053,0.0106421796388439,0.0336005998516188,-0.0027020513675759,-0.0281263747527472,0.0356722138806196,0
Zm00001d038081,1.0,III,0.713287,0.45,0.1461648789561645,0.9685054374130134,0.0468,0.385,0.1216,211935.0,88926.0,13.9065,0.89,0.095,0.07,0.0,0.49,0.24,0.0,0.665,0.39,0.0,0.54165,0.57595,1.0,0.96425,1.0,0.975,1544,0.06649999999999999,0.4,1.0,1.0,0.0,1.0,0.0,0.0,0.3345467917623384,-0.0360150480053143,-0.0400463158579139,-0.0151396425412919,0.0529278325705414,0.0869719203198352,-0.1026291542217354,-0.0217991037530825,0.1462158826463354,0.0455221005286978,0.2582569014364984,0.0304612088101432,0.0681198351645862,0.0844447181115484,-0.0013043060514182,0.0711428434357017,0.17262371991707,-0.0104612316409025,0.0929489462978545,0.0106463618882474,0.1631542631351309,0.4388528275252891,-0.0686581221490572,0.1330719593432706,0
Zm00001d038072,1.0,III,0.638798,0.652941,1.1236513485918789,0.5267078571127825,0.0457,0.2201,0.2076,290653.0,9905.0,11.0438,0.87,0.09,0.01,0.0,0.15500000000000003,0.02,0.0,0.125,0.04,0.0,0.6667000000000001,0.2414,0.9166,0.8694500000000001,0.8868499999999999,0.875,0,0.0,0.0,0.0,0.0,1.0,0.0,0.0,0.0,0.1843012228878967,0.2731320992020588,0.0298756518641281,0.1157686687484952,0.4171357566728336,-0.0459438610852537,0.2450310942747752,0.1494242546191669,0.1602673264105748,0.2100335423480834,0.661288702092763,0.2624226764659035,0.4774917627063313,0.0172607968948641,0.4336540419210364,0.3566527541445514,0.5562548743094335,0.0557101239784813,0.0092161500459432,0.1351491156619613,0.4679691374639141,-0.0608774935382698,-0.0965362138376367,0.2162555207483436,0
Zm00001d038088,1.0,III,0.531835,0.49,4.761489383316582,0.218123007888509,0.0,0.095,0.0,34067.0,10237.0,12.9347,0.93,0.05,0.01,0.02,0.755,0.6,0.235,0.925,0.7,0.715,0.53055,0.13075,1.0,1.0,1.0,1.0,3249,0.0411,0.0,0.98,0.0,0.0,0.0,1.0,0.0,-0.0789353952267506,0.0025339266631747,-0.0816461236234916,-0.0257972864476012,-0.0139595437503043,0.0064587242005255,-0.037887157942396,-0.0437408531940474,0.0566426421804751,0.6162258601855576,0.3998396694020206,0.1162390699975915,0.3151377958688716,4.59784902696464e-05,1.0715566853957954,0.322490662337224,-0.0396091045714298,-0.1102481602611199,0.0201673596878787,-0.0438072818222032,-0.0011119169787522,-0.0475436064740898,-0.0906991326866914,-0.005148698487435,0
Zm00001d038092,1.0,III,0.496241,0.48,2.82187077844204,0.3498925032463341,0.0406,0.1011,0.4017,43.0,187017.0,10.5316,0.95,0.025,0.035,0.01,0.44,0.855,0.475,0.5700000000000001,0.9299999999999999,0.79,0.3333,0.3856,1.0,1.0,1.0,1.0,0,0.0,0.09349999999999997,0.0,1.0,0.0,1.0,0.0,0.0,-0.0178074475746653,-0.0109619263032825,-0.016731067274342,-0.0053776567361764,-0.0147270633869762,0.0089140200873714,-0.0196835648269263,-0.0076487283351806,-0.1315256223537585,1.3623991139651157,0.3742072878758219,0.0701610938196438,0.099789832056789,-0.0610343916328327,1.7404230570336794,-0.0081856726196867,0.0985704907152818,-0.0660179538280873,0.001041857998676,-0.0114097215994414,0.146857949796971,0.0033233769908868,-0.0298808752982831,0.091883597302094,0
Zm00001d038105,1.0,III,0.708633,0.54,2.305507416445773,0.4641046772466036,0.0397,0.5367,0.0739,127.0,187.0,127.456,1.05,0.015,0.0,0.14500000000000002,0.625,0.0,0.255,0.6599999999999999,0.05,0.375,0.0853,0.0387,1.0,0.05,1.0,0.875,974,0.0,0.0,0.0,0.0,0.0,0.0,1.0,0.0,0.1822770351029149,0.177154232027326,0.0147376049449684,0.3948050626578356,0.8418707037349996,0.0311488859970855,0.1112079727618495,0.3864704839466785,0.294600525266751,0.0525657349281743,0.6778362763196106,0.4473765813618293,0.8893091366456429,0.0373501947743919,0.0767021691311312,0.825718239528069,-0.016333508538691,-0.130464794114287,-0.058009608796309,-0.0393201067073738,0.0495233600913374,-0.0396155426850361,-0.1165841252813592,-0.0267357158777854,0
Zm00001d038106,1.0,III,0.49403,0.62,2.9202912994732984,0.2541366867665175,0.0111,0.082,0.1359,283073.0,294.0,17.2288,1.06,0.055,0.09,0.01,0.81,0.14500000000000002,0.065,0.9,0.315,0.755,0.65915,0.6625,1.0,0.8774500000000001,1.0,0.9808,55,0.6535000000000002,0.0,1.0,0.0,1.0,0.0,0.0,0.0,0.687339129876569,0.0508333071607591,-0.0183888873871555,0.1206540695001305,0.2536981445751923,0.1772433550784642,-0.038438672721261,0.1115984489731095,-0.1738268843054763,1.5928917996587098,0.2185066435170398,0.0182366667774614,0.284378669029452,-0.0826521289563634,2.069350240410696,0.069395213081378,-0.112304018225563,-0.1349522784007463,-0.1205658255308818,-0.0567291333654174,-0.0965790081341777,-0.1102941354180117,-0.1587997786448472,-0.0965282833124058,0
Zm00001d038109,1.0,III,0.474865,0.61,1.4292526289661005,0.5629900394023452,0.027,0.1135,0.2383,173354.0,122569.0,19.6845,1.09,0.14,0.02,0.0,0.565,0.265,0.0,0.7250000000000001,0.52,0.53,0.7066,0.17485,1.0,1.0,1.0,1.0,2262,0.24900000000000003,0.41700000000000004,1.0,1.0,0.0,1.0,0.0,0.0,-0.0072660511971696,-0.0159184870822123,-0.0054654018171613,0.0256189854869412,0.0013161687791117,0.0104645581284081,-0.0163963513626107,0.0188707325443862,0.4340436351761233,0.7552977728697046,0.5035521611224465,0.1014304310075723,0.3386299579294757,-0.0482479420371895,1.0008486379971169,0.2385090754727455,0.3391515493013618,-0.0138293702124747,0.0457470691322387,0.0088609986694502,0.2297571979800937,-0.0014252089357239,-0.0548771633351619,0.0231576642439075,0
Zm00001d038114,1.0,III,0.47123,0.65,2.963210790892853,0.3994805951786618,0.0355,0.1332,0.2666,31.0,53359.0,41.7195,1.13,0.045,0.015,0.01,0.815,0.7350000000000001,0.43,0.88,0.88,0.73,0.4488,0.2051,1.0,1.0,1.0,1.0,0,0.6859999999999999,0.40299999999999997,1.0,1.0,0.0,0.0,1.0,0.0,-0.0847777373485977,-0.1071574355437552,-0.1384995235447204,-0.0451610687894475,-0.064132569779304,-0.0733112655957632,-0.1389635962292131,-0.086950362794655,0.0343952223810389,1.3557835076577072,0.3044401333706646,0.1023075445659848,0.2011511771303019,-0.0879932835501865,1.460905446608138,0.2011525646827818,0.0259498887095859,-0.0742238414064625,-0.0375489709525103,-0.0311862045215217,0.0344170290244232,0.0017853938448999,-0.0760781625676829,0.0209260174110087,0
Zm00001d038134,1.0,III,0.487437,0.46,3.6202145795295633,0.2283382339799854,0.0167,0.0732,0.2274,171201.0,24775.0,7.20936,1.07,0.05,0.03,0.01,0.685,0.7749999999999999,0.04,0.75,0.88,0.71,0.30125,0.32305,1.0,1.0,1.0,1.0,0,0.601,0.09799999999999995,1.0,1.0,1.0,0.0,0.0,0.0,-0.0594206302578315,-0.0790388250368186,-0.0739135535618246,-0.0507704541602344,-0.060471420512509,0.0069772348974027,-0.108825882223181,-0.0470291288752157,-0.2059908835885631,1.2455399311296116,0.1886394267897294,-0.0137556346325023,0.2401293945470405,-0.1023561215432328,1.713468321603877,0.0208450270890286,-0.0178029512816285,-0.0413575205759252,-0.0136379486717756,0.0095740413506183,0.1168247206236025,0.0079870104783775,-0.0281251245715016,0.0270215335813764,0
Zm00001d038150,1.0,III,0.452893,0.635294,3.0614937288927493,0.2586283163060068,0.0469,0.0815,0.5759,120158.0,75368.0,11.5034,1.11,0.045,0.03,0.01,0.685,0.71,0.345,0.785,0.835,0.6950000000000001,0.57515,0.38885000000000003,1.0,1.0,1.0,1.0,0,0.146,0.858,1.0,1.0,1.0,0.0,0.0,0.0,-0.013241321628786,-0.0212638272827371,-0.0438390695304198,0.0419941767350759,-0.0097453993297492,0.0077707388896232,-0.059758978354628,-0.0120806769923743,-0.1158591591782496,1.3709439097445946,0.1925050629526542,0.0176005947444697,0.1415299345052198,-0.0581059729908097,1.808593658715648,0.0138390914965469,-0.0515183078774678,-0.1143377758536845,0.1430707958396813,-0.0250700567129279,0.1137081450720499,-0.0833882858624032,-0.0876131436234462,0.1958035541313301,0
Zm00001d038163,1.0,III,0.585912,0.63,8.817104486378042,0.3488340039400801,0.0441,0.3296,0.1338,70.0,338.0,16.2569,1.36,0.01,0.02,0.015,0.6599999999999999,0.585,0.065,0.73,0.76,0.095,0.09445,0.3136,1.0,1.0,1.0,1.0,0,0.0,0.7525,0.0,1.0,0.0,1.0,0.0,0.0,-0.0141914941386546,-0.0156634492498247,-0.0103645790667138,0.0246274455312989,-0.0237740431644464,0.0043364994139771,-0.0316802485802059,-0.0096236046013601,1.1323371445662234,0.3187560137121606,0.2318258471357185,0.1252325562380442,0.3515453781495028,0.6384933605101816,0.0261963425769095,0.2365290130056594,-0.0053841557420723,-0.100197852323108,-0.0279606776820949,-0.0295312472612249,0.074467152764031,-0.024061837064071,-0.1174699174283413,0.061956323056313,0
Zm00001d038156,1.0,III,0.46,0.58,3.2926012441222894,0.2094059549828267,0.0222,0.0994,0.2236,103.0,1928.0,12.4752,1.19,0.06,0.06,0.005,0.64,0.305,0.08499999999999999,0.74,0.09,0.695,0.5127999999999999,0.39665,1.0,1.0,1.0,1.0,0,0.8475,0.2075,1.0,1.0,1.0,0.0,0.0,0.0,-0.0379197618366877,-0.1017499510540489,-0.1359032694516699,-0.0883135948543576,0.0913307176148055,-0.109950016503024,-0.1295690168861393,-0.0131677086951434,-0.0834867380271077,1.2569485982477984,0.227053561413843,0.0696638906222158,0.2688687793628573,-0.0668337435070374,1.5113477085619522,0.1031839271924229,-0.0094073029938395,-0.034746436565386,0.0436559259371591,0.0211088366732977,0.0934346141356205,-0.000425518579721,-0.0159697500452469,0.1207543296687228,0
Zm00001d038155,1.0,III,0.547758,0.67,2.664281252808933,0.6447342260117074,0.0601,0.099,0.6074,75.0,65071.0,22.5472,1.19,0.055,0.025,0.005,0.24,0.66,0.11499999999999999,0.095,0.91,0.355,0.4,0.3083,1.0,1.0,1.0,1.0,0,0.20749999999999996,0.8032000000000005,1.0,1.0,1.0,0.0,0.0,0.0,-0.0829001356934422,-0.0432325771812022,-0.09766566543709,-0.0574511527210489,-0.0246618770807156,-0.0582009072888406,-0.0945761783427328,-0.0391528504673753,0.304737786454979,0.5682875127663148,0.4876047506218904,0.0933161871255467,0.2858850327547299,-0.0233626217163799,0.5605157746055903,0.1490878348385747,-0.0469327619839327,-0.1093112016046107,-0.1356918697933886,-0.0941118280446081,0.0863657071370717,-0.1169869845901222,-0.1342875716850325,-0.0204829990607622,0
Zm00001d038171,1.0,III,0.48004,0.61,2.641415565211755,0.216958088350842,0.0323,0.0998,0.3235,58966.0,30211.0,36.8606,1.43,0.03,0.10500000000000001,0.0,0.7,0.165,0.0,0.8200000000000001,0.255,0.525,0.125,0.7786,1.0,0.83335,1.0,0.94445,3304,0.0,0.19249999999999998,0.0,1.0,0.0,0.0,1.0,0.0,0.1736954034304987,0.0662172466803731,-0.0395444343266303,0.3189775183461648,0.5885905118974295,0.0108549293641541,-0.0073237622187955,0.1634088028488601,-0.0643317190508101,0.8250072488716684,0.4585167750710418,0.351970763023033,0.5868927029383216,-0.0058764180278862,1.355895162840771,0.2393531853836499,0.1193199502202124,-0.0588915311508115,0.1939309828829484,0.2377710955939176,0.4224536750676993,0.0505353063365294,0.0716131931128584,0.3877752173533696,0
Zm00001d038172,1.0,III,0.437867,0.41,4.131662149404574,0.3775840390695496,0.0637,0.1146,0.5559,78024.0,1408.0,23.4663,1.43,0.060000000000000005,0.01,0.01,0.64,0.11000000000000001,0.3,0.845,0.36,0.76,0.6916,0.1675,1.0,0.76885,1.0,1.0,1221,0.060500000000000005,0.0575,1.0,1.0,1.0,0.0,0.0,0.0,0.0558785916348623,0.3462372461694057,0.5692320836809045,0.6642014888260002,0.8840924847004024,0.0007005230986052,0.6909502083441533,0.4581754971497482,-0.0921720832440327,1.4825064362411868,0.2262190565415133,0.1888116923103855,0.4106200308370945,-0.0727515645017248,1.831538246348076,0.1607609947951232,-0.0084258285351312,-0.1087512728835166,-0.0245510907892736,0.040654455691057,0.1713912048121562,-0.0302405674232648,-0.091786070349279,0.1144610462487301,0
Zm00001d038173,1.0,III,0.582375,0.647059,4.900902269783373,0.2780643403607191,0.03,0.1429,0.2101,130.0,230491.0,23.4663,1.44,0.01,0.060000000000000005,0.0,0.075,0.825,0.0,0.36,0.9,0.095,0.1391,0.48335,0.73915,1.0,1.0,1.0,0,0.0575,0.8140000000000001,1.0,1.0,1.0,0.0,0.0,0.0,-0.0162453354916372,-0.0137328182178208,-0.0031671303946941,0.0027042726763999,-0.0092271724766742,-0.0051013344519012,-0.0232500523035748,-0.01512959294097,0.0501819339621312,0.300284952045282,0.694367913163046,0.7291589089879218,0.9609951302891137,-0.0035598609378626,0.6526780302147523,0.6167301440841568,-0.0122173137372469,0.015646224109369,-0.0852556634072775,0.2442372124498528,0.5657876703572778,-0.0499708706894996,-0.0355762688883611,0.1515540238410316,0
Zm00001d038193,1.0,III,0.561167,0.335294,3.67858167533519,0.1980320722473456,0.0303,0.1087,0.2786,68045.0,75646.0,22.4946,1.7,0.025,0.005,0.005,0.645,0.015,0.08499999999999999,0.77,0.165,0.665,0.22649999999999998,0.1378,1.0,0.32395,1.0,1.0,1154,0.395,0.1809,1.0,1.0,0.0,0.0,1.0,0.0,0.0820800743798333,0.779452193439119,0.0170651725872025,0.0515905009770801,0.3454963208009139,-0.0633445054602282,0.7449229427103611,0.1422288467004924,0.1249409355445222,0.8082767011196201,0.2684986154572587,0.0277906988669961,0.3431451847075416,-0.0694721654796967,1.1411264731665949,0.1382226201253747,0.0706066541715828,-0.045211817190783,-0.0014345699675105,-0.0076718415849465,0.1006534536502165,-0.0109747231956057,-0.0540712866883604,0.0004958924662128,0
Zm00001d038207,1.0,III,0.645289,0.44,0.4719088646985644,0.7848312375322655,0.0527,0.1568,0.3361,11124.0,4410.0,15.2852,2.04,0.015,0.055,0.0,0.71,0.28,0.0,0.81,0.49,0.005,0.19645,0.49355,1.0,1.0,1.0,1.0,241,0.9025,0.08439999999999999,1.0,0.75,0.0,0.0,1.0,0.0,0.3871305331504372,-0.0846816243624398,-0.1054564562343726,-0.0187092848136331,0.0827333108800658,1.0672918010164156,-0.1269761803040114,0.0004725494547138,0.6941403719177781,0.2190612592817517,0.7889208845739508,0.2533690964991322,0.4938837740955134,1.127226806995017,-0.0442735689967791,0.4519739552939196,0.0413885360604856,0.0057882255539308,0.0345318293390142,0.0229181800035146,0.0350082052261222,0.1604384774347857,-0.0160244392448024,0.035989697168398,0
Zm00001d038208,1.0,III,0.511025,0.48,4.878355611940297,0.188467189027954,0.014,0.1088,0.1291,100389.0,4756.0,14.8783,2.2,0.08,0.02,0.015,0.565,0.30000000000000004,0.05,0.795,0.565,0.61,0.61435,0.23954999999999999,1.0,1.0,1.0,1.0,149,0.5466000000000001,0.12750000000000003,1.0,1.0,0.0,1.0,0.0,0.0,0.4107322397079734,0.2118110187199774,0.1461259441979663,0.0481670744874199,0.1277203533693452,0.0620433224100667,0.0332114709041929,0.1041050198019773,-0.060999559107629,1.098442751602939,0.3938935451473283,0.1797688912872649,0.3939098450163881,-0.0504248616196884,1.5228309852466804,0.2198029543465477,0.0196279339695889,-0.1034344922755614,-0.0375883711110839,-0.0451334281324901,0.0602058474133106,-0.0401699927003191,-0.0859028778096208,-0.0288005238722064,0
Zm00001d038209,1.0,III,0.51237,0.62,5.285275105237742,0.3091554708658249,0.0117,0.1073,0.1092,50.0,387.0,42.6386,2.2,0.045,0.02,0.0,0.5800000000000001,0.045,0.0,0.675,0.235,0.365,0.4385,0.47914999999999996,1.0,0.46875,1.0,1.0,0,0.4515,0.033,1.0,0.66,1.0,0.0,0.0,0.0,0.3831569634984181,0.1373957461210538,0.3392198332914248,0.1228122152329572,0.2660898559287034,0.0745707909497113,0.0767292399148193,0.1976025702433239,-0.0315127375555627,0.4707557415915796,0.8923857872691116,0.4617134969031086,0.7021830486405122,0.0078583699289518,1.1663755116167385,0.2380426370752778,-0.0290232544848184,-0.06439994230288,-0.0245223905775969,-0.0212080023412204,0.0006709033543954,0.0122553308543926,-0.0506666748622906,-0.0376084949220987,0
Zm00001d038218,1.0,III,0.545723,0.59,5.570409571013353,0.245191599457534,0.0116,0.3248,0.0357,116.0,113113.0,46.0135,2.16,0.12,0.08499999999999999,0.01,0.375,0.495,0.125,0.515,0.575,0.65,0.83055,0.51975,0.95835,1.0,1.0,1.0,8509,0.39249999999999985,0.3675,1.0,1.0,0.0,0.0,1.0,0.0,0.2053054751279492,0.0228037451592629,0.0411298629592323,-0.0007789842024995,0.1082687095589259,-0.004565794317268,-0.0850255834360783,0.0557828537857301,-0.106285682456323,0.7973359597051219,0.5766332869040589,0.3913577303941474,0.589563703100461,0.0047707850545976,0.9256420211444936,0.3062484522306389,-0.0718482940548001,-0.1337830999489333,-0.0806634069255251,0.1042729712919736,0.3977034315374938,-0.0463275622556925,-0.1106227508912928,0.0722455996902057,0
Zm00001d038222,1.0,III,0.470534,0.65,2.49224381931534,0.2229845662499746,0.0171,0.1281,0.1334,18.0,114423.0,11.5034,2.15,0.16499999999999998,0.035,0.0,0.43000000000000005,0.55,0.005,0.5,0.6699999999999999,0.5800000000000001,0.6667,0.31945,1.0,1.0,1.0,1.0,1119,0.365,0.0,1.0,0.0,0.0,1.0,0.0,0.0,-0.0403290297428439,-0.1032357206884628,-0.1375062829029106,-0.0462777003028236,0.0448285557515603,-0.072033217617672,-0.146549098315476,-0.1008364760043103,0.0523039185461401,0.5901149360642749,0.5176443840299426,0.3209783744759041,0.6295981710635445,-0.0425715496846767,0.9469524751440628,0.4579411864995856,0.2242525303817197,-0.0720206656173394,-0.0119154149282818,0.002186213726002,0.2353924569320289,0.012724910560557,-0.0914004246343811,0.0947327536366894,0
Zm00001d038227,1.0,III,0.441501,0.56,4.815632408655996,0.1927695664057808,0.066,0.1415,0.4667,2.0,8635.0,8.12848,2.16,0.01,0.03,0.005,0.6,0.36,0.005,0.67,0.4,0.655,0.058249999999999996,0.29164999999999996,1.0,1.0,1.0,1.0,0,0.047,0.0605,0.94,1.0,0.0,0.0,1.0,0.0,0.0629045014660579,0.0315100824008899,-0.0444132714216801,0.0390803835607374,0.0874762602283068,0.0169204864230344,-0.0082800375924293,0.0456096073348779,-0.089296646126354,0.7359319213521471,0.6616938365990492,0.273255778035154,0.3794877970166455,-0.0249332146122805,1.3666474400402189,0.1442207560316446,0.0136723380659319,-0.0960460781182662,-0.0497667877524447,-0.0826951556343112,0.010656207949065,-0.050192825332663,-0.104604722694976,-0.0592939953971534,0
Zm00001d038248,1.0,III,0.445652,0.51,5.168160815829404,0.2376457370856271,0.1085,0.2121,0.5119,2009.0,21482.0,6.23758,2.34,0.08499999999999999,0.045000000000000005,0.0,0.14500000000000002,0.29000000000000004,0.0,0.33999999999999997,0.575,0.485,0.68645,0.44389999999999996,0.8934,0.87785,1.0,1.0,0,0.049,0.30140000000000006,0.95,1.0,1.0,0.0,0.0,0.0,-0.0576417750044367,-0.0860111793990286,-0.0901847007904623,-0.0820555545471805,-0.0292982646892579,-0.0445311985012166,-0.1301588384877649,-0.0587639908564686,-0.0540977037409946,0.5387151957277181,0.5188190306286148,0.4121305626285435,0.646338766290288,-0.0128798427699603,1.127735133024206,0.4408148455975587,0.4137905715022266,-0.0822247756929536,-0.0263546217370211,-0.0043070289660143,0.1332048429512438,0.1661035632894626,-0.1040300286423218,0.0316385042022632,0
Zm00001d038251,1.0,III,0.707246,0.49,1.100230404010209,0.7704244945586326,0.0316,0.1657,0.1907,13180.0,1128.0,6.23758,2.45,0.07,0.07,0.0,0.33999999999999997,0.235,0.005,0.41500000000000004,0.305,0.0,0.37595,0.66445,0.9582999999999999,1.0,1.0,1.0,1022,0.06199999999999999,0.08950000000000001,1.0,1.0,0.0,1.0,0.0,0.0,0.5593784950363976,0.0402399705429692,0.0968276683009059,-0.0200585922669769,0.1510816469255585,-0.0345948869283148,-0.1250262445987063,0.1928551273246307,0.7014679948657462,0.1466970363393784,0.2017932498352487,0.0847230991950436,0.2913780186917244,0.0037789420455354,-0.1101266648315677,0.2198043574251114,0.2682565922753342,-0.024831469188046,-0.0350206052441066,-0.0320751641198942,0.0605445192038263,0.0017686849854979,-0.1107510068300063,-0.0142235980902757,0
Zm00001d038257,1.0,III,0.518586,0.447059,1.2010777628027345,0.3722835555864789,0.0233,0.0687,0.34,55902.0,2798.0,11.9629,2.54,0.05500000000000001,0.0,0.0,0.6599999999999999,0.0,0.035,0.75,0.005,0.605,0.60165,0.024350000000000004,1.0,0.03125,1.0,0.18125,3913,0.14600000000000002,0.0,1.0,0.0,0.0,0.0,1.0,0.0,0.02566087404609,-0.1073073903837488,0.7819856256129085,0.3678468220569836,0.6051777523986874,-0.0658762422509162,0.4068377990999963,0.4925080992488512,0.172814798110831,0.8654259932270518,0.3680115088679123,0.1026906432572311,0.2924668545868829,-0.0117504182344304,1.1173799761885104,0.183178919497913,0.2038594710038309,-0.0532479613258684,-0.0195111930234151,-0.0215277329300695,0.1307587165528347,-0.0046146033102597,-0.0739339989136977,0.009914029823159,0
Zm00001d038258,1.0,III,0.514286,0.61,2.898423442352177,0.3190430733938231,0.021,0.0713,0.2949,63.0,62150.0,11.9629,2.55,0.015,0.0,0.0,0.715,0.02,0.0,0.8200000000000001,0.49,0.02,0.08829999999999999,0.11195,1.0,0.41664999999999996,1.0,1.0,3493,0.060500000000000005,0.032,1.0,1.0,0.0,1.0,0.0,0.0,0.0342246404805418,0.4291314520532235,0.0072698611636737,0.0094737857808672,0.0846471907214533,-0.0138152792817589,0.4073720730185439,-0.008719213849422,0.1393076737155137,0.2807948503698479,1.3437444072978957,0.6224556377278286,1.0781855036781471,-0.0370643139901068,1.2696831723881317,0.6879890033634114,-0.139025711051234,-0.148661342998417,-0.0932936100206788,-0.0977308812312767,-0.0941251565451441,-0.1299776875816133,-0.1646716243491662,-0.1014101910853757,0
Zm00001d038262,1.0,III,0.675255,0.61,3.5455607202132704,0.4686794002113187,0.0538,0.5687,0.0946,13.0,276.0,21.5754,2.72,0.08,0.095,0.0,0.52,0.615,0.0,0.7150000000000001,0.74,0.005,0.6597500000000001,0.2987,1.0,1.0,1.0,1.0,5615,0.285,0.3273,1.0,1.0,0.0,0.0,1.0,0.0,0.3407287123263344,-0.0817613843674545,-0.0622978715001141,-0.0284200193204218,0.1608103689120344,-0.0230164205441358,-0.1373155352328534,0.0163958656456748,0.4786918848351257,0.0981073400182442,1.2573048427004954,0.2974338637642387,0.6278218018084523,0.009035753393403,0.0306536358009727,0.7053119071708034,0.1593519621706776,-0.0713872281693202,-0.004993503738697,0.0447556174057924,0.0566790838072591,0.0226902452128452,-0.0887680602108279,-0.0099673842601457,0
Zm00001d038340,1.0,III,0.609465,0.65,2.60885807630274,0.3323588898266683,0.018,0.1794,0.1001,629.0,2954.0,69.9394,4.46,0.085,0.0,0.0,0.675,0.01,0.0,0.7,0.115,0.98,0.85185,0.03515,1.0,0.16665000000000002,1.0,0.46875,841,0.11199999999999999,0.032,1.0,0.64,1.0,0.0,0.0,0.0,0.4211713715857625,0.0560562681186481,0.7836492110449159,0.3321797530189089,0.5603781686479596,0.0560693374949256,0.3968446780528772,0.5665992879780494,0.180510319698198,0.4094184786732128,0.6402498359218682,0.182413588830587,0.3763636279768912,0.0364182819194539,0.6291778857289275,0.3087559021341282,0.0395580542740489,-0.0277125795128701,0.0015578019353562,0.0063755137260356,0.1057187086713664,0.0114765487159792,-0.0228159650568061,0.0611645203657728,0
Zm00001d038336,1.0,III,0.471223,0.55,0.3693627149258276,0.6333175388809128,0.0697,0.0642,1.0862,7979.0,3616.0,10.072,4.44,0.1,0.0,0.0,0.505,0.005,0.02,0.685,0.5,0.5,0.8422499999999999,0.0444,1.0,0.26589999999999997,1.0,1.0,5016,0.12250000000000001,0.037,1.0,1.0,0.0,1.0,0.0,0.0,0.1563010915813271,0.3869789441612753,0.7987517684972786,0.5158212490309149,0.9000852838946359,0.0304328451141587,1.0082052361517513,0.5508949313795513,0.3715917207646843,0.7982326987182718,0.2600639696557638,0.1852444350323532,0.5688132143825435,-0.0193568049988149,0.8378392856290908,0.3821461594889513,0.0415075866444029,-0.0832975309178232,0.0302749683869249,-0.0214343513309016,0.0669116439348419,-0.0251157905128128,-0.0909354429531776,0.0329117715121981,0
Zm00001d038331,1.0,III,0.590188,0.57,2.56895951247246,0.3526375949286671,0.0915,0.2202,0.4154,67068.0,156632.0,6.69714,4.41,0.005,0.045,0.02,0.37,0.42500000000000004,0.53,0.905,0.7,0.685,0.08335000000000001,0.28125,1.0,1.0,1.0,1.0,0,0.16949999999999998,0.511,1.0,1.0,0.0,0.0,1.0,0.0,-0.0734410284294685,-0.0994783638267648,-0.1213691093484552,-0.0963321674937322,-0.0386835547524062,-0.0618361996099736,-0.1333817565229807,-0.1051674825505365,0.015905652787467,0.580494194387235,-0.025240746502112,0.0147459153884218,0.0894949885471708,0.0079742707523904,0.3567494405703876,-0.0061624626314756,-0.0761252582095602,0.9513552569271,0.1259854771188145,0.0019779465075374,-0.0709453536396769,-0.0320865573983827,1.2203344318770768,-0.0794873897869366,0
Zm00001d038330,1.0,III,0.58642,0.36,3.960587164114879,0.2024586152340393,0.024,0.1926,0.1244,150614.0,73206.0,6.69714,4.41,0.02,0.045,0.0,0.78,0.395,0.0,0.855,0.675,0.475,0.1291,0.28125,1.0,0.96905,1.0,1.0,120,0.0855,0.7865000000000001,1.0,1.0,1.0,0.0,0.0,0.0,0.0420995461935445,0.1935318011957782,-0.1144108386538369,-0.0059130396585357,0.1504930041588313,-0.0146530029796187,-0.0166105302887073,-0.0415238621758629,0.0288161998801759,0.525059204044265,0.8106963103115488,0.359849268657638,0.597457350988005,-0.0011022179685211,1.1328609726622916,0.5584285947483358,-0.0921554917713985,-0.1337931474743666,-0.0069930468277173,-0.0150768216918002,0.0144346790224222,-0.0748401615767438,-0.0924740397125434,0.011494543810379,0
Zm00001d038319,1.0,III,0.450151,0.62,1.830013785971323,0.5376130653642232,0.0166,0.1002,0.1658,50.0,20681.0,7.66892,4.26,0.025,0.035,0.01,0.55,0.515,0.375,0.675,0.79,0.71,0.22205000000000003,0.41255,1.0,1.0,1.0,1.0,0,0.6235,0.36849999999999994,1.0,1.0,0.0,1.0,0.0,0.0,0.0565554951716646,-0.0249456524849153,-0.0678201827269297,-0.0167738305177396,0.1665523563345124,-0.082835201590222,-0.1179506776282187,0.1319059611176489,0.0490305779519009,1.5399664978872187,0.3221374291215801,0.171260941750022,0.2717197257002986,0.0027944981656683,1.525030209391496,0.0960467080088199,0.3076855386563162,-0.0276224841980669,-0.0468145064927816,0.0647005146569554,0.0669582776759649,0.193958108235017,-0.0643278224704508,0.0094440793683027,0
Zm00001d038311,1.0,III,0.648366,0.58,2.1560817988254675,0.3737484882302642,0.0565,0.2068,0.2731,139899.0,1155.0,19.1723,4.17,0.0,0.025,0.0,0.015,0.22000000000000003,0.0,0.23,0.43,0.045,0.0361,0.29464999999999997,0.4333,0.81135,0.95455,1.0,340,0.0,0.33549999999999996,0.0,1.0,0.0,1.0,0.0,0.0,0.1071568845944062,-0.0541725676334176,-0.1007150533033591,-0.0854111064324079,-0.0183739293173033,-0.0597670781963903,-0.1322852521099887,-0.0599425526782553,0.2344913026410517,0.2969777653034682,0.413666138208575,0.1605205471880879,0.4020282203011815,-0.0359828749513364,0.2791108961772811,0.4326024061293513,0.5784513249308366,0.2978956178300015,0.39875550062193,0.1121892778851057,0.3575632322414538,-0.0164577573191617,-0.0084846323175849,0.4124783590028086,0
Zm00001d038287,1.0,III,0.737374,0.42,0.3686255085575232,0.8834388712513964,0.0126,0.405,0.0312,72072.0,186.0,51.2794,3.61,0.05,0.035,0.0,0.73,0.155,0.0,0.765,0.33999999999999997,0.0,0.47335,0.34465,1.0,0.92855,1.0,1.0,7487,0.754,0.034499999999999996,1.0,0.69,0.0,0.0,1.0,0.0,0.2465927066905474,-0.033362191093986,-0.0590721367403641,-0.002045292461613,0.103447192943998,0.7520667049429057,-0.1004967451119783,0.0039806594755811,0.3564929552463741,0.0937471494123131,0.4559306898416284,0.0843334491039287,0.0922473473705974,0.6761749306510046,-0.0185820498310707,0.0280689477721975,0.1061188137909213,-0.0655032229100478,-0.0622061529130138,0.0133151077938812,-0.0297742316249227,0.5454201051797897,-0.1190219635698865,-0.0189858921642304,0
Zm00001d038289,1.0,III,0.673993,0.49,0.0882921584772804,0.9296332611702536,0.0627,0.3211,0.1951,74126.0,43913.0,11.5034,3.67,0.02,0.025,0.0,0.135,0.515,0.0,0.275,0.6699999999999999,0.015,0.35050000000000003,0.32415,0.77785,1.0,1.0,1.0,4561,0.0,0.37549999999999967,0.0,1.0,0.0,0.0,1.0,0.0,0.1278064512411859,-0.0959107703598354,-0.0683638970015853,-0.0191287398144329,0.0257745487486072,0.2238251726143721,-0.1270218869766477,-0.0071360002474069,0.432334964686259,0.1756550296571284,0.3479973568347618,0.0925656029914655,0.1657857906000585,0.3416308323539307,-0.0505048227916618,0.1435996335830161,0.5394177411637477,-0.0155449923610733,0.0053740272817314,0.0505151365353341,0.154042344213562,0.3842502047065618,-0.0755004016088129,0.0051044519487131,0
Zm00001d038290,1.0,III,0.48975,0.67,3.279039358866415,0.2198968689749042,0.0218,0.1297,0.1678,3.0,113164.0,10.5316,3.73,0.060000000000000005,0.015,0.0,0.19,0.735,0.005,0.4,0.9,0.455,0.42915000000000003,0.1599,0.8161,1.0,1.0,1.0,1271,0.08449999999999999,0.12059999999999998,1.0,1.0,0.0,1.0,0.0,0.0,-0.0610162903226924,-0.0971708269317684,-0.1080369488923534,-0.0702217659838514,-0.0698866787513275,-0.0393372939027762,-0.1155254134118714,-0.0834296761040377,0.0984304325868791,0.7815263347091823,0.2706976848517198,0.056968489175049,0.3157186750723063,-0.0982551988179928,1.067669868455375,0.2189726002626527,0.2452631652288253,-0.0416001469885207,0.1785701422867111,0.0105226578941551,0.2092503778074444,-0.0533198464246302,-0.005315954578987,0.1847380926651159,0
Zm00001d038297,1.0,III,0.637829,0.64,0.478053773375666,0.8948956043010668,0.0986,0.2519,0.3914,1975.0,102593.0,28.2725,3.81,0.025,0.005,0.0,0.505,0.06999999999999999,0.0,0.51,0.07500000000000001,0.015,0.27449999999999997,0.06805,1.0,0.57145,1.0,0.54165,1079,0.15750000000000003,0.48350000000000004,1.0,1.0,0.0,0.0,1.0,0.0,-0.0204224676112218,-0.0122039346339992,-0.0195844024226007,-0.006198163040875,-0.0118723923839368,-0.006403527138316,-0.0234048744001029,-0.0008598278030187,0.8774663164987195,0.2251392214798195,0.2837432822772251,0.1282992724042072,0.2076298962922157,0.853421836718798,-0.0720812406890265,0.0983672506206439,0.4856737639487781,-0.0496126387358935,-0.0752662563391877,0.0050501751235558,0.0811434484579133,0.6226499200670703,-0.0861033264525164,0.0049484148311104,0
Zm00001d038302,1.0,III,0.438886,0.45,2.9928538781439475,0.4250517037057891,0.0536,0.1056,0.5074,49512.0,3213.0,11.5034,4.03,0.055,0.0,0.01,0.76,0.0,0.33,0.89,0.13,0.605,0.68685,0.05555,1.0,0.0,1.0,1.0,0,0.44900000000000007,0.0,1.0,0.0,0.0,1.0,0.0,0.0,0.138390757978724,0.5789286284383827,0.1944849514225631,0.2493450656841951,0.49640370961879,0.0625419185734737,0.6979362655072335,0.1218393571699274,0.4496124046856864,1.6201556452871149,0.4536402584812973,0.3602602304807091,0.8165386112834717,-0.0387721407449039,1.812137080643981,0.597134816200501,-0.0291729300849638,-0.0650288344595824,-0.0083665449812305,-0.0026342377169692,0.0680555704615582,-0.0250027431897166,-0.081605336897554,0.0309724394623705,0
Zm00001d038273,1.0,III,0.542222,0.59,2.297687184719816,0.2943370405973471,0.0338,0.1463,0.2312,53.0,24549.0,6.69714,3.16,0.01,0.03,0.01,0.7949999999999999,0.30000000000000004,0.03,0.855,0.5,0.14,0.13955,0.48260000000000003,1.0,0.8833,1.0,1.0,0,0.44615000000000005,0.1815,1.0,1.0,0.0,0.0,1.0,0.0,0.2658782203441693,-0.04543736696829,-0.0873098276180821,0.0268575047214615,0.1682335954277795,0.0049906780675347,-0.0976574202661064,-0.026326148947425,0.2151169259614964,0.5206199998517465,0.6942708309944685,0.2935938689972414,0.6672764903588784,0.0381773538450041,0.8638306431210412,0.4523097116358426,0.013567478706433,-0.0350998362469411,-0.0338701374872298,0.0099425940155584,0.0024322642134992,-0.0102151290164355,-0.046140923036209,-0.0164443127024309,0
Zm00001d038270,1.0,III,0.709571,0.62,1.7494975167636486,0.5647462630614651,0.033,0.5406,0.0611,139.0,304.0,16.3096,3.07,0.035,0.02,0.0,0.77,0.36,0.005,0.855,0.5,0.0,0.5333,0.22775,1.0,1.0,1.0,1.0,1514,0.6004999999999999,0.0,1.0,0.0,0.0,0.0,1.0,0.0,0.134953374589261,-0.1266160090636077,-0.0997343790440542,0.0035257799309876,0.1754196669515663,0.1457998467471973,-0.1322584924118442,0.0200545424098664,0.1780070442977284,-0.015056957215623,0.8652815412622404,0.3373969585958972,0.6152902006163679,-0.0169961313235072,0.1368452037449681,0.6219036188644897,-0.0024907678379746,-0.0533733848588107,0.0310141790923121,0.0149584283149316,0.073892632509094,-0.0007085367029815,-0.070428621311272,0.0125283368195405,0
Zm00001d038268,1.0,III,0.550032,0.48,1.012009322607852,0.528935247356672,0.0406,0.1468,0.2766,54738.0,16603.0,9.55982,2.96,0.05,0.05,0.0,0.77,0.45999999999999996,0.11,0.915,0.62,0.41000000000000003,0.5417,0.6283,1.0,1.0,1.0,1.0,1165,0.41015,0.49449999999999994,1.0,1.0,0.0,0.0,1.0,0.0,0.1118581188498334,-0.0155789463368695,-0.0256062974009711,0.0276632425960184,0.196889838474585,-0.0121649531532918,-0.0418364822446173,0.1515671616172086,0.6144398061828041,0.4153510118281144,0.3478643694712992,0.1596858795135044,0.4779119300434409,-0.0310893783285029,0.1577656769747374,0.4427413702514564,-0.021175189365408,-0.0757994191043145,-0.0462781755945331,-0.0193168017296511,-9.471601136545326e-05,-0.0284446058488399,-0.1106901824695396,-0.0278297403178686,0
Zm00001d038346,1.0,III,0.696051,0.55,3.028315481085833,0.3760932788794727,0.0532,0.4385,0.1214,789.0,1110.0,60.8392,4.65,0.025,0.0,0.0,0.385,0.065,0.0,0.52,0.195,0.005,0.32120000000000004,0.0129,1.0,0.5634,1.0,0.8583000000000001,16,0.0188,0.0,0.8,0.0,1.0,0.0,0.0,0.0,0.2917651449088173,-0.0551976573662726,-0.0594332546582229,0.0384683155015481,0.2090791815955189,0.033651575988683,-0.0833699369142032,0.1282022228075666,0.3434933973327154,-0.0041686967054386,1.0737905113279524,0.2911458452015718,0.5861773474735615,-0.0053406876472778,0.2457440106114218,0.3908032247530743,0.3940264766031784,-0.1294217779832572,-0.0870759286609375,0.0106998842600449,0.2770184284015064,0.0450897739467697,-0.1230023239089858,0.0531746443935155,0
Zm00001d038348,1.0,III,0.513682,0.7,2.713548884591122,0.5668987498788867,0.0285,0.1765,0.1612,84.0,591.0,93.9706,4.81,0.02,0.06,0.005,0.69,0.29000000000000004,0.04,0.8300000000000001,0.475,0.77,0.2821,0.2303,1.0,0.75005,1.0,0.95835,0,0.20950000000000002,0.0,1.0,0.0,1.0,0.0,0.0,0.0,0.3419525249680189,-0.0100928768176281,0.0242962018684286,0.133781447655602,0.3419197593155813,0.0666316254284276,-0.0537908328074078,0.2817073059582166,0.1382725381488616,0.4944044455010258,0.9696969000745798,0.350635148352954,0.6745804402226129,0.0489766924533687,0.8203189490873799,0.4893636106523309,0.0775991682101349,-0.0597614053970613,-0.00750705938119,0.0740960436215654,0.2403229337357808,0.0594349331574754,-0.0673959171134983,0.073810601404405,0
Zm00001d038352,1.0,III,0.533333,0.56,1.932430081038187,0.6626071180037844,0.0531,0.1741,0.3049,45158.0,2369.0,29.7566,5.08,0.035,0.0,0.0,0.39,0.0,0.0,0.5700000000000001,0.045,0.0,0.66155,0.03225,1.0,0.0,1.0,0.68035,0,0.0706,0.0,0.95,0.0,1.0,0.0,0.0,0.0,0.6006679934082575,0.3999244940738242,0.6480802929148884,0.3414008513021495,0.4954980737069351,0.0327447446767881,0.3711817300882168,0.4254127586225406,0.7659198025569535,0.4712361905556075,0.38990710362996,0.2462357319380617,0.5223290593080289,0.0651307269443562,0.1975742615073409,0.4130694310661923,-0.0244658335407844,-0.1068427029665319,-0.0558546042245214,-0.0938148328564273,0.0142185722046028,-0.0514642398301259,-0.1135199532002071,-0.0427299187789032,0
Zm00001d038355,1.0,III,0.648758,0.61,0.97315074622342,0.8205631832517125,0.0333,0.3171,0.105,53218.0,36612.0,7.1567,5.58,0.035,0.065,0.0,0.73,0.075,0.0,0.855,0.2,0.005,0.3426,0.57945,1.0,0.4736,1.0,0.8976500000000001,0,0.1885,0.0,1.0,0.0,1.0,0.0,0.0,0.0,0.2801975626736201,0.008687001766869,0.0261460935885903,0.0265657085479088,0.1153435151302074,0.5591528475588878,-0.07830015489415,0.0403235474237413,0.7900585221567162,0.1936017788420339,0.4353162728048746,0.0844352397160777,0.2725021000712303,1.2982442997170716,-0.0631626452772369,0.208676157379902,-0.0190491988147401,-0.0805760227418706,-0.0674207885693821,-0.0553644761829287,-0.0425991996517313,0.8088222869090057,-0.117196913016598,-0.0704538470338052,0
Zm00001d038358,1.0,III,0.433333,0.44,2.717032519164213,0.4667309087207105,0.0504,0.2512,0.2004,757.0,2145.0,26.8412,5.72,0.02,0.02,0.01,0.035,0.185,0.04,0.10500000000000001,0.225,0.545,0.2986,0.13495,0.6514,0.96875,1.0,1.0,6353,0.03085,0.006500000000000001,0.97,0.46,0.0,0.0,1.0,0.0,0.3592196040073291,0.1228400262692869,0.8441864475549131,0.7900794896088321,1.1205549878040029,-0.0143453795261173,0.1290645504426997,0.99982445222967,0.7110065269687381,0.80608527127506,0.2575057764397018,0.1950851173647453,0.5757342855525908,-0.0348759555367909,0.7346236021447468,0.3873018827617707,0.3710829290459306,-0.0464044250470875,-0.0135245746228516,0.1214188347239568,0.2116131844811445,0.149560546579479,-0.063643054289091,0.0929958332036136,0
Zm00001d038366,1.0,III,0.710851,0.66,0.7747652197467115,0.8906359340116757,0.0349,0.4208,0.0829,5127.0,21680.0,11.9629,5.15,0.05,0.05,0.115,0.76,0.685,0.2,0.845,0.8400000000000001,0.14,0.6548,0.4341,1.0,1.0,1.0,1.0,227,0.0,0.6439999999999999,0.0,1.0,1.0,0.0,0.0,0.0,0.0,0.0,0.0,0.0035544085411468,0.005852321800719,0.0,0.0011730000766132,0.0053944763739456,0.2728565494145373,0.041241005721271,0.1028717574070876,0.0101667444624585,0.0734163399275623,0.1016810787227936,-0.0854008633859012,0.0588710209513565,0.1801330571999106,-0.0688255478661675,-0.0626410443911813,-0.0086619571103311,0.0375010239734234,-0.0147981862397955,-0.1222844831184136,-0.0624801138292517,0
Zm00001d038373,1.0,III,0.459026,0.764706,1.1329778106927948,0.4464608199584937,0.0185,0.0929,0.1991,2909.0,42.0,16.3096,4.98,0.08499999999999999,0.02,0.0,0.575,0.305,0.07,0.6699999999999999,0.61,0.635,0.67505,0.30905,1.0,0.95835,1.0,1.0,0,0.0,0.3075,0.0,1.0,0.0,1.0,0.0,0.0,-0.0685549853597293,-0.1042652202458717,-0.1074143797361721,-0.0327306248681672,-0.0733478782386538,-0.0301421908960498,-0.13875916211505,-0.077390783227111,0.691740994022654,0.8733403610584961,0.3224469587964975,0.0610612507647197,0.522956250269272,-0.114037751530974,0.7684293029197778,0.5384877058859827,0.2223907116058811,-0.0538412935336105,-0.0654616008622079,-0.0099061168145615,0.0244307744562914,-0.012081738628536,-0.0952568756622666,-0.03201042336406,0
Zm00001d038374,1.0,III,0.507937,0.51,8.566224290637274,0.1343826625704268,0.0233,0.1856,0.1253,66.0,1010.0,27.2482,5.14,0.03,0.08,0.0,0.6699999999999999,0.615,0.01,0.855,0.6950000000000001,0.04,0.18164999999999998,0.5502,1.0,1.0,1.0,1.0,0,0.5670000000000003,0.4825000000000001,1.0,1.0,1.0,0.0,0.0,0.0,-0.0307193603012656,-0.0357232353381688,-0.0517872290088804,-0.0222172831120019,-0.0526529853981938,-0.0110064263671725,-0.0643752261805017,-0.02237346830571,0.1188916165070375,0.2864239739004998,1.3183534530552603,0.142991348792278,0.3829860538726145,-0.0421689939731097,1.1794152247912697,0.1271902804664592,0.0161829494760875,-0.0669309781883865,0.0409367252716422,0.0286143490292493,-0.0030430493877622,0.0089627915876103,-0.0282190250747598,0.0398382710024959,0
Zm00001d038375,1.0,III,0.447038,0.4,3.071681417068726,0.2182315973337278,0.0247,0.141,0.1753,59801.0,80967.0,8.6407,5.26,0.02,0.02,0.02,0.78,0.21500000000000002,0.35,0.87,0.37,0.745,0.2222,0.254,1.0,0.92615,1.0,0.96365,0,0.0,0.16870000000000002,0.0,1.0,0.0,0.0,0.0,1.0,-0.0088441718614521,-0.0018489264165398,-0.0054613456878342,0.0111275406374796,-0.0055377085650377,0.0187884777855863,-0.00861693102889,0.0004518474702517,0.036455763516564,0.6140908317198925,0.2262631785427093,0.1139150167709928,0.3056875166434261,-0.0534606968821905,0.8128968902441855,0.2596152522019224,-0.0554219907844772,-0.0490826816427096,-0.0365975074157023,0.0316124247051063,-0.0549785034253603,0.0180530233492036,-0.0775768256216737,-0.0173783979249026,0
Zm00001d038376,1.0,III,0.5,0.46,6.7747282724948406,0.1590386016496137,0.0629,0.2464,0.2554,128441.0,12772.0,13.3943,5.36,0.14,0.01,0.005,0.76,0.7,0.135,0.875,0.795,0.715,0.6694,0.0895,1.0,1.0,1.0,1.0,0,0.9359999999999999,0.08950000000000001,1.0,1.0,1.0,0.0,0.0,0.0,-0.0692042360507396,-0.0660435878612765,-0.0766448897918455,-0.0280721659866695,-0.0720426987836485,-0.02787414040651,-0.0978919855583147,-0.0502687842718358,-0.0887123117852594,1.1740250547366953,0.3840153174114505,0.1223556501321741,0.2608545984699672,-0.009060094157483,1.4555000599786063,0.1315608469628674,-0.0128149724159363,-0.0210216809221947,0.0484009331587811,0.0486303912739583,0.1007445033615504,-0.0248256950266786,0.0321147515226189,0.1229678387595952,0
Zm00001d038378,1.0,III,0.457627,0.48,5.1292796140933055,0.2363264503666532,0.0078,0.1505,0.052,1352.0,145553.0,13.3943,5.37,0.15000000000000002,0.0,0.0,0.525,0.005,0.0,0.67,0.14,0.21,0.6528,0.011699999999999999,1.0,0.09029999999999999,1.0,1.0,8247,0.49665000000000004,0.0315,1.0,0.63,1.0,0.0,0.0,0.0,0.0942780261739573,0.3768363781908669,0.0431500339622557,0.111578773865881,0.3352183838524022,0.0025446215146365,0.4493233453832616,0.123037700373749,0.0753219086105696,0.376042596967918,0.8434699470659697,0.4366727579161139,0.7257417725691313,0.0053995628735665,1.1451322031283628,0.5749758913714998,0.120599279685802,-0.0918543388189432,0.0307619249696899,-0.0191553818963676,0.0888523661930388,0.0440662856398064,-0.0738436219902853,0.0222070427205279,0
Zm00001d038380,1.0,III,0.492284,0.58,6.528148943880015,0.1747517822022787,0.0,0.0941,0.0,117.0,2882.0,7.66892,5.38,0.045,0.18,0.015,0.62,0.30000000000000004,0.05500000000000001,0.78,0.425,0.53,0.70835,0.7303999999999999,1.0,0.9167000000000001,1.0,0.9479,250,0.3448999999999998,0.17149999999999999,1.0,1.0,1.0,0.0,0.0,0.0,0.47228564545953,0.0688228877562061,0.060033386090317,0.0424383913907958,0.1364424895116034,0.2018995763048738,-0.0388936254827787,0.0876612796174792,0.0249948870695223,0.5217655686447685,0.5497492170398726,0.1649904758873908,0.3772816582564083,-0.0400586306531867,1.0911187210065822,0.2634027629994656,0.0113488357285822,-0.0431368215371063,0.0074744444072902,-0.0022224738355671,0.0389932635020045,0.0243087208150481,-0.0420452314541348,0.0142424623045528,0
Zm00001d038393,1.0,III,0.430285,0.37,2.5121436276803686,0.2766789145538951,0.0407,0.089,0.457,40564.0,56790.0,12.8821,5.18,0.06,0.01,0.0,0.675,0.56,0.02,0.82,0.8200000000000001,0.625,0.43265,0.089,1.0,1.0,1.0,1.0,0,0.8745000000000002,0.0,1.0,0.0,1.0,0.0,0.0,0.0,-0.0834971540823272,-0.091800862387768,-0.0988317966865818,-0.1007903380092673,-0.0643696055146666,-0.0170260786163383,-0.1157172517101,-0.0849995156782704,-0.0200059909381773,1.2889406271588402,0.3038464105894525,0.22870076288403,0.4585867605322333,-0.0212297480220999,1.7479046627854598,0.2750038299703916,-0.031485989702514,-0.0481106389754818,0.0018604327338535,0.0430538382205317,0.0941104574285473,-0.0288197298455993,-0.051264258494466,0.0534395440158917,0
Zm00001d038394,1.0,III,0.651054,0.61,0.354869018222602,0.7620960848248781,0.0342,0.2984,0.1145,24099.0,82599.0,12.8821,5.14,0.045,0.025,0.005,0.605,0.735,0.0,0.765,0.88,0.04,0.4968,0.27195,1.0,1.0,1.0,1.0,13738,0.4475,0.0011,1.0,0.16,1.0,0.0,0.0,0.0,-0.0497376916407761,-0.0983197184690948,-0.1029411894251098,-0.0446850056412936,-0.0646095025747491,-0.0568809944410455,-0.1320638508819129,-0.1116141491917499,0.4281922597230431,0.1871292032064572,0.2693617255090434,0.0515687745099939,0.1525206427863493,0.177672145625977,-0.0775591496690042,0.1338104279331221,0.3017920923194202,-0.0648150024197068,-0.0760076314800178,-0.0117657837137952,0.0436897398936765,0.0208948194831551,-0.1123240560399805,0.0092362384288882,0
Zm00001d038396,1.0,III,0.438941,0.56,2.3653274652045035,0.305857562880711,0.0853,0.1542,0.5532,97105.0,6548.0,12.8821,5.1,0.035,0.005,0.0,0.435,0.045,0.0,0.4,0.15000000000000002,0.5,0.22970000000000002,0.15360000000000001,1.0,0.8452500000000001,1.0,1.0,2813,0.18750000000000003,0.11449999999999999,1.0,1.0,0.0,0.0,1.0,0.0,-0.013104656471394,0.5474036828740094,0.0196277247181541,-0.0076095022915144,0.0247552763018946,-0.0128941356576483,0.6033033258628883,-0.0206123100564853,0.0366277815856534,0.8052344745762076,0.334587642426273,0.2273970781205499,0.4434632026610084,0.0005526510687005,1.258840480916143,0.3257145832387021,0.3309782945802986,0.0308446000979239,-0.0157888797792395,-0.0344509961919447,0.0334397019411699,0.0369891015347579,-0.0949834875636253,0.0056009804575035,0
Zm00001d038397,1.0,III,0.571695,0.55,3.559916308283372,0.3610091226052523,0.0142,0.1726,0.0822,22.0,103510.0,12.8821,5.08,0.02,0.0,0.03,0.44999999999999996,0.0,0.29500000000000004,0.695,0.07,0.515,0.203,0.0243,1.0,0.03335,1.0,0.9375,0,0.10235000000000001,0.14550000000000002,1.0,1.0,0.0,0.0,1.0,0.0,-0.0038537454406209,0.3170692361499211,-0.0653379650555417,-0.0018811909857701,0.1911634747679988,-0.043382022056375,0.3346965620713195,-0.0065113926625017,0.0961433866041477,0.706771122292656,0.4372389856135198,0.0971647368545109,0.2055732929865441,-0.0372259766605236,0.996261160658183,0.1456417687706934,0.0913522353350719,-0.0930510485534215,-0.0513784283708412,-0.0224952420190951,0.0894619992561783,-0.0202246731822774,-0.0984748618044697,-0.0483142286146536,0
Zm00001d038407,1.0,III,0.447555,0.6,0.25223664918711,0.8032453301769972,0.0496,0.1248,0.3972,126765.0,9292.0,10.5316,4.67,0.005,0.01,0.0,0.61,0.615,0.015,0.7,0.765,0.235,0.06989999999999999,0.14525,1.0,1.0,1.0,1.0,0,0.5031500000000001,0.049,1.0,0.95,1.0,0.0,0.0,0.0,0.0495422858421306,-0.0477211246248794,-0.093734922135568,-0.0777673404359438,-0.0514599343363722,-0.0608226584436004,-0.1153776076417116,-0.0651355745827916,1.138880204248038,0.7857181149745776,0.4421383409146663,0.0813240431997773,0.5143042405342126,-0.0406550424988214,-0.0159355069790757,0.5085142062279988,0.1541117858068951,-0.0717216670544992,-0.0511836995064262,0.0006256100215438,0.04288867695619,0.0366300441741979,-0.0865749032388414,0.0097213647525408,0
Zm00001d038411,1.0,III,0.665717,0.48,0.0,,0.0664,0.3838,0.1731,19241.0,20453.0,11.0438,3.94,0.02,0.0,0.0,0.605,0.02,0.0,0.65,0.29000000000000004,0.01,0.2673,0.01935,1.0,0.46665,1.0,1.0,3111,0.0,0.0,0.0,0.0,1.0,0.0,0.0,0.0,0.3409034443330623,0.2659028538917299,0.904869584569157,0.2408066080263916,0.5916193766235598,0.0560847019047792,0.8613898575267112,0.5471619258184396,0.5672331117232622,0.1375218367177874,0.1602417216565214,0.0742235341073675,0.0646438303266158,0.8544535892699499,-0.0516608551190151,0.0323730638242161,0.5450745836320968,-0.0050209015220107,0.0044452319871236,0.045108374993336,0.1197132338737302,0.5928943149568464,-0.0774399145510033,0.0229602835187393,0
Zm00001d038431,1.0,III,0.555959,0.52,2.2057936739425714,0.3139584259207997,0.0453,0.1048,0.4324,139415.0,122062.0,18.2005,2.56,0.04,0.01,0.0,0.845,0.33,0.0,0.94,0.67,0.465,0.3152,0.0567,1.0,0.94045,1.0,1.0,1907,0.0,0.06449999999999999,0.0,1.0,0.0,0.0,1.0,0.0,-0.0015168604850884,0.0001872506478296,-0.0015168604850884,-0.0015168604850884,-0.0009836576740018,-0.0015168604850884,-0.0005691297034457,-0.0015168604850884,0.0866817342484807,0.3985321551920167,0.7192356604612611,0.273146227187928,0.505803382476821,-0.0139175532740026,0.8391139689910686,0.3501878198047946,0.0002850198818091,-0.0200877597380291,0.2233509339466872,0.0723195556244578,0.1460047882634333,0.0325278371962627,-0.0075078309056665,0.2077113090863533,0
Zm00001d038447,1.0,III,0.593356,0.694118,2.0022028871181887,0.4460398965195244,0.0211,0.1103,0.1912,425.0,12241.0,70.9111,2.12,0.07,0.02,0.0,0.78,0.395,0.0,0.91,0.725,0.0,0.24645,0.3095,1.0,0.95455,1.0,1.0,2382,0.0,0.19150000000000003,0.0,1.0,1.0,0.0,0.0,0.0,0.0282627073772508,0.3383494989855108,-0.0004243343936001,-0.0102248588306596,0.0221016563719343,-0.0293367912749924,0.0732934753260407,-0.0101805880874251,0.306169698582704,0.3270066382450137,0.7596395538781141,0.3103159689001057,0.4837376545003795,0.0232483298699594,0.3736956523763188,0.336960050577719,0.0549917285463698,-0.0069347142754401,0.9505658078371396,0.3233532791897472,0.6534949955972036,0.009150714285417,0.1873147444179034,0.7471792325352278,0
Zm00001d038467,1.0,III,0.463843,0.64,3.8161694742286,0.4064214231004618,0.0108,0.129,0.0839,19.0,10527.0,19.1723,2.01,0.015,0.045,0.0,0.8200000000000001,0.32999999999999996,0.005,0.905,0.47,0.44000000000000006,0.13685,0.4139,1.0,1.0,1.0,1.0,1881,0.0,0.31349999999999995,0.0,1.0,0.0,0.0,1.0,0.0,-0.0242831086731269,-0.0236823416182214,-0.0332101577779596,-0.0125359930770167,-0.0179841394218549,-0.0046686480618568,-0.0385306549725042,-0.0158952329562612,0.8027937154502099,0.5591566297420761,0.8767768272516985,0.0058686242211827,0.2406348473589112,-0.0153008748287112,0.8477122724564341,0.1481091445211615,-0.0084915671813745,-0.0806278940761531,-0.0205432283520938,-0.0049218459829188,-0.0565190329098633,-0.0076179808136515,-0.087627327890853,-0.0419480306844521,0
Zm00001d038480,1.0,III,0.51721,0.59,2.2157421421312047,0.3283977227119791,0.128,0.1297,0.9868,1460.0,200.0,18.6601,2.31,0.060000000000000005,0.02,0.01,0.125,0.175,0.37,0.23,0.195,0.81,0.4022,0.28790000000000004,0.95455,0.9089499999999999,0.9815,0.9472499999999999,0,0.0,0.0,0.0,0.0,0.0,0.0,1.0,0.0,0.2045466266809135,-0.0608071624521978,-0.0593331071784584,-0.0161256421934301,0.0211155116424093,-0.0186799996409636,-0.1155161945140337,-0.0125931661696146,-0.0227374239567494,0.98572005785761,0.3793659917179449,0.2312082377186791,0.3922606458123643,0.0454203425453916,1.2927231589818984,0.2347149429146645,0.3999233699287762,0.009137869949084,0.1894524317913572,0.1498917994065592,0.3775247506842507,0.0258642788708029,-0.0089687828178835,0.3359100884923731,0
Zm00001d038489,1.0,III,0.51871,0.64,1.5308409760029038,0.5493481426997144,0.038,0.128,0.2969,117.0,3236.0,82.4146,1.67,0.07,0.025,0.0,0.15000000000000002,0.635,0.005,0.07500000000000001,0.8200000000000001,0.5700000000000001,0.8500000000000001,0.25275,0.97915,1.0,0.8875,1.0,15190,0.0,0.06600000000000002,0.0,1.0,1.0,0.0,0.0,0.0,0.0139919966122002,-0.037144254414067,-0.0591874479681348,-0.0408171723464763,-0.0159929783622745,-0.0641441535580694,-0.0917744910173306,-0.0379453142638172,0.3143495618406014,0.6039447950165401,0.5606416918885074,0.3237314259833944,0.691906038812764,-0.0503438694517767,1.0308596945662922,0.464049816002028,0.1425099145917578,-0.115403460045631,-0.0548596030642243,0.0036166612469446,0.1610143308944609,-0.0414780178603268,-0.1050318541292159,0.0529470925384358,0
Zm00001d038490,1.0,III,0.645115,0.45,0.0991417384732783,0.9409442622495996,0.0195,0.2062,0.0944,1696.0,2015.0,8.6407,1.66,0.060000000000000005,0.0,0.0,0.15000000000000002,0.0,0.015,0.11,0.015,0.0,0.8500000000000001,0.0155,0.97915,0.0,0.8875,0.3417,9205,0.11030000000000001,0.0,1.0,0.0,1.0,0.0,0.0,0.0,0.1885902918807131,0.4886439860650376,0.843312546444851,0.4693226121194113,0.7373203440305806,0.0518802664544905,1.256720139994614,0.6186804797843437,0.8781784049619177,0.2687074137295045,0.1993466515392222,0.0692918750000914,0.1913378841048441,0.2547223095384899,-0.0837788588274308,0.1227159614200375,0.6107481518012796,-0.015716559397911,-0.0084336262492911,0.0605493611836036,0.1511746958496309,0.282342989033624,-0.0472730300738032,0.0364368899228372,0
Zm00001d038506,1.0,III,0.489927,0.364706,3.16621058791172,0.2845341537008341,0.0174,0.1277,0.1364,72430.0,23176.0,11.9629,2.0,0.05500000000000001,0.05,0.005,0.31,0.74,0.005,0.515,0.84,0.485,0.52085,0.5,1.0,1.0,1.0,1.0,3251,0.6846500000000002,0.26649999999999996,1.0,1.0,0.0,0.0,1.0,0.0,-0.0497465497205841,-0.0578424237855613,-0.0945465870575828,-0.0072369677596212,0.0142361941249127,0.0260139687074508,-0.0752248225244621,-0.0641547456409726,0.3054553369708016,0.5767984418312855,0.739387108301427,0.2309324856991827,0.5371937032072256,0.004476710317653,1.0011989747849268,0.3334927071544447,0.0254578733855855,-0.0957411830254553,-0.0682138633359835,-0.0487090211578489,0.0296183487867206,-0.0611851540057916,-0.095551096418974,-0.0249409261637009,0
Zm00001d038509,1.0,III,0.649156,0.54,0.0533891349707426,0.8256410091207765,0.062,0.2101,0.2952,8129.0,1036.0,7.66892,2.4,0.18,0.0,0.0,0.375,0.005,0.0,0.445,0.48,0.015,0.83335,0.0476,1.0,0.11805,1.0,1.0,9150,0.0,0.0,0.0,0.0,0.0,0.0,1.0,0.0,-0.051786036941187,0.6192162703257252,0.3127939450628334,0.1535901672248454,0.3181194502785395,-0.0265629899389424,0.9908702530868836,0.0770101706631187,0.6341751152109456,0.2281879861039714,0.3413177892353138,0.0955251842691349,0.2419600661507999,0.0182346363549706,-0.0327370706259956,0.217021215114069,0.8102301756967958,0.1371922983522577,0.0598131017353464,0.0318329191933345,0.1442401275190146,0.0374399246991008,-0.0427338449163961,0.1129175365630605,0
Zm00001d038513,1.0,III,0.469862,0.53,3.2597722702744,0.3763850786554488,0.0191,0.171,0.1115,19.0,630.0,12.9347,2.08,0.045,0.025,0.0,0.74,0.545,0.005,0.765,0.445,0.73,0.47414999999999996,0.1627,1.0,1.0,1.0,1.0,10044,0.40899999999999986,0.0,1.0,0.0,0.0,1.0,0.0,0.0,0.0182312392757536,-0.0010157170658433,0.0134659956964611,0.0142727012494974,-0.0040562053524792,0.0400566801316263,-0.0240356687253922,-0.0101411441253106,0.101435259228704,0.7244794069635504,0.6457322958959117,0.2186726702270451,0.4721786365685102,-0.0102809007140565,1.2831399275276012,0.2786331381976169,-0.0105068855472234,-0.1192175858071828,0.0035727482913172,-0.0464547514472044,0.0575545753220508,-0.0370460112762271,-0.1030602232194412,-0.0191235950374329,0
Zm00001d038521,1.0,III,0.654762,0.7,0.0578764587851103,0.8715913272145311,0.0428,0.9005,0.0475,56684.0,16776.0,19.6319,1.93,0.045,0.015,0.155,0.16,0.765,0.3,0.245,0.84,0.30000000000000004,0.4071,0.21625,0.9762,1.0,1.0,1.0,4866,0.31200000000000006,0.0395,1.0,0.79,0.0,0.0,1.0,0.0,0.1370151209572244,-0.0422636121628374,-0.0423583036959726,-0.0212131481177794,0.0069717488598541,0.0812504872926652,-0.0599652421674708,0.0015678396996256,0.532834528133538,0.2160576340613405,0.183435520615503,0.0525228022117837,0.1498426486146389,0.5220207068245136,-0.0771350734879836,0.0686076446218709,0.3007074942932887,0.0717091573904109,0.0237429584015483,0.0158653654223926,0.1094081055976879,0.0928049076751238,-0.091389903376204,0.0760089413877903,0
Zm00001d038523,1.0,III,0.676667,0.54,1.7570983064111758,0.5700548841155217,0.0544,0.1679,0.3242,78696.0,541.0,28.3252,1.98,0.02,0.11,0.0,0.8200000000000001,0.36,0.0,0.865,0.54,0.0,0.40275000000000005,0.7433000000000001,1.0,1.0,1.0,1.0,517,0.99715,0.10550000000000001,1.0,1.0,1.0,0.0,0.0,0.0,0.4291409699691134,-0.023910004904283,0.0653842613231237,0.1192391181613143,0.2181692157414792,0.1454684691984154,-0.0788590689837834,0.1963025364752058,0.5083200274711435,0.1541087222887194,0.825484821442562,0.4249165685109597,0.6985766496013224,0.0893639713935663,0.0176477530915799,0.721793503501749,0.0348795502122363,-0.0490661574175687,-0.0258901486671718,-0.0186125710504437,0.0167267149346982,-0.0260133483349961,-0.0827384268179302,-0.0271388737076506,0
Zm00001d038527,1.0,III,0.432129,0.36,0.8370784924753468,0.7833324915098708,0.0242,0.1103,0.2192,33044.0,2476.0,14.8783,2.34,0.0,0.045,0.0,0.045,0.15000000000000002,0.060000000000000005,0.11,0.33999999999999997,0.375,0.05555,0.31925000000000003,0.9190499999999999,0.90625,0.85415,1.0,3346,0.0,0.0,0.0,0.0,0.0,0.0,1.0,0.0,0.5138772993462654,0.1377502437103324,0.1235689855040178,0.0617328882501415,0.2836616067973428,0.0405660553211471,-0.0056480522601554,0.211845548489879,0.8161536267707451,0.6615613719305873,0.1794066542079726,0.0535959109314169,0.3286004490485809,-0.0629723872064413,0.1814782014259363,0.2473460764952186,0.6642152369295982,0.4926763079205797,0.0198183555360725,0.0541499673234327,0.3371913291766963,-0.0637570484054069,0.0602122150513409,0.2471312260168357,0
Zm00001d038528,1.0,III,0.518962,0.33,2.3294702780919105,0.2260785502847747,0.0688,0.147,0.4683,3436.0,34199.0,38.3446,2.48,0.105,0.015,0.0,0.4,0.5349999999999999,0.0,0.43,0.74,0.6950000000000001,0.7263,0.19645,1.0,1.0,1.0,1.0,0,0.47400000000000003,0.11800000000000001,1.0,1.0,1.0,0.0,0.0,0.0,0.082067004228499,0.1027111009840593,-0.0235622223903039,-0.0313380163107088,0.0990048665676067,-0.0271373651142348,0.1176808438156774,-0.0031385153569309,0.1321203981721625,0.6038766144955133,0.0993758464529568,0.1019043865188102,0.4273535747622553,-9.133934486906664e-05,0.6327224102468835,0.2149627785099861,0.2197840477886298,0.1220875974368864,0.7068489492632613,0.5119795234348044,1.0217467652893937,0.0349665515901463,0.4993413035876388,1.0654047040590862,0
Zm00001d038536,1.0,III,0.438961,0.58,3.0951068277309584,0.3394721354102251,0.0138,0.1196,0.1151,6.0,3572.0,16.3096,3.05,0.0,0.0,0.005,0.0,0.005,0.025,0.16999999999999998,0.0,0.655,0.041650000000000006,0.0,0.0278,0.16665,0.9375,0.0,4001,0.0696,0.0,1.0,0.0,1.0,0.0,0.0,0.0,0.2751917173547017,0.1674477925141263,1.5787614472174962,0.7107836308713378,1.109329027030493,0.0272336761308316,1.1964513946283133,0.9486438896898411,-0.024047400453379,0.8452086419895618,0.3554693872685496,0.1718260393678344,0.3862127984824367,-0.1028550912597277,1.2988382053215273,0.2445780885610512,0.2207427586141542,-0.0106796989692058,0.0116268744707508,0.0157132042650945,0.2818016615761496,-0.065945051901596,-0.0117905154849271,0.1062218057175381,0
Zm00001d038541,1.0,III,0.45695,0.44,3.30424314366576,0.2295807080367435,0.037,0.1201,0.3078,42822.0,320.0,10.072,3.17,0.02,0.13,0.0,0.685,0.125,0.0,0.9450000000000001,0.595,0.665,0.14579999999999999,0.73675,1.0,0.88195,1.0,1.0,559,0.846,0.31800000000000006,1.0,1.0,1.0,0.0,0.0,0.0,0.0701799050050272,-0.0117376024284755,0.2529614569373802,0.0721411047028969,0.2878649518842393,0.0349338514981101,0.0266921917740205,0.2610318265661889,-0.0263072100383028,0.9165709091619,-0.0366536764005868,0.0338912981360301,0.2283491021521397,-0.0192260416170372,1.097419848995468,0.0203868382347488,-0.0359451346983428,0.8870899095025118,0.0666891643122372,-0.0233890092068721,-0.0775258743347121,-0.0039852277660974,1.1452890860239615,-0.0638729706653775,0
Zm00001d038543,1.0,III,0.6,0.46,6.669108104216396,0.1546108731507111,0.038,0.8113,0.0469,6222.0,3755.0,9.55982,3.26,0.015,0.04,0.015,0.05,0.41500000000000004,0.28,0.15,0.55,0.65,0.42600000000000005,0.55835,0.8341000000000001,1.0,1.0,1.0,0,0.0,0.20350000000000001,0.0,1.0,1.0,0.0,0.0,0.0,0.4382768390173212,0.0654887568100136,-0.0024872760874843,0.0019616204558796,0.1775486589499859,-0.0207152793588603,-0.0782621044859675,0.0417093062746178,0.1122982171912536,0.3700414780525842,0.5625384924537479,0.30448139166679,0.4856647713365724,0.0248900720365884,0.6974947317132626,0.3932139551254815,0.5698660891649177,0.1774760592908395,-0.0643754937469831,-0.0203989255900568,0.155712226059862,-0.0366783129400145,-0.1049992466324156,0.0828713683663698,0
Zm00001d038562,1.0,III,0.60987,0.52,5.018445479569262,0.2159134922649506,0.0065,0.3884,0.0166,220.0,19996.0,8.12848,3.56,0.01,0.05,0.0,0.43,0.13,0.0,0.53,0.17,0.0,0.07435,0.5972500000000001,1.0,0.96875,1.0,0.9375,2772,0.073,0.025,1.0,0.95,0.0,0.0,1.0,0.0,-0.0242032470639914,-0.0181713299716881,-0.0564478336130846,-0.0285472570092457,0.0231899570046218,-0.0026965273213509,-0.0880711069159451,0.0111604818866438,0.1601585991313716,0.0268892945196697,1.7281169426432808,0.635568898916103,0.9067391042021276,0.0033335249996701,1.037740254946362,0.7789863381488193,-0.0047353114454238,-0.1222945861355091,-0.033522959057979,-0.0449226687250564,0.0565870357344421,-0.0498158420156725,-0.1194530159604185,-0.027726723583838,0
Zm00001d038574,1.0,III,0.643478,0.52,1.4841319387483676,0.438519482809703,0.0287,0.2931,0.0981,14642.0,570.0,20.1441,3.69,0.08499999999999999,0.07,0.025,0.81,0.425,0.51,0.945,0.565,0.65,0.75,0.8926000000000001,1.0,1.0,1.0,1.0,39,0.9956,0.045,1.0,0.9,0.0,0.0,1.0,0.0,0.3356214060568586,0.0080010331989462,-0.0373290940727257,-0.0063084722679312,0.1476265484986403,-0.0079263148097964,-0.0755765597781465,0.0626170805899456,0.2833890240326895,0.1355220738178381,0.5200643455050652,0.2572349759296754,0.6170692265821717,0.0012270401047301,0.2361959347688373,0.6115590080065931,-0.0114778154177243,-0.0054100796262276,0.0173225576943161,0.0087816236281709,0.0468846114337557,0.0151756867871148,-0.0153198406753033,0.0383968309667817,0
Zm00001d038577,1.0,III,0.659028,0.6,0.9701909990469924,0.7194231951802827,0.0338,0.4358,0.0776,229.0,303.0,25.3572,3.61,0.045,0.01,0.02,0.66,0.025,0.095,0.76,0.31,0.275,0.38445,0.3802,1.0,0.58335,1.0,1.0,0,0.5359999999999999,0.0,1.0,0.0,1.0,0.0,0.0,0.0,0.1870226985488347,0.2843646140440481,0.7500771727327471,0.2456200690361964,0.535708876700465,-0.0011796470785365,0.7772372340500631,0.5202763502824759,0.7324850824077802,0.2179635073041879,0.3390158843977571,0.2656495282492335,0.5777919497962014,0.146195037146409,0.1075240450368819,0.4164490245743478,0.0346183474564299,-0.0237560355418548,0.0072062892562482,-0.0099751501291849,0.0715280775569947,-0.0035530718548388,-0.0787155605368183,0.0134720931709213,0
Zm00001d038579,1.0,III,0.580735,0.64,4.314589362973961,0.6089404119598048,0.0288,0.1422,0.2024,114155.0,577.0,4.80624,3.61,0.07500000000000001,0.0,0.015,0.71,0.02,0.03,0.765,0.495,0.36,0.75595,0.02085,1.0,0.36375,1.0,1.0,552,0.27149999999999996,0.059500000000000004,1.0,1.0,1.0,0.0,0.0,0.0,0.4979968100978343,0.4551194803479431,0.0998194158304208,0.1000172534825112,0.3632582565951302,0.0519485981850327,0.3362503594805511,0.2002364948112892,0.3381381499805168,0.5142866255657309,0.6026683458394062,0.2304340570828491,0.5316327891876065,0.0324564635022194,0.8870407797998263,0.3533909229439504,0.0703292530382377,-0.0174157481568121,0.0972943937717543,0.0483041289698485,0.1736497978335286,-0.0028889785782529,-0.0360994717981647,0.2055960339474906,0
Zm00001d038608,1.0,III,0.717172,0.57,1.8604703159283755,0.6697879471850053,0.0289,0.1544,0.1872,46.0,3710.0,16.7165,3.79,0.02,0.0,0.005,0.175,0.0,0.0,0.35,0.0,0.0,0.281,0.0,0.9375,0.0,1.0,0.0,0,0.2035,0.0,1.0,0.0,1.0,0.0,0.0,0.0,0.2612680208613345,0.0005134954556069,0.1701881912498673,0.0341093267176048,0.1046109450010588,0.1721707500774583,-0.0648416088168771,0.1704234907516795,0.6801614689974274,0.2102939227037438,0.2272953864019778,0.0246699593642232,0.105989972898657,0.0111160340655898,-0.0663636041117953,0.1037625015936022,0.0494092595827915,0.0537549067806596,0.3986874534725724,0.1076179108085661,0.2762256495790422,-0.0254544708029557,0.2704739567802535,0.1855971121355467,0
Zm00001d038613,1.0,III,0.703704,0.37,0.4199515071028936,0.8517503989076197,0.0267,1.0799,0.0247,26166.0,8536.0,12.9347,3.8,0.065,0.02,0.0,0.11,0.525,0.0,0.255,0.735,0.0,0.49685,0.2698,0.73465,1.0,0.9722500000000001,1.0,2761,0.16485,0.5665,1.0,1.0,0.0,0.0,1.0,0.0,0.0116909242241594,-0.1212632665560211,-0.1115909610824516,-0.1028308245869417,-0.0235256253413071,0.0349751409458832,-0.1376380704976255,-0.0969413869898673,0.3255938907598574,0.1822714728986018,0.3052428016150136,0.1751049460784906,0.3471766684932283,0.1079952951169054,-0.0542510885775742,0.4070916869139553,0.6145451350948451,-0.0032551165084583,-0.0365351819175941,0.0139682900967969,0.2072800740944579,0.0243935864175093,-0.1191437363666571,0.0263353843823367,0
Zm00001d038623,1.0,III,0.435484,0.59,5.25673239089975,0.2535424629878243,0.0149,0.0641,0.2324,44.0,49361.0,68.0485,3.9,0.02,0.025,0.005,0.69,0.66,0.005,0.735,0.91,0.45499999999999996,0.17085,0.31784999999999997,1.0,1.0,1.0,1.0,4408,0.051500000000000004,0.5059,0.97,1.0,0.0,0.0,1.0,0.0,-0.026319059498064,-0.0484890635207187,-0.0678190205901366,-0.0439035253950414,-0.0057637245385454,-0.0097331333590729,-0.0681694528675354,-0.0353399690676329,-0.0318757284078155,0.7491997659090515,0.3989877923669289,0.0971385392506694,0.3239746235811487,-0.1088589241496008,1.1125670145145805,0.2316375489465994,-0.0120780559849686,-0.0930423541652907,-0.0434353359296126,-0.0505182991466195,0.0406146481836542,0.0164473887214885,-0.0905025185231704,0.0013494334788594,0
Zm00001d038644,1.0,III,0.487371,0.52,4.753907016739272,0.2885121902893647,0.0596,0.1493,0.3991,106668.0,11809.0,8.12848,3.98,0.060000000000000005,0.025,0.0,0.825,0.185,0.015,0.9099999999999999,0.32,0.665,0.76045,0.45594999999999997,1.0,0.92855,1.0,1.0,0,0.8204999999999998,0.2,1.0,1.0,0.0,1.0,0.0,0.0,0.4936723285997453,0.0983631736185314,0.1298530041555283,0.0763658764622518,0.1413783338047068,0.1570984935624409,-0.0711936549936235,0.0910584540143281,0.1116553024068806,1.365382466645593,0.3067569416884394,0.1133615557529188,0.4799004852674128,-0.0081793569900968,1.8175114534838657,0.2064662840262881,-0.0577536271414845,-0.0683200992915382,-0.0209774496987336,0.0288788801656559,0.0680225274325654,-0.0642935857355778,-0.0862016651704857,0.066474880393755,0
Zm00001d038648,1.0,III,0.451067,0.58,4.958402503733808,0.4057240375327519,0.0097,0.1519,0.0637,169.0,13064.0,56.5451,3.97,0.01,0.01,0.0,0.67,0.30500000000000005,0.0,0.73,0.47,0.5,0.14165,0.20625,1.0,1.0,1.0,1.0,2174,0.14800000000000002,0.21150000000000005,1.0,1.0,0.0,0.0,1.0,0.0,-0.0346705766859343,-0.0289835887072574,-0.0198253787132431,-0.0261794256651886,-0.0319909402006,-0.0287962200973026,-0.041328657187443,-0.0341459401206017,0.2350749263345811,0.7275516216856601,0.6033523657328167,0.1447766978614986,0.3726086571407526,-0.0481610831039834,1.1394359317854263,0.2232319026962537,0.0260980057323119,-0.102021572714984,-0.0513904809980481,-0.021565720286859,0.0122777645901044,-0.0458381627506286,-0.1213047609961163,-0.0234548164116381,0
Zm00001d038655,1.0,III,0.452216,0.51,3.015118817732555,0.2343851373719035,0.0378,0.1095,0.3454,208.0,1784.0,10.5316,3.91,0.03,0.1,0.005,0.765,0.38,0.03,0.9299999999999999,0.505,0.74,0.1736,0.7237,1.0,0.975,1.0,1.0,0,0.19605,0.1465,1.0,1.0,0.0,1.0,0.0,0.0,0.586236680947896,0.421772448333742,0.7168911637348132,0.1643430422209472,0.3999429986516801,-0.0026811016718357,0.6506931999261758,0.3418815207701571,-0.1110135831457031,1.4826744845626798,0.3291772014200078,0.1516345073916258,0.3175412408983635,0.0359814033073218,2.056873392399918,0.1555054477730831,-0.0031027483600459,-0.0637585990238324,-0.0390797497120349,-0.0380855747404408,0.0025857877623577,-0.0209071858826128,-0.0736318414472372,0.010230289293104,0
Zm00001d038660,1.0,III,0.5494,0.51,2.5482722007919247,0.2427419368959404,0.0296,0.2024,0.146,61.0,22167.0,8.6407,3.9,0.055,0.045,0.0,0.135,0.585,0.005,0.065,0.75,0.525,0.37255,0.33440000000000003,0.8809,1.0,0.925,1.0,1659,0.43149999999999994,0.3115,1.0,1.0,1.0,0.0,0.0,0.0,-0.0065425637416433,-0.0179007755779884,-0.0207756504092507,-0.0072278929309974,0.03172830067773,-0.0247025668638619,-0.0261107328806751,-0.0191000302810116,0.3002960329675009,0.5238965784739797,0.7697042609074219,0.4038125639055344,0.8367121039571108,0.0066999649133293,1.0394439066200163,0.7190882740101816,0.4058270557713573,-0.0467827628246454,-0.0176698544170776,-0.0138959422799727,0.213960173286232,0.0660575736070337,-0.082460412159114,0.1128369211350279,0
Zm00001d038672,1.0,III,0.435252,0.158824,4.241267804313272,0.2462638787584238,0.0225,0.1292,0.1744,60711.0,2777.0,9.10026,4.21,0.02,0.05,0.01,0.7,0.665,0.035,0.83,0.8049999999999999,0.5549999999999999,0.1558,0.5278,1.0,1.0,1.0,1.0,4446,0.5865,0.05,1.0,1.0,0.0,1.0,0.0,0.0,0.1109629571327844,0.0580021958653104,0.5465409045859658,0.2541170914007051,0.575702458612305,-0.0460727603247411,0.5032493000820335,0.6194475599264192,-0.0795011629702228,0.7586037107657148,0.2103647996877563,0.2937160997055867,0.7522064555086732,-0.1547469084189759,1.2093258286985868,0.1848648856294143,0.04861735764855,-0.0398270332641899,-0.0471876080795979,0.0201994544030483,0.022512067663361,0.0095773307095326,-0.058270548444399,-0.0031738596683731,0
Zm00001d038682,1.0,III,0.727273,0.664706,4.740246546654702,0.4871540725277686,0.0748,0.304,0.2462,117.0,351.0,138.041,4.04,0.175,0.05,0.005,0.49,0.74,0.0,0.6799999999999999,0.905,0.0,0.87225,0.34165,1.0,1.0,1.0,1.0,627,0.156,0.4175000000000001,1.0,1.0,1.0,0.0,0.0,0.0,-0.1190284343245279,-0.0991111332710894,-0.1062329814367913,-0.0183960081688889,-0.0847309583017065,-0.0570923823049884,-0.11561426483611,-0.0763733824999415,0.235517710673773,-0.0194471796651365,1.2781899196247308,0.3016426514862588,0.5920374274332777,0.0339655607926151,0.1752492142404425,0.6512057607059953,0.1651069331502682,-0.0550771415497373,-0.0100445703794477,-0.0365519685193661,0.1360806111022404,0.0467929901304259,-0.0814743943252338,0.0439499814914789,0
Zm00001d038688,1.0,III,0.597859,0.688235,3.493530416378215,0.517234405014131,0.0122,0.3625,0.0337,199.0,217.0,32.5139,3.62,0.0,0.015,0.0,0.005,0.635,0.0,0.02,0.845,0.0,0.0,0.19840000000000002,0.051250000000000004,1.0,0.28475,1.0,4672,0.0,0.5305,0.0,1.0,0.0,1.0,0.0,0.0,-0.0283045847818817,0.7110398149725272,0.0970946783309853,0.0279422548429147,0.0013144672985519,0.0154905540253211,0.9441906308765008,-0.0320437384675869,0.61382195980523,0.0547915566473886,1.0812669889754227,0.4129007655290156,0.9693935955339766,-0.0312282888665557,0.3815142888679919,0.8860271327012184,0.4582520631001653,0.1289709018543886,0.4711941538989445,0.2438491881417061,0.6270657925368532,0.0089750809317782,0.0042829254086199,0.768906089130827,0
Zm00001d038690,1.0,III,0.59127,0.62,1.6575828053411,0.5853611879950831,0.0146,0.1633,0.0896,7860.0,2264.0,10.5316,3.6,0.035,0.0,0.0,0.46499999999999997,0.005,0.0,0.485,0.16,0.015,0.3667,0.03165,1.0,0.09375,1.0,1.0,471,0.037,0.063,1.0,1.0,1.0,0.0,0.0,0.0,0.2999417627709459,-0.0183052473875452,-0.0280448241422235,0.1103320416677118,0.3715775446117467,0.0321078084203838,-0.0394522940473849,0.2255203690188027,0.2350618651952237,0.1600130828794922,1.374215807850819,0.4845381100518649,0.8970442044700182,0.050850195088866,0.8509880276341916,1.022507995124784,0.312157539729336,-0.0884873041941076,0.061541798169481,0.0236528400006169,0.2347853297464775,-0.0284461479088514,-0.0760275237844414,0.1658753406929137,0
Zm00001d038709,1.0,III,0.498413,0.62,7.343376669445377,0.1240580712061637,0.0,0.2008,0.0,54.0,111530.0,10.9912,3.1,0.095,0.015,0.0,0.775,0.11499999999999999,0.0,0.905,0.255,0.42500000000000004,0.7704,0.37224999999999997,1.0,0.8625,1.0,1.0,0,0.8454999999999994,0.05765,1.0,1.0,0.0,1.0,0.0,0.0,-0.042267535015053,-0.0939326274715348,-0.0950174217646453,-0.0450672401260178,-0.0571713989792137,-0.0299334686584284,-0.1402749477348731,-0.0783551584719508,0.1286116537168053,0.5116157837113258,0.6712165776685854,0.3560456782204736,0.7070602406193967,0.0606987671381268,0.9744718998278824,0.4594085492428089,0.0181019870087568,-0.0578934382717907,-0.0207733492649598,0.0088263985150348,0.0414168943382455,-0.0278493768674269,-0.0565748178131337,0.0276646367148371,0
Zm00001d038725,1.0,III,0.483051,0.44,0.7942953423883797,0.920534320031873,0.0209,0.1458,0.1434,4834.0,2045.0,12.4752,2.97,0.0,0.025,0.0,0.015,0.125,0.005,0.3,0.595,0.875,0.05975,0.3022,0.2833,1.0,1.0,1.0,3035,0.12800000000000003,0.061000000000000006,1.0,0.71,0.0,0.0,1.0,0.0,0.214995759740571,0.5235560296962893,0.5272664815173187,0.1689145161970369,0.4086425921880635,-0.0045033507934625,0.6717878505354634,0.5207509039622785,0.0717865695788226,0.5901448102321993,0.0205392176301246,-0.0833143611328835,-0.0232917365422451,-0.0737038999689512,0.6818033381509189,-0.0424966968778086,0.2200047422416725,0.4444180923410387,-0.0726445969737798,-0.0064016026027494,0.1216533656842984,-0.0360847905512088,0.2986484448576363,-0.0069812373274332,0
Zm00001d038728,1.0,III,0.52436,0.49,3.1507968899871064,0.4783396572458402,0.0135,0.1549,0.0874,13675.0,6168.0,11.5034,2.95,0.035,0.11,0.0,0.31,0.185,0.005,0.345,0.20500000000000002,0.395,0.35835,0.71875,0.95,0.9389000000000001,1.0,1.0,3904,0.21950000000000003,0.0,1.0,0.0,0.0,0.0,1.0,0.0,0.7143762274492191,0.2008040631887722,-0.0231731691779843,-0.0371990217752933,0.0443466716734604,-0.0209358612417164,-0.0504029976808114,0.0344056691742,1.0655570809999635,0.845385598905734,0.4992130936807487,0.1354379892840331,0.5036046223114454,-0.055031119502099,0.4496905018289306,0.5136022269706417,0.3422833620581526,-0.0479729414403257,-0.0004945881513733,0.0131373499232826,0.159855766110584,0.0419590295225671,-0.0627916093249407,-0.0035524750228216,0
Zm00001d038812,1.0,III,0.423659,0.52,2.045553169511136,0.2943866491656203,0.0545,0.1428,0.382,189563.0,1049.0,10.072,2.82,0.02,0.1,0.01,0.79,0.59,0.53,0.91,0.8,0.87,0.23509999999999998,0.55555,1.0,1.0,1.0,1.0,0,0.5040000000000001,0.37099999999999994,1.0,1.0,0.0,0.0,1.0,0.0,0.0710294439511783,-0.0468055798712455,-0.0289237067750623,0.075898420947076,0.3272724246040587,-0.0035359274578895,-0.064757723399468,0.2195712729173572,-0.0702077644303726,0.9768281831936964,0.0636605367087093,0.0244877854388744,-0.0415549169918294,-0.0639366057325695,1.1752584600880396,-0.0817659855631299,-0.0485463728349463,-0.0430090984397301,-0.0254518341598044,-0.005328015837525,-0.0375513542771597,-0.0126170279480576,-0.0464684156519109,-0.0272587912826129,0
Zm00001d038803,1.0,III,0.609907,0.51,2.1620378905205944,0.2587257845337291,0.0473,0.1344,0.3518,42.0,455.0,13.9065,3.08,0.045,0.0,0.0,0.5,0.0,0.0,0.505,0.305,0.54,0.39585000000000004,0.0247,1.0,0.06665,1.0,1.0,2543,0.40675000000000006,0.0,1.0,0.0,1.0,0.0,0.0,0.0,-0.0425317820684772,0.7945994399700129,0.0471836326089886,0.0106246566712289,0.0218720627843697,-0.0140965822523094,1.3080507259421663,-0.0259319343381446,0.1404820242647474,0.4765080937905678,0.5278875433585191,0.076130169767247,0.3395236168157994,-0.0283606425688937,0.8808590510612699,0.321891941448308,0.2810156469674642,-0.0687050248136279,-0.0731998928763358,-0.0573333557365483,0.0741143284213552,0.014482271828663,-0.1139314818214998,0.0325884373439499,0
Zm00001d038801,1.0,III,0.706701,0.564706,1.1083160056858403,0.5494719493142012,0.0671,0.1107,0.6066,41.0,456.0,13.9065,2.6,0.16499999999999998,0.07,0.0,0.43,0.355,0.01,0.48,0.46499999999999997,0.0,0.8639,0.6402,1.0,1.0,1.0,1.0,566,0.209,0.0695,1.0,1.0,0.0,1.0,0.0,0.0,0.4190025482886613,-0.0148499201766834,0.0107528136674653,0.1061087360578983,0.2250092391881608,0.142002641858323,-0.0470299748478132,0.0913516257642836,0.2036922238281041,0.0027765909067087,0.8156313836478815,0.3779406692675376,0.678232640060533,0.0257351940247081,0.1032479831882962,0.7143462192515941,0.1457804420861209,-0.0571892399064612,-0.0378837931769212,0.0358864144292865,0.2122519108279486,-0.0007162577377868,-0.0631887197183002,0.0340301638926641,0
Zm00001d038799,1.0,III,0.690157,0.41,0.5311515081904591,0.8804670855292273,0.0686,0.3061,0.2242,80268.0,17053.0,14.8783,2.01,0.015,0.015,0.0,0.43000000000000005,0.42500000000000004,0.0,0.5700000000000001,0.7250000000000001,0.0,0.21134999999999998,0.14305,1.0,1.0,1.0,1.0,1862,0.1965,0.0715,1.0,1.0,0.0,0.0,1.0,0.0,0.3344031634076642,-0.0360694768185337,-0.0310897133277256,0.0075498012185118,0.0788077945968142,0.1656604915030022,-0.0901447307070654,0.0188660375373314,0.2070839854092934,0.0281944679368325,0.296174056208436,0.0388923196624647,0.1016772678059558,0.2136871423550813,-0.0442697227745102,0.0771120773764785,0.0354530695061447,-0.0920208216917102,-0.0250245233625396,-0.0490853797107429,0.0512779940152288,0.1115667337666153,-0.1387500323013395,-0.0361173796735409,0
Zm00001d038797,1.0,III,0.407363,0.423529,1.56550352581801,0.4863194671574319,0.0382,0.1282,0.298,63798.0,20125.0,20.6036,1.64,0.05,0.025,0.0,0.775,0.665,0.02,0.84,0.8049999999999999,0.64,0.36665000000000003,0.24995,1.0,1.0,1.0,1.0,0,0.6864999999999994,0.7929999999999999,1.0,1.0,0.0,1.0,0.0,0.0,-0.002018788894279,-0.0034571240789417,-0.0072753613311273,0.0010400310716853,-0.0071323009964777,-0.0020883343005882,-0.0095646618105328,-0.0033736560713266,0.23396538966567,0.9046598502317272,0.4454719993047876,0.1006826110612067,0.4191784531710008,-0.0561936941932814,1.2528902802735422,0.3573926946772277,-0.0103834567801672,-0.0771267162522001,-0.0489604469526292,-0.0255479243560881,0.0265125221267437,-0.0116602973467313,-0.0963750754057347,-0.0496757427791743,0
Zm00001d038793,1.0,III,0.738408,0.652941,0.4661648724263601,0.8508135015442043,0.085,0.3888,0.2186,823.0,2750.0,66.5645,1.31,0.115,0.0,0.0,0.33499999999999996,0.0,0.0,0.385,0.0,0.0,0.85185,0.02085,1.0,0.0,1.0,0.0,2369,0.064,0.019999999999999997,1.0,0.4,1.0,0.0,0.0,0.0,0.1289282363708321,0.0209774516336368,0.7219157652869139,0.1991026048863164,0.4052121259989216,0.0427079314190735,-0.0315934501539307,0.5904031130727523,0.1180282965907066,9.427578597337728e-05,0.8501706988335265,0.4858884659922419,0.5653192123361231,0.036232163889849,0.1628708650515992,0.4694539992233327,0.179018989574051,-0.0436413470907091,0.1801233876238064,0.5521490892128391,0.8541617797281796,0.0099518293942805,-0.0778376267715114,0.6313210531441441,0
Zm00001d038792,1.0,III,0.523622,0.62,3.2159868068942123,0.3372136060975173,0.0196,0.1204,0.1627,296.0,3597.0,34.9697,1.19,0.08,0.0,0.025,0.54,0.0,0.17,0.46499999999999997,0.0,0.385,0.5647,0.0,0.9582999999999999,0.0,1.0,0.0,0,0.1265,0.0,1.0,0.0,1.0,0.0,0.0,0.0,0.2654688071287073,0.0918033194487607,0.5613611847432526,0.3541957623231747,0.5459938173044122,-0.0086319059736292,0.0334705154074757,0.6346375269134551,0.2255978732507744,0.7333227521332722,0.1522133982561055,0.1247460953633071,0.4376513614785873,-0.0961369306557741,0.7509848908243275,0.0907291546797356,0.1283066217010704,-0.1237371663434903,-0.0738200133140992,-0.0179205717903446,0.0749501184380653,-0.0854011580955414,-0.124668002036863,0.0145050993515206,0
Zm00001d038780,1.0,III,0.689922,0.69,1.3900365382431608,0.7376272043362677,0.0854,0.8948,0.0955,80.0,77229.0,11.0438,1.29,0.11,0.08,0.0,0.275,0.755,0.0,0.495,0.8899999999999999,0.0,0.75945,0.7857000000000001,0.89445,1.0,0.9575499999999999,1.0,164,0.0,0.8955,0.0,1.0,0.0,0.0,1.0,0.0,0.0357484277986715,-0.0177682223917016,0.0434812346409296,0.0339796293019138,0.0184787229994348,-0.0115504018454761,-0.0534852214483201,0.0071121898757209,0.2995872380055383,0.0591002428449963,0.665685962856021,0.7158769818201625,0.7246239362723886,0.0145877602888795,-0.0428838132576158,0.6501801139714563,0.4177849779716743,-0.05720412652767,-0.0423345301770633,0.2878291166819788,0.4476560862031952,0.1650364258918815,-0.0818463047455219,0.2188815502386276,0
Zm00001d038761,1.0,III,0.64688,0.69,0.5861326585684129,0.9151326386513788,0.0552,0.3468,0.1592,46846.0,4647.0,20.1441,3.03,0.095,0.03,0.025,0.74,0.07,0.02,0.88,0.135,0.035,0.5238499999999999,0.45104999999999995,1.0,0.95,1.0,0.91845,493,0.731,0.018349999999999998,1.0,0.79,0.0,0.0,1.0,0.0,0.6690745868828385,-0.0775116830356855,-0.0213364781211017,0.2369562229311089,0.3108802856550867,0.204101190404644,-0.0896373434432614,0.0893901915119426,0.600248142094637,0.1455945852414891,0.2252403372236981,0.112835119903469,0.1266243284599843,0.5897960977325302,-0.0840925460136454,0.1349415145407927,0.1551437948964278,0.0184794501974006,0.0215796431088604,0.0140750842239744,0.044446196941992,0.1189866029415086,-0.0443545142928396,0.0136837319746643,0
Zm00001d038756,1.0,III,0.50365,0.535294,3.4694867348053307,0.2307624391952837,0.0033,0.0888,0.0375,162.0,3038.0,8.12848,3.0,0.055,0.04,0.0,0.30000000000000004,0.175,0.005,0.43,0.165,0.505,0.46985,0.31815,1.0,0.8405,1.0,0.92235,2880,0.10350000000000001,0.239,1.0,1.0,1.0,0.0,0.0,0.0,0.2125061989034696,-0.1095375077108301,1.0146442383994232,0.2054182205170849,0.4474584652337834,-0.0198873433043632,0.1154963414223334,0.3548385682124421,0.2194748288636265,0.6743176995665187,0.3493721995522995,0.1320467187077215,0.3683028946991326,-0.0059723348397881,1.0236843923367973,0.1995689405143842,0.0603771784905216,-0.0169519348717105,-0.0270589989864789,0.016156848191925,0.1201810140896801,0.0127567804251543,-0.0265739888439792,0.0524292486008397,0
Zm00001d038754,1.0,III,0.5125,0.59,3.663842973726141,0.2187262152719309,0.0155,0.0888,0.1741,173.0,28363.0,99.6959,2.98,0.025,0.04,0.01,0.07,0.72,0.01,0.15,0.94,0.595,0.375,0.59525,0.70835,1.0,1.0,1.0,76,0.0,0.19384999999999997,0.0,1.0,0.0,1.0,0.0,0.0,-0.0357727991541124,-0.0239067616532528,-0.0408947356133338,0.0119637059283599,-0.0327837194419533,-0.0051571345835839,-0.0452663863121112,-0.0332494777089721,-0.0422438470861535,0.953201894315223,0.4293319931946652,0.1560694622742805,0.4301657644702373,-0.0601803357371137,1.5179662425511198,0.2479626279910273,0.4907851951732853,0.3220978313921386,0.6004072793761568,0.2700722507774798,0.724523854678828,0.0070919245857159,0.3503848483603961,0.5717487053123452,0
Zm00001d038746,1.0,III,0.611348,0.68,0.2544237021953026,0.9062479087903,0.099,0.219,0.4523,1478.0,26606.0,6.69714,2.95,0.195,0.07,0.0,0.41500000000000004,0.755,0.0,0.345,0.84,0.0,0.74075,0.3653,1.0,1.0,1.0,1.0,2617,0.1885,0.6164999999999999,1.0,1.0,0.0,1.0,0.0,0.0,0.023207241073119,-0.0368649544443125,-0.0562628084172874,-0.0684012231025319,-0.0478525725006882,-0.0525524655109205,-0.1285371818529792,-0.0286552037994761,0.7175208290436409,0.2218242022668191,0.6695583678308108,0.1725216069953513,0.4639670096844878,0.0133546908486385,-0.0981769726099787,0.7716347700810535,0.5453244680135826,0.1062664762451599,0.0889302326232788,0.0848028667241262,0.2547260617996841,0.0138935022382078,-0.0875729063748379,0.2292259957538727,0
Zm00001d038745,1.0,III,0.451984,0.66,5.452234136392222,0.2273151643933128,0.0335,0.1126,0.2973,4733.0,4095.0,12.4752,2.94,0.005,0.075,0.025,0.41000000000000003,0.39,0.475,0.835,0.46499999999999997,0.6950000000000001,0.0431,0.3106,1.0,1.0,0.98335,1.0,0,0.0,0.2615,0.0,1.0,0.0,1.0,0.0,0.0,0.5709821355907645,0.1844981606673621,0.2395726559311494,0.0933905635503606,0.2531603299369497,0.0156335562093608,-0.0970969853004333,0.3073651044906643,0.2479465965322179,0.3584165724950174,0.1162150104107514,-0.0172351752281577,0.1847038134963847,-0.1493296979974117,0.2247772304401683,0.0961767144255167,0.0138140529627235,0.1267677008156677,0.0242472893310846,0.0021499344456927,-0.0036237488934762,0.0028983100691703,0.1563923879693195,0.0007926926959709,0
Zm00001d038739,1.0,III,0.505807,0.747059,3.579027454390978,0.4100706056583796,0.0174,0.1509,0.1154,652.0,398.0,4.80624,2.93,0.025,0.11,0.0,0.07500000000000001,0.5,0.0,0.04,0.565,0.625,0.2255,0.89585,0.7709,1.0,0.6667000000000001,1.0,112,0.0,0.4720000000000002,0.0,1.0,0.0,1.0,0.0,0.0,0.0611541914526563,-0.0436614919916936,-0.0854238877406949,-0.0170055492805738,0.0975799822247975,-0.0154863704804047,-0.093979279622642,-0.0318501386655337,-0.0664848709736384,0.6753579020287013,0.395642461391202,0.2033095298303817,0.414433766333871,-0.069396828480355,1.000619512009743,0.1346215927165728,0.4792530655342805,-0.057601131458332,-0.0130298730791727,0.0799803479110912,0.204275119965662,0.2715424058947683,-0.060327015459943,0.1017696348993479,0
Zm00001d038732,1.0,III,0.661499,0.59,1.5093991283475985,0.6922874118018661,0.0911,0.2591,0.3515,13.0,110005.0,12.4752,2.93,0.075,0.05,0.0,0.38,0.43000000000000005,0.0,0.52,0.545,0.0,0.5104,0.52485,1.0,1.0,1.0,1.0,0,0.293,0.15649999999999997,1.0,1.0,1.0,0.0,0.0,0.0,0.2755707323760871,0.1544992151465729,-0.0093638970167345,-0.0013368638955146,0.177745758624426,-0.0226890103090407,0.1066511539460721,-0.0111811488933576,0.3528489147616683,0.2164524580942992,0.8097020752689824,0.0589079029278439,0.2342922841637167,-0.0253987614107493,0.5163595629733064,0.1807404300568716,0.0144212532640176,-0.0656296913332834,0.0689439705584454,-0.005713352987929,0.0836659638670722,0.0115389253700159,-0.0402783395681242,0.0900744504106652,0
Zm00001d038815,1.0,III,0.494135,0.42,2.3304940974094537,0.2839087072083565,0.0489,0.0858,0.5704,20117.0,72.0,25.4098,3.02,0.060000000000000005,0.04,0.0,0.81,0.475,0.01,0.91,0.6950000000000001,0.62,0.5511,0.21810000000000002,1.0,1.0,1.0,1.0,32,0.36060000000000003,0.0,1.0,0.0,0.0,1.0,0.0,0.0,0.3451464747440104,0.0796428122961092,0.2527991755956179,-0.0076007144790283,0.127322541034678,0.3181230806891752,-0.095649718154939,0.041838496293232,-0.0432877098801661,0.8447145233988753,0.3759262208132162,0.1001757653061959,0.3755606325039119,-0.0578348611424044,1.3466225389793307,0.2355133116379746,-0.0368375151797619,-0.0558022897745999,0.0318693145550821,-0.0023040772803843,0.0342833208808351,-0.0289077194091094,-0.0500595302032426,0.0204872286465656,0
Zm00001d038854,1.0,III,0.502461,0.61,2.488170360734156,0.1982818061894144,0.0237,0.1393,0.17,13.0,4577.0,9.10026,10.15,0.025,0.0,0.0,0.015,0.01,0.005,0.46499999999999997,0.58,0.625,0.2439,0.0281,0.125,0.15555000000000002,1.0,1.0,2554,0.0,0.0,0.0,0.0,0.0,1.0,0.0,0.0,0.2985928459584858,0.5871067183145448,0.302374214552246,0.0531678484236105,0.1530370077856883,0.0142303711353574,1.0320634488896672,0.1353472384900623,0.1872254086930211,0.6996070505991889,0.4297882702136441,0.2210232211085708,0.6049717380796181,-0.0245617487258246,0.9473768110124976,0.4374967789787388,0.446869347100428,0.3349727761424442,0.0261621564314389,0.1093709108757071,0.3210271285459335,-0.0037790853780455,0.1639535602025788,0.1466164291147229,0
Zm00001d038856,1.0,III,0.682848,0.68,0.6108005169741797,0.8279255615198637,0.2301,0.4469,0.5149,90.0,346.0,18.2005,10.25,0.0,0.0,0.0,0.01,0.0,0.0,0.745,0.28,0.0,0.01965,0.03215,0.1875,0.09025,1.0,1.0,6651,0.037000000000000005,0.0,0.74,0.0,1.0,0.0,0.0,0.0,0.1125975687498063,0.7409220127571009,-0.0043468301065408,-0.036049441175229,0.0492942896689881,-0.0444424726208644,1.1108809949450202,-0.0241559724807826,0.2565419647741399,0.0426743104016734,0.7543757041194514,0.1620034734768145,0.3562997788094136,0.0177100751124898,0.0779160514821598,0.8448765531198061,0.329199485853035,0.3577534710600888,0.689429710617451,0.1467289630134489,0.2412026209661718,0.0070842306002247,0.7663805679565764,0.4020461066458433,0
Zm00001d038859,1.0,III,0.488203,0.38,2.942923703255196,0.275839486762482,0.0346,0.1148,0.3015,79463.0,6857.0,17.6883,11.25,0.045000000000000005,0.02,0.0,0.64,0.615,0.01,0.79,0.76,0.585,0.4917,0.1393,1.0,1.0,1.0,1.0,3898,0.31550000000000006,0.059000000000000004,1.0,1.0,1.0,0.0,0.0,0.0,-0.1233327172733987,-0.1679167357321612,-0.1231801864668602,-0.1234119927371927,-0.1240694163269111,-0.1102479578917269,-0.1683698841049395,-0.1281125672329152,0.20740791309761,0.723739269831776,0.433801950823479,0.1717559617737981,0.5661284942951678,-0.012621906103833,1.038222835237276,0.4328617050353783,-0.0621910729628129,-0.1114986775945875,-0.0400966514734996,-0.0183205660226233,0.0631626705622818,-0.035847884901889,-0.1216577543984051,0.0150472801160453,0
Zm00001d038864,1.0,III,0.569501,0.63,1.990148065687944,0.5510097695871545,0.0185,0.1536,0.1206,245.0,1905.0,21.0632,11.83,0.065,0.005,0.005,0.28500000000000003,0.185,0.01,0.38,0.375,0.42,0.5734,0.10355,0.9167000000000001,1.0,1.0,1.0,0,0.0825,0.0,1.0,0.0,0.0,0.0,1.0,0.0,0.1112298139913283,0.3074118329205533,1.496587570968701,0.2259715594641154,0.5307983726151034,-0.0141817296497629,1.2818985250905477,0.2174762972533485,0.2071828639135136,0.671728787837363,0.7572790358664767,0.2713685514680143,0.7402870637371738,-0.0292545476597936,1.287113832413262,0.5189183111226567,0.1392706689005929,-0.1186395075888704,-0.0197328167681167,-0.0235004841970024,0.0992890072610357,-0.0614063372184367,-0.1025328251998753,0.0099035568279811,0
Zm00001d038865,1.0,III,0.540351,0.57,8.703675691731043,0.1716332807762212,0.0119,0.2494,0.0478,102.0,268.0,31.1352,11.86,0.04,0.005,0.0,0.79,0.14500000000000002,0.0,0.905,0.265,0.04,0.4375,0.16815,1.0,0.9479,1.0,1.0,0,0.314,0.0,1.0,0.0,0.0,0.0,1.0,0.0,-0.0170725878610129,0.1042423153527377,-0.073032314196341,-0.0676584611737689,0.0104451236669771,-0.0779653329858437,0.0092303590274803,-0.0518314764659741,0.111660285844924,0.2827234978287016,1.639132769750017,0.2768774166506337,0.5634897781719783,-0.0293591670839454,1.3667498988496514,0.2482272730789339,-0.0052034807403355,-0.0387270630919947,0.04163894374118,0.0342316321289354,0.0252890586434683,0.0209516177280896,0.0229411133897592,-0.0027663265131509,0
Zm00001d038866,1.0,III,0.535632,0.61,4.692863313252665,0.3107589951814788,0.0357,0.15,0.2377,58.0,3123.0,33.9979,11.94,0.030000000000000002,0.01,0.01,0.805,0.42000000000000004,0.14,0.915,0.74,0.47,0.44165000000000004,0.09455,1.0,1.0,1.0,1.0,622,0.026500000000000003,0.1365,0.53,1.0,1.0,0.0,0.0,0.0,-0.067990442482333,0.1630482463758815,-0.0522124659108178,-0.0656561349890169,0.0572239652633601,-0.048765529716631,0.1342703392238091,-0.037108880095597,0.4888760648473164,0.8691738438285521,0.674328103914301,0.2680432121866098,0.5929025426847045,-0.0645558514067556,1.0719230103336457,0.4003293952874663,0.0794582880613924,-0.01518589665346,0.0127930043982324,0.0405654846108442,0.0680713458350179,0.0383878983733446,-0.0473857336355626,0.0511950189012323,0
Zm00001d038868,1.0,III,0.446541,0.42,2.16346876718378,0.3723179775781341,0.0478,0.1597,0.2991,54665.0,1508.0,111.659,12.07,0.03,0.16999999999999998,0.005,0.585,0.325,0.135,0.66,0.365,0.7,0.29474999999999996,0.88535,1.0,1.0,1.0,1.0,0,0.0,0.33649999999999997,0.0,1.0,0.0,0.0,1.0,0.0,0.6294958506681578,0.1189921470529032,0.1283577851237557,0.0805030528943,0.1724787560971819,0.0977898952061435,-0.0813526830554628,0.130207947582402,0.1099626940620826,0.7366641818984612,0.3193898775216681,0.1519891440938304,0.3242032842947187,0.00416456736633,0.99415689801116,0.241127191058167,0.1438283908572293,-0.1087913397316341,-0.0049115465511707,-0.0559827655568075,0.096612543712775,-0.0393292327100212,-0.1251238114983443,0.0461390784750994,0
Zm00001d038871,1.0,III,0.497255,0.58,3.961352920318969,0.2562468543815928,0.0821,0.0892,0.9204,46.0,92961.0,11.4507,12.05,0.025,0.045,0.0,0.625,0.71,0.02,0.775,0.795,0.64,0.1851,0.36805,1.0,1.0,1.0,1.0,955,0.5885000000000001,0.7535000000000001,1.0,1.0,0.0,0.0,1.0,0.0,-0.0174054183525663,-0.0065355316405442,-0.0168458750703157,-0.006775051821128,-0.0084871879786575,0.0005085536708458,-0.012877625469754,-0.0187487390039364,0.148216833998652,0.8752545450271182,0.3863488420815732,0.1821372724336545,0.5029571725859963,-0.0250777571630449,1.336984694510538,0.3445150585069895,-0.0466951178805885,-0.1098034970995003,-0.0681009222134381,-0.031595345255924,0.0043307990981808,-0.058489607727678,-0.0884974073107568,0.0273929069645098,0
Zm00001d038877,1.0,III,0.45977,0.43,2.902572366396109,0.2564357200267979,0.0074,0.0825,0.0903,42204.0,54602.0,11.4507,11.96,0.060000000000000005,0.055,0.03,0.33,0.41500000000000004,0.05,0.29000000000000004,0.52,0.575,0.4061,0.42375,1.0,1.0,1.0,1.0,1491,0.1475,0.16099999999999998,1.0,1.0,0.0,1.0,0.0,0.0,-0.0037960976748392,0.0091282373296921,-0.0124729390118239,0.0034520195737347,0.0061359067361359,-0.0133498823562246,-0.0132213724346015,0.0036332612640959,0.0889245173382268,0.6450923799964242,0.5313433703873772,0.2174323266461065,0.4701438191545012,-0.0429453152076234,1.0679845054389834,0.4444119793596718,0.2080713372839714,-0.0360897066204494,-0.0110911655048356,-0.0427213180354888,0.0969894551645015,0.016318664158079,-0.1172608423139296,0.0476502957698179,0
Zm00001d038879,1.0,III,0.460363,0.66,3.7761549848283273,0.2345316741403131,0.0324,0.1752,0.1847,49.0,570.0,32.0544,11.41,0.0,0.0,0.0,0.015,0.0,0.02,0.015,0.0,0.69,0.0,0.0,0.25555,0.0,0.20550000000000002,0.0,7504,0.0,0.0,0.0,0.0,0.0,1.0,0.0,0.0,0.4009228571701239,0.0192043162638317,0.1010937431211715,0.1175313925441673,0.2802312277807376,0.0177148400939947,-0.0524449004231151,0.2212185107771326,0.1748309699085263,0.6147564989911103,0.5614021207531582,0.3335308531984805,0.7025608523867982,0.021922838484695,1.0205364873099625,0.5048213590391782,0.5393142548627183,0.0244277992597282,0.0330171946673833,0.1433496681889561,0.5171790404528827,0.0183437906272799,-0.0827641190938368,0.3253056072044385,0
Zm00001d038880,1.0,III,0.462036,0.65,3.916509978587339,0.4297539837215295,0.0373,0.2565,0.1455,7.0,3298.0,75.6647,11.34,0.10500000000000001,0.02,0.0,0.14,0.005,0.01,0.125,0.195,0.33499999999999996,1.0,0.36719999999999997,1.0,0.07,1.0,0.92855,15000,0.15349999999999997,0.0,1.0,0.0,0.0,1.0,0.0,0.0,0.4114469963554897,0.1523675428914335,0.3475949019711399,0.086791145042194,0.215572994416833,0.0207551917345061,0.0368391752417687,0.265372379760617,0.7185790620460828,0.6312525267181244,0.4709692943885764,0.3106190696696246,0.6587913226853395,-0.0189183075953062,0.5420143029506209,0.4538463127308774,0.7577466362534898,0.0730149807311528,-0.0329940339727545,0.123164270170552,0.3894222157244779,0.0919871359258094,-0.0820416414579596,0.2249526909376342,0
Zm00001d038881,1.0,III,0.577889,0.55,1.5075406428280596,0.5217357219303793,0.033,0.1509,0.2187,6.0,5796.0,16.7692,11.29,0.065,0.0,0.02,0.43,0.015,0.005,0.51,0.22500000000000003,0.185,0.7903,0.00625,1.0,0.29164999999999996,1.0,1.0,16216,0.44150000000000006,0.0,1.0,0.0,0.0,0.0,1.0,0.0,0.7640228278401008,0.3752855546051631,0.1738668486503439,0.1978254914608631,0.428595570517636,0.0055120150315787,0.106070724930578,0.3143609218730214,0.8195330227716854,0.4440347365354753,0.2976816658797371,0.0769573289029503,0.264856214376991,-0.016339376796173,0.0982638128945393,0.2554325502291845,0.0737618660824935,-0.0502483340448123,0.0064363468399881,-0.0183612125205524,0.008494570527973,0.0019827598785506,-0.0774334193762304,-0.0252103280175001,0
Zm00001d038890,1.0,III,0.525473,0.68,3.051521759922218,0.3499195563030817,0.0536,0.0806,0.6642,40.0,99687.0,6.23758,8.96,0.05,0.045,0.0,0.75,0.635,0.0,0.9,0.8,0.135,0.34845,0.38455,1.0,1.0,1.0,1.0,0,0.6765000000000001,0.7155000000000001,1.0,1.0,0.0,0.0,1.0,0.0,0.0643251015804492,-0.0055023649003058,-0.0425459068715107,-0.0269779778439189,0.0567555211426031,-0.01547534550002,-0.0463727337481262,0.0173991485070211,0.0389368284439978,0.4678886124406641,0.4114572039486918,0.1696998150386434,0.3977422084710379,-0.0508174509484178,0.8077312249191065,0.2417041253131127,0.021386516263001,-0.0586674302616787,0.0225335048896161,0.0057143345986941,0.0556812702288705,0.0059513086612429,-0.072777530781537,0.038257701866032,0
Zm00001d038892,1.0,III,0.490544,0.49,4.918546967183301,0.2327647167698978,0.0166,0.1259,0.132,77.0,22546.0,6.23758,9.1,0.025,0.07500000000000001,0.0,0.79,0.45499999999999996,0.0,0.885,0.7350000000000001,0.7050000000000001,0.31484999999999996,0.85625,1.0,1.0,1.0,1.0,6611,0.488,0.45849999999999996,1.0,1.0,0.0,0.0,1.0,0.0,0.0717776780872749,-0.0159797081793025,-0.0708799637788959,0.0188393105779163,0.0914441891980615,-0.0247814394526093,-0.0424399884265871,-0.0088312214565698,0.0033201412049309,0.8850878350145461,0.3627858263820822,0.3099750009298192,0.5435196291164568,-0.0120175228328104,1.3788106789603465,0.3001511083819036,-0.0212933622603639,-0.0409739190835664,0.0064783376332794,-0.0040134361269421,0.0760985037942726,-0.0106960101116824,-0.0227136073416901,0.0187515835340267,0
Zm00001d038901,1.0,III,0.602469,0.63,0.002245969549571,1.0,0.1596,0.6867,0.2324,53165.0,20745.0,23.0594,11.04,0.035,0.03,0.005,0.605,0.855,0.005,0.785,0.89,0.015,0.32935,0.44445,1.0,1.0,1.0,1.0,1266,0.645,1.0,1.0,1.0,1.0,0.0,0.0,0.0,-0.0683705805006116,-0.0861538757554981,-0.0824221224428183,-0.0343025031636742,-0.0788857578932634,-0.0639852592984524,-0.0998607303131355,-0.0751778462319532,0.3593331991721923,0.0852359191782617,0.2916362312440028,0.0419628297702101,0.1572013261024374,0.1021794212638488,-0.0929277288148666,0.1082476042485448,0.0826039394495839,-0.0488911326137666,0.0164935621973421,-0.0323405780029589,0.0511568041874832,0.0444646786887753,-0.0862329435771796,-0.0266157863878497,0
Zm00001d038915,1.0,III,0.648095,0.558824,0.1237501938066831,0.8339860127087342,0.2605,0.1322,1.97,7787.0,80.0,10.9912,11.25,0.07500000000000001,0.0,0.0,0.485,0.01,0.0,0.6950000000000001,0.0,0.05,0.70415,0.0807,0.95835,0.14579999999999999,1.0,0.025,0,0.0935,0.057,1.0,1.0,1.0,0.0,0.0,0.0,0.5268828738685044,-0.1279264434195301,-0.0818915440601695,-0.0141250018297189,0.1682076500935205,-0.0328125034200936,-0.1108198956577188,-0.0170469075373001,0.9252592966354248,0.4057632039754132,0.4100576220959676,0.1203656295932178,0.2287048252051294,0.0874810873967943,-0.0716065024644799,0.2681706529067175,0.3866810692929564,0.0975557104745094,0.1645941808552661,0.0484212014476763,0.2098618250318939,0.0396091832778925,-0.0806574147580546,0.1542222260137966,0
Zm00001d038918,1.0,III,0.773022,0.62,0.8765597630308154,0.7228602971780668,0.0776,0.2445,0.3174,131.0,215.0,55.1138,11.19,0.06,0.0,0.0,0.375,0.0,0.0,0.55,0.05,0.0,0.83185,0.0233,0.95,0.0,1.0,0.5,3111,0.1375,0.011899999999999999,1.0,0.64,0.0,0.0,1.0,0.0,0.3187861121343386,0.0120768797465696,-0.0144671312738911,0.0896622518307906,0.2926130852827054,0.0464893536717976,-0.0276448754265934,0.1337297184115921,0.2172907563892554,0.0447651894989572,0.2300958703932212,0.0868759994570846,0.1866649855353919,0.0545407282443102,0.0651753325679697,0.084048351575111,0.2217498122332679,-0.052381405172798,-0.0121183725928793,0.0178640770515604,0.1424106163331739,-0.0164680613179498,-0.0562910905739788,0.0250231931210794,0
Zm00001d038923,1.0,III,0.626866,0.52,6.5525155853826105,0.2334680609664447,0.0231,0.5017,0.046,110.0,648.0,16.7692,9.42,0.015,0.08,0.0,0.73,0.105,0.0,0.83,0.085,0.005,0.23609999999999998,0.5,1.0,0.5,1.0,0.5,1286,0.41099999999999987,0.14449999999999996,1.0,1.0,1.0,0.0,0.0,0.0,0.1281027414135678,-0.0239929886560424,-0.0162604075559825,0.0839818595460996,0.2269047347667982,-0.0016534559687339,-0.0335416852409892,0.1040070000255095,0.250426569679174,0.2428502155136088,1.8220917913230952,0.4212534429312188,0.7139302644019605,0.0446485924150004,1.3811540719232156,0.5611295301800012,-0.0286853727616854,-0.0620841372212369,0.0403205028446144,0.0136870822300786,0.0104109055348784,-0.0167609474766747,-0.0286834378598228,-0.0092413241495961,0
Zm00001d038925,1.0,III,0.445905,0.61,1.478990155865587,0.6251068823593424,0.0743,0.104,0.7147,39.0,8712.0,12.4752,8.88,0.035,0.0,0.0,0.495,0.0,0.0,0.5700000000000001,0.0,0.52,0.39515,0.0078,1.0,0.0,1.0,0.04545,1368,0.059000000000000004,0.0,1.0,0.0,0.0,1.0,0.0,0.0,0.3835920063407688,0.2829127025966226,0.0900736798515725,0.0545653101738964,0.2216830908100347,-0.0112536773789778,0.1129095769118762,0.0904007083924272,0.6044677276161068,0.6637773686411126,0.7322890177789028,0.2819537020122941,0.7756653588942786,-0.0589702035381994,0.901436370249226,0.71587146191692,0.1370775380385125,-0.0632214812637881,0.016547590586392,0.0084965688662508,0.1830287727771659,0.0022183665780608,-0.0761058254010733,0.1226367276351963,0
Zm00001d038929,1.0,III,0.550542,0.66,7.11701358574648,0.1378436716426346,0.0078,0.1202,0.0646,69.0,8873.0,24.8977,8.52,0.025,0.055,0.015,0.845,0.565,0.05500000000000001,0.915,0.655,0.43,0.2222,0.55835,1.0,1.0,1.0,1.0,150,0.31799999999999995,0.21700000000000003,1.0,1.0,0.0,1.0,0.0,0.0,0.0829816207517035,-0.0642644309908557,-0.0781596659473709,-0.0603446050864963,0.0010668151549861,-0.0134862082563456,-0.1275148884590502,-0.0888620902879029,-0.0249258226486155,0.5612679847364817,0.7183332821111486,0.2766670513885044,0.4303004668163034,0.0263774312775547,1.137691621625758,0.2020341471609262,-0.0645866038638555,-0.093411033158849,-0.0542464842945471,-0.0465298266429803,-0.0725516198265306,-0.0343969833359303,-0.1031891850003291,-0.0574949530195673,0
Zm00001d038930,1.0,III,0.702155,0.64,1.1230274085213607,0.853645242001424,0.0402,0.3223,0.1247,99.0,823.0,21.0632,8.02,0.035,0.10500000000000001,0.0,0.78,0.495,0.0,0.81,0.675,0.0,0.2609,0.5117499999999999,1.0,1.0,1.0,1.0,1234,0.3895,0.406,1.0,1.0,0.0,0.0,1.0,0.0,-0.0130344164587305,-0.0045437404600914,0.0100629841916858,0.0073185268872378,-0.0046626689421237,0.0218648988246479,-0.0210064205212831,-0.0080505195008444,0.3875900601035846,0.1272833592974447,0.6049973514014901,0.2295513050367156,0.2927728367170587,0.3355708883179738,-0.0416237156969329,0.3159770169785026,0.0650716479116149,-0.0986628701817813,-0.0636296572003811,-0.044786111666857,-0.0170747579134365,0.034135532062895,-0.1064453518169498,-0.0122039149876264,0
Zm00001d038932,1.0,III,0.517361,0.45,4.147876364916371,0.2807346710042294,0.0145,0.1547,0.0937,213.0,2473.0,17.741,7.79,0.015,0.01,0.01,0.11499999999999999,0.025,0.3,0.5,0.12,0.685,0.23045,0.1694,0.875,0.5981000000000001,1.0,0.9167000000000001,15295,0.20600000000000002,0.046,1.0,0.92,0.0,0.0,1.0,0.0,-0.02555400248259,0.0859157615561801,0.1700655456181687,0.1919473104103018,0.3745523470877649,0.002930351457498,0.1869788370854644,0.4466780297444067,0.2139605328379479,0.9687207271942562,0.3649901640823972,0.0834160242259844,0.2122535604007824,-0.0012632878498372,1.2068648804245243,0.1689517082984075,0.0831299286206457,0.2993403283258746,0.1406257942637654,0.0534088855953333,0.2120108717561334,-0.0016144868570636,0.2654450341241566,0.0945177506813057,0
Zm00001d038936,1.0,III,0.512272,0.69,1.9853711273147148,0.5418129781928268,0.0118,0.1026,0.115,216.0,446.0,19.6845,7.1,0.105,0.005,0.0,0.23,0.005,0.01,0.365,0.375,0.255,0.7222500000000001,0.1,0.7778,0.0833,0.9916499999999999,1.0,1276,0.36500000000000005,0.0,1.0,0.0,0.0,1.0,0.0,0.0,0.3263453272392209,0.2682728625138313,0.0052133194399861,0.0350902847362966,0.2132172395767098,0.008274802228923,0.2869792489779653,0.0534337788076662,0.7025722566242427,0.4668169826793592,0.3757448751749977,0.2638116032359512,0.6713061431115844,-0.0019420899860608,0.2773025920209701,0.4712068443332353,0.1425714769535458,-0.0517955506455524,-0.0298120866665596,-0.0069079334799275,0.0753239232748037,0.0050555980635028,-0.0631433910960302,0.0307291158016334,0
Zm00001d038944,1.0,III,0.517264,0.52,5.060988502349155,0.2760694214721689,0.0211,0.1932,0.1093,47.0,719.0,44.5295,6.57,0.12000000000000001,0.01,0.0,0.73,0.07,0.005,0.8049999999999999,0.15,0.8400000000000001,0.85975,0.24114999999999998,1.0,0.46665,1.0,0.9,2922,0.4469999999999999,0.0323,1.0,1.0,0.0,0.0,1.0,0.0,0.1606385462125719,-0.023277796442215,0.2129771201686269,0.0944403683935433,0.2743418000140273,0.0315869652306919,0.0014803468159644,0.2897596046371393,0.0424982305920409,0.4175759593301416,1.12211688830897,0.3229294291004816,0.5793636956750013,0.0240291120989539,1.130683948358969,0.4884215920795149,0.0329585251271,-0.0342443506858937,-0.0115395503659223,0.0060062765813186,0.1183477546411391,0.0243264896903459,-0.0303328047582319,0.0370159836838082,0
Zm00001d038955,1.0,III,0.46001,0.53,4.958532816930872,0.2041512850350602,0.0042,0.1447,0.0291,26.0,25953.0,5.2658,5.85,0.025,0.015,0.0,0.71,0.385,0.0,0.8049999999999999,0.46499999999999997,0.6499999999999999,0.12765,0.23035,1.0,0.96665,1.0,1.0,980,0.0,0.12635,0.0,1.0,0.0,0.0,1.0,0.0,0.2737541386256361,0.2402026391748491,-0.0720088025862418,-0.0207815443636555,0.128389925117647,-0.0357075836911447,0.0585562657083973,-0.0022548514289775,-0.0448826562500384,0.9416073088992464,0.4628999107264219,0.0572679491312868,0.2405939597685436,-0.0534090098969942,1.5476250929233324,0.1462661099552803,-0.00967995769688,-0.0386976330325915,0.0658689761513493,-0.0023011521200566,0.062263733826126,-0.017050841787703,-0.0301392310977888,0.0243587844362169,0
Zm00001d038963,1.0,III,0.712937,0.58,1.3499061526754916,0.4136457680448964,0.0786,0.2188,0.3592,268.0,969.0,38.3446,6.2,0.045000000000000005,0.04,0.07,0.6399999999999999,0.075,0.1,0.8200000000000001,0.45,0.065,0.6131,0.4828,1.0,0.7333000000000001,1.0,1.0,0,0.314,0.08200000000000002,1.0,1.0,0.0,1.0,0.0,0.0,0.1115031587149927,0.6862658759589214,0.067815379196004,-0.029807940820128,0.0935896943661134,-0.0573207790718548,0.8963072940694745,-0.0476637072973663,0.369359377127452,0.0341320605550387,0.9049254418897048,0.3085161455031988,0.7706152891182876,0.0092403274517163,0.2925965983865901,0.699549640643012,-0.0287592490410537,-0.0867959660941476,0.0106716709139335,-0.0225525081181048,0.0377148132034304,0.0053063215366699,-0.0573416433365889,0.012728968087053,0
Zm00001d038978,1.0,III,0.469062,0.48,0.0,,0.0447,0.0637,0.7013,19151.0,30622.0,21.5754,6.19,0.045,0.02,0.045,0.495,0.515,0.09,0.74,0.8300000000000001,0.315,0.45,0.22915,1.0,1.0,1.0,1.0,764,0.6189999999999999,0.7619999999999999,1.0,1.0,0.0,0.0,1.0,0.0,0.0036760636909513,-0.0030337209701769,-0.0030337209701769,0.0058425105469425,-0.0003458629420192,0.0007896900517552,-0.0030337209701769,-0.0030337209701769,0.4940101890464219,0.193082710715432,-0.0079405612219262,0.0497882227789274,0.4599176482379893,-0.0512075843805375,-0.1415742892865499,0.3109760640054845,0.1703338087955984,0.1011802068088324,-0.0275428161423147,0.0457069310938144,0.2261142445549405,-0.0360466832711771,-0.0547810625836896,0.1473379703265031,0
Zm00001d038980,1.0,III,0.625287,0.45,2.085330773866605,0.4774247222746623,0.0706,0.1414,0.4993,18090.0,784.0,60.8918,5.61,0.16,0.030000000000000002,0.005,0.69,0.405,0.01,0.77,0.61,0.605,0.7889,0.13540000000000002,1.0,0.96875,1.0,1.0,3200,0.8145,0.243,1.0,1.0,0.0,0.0,1.0,0.0,0.0640462109183614,-0.0161776188454014,-0.0118153079157884,0.1001851643007298,0.3134941540144105,0.0497171283087573,-0.0214870846915607,0.1788623040944542,0.210778929869393,0.7302469519870047,0.3403598167498657,0.1756150749611676,0.5925715401919228,-0.0142456348467439,0.9941460288508336,0.2466907716910387,-0.0232754261574097,-0.0293021641564993,0.0208652839725942,0.0049275772131793,0.0483928018579632,-0.019609650606867,-0.0022465593999604,0.0726128083053741,0
Zm00001d038981,1.0,III,0.462293,0.252941,1.8523784824032907,0.4393259767114542,0.0553,0.1543,0.3586,69268.0,927.0,56.4924,4.95,0.09,0.065,0.05,0.615,0.09,0.095,0.705,0.21000000000000002,0.46,0.5751999999999999,0.63575,1.0,0.875,1.0,1.0,420,0.5335000000000002,0.19090000000000004,1.0,1.0,0.0,1.0,0.0,0.0,0.0111742897525217,0.4505642173513707,0.0329219476081108,0.036754972733634,0.1518821547204268,0.0155395916565607,0.4283666441342414,0.0524050854277867,0.1308180158838708,0.6574185302162323,0.4015957995705892,0.2594017441424575,0.5713914524575411,-0.0436007579285346,0.9001867333170536,0.4596409284497699,0.015923298254,-0.0267750597938525,0.0299996107888555,0.0275866094551673,0.1173213957915778,-0.0086097971248326,-0.024910737073721,0.0818511032028722,0
Zm00001d038982,1.0,III,0.444234,0.64,3.668328707355981,0.2651116088759896,0.0367,0.0893,0.4109,28.0,1251.0,135.125,4.93,0.035,0.060000000000000005,0.02,0.69,0.115,0.025,0.755,0.62,0.55,0.35209999999999997,0.78575,1.0,1.0,1.0,1.0,3648,0.3225,0.0,1.0,0.0,0.0,1.0,0.0,0.0,0.0329047589133476,0.6483857580047777,0.0391627619892959,0.0620511249990391,0.2337647844649962,-0.0353031414481572,0.7915420004828173,0.0238238543402791,-0.0393398682423183,1.0142478990547057,0.2451369197244249,0.0398457690623661,0.3127733520111856,-0.0567777285539372,1.4109924449727431,0.0805602137913142,0.0343446339272843,-0.0419402686785314,0.8802041564055474,0.204490058004254,0.3051498112474379,0.1269041245743971,-0.0015483433881485,0.2629952272526902,0
Zm00001d038988,1.0,III,0.491576,0.44,2.6190177496226985,0.3715759758062352,0.0169,0.1325,0.1279,88019.0,5293.0,19.6319,5.17,0.060000000000000005,0.01,0.0,0.295,0.015,0.015,0.35,0.095,0.6000000000000001,0.4367,0.33335,0.89445,0.21665,1.0,0.8332999999999999,0,0.084,0.0,1.0,0.0,1.0,0.0,0.0,0.0,0.5780641314205026,0.0762187968431635,0.5882153661507854,0.1883516492081416,0.5156254198978044,0.011785475703578,0.2186514397138214,0.4321630021011426,0.2248015211382246,0.719089974875686,0.758647063813727,0.4347612785932666,0.7349686287460735,0.0482800284715611,1.2433817734546175,0.4833433529925225,0.3426832939925752,-0.0807094338278126,-0.0209777362587168,0.029206144850895,0.2355193433540291,0.0984495603695143,-0.054173998255022,0.1027896006924706,0
Zm00001d038989,1.0,III,0.575342,0.64,0.6563102080906699,0.5200615136634843,0.0563,0.3096,0.1819,2017.0,91364.0,19.6319,5.19,0.11,0.01,0.0,0.35,0.02,0.005,0.27,0.58,0.0,0.5628,0.35714999999999997,1.0,0.3333,1.0,1.0,0,0.1285,0.0,1.0,0.0,1.0,0.0,0.0,0.0,0.0750485839647687,0.6702841036697875,0.0729582210567482,0.0935901401917544,0.2852736240796973,0.0167234959874452,0.8158205913593622,0.0751742153097465,0.806436455155897,0.2795158168855493,0.7986851412629179,0.2734180404235326,0.728409867327614,0.0007375342806097,0.3146389717132621,0.6072143838895907,0.317801532538867,-0.0484891071931133,0.0342451581282065,0.0136155473666104,0.1485874556425092,-0.0101147137687898,-0.0632993991539516,0.0811398818798117,0
Zm00001d038998,1.0,III,0.497143,0.51,1.7113911134201107,0.4628853275690071,0.0578,0.162,0.3566,131.0,692.0,105.369,7.29,0.19,0.03,0.005,0.44,0.05,0.02,0.42500000000000004,0.41,0.45499999999999996,0.875,0.5985,1.0,0.6721999999999999,1.0,1.0,1237,0.48650000000000004,0.0,1.0,0.0,0.0,1.0,0.0,0.0,0.0687730406139599,0.2582138179895142,1.085134498117601,0.4498463066138872,0.7989734310705424,0.0462632177980499,0.875105137285488,0.6036426671611828,0.1243580491872261,0.6465214447666999,0.6317704729416658,0.6432487440900896,0.9202893454863964,0.037904575223641,0.9510995139206136,0.5369828254809784,-0.0242639592951282,-0.0870131375719493,-0.0517116219238655,0.0773117095257311,0.3843249571280722,0.0167913748277313,-0.0914297227460833,0.1417609777184442,0
Zm00001d039000,1.0,III,0.65932,0.6,3.8313364722111145,0.2299672149030531,0.0088,0.5325,0.0166,95.0,138.0,19.6319,7.32,0.05500000000000001,0.03,0.0,0.735,0.07,0.005,0.8,0.08499999999999999,0.015,0.58525,0.6131,1.0,0.6692,1.0,0.73335,112,0.9669999999999999,0.0,1.0,0.0,0.0,0.0,1.0,0.0,0.0457204586434159,-0.0671534923421714,0.1198004801010109,0.0528756236333236,0.2339182815093167,-0.0217376083363107,-0.0401545085187068,0.1353908036230121,0.219809601962465,0.0592069964768608,1.1316275512036054,0.4678994782878555,1.0484800058742874,0.023867425233134,0.6111594383042629,0.8344561142556298,0.0282017734154015,-0.0187653408132245,0.0411632906647012,0.0235913751192259,0.0515947350725158,0.0162612508594247,0.0056913691136635,0.0474788127510931,0
Zm00001d039005,1.0,III,0.469966,0.59,3.761400916071018,0.245353985938558,0.0347,0.1629,0.2129,173.0,16504.0,50.7145,7.62,0.005,0.11499999999999999,0.0,0.01,0.325,0.065,0.0,0.32999999999999996,0.795,0.1111,0.591,0.16665,1.0,0.0,0.96425,2676,0.0,0.0,0.0,0.0,0.0,1.0,0.0,0.0,0.6637575324699024,0.170838067859763,0.0558503471867836,0.0978604905140747,0.1125510064866552,0.9397098598834704,-0.0113397201361881,0.1051569307458053,-0.0248638453886943,0.975271151873174,0.3291002197911271,0.1032504989169845,0.206031100100926,-0.0511217050694174,1.2874363886273756,0.0023346342218531,0.5506368913339508,-0.064657208893529,-0.039911205047909,0.0621448673361258,0.1852470695650356,0.3526725562450568,-0.0695625129807991,0.1044192014171841,0
Zm00001d039014,1.0,III,0.537879,0.48,5.617305172376411,0.2289293330685095,0.0076,0.134,0.0566,1686.0,707.0,24.4381,7.72,0.015,0.0,0.0,0.36,0.005,0.0,0.8,0.02,0.37,0.1597,0.0372,1.0,0.0625,1.0,0.375,10060,0.0,0.056999999999999995,0.0,1.0,0.0,0.0,1.0,0.0,0.0540665205600749,0.1566832516817708,0.7848728220018344,0.6148584495049996,0.9427599575588752,0.0382839138978993,0.6982763739086255,0.5999884888764446,0.0113748644702103,0.2267973305893215,0.0195814681487288,0.2442200394977771,0.4110638497201237,0.0030563542489037,0.2474150356878463,0.198513556028332,-0.035582655838027,0.2409645576657287,0.5891246735231019,0.4431554977828472,0.7786960048677436,-0.0104476531594026,0.8230820707440645,0.4349236789937845,0
Zm00001d039015,1.0,III,0.444715,0.52,3.006086680150871,0.2370363864549576,0.0613,0.1284,0.4772,275.0,810.0,25.4098,7.72,0.0,0.0,0.0,0.005,0.0,0.02,0.045,0.0,0.755,0.0372,0.0,0.0625,0.0,0.70835,0.0,8758,0.057,0.0,1.0,0.0,1.0,0.0,0.0,0.0,0.3010916565980297,-0.0041376541246767,0.3205678367778482,0.275122049694953,0.4363309371785629,0.2179553640659583,0.0829737758452668,0.3715146938529005,-0.1015330321511043,0.8223321854611694,0.5043593275905487,0.4204302543361835,0.623801845204071,-0.0017051364485858,1.4370724923486795,0.2421964711373256,0.0968804702562604,-0.0645387322131857,-0.0598441668016428,0.5930690197835172,1.0940256816473697,0.008042640960358,-0.0876382747726154,0.7168822208995993,0
Zm00001d039016,1.0,III,0.64977,0.68,3.9293701579455313,0.2671240599370407,0.0141,2.9362,0.0048,67.0,147.0,79.6046,7.73,0.04,0.01,0.0,0.71,0.0,0.0,0.89,0.6,0.0,0.24165,0.1304,1.0,0.04815,1.0,1.0,6064,0.00625,0.057999999999999996,0.45,1.0,1.0,0.0,0.0,0.0,-0.0366527852591906,0.3660045679381145,0.0001976455789956,0.1213901210137805,0.3401633500247098,0.0320837232411475,0.4283076597041829,0.0564949929746918,0.1604027969499063,0.0177757377331712,0.9712265998448724,0.77159548133237,1.1119482054163807,0.0637045495574954,0.3090177310188965,1.0116557154041532,0.3259005079329966,-0.0136870569043866,-0.0319292351011957,0.0445429972248381,0.1423399696076857,0.2769724928528466,-0.0641732218222297,0.0199024562053072,0
Zm00001d039019,1.0,III,0.68614,0.51,0.0270744683816747,0.8983851220645617,0.0685,0.1475,0.4645,1699.0,94176.0,10.072,7.76,0.03,0.045,0.0,0.02,0.41000000000000003,0.0,0.44999999999999996,0.645,0.0,0.26665,0.56875,0.20829999999999999,1.0,1.0,1.0,1038,0.06849999999999999,0.058199999999999995,1.0,0.94,0.0,1.0,0.0,0.0,0.3033782914059036,-0.0309706697079306,-0.0124873175677172,0.0387327475762638,0.0669836283974835,0.1827372956192129,-0.0793403049085967,0.0089409223878004,0.1905295123270593,0.072515503795879,0.2612738450011468,-0.0102085936582718,0.0762839887365322,0.0469242258544833,-0.0480309840930632,0.0417894476560431,0.7230067692198507,0.2434650441846362,0.2153828391906158,0.0674818988856162,0.1521491537477143,0.0860270354126378,-0.0488483694443799,0.1908568640600343,0
Zm00001d039031,1.0,III,0.759124,0.67,0.6436411743142502,0.8111518185090385,0.0383,0.4358,0.0879,9547.0,81714.0,8.6407,7.7,0.04,0.0,0.0,0.71,0.03,0.0,0.7749999999999999,0.585,0.0,0.29164999999999996,0.027450000000000002,1.0,0.20415,1.0,1.0,328,0.8605000000000002,0.0,1.0,0.0,0.0,1.0,0.0,0.0,0.3316148532789205,0.1054760048096958,0.8286224461268119,0.1911176391208648,0.3810133331744074,0.0076721979765896,0.2039310480337606,0.3811720281778943,0.0622374239165144,-0.002920791928041,0.2149250675817,0.0504449138980493,0.0939898927049154,0.0132956435378129,-0.0023414911256622,0.1833156578016804,0.0257504024724277,-0.0057821006789345,0.0401323786354088,0.0327389702360427,0.0387840566632433,0.0015110284778301,0.0041913078323864,0.0572143319427802,0
Zm00001d039037,1.0,III,0.481871,0.63,3.3685769057362926,0.4547717274290451,0.0178,0.2114,0.0841,466.0,610.0,120.194,7.57,0.045,0.065,0.0,0.1,0.185,0.005,0.11499999999999999,0.735,0.52,0.45625,0.6111,0.6958,0.9582999999999999,0.7625,1.0,3510,0.0,0.1805,0.0,1.0,0.0,1.0,0.0,0.0,0.0164760227874023,0.1238235120357579,-0.0557090215006086,0.0665085413581923,0.3234222665840394,-0.0199025057385634,0.064519166579735,0.0821209853627358,-0.0615630395698106,0.3048095306318705,1.2050580618034137,1.0298495015774605,1.3014539098903428,0.1095991157274398,0.8701645098740522,0.7844771672247983,0.1801124426182925,-0.0826809788911518,0.196557324492152,0.6171848789595609,1.1257842534515008,-0.0012660544082563,-0.0108410229277918,0.8256920963467463,0
Zm00001d039040,1.0,III,0.697878,0.52,3.398256649928232,0.7406188129807335,0.0041,0.8672,0.0048,612.0,258.0,56.0856,7.52,0.01,0.02,0.0,0.0,0.7250000000000001,0.0,0.385,0.855,0.0,0.1722,0.20829999999999999,0.0625,1.0,1.0,1.0,1404,0.05129999999999999,0.0,1.0,0.0,0.0,0.0,1.0,0.0,-0.0020810516541915,-0.0388178082156591,-0.053585490989115,0.0140960034322978,-0.0225589936519567,-0.0070671434405714,-0.0502825311651766,-0.0128963021617956,0.1064143205252545,0.0012620125644615,0.5766806273443652,0.1889619609121386,0.3811699815941413,0.0589400849135157,-0.024818967197074,0.4357313406072759,0.0901418286022578,0.055606141416275,0.3466708488946786,0.2886877077110195,0.4792903705841241,-0.0307023739036391,0.0484271451505561,0.4253566570399999,0
Zm00001d039041,1.0,III,0.478774,0.45,3.818052661852399,0.2756921480653335,0.0416,0.118,0.3529,96168.0,19433.0,12.9347,7.23,0.03,0.035,0.0,0.7,0.4,0.025,0.835,0.48,0.61,0.25,0.3671,1.0,1.0,1.0,1.0,0,0.0119,0.0345,0.64,0.69,0.0,1.0,0.0,0.0,9.484709495191646e-05,0.0021076134414097,-0.0012736700640616,0.0380423061845672,0.0041800203593868,0.0336607746276928,0.0024491343324366,0.0053202409172941,-0.1055595478067536,1.2554484369764023,0.2964872452499362,0.0770834280543219,0.3427300952671061,-0.077605201619248,1.8342033304909515,0.1486419032009173,-0.013196977236976,-0.0744080117314719,0.0221522895432468,0.0737619244331737,0.0475037982139701,-0.001278039133093,-0.0516589594161785,0.0556583092383762,0
Zm00001d039043,1.0,III,0.537508,0.65,7.118692844851029,0.2267023881911335,0.0186,0.1149,0.1623,134.0,837.0,12.9347,7.13,0.11499999999999999,0.005,0.0,0.73,0.06,0.055,0.835,0.29500000000000004,0.6950000000000001,0.8568,0.05555,1.0,0.5,1.0,1.0,199,0.6532000000000001,0.0,1.0,0.0,1.0,0.0,0.0,0.0,0.3880420299314148,0.0783306029571343,0.1852076562046113,0.0202649338573041,0.0929630461950724,0.0273846707091161,-0.0952089951684014,0.0335179124478408,-0.0556804067258506,0.7495283925090664,0.3923732536972242,0.1435037926366537,0.3564604323640615,-0.06563969114389,1.2348159779066727,0.1523985125739185,-0.0181374912285836,-0.0484276008518679,-0.0062170001470137,-0.0006448845584149,0.0236853707357545,0.0030363870543875,-0.0550127316596466,-0.0050711410495499,0
Zm00001d039044,1.0,III,0.659777,0.52,0.0122756604090759,0.8570459142441543,0.085,0.3783,0.2247,140.0,52061.0,11.0438,7.11,0.0,0.04,0.01,0.035,0.615,0.0,0.58,0.61,0.0,0.02775,0.88475,0.5,1.0,1.0,1.0,4018,0.0,0.0,0.0,0.0,1.0,0.0,0.0,0.0,-0.0220543299445777,-0.0432617888147337,-0.0204073465792185,-0.0164254935093871,-0.0364926840347821,-0.0282004664553865,-0.0474670673184055,-0.029752811333541,0.6692809455333044,0.2499693032203904,0.4778640983920173,0.1277641114151023,0.2655990130930475,0.0846246644739915,-0.0780482631929573,0.2459293014079056,0.1395041880931712,0.1133961648563441,-0.0585849390964876,0.0123439069998677,0.1505319050579465,0.0020015468862327,0.1081019535964522,0.0172499454061989,0
Zm00001d039047,1.0,III,0.485258,0.52,4.155254251677919,0.2327560372676879,0.0239,0.1384,0.1724,5.0,9949.0,11.5034,6.83,0.08499999999999999,0.055,0.0,0.215,0.275,0.005,0.26,0.44499999999999995,0.515,0.8315,0.34285,0.8875,1.0,0.9904,1.0,0,0.0,0.4675000000000001,0.0,1.0,0.0,1.0,0.0,0.0,0.0917388557544325,0.3460117612696757,0.0601601359117324,0.0200421401776683,0.1921205265465936,-0.0289408232990612,0.5234694025842069,0.0515664463528415,-0.0364405439194041,0.8866002465895075,0.5080602396509937,0.0662159261823331,0.2810654113801786,-0.0522604216854419,1.3698192333637798,0.1311556084135652,0.5663678170701869,0.0623111773764451,0.0084839394830198,0.0210849993834284,0.2044396916575631,0.017315754021372,-0.0450342654656509,0.097165482659141,0
Zm00001d039049,1.0,III,0.53876,0.46,0.8171044907104476,0.8380869269632353,0.0413,0.239,0.1727,12810.0,1802.0,20.0915,6.81,0.005,0.05,0.0,0.015,0.345,0.0,0.235,0.7849999999999999,0.255,0.08335000000000001,0.25875,0.29164999999999996,0.92225,0.8778,1.0,0,0.0,0.0405,0.0,0.81,1.0,0.0,0.0,0.0,-0.0106071991860778,-0.0808671517641909,-0.0292885873210152,-0.0678246450219418,-0.0746593283630812,0.0120238182600411,-0.0963317951571765,-0.0586254360740811,0.120460436504667,0.6991160302684936,0.0316309817469468,0.0503274863970553,0.1734358732737046,-0.0203118953118671,0.9015635098313934,0.011864161647733,0.2192057872163098,0.3828781469948873,0.2725601567746102,0.2637929783811853,0.4683608684109476,-0.0096239068782674,0.4173652507013813,0.3025382203311071,0
Zm00001d039059,1.0,III,0.582296,0.635294,2.2499125477295467,0.5727983729095528,0.0263,0.1852,0.1419,66345.0,3953.0,28.7321,6.94,0.035,0.045,0.005,0.7949999999999999,0.025,0.095,0.9299999999999999,0.055,0.275,0.1889,0.45830000000000004,1.0,0.3591,1.0,0.46875,0,0.31650000000000006,0.006999999999999999,1.0,0.48,0.0,0.0,1.0,0.0,0.3908946376557963,0.0137921824734856,0.1518729306242867,0.0838312875580668,0.0956502023661322,0.2945655694304601,-0.0846466649757023,0.0598522645823355,0.3360201528226184,0.5773697764203825,0.3978631886734333,0.2217078955411884,0.5313502112999616,0.0525968525806646,0.8250987802556713,0.2828412051969498,-0.0111687762347181,-0.0316121439688609,0.0093145430127456,0.0064827745525513,0.0431327341974571,-0.0080364910533537,-0.0628541316435235,0.0068843412861349,0
Zm00001d039072,1.0,III,0.453844,0.42,2.567686811125124,0.3159472127279691,0.0493,0.1204,0.4095,72943.0,2986.0,10.5316,6.97,0.035,0.10500000000000001,0.0,0.0,0.1,0.035,0.14500000000000002,0.195,0.59,0.8,0.5765,0.08335000000000001,0.7,1.0,0.9582999999999999,0,0.0,0.098,0.0,1.0,0.0,1.0,0.0,0.0,0.3508609654777346,0.0794989522064905,0.3223855299194231,0.0965505838794993,0.4277991709635474,0.0055440995365729,0.0371563338211099,0.2809434132688542,-0.1088330965491077,1.1302206038124256,0.2139687257896943,-0.0198124690575374,0.1764747667910265,-0.0357850409268855,1.5565094706165843,0.0262826640628545,0.2574429153023159,0.1865660292849802,0.216984789368301,0.0056245420619727,0.1667609390741632,-0.0810284089524108,0.2857984713040325,0.1061122629063028,0
Zm00001d039080,1.0,III,0.736559,0.49,0.1366814053799231,0.8544798296722133,0.0205,0.2781,0.0735,5586.0,4453.0,9.10026,6.9,0.015,0.005,0.01,0.01,0.0,0.0,0.14500000000000002,0.345,0.0,0.5307,0.06595000000000001,0.2,0.0387,1.0,1.0,9801,0.0,0.0,0.0,0.0,0.0,0.0,1.0,0.0,0.1962396644691046,0.2192043241231479,0.0950975046846096,0.0141591538362302,0.156765010201392,-0.0234225545809089,0.3055590926230517,0.0257680788412792,0.0629668382902518,-0.0022375280275186,0.2150294036430378,0.0187389539389348,0.091662946654489,-0.0229226022446296,-0.0441487165621373,0.2863406771815534,0.6238307910362816,0.1849333600822829,0.1778801407277353,0.0639137072469105,0.2454385292964066,0.0138871307674672,-0.02950469979088,0.1338832342502078,0
Zm00001d039084,1.0,III,0.481848,0.34,0.0,,0.1707,0.365,0.4676,19170.0,4294.0,39.3164,6.87,0.01,0.005,0.005,0.545,0.275,0.595,0.7,0.33,0.87,0.0749,0.08005,1.0,1.0,1.0,1.0,4470,0.22049999999999997,0.0,1.0,0.0,0.0,1.0,0.0,0.0,0.4106816318996536,-0.017218968981189,-0.0218077941445245,0.0172198558281498,0.0585962368589928,0.0872284320456887,-0.1165489762687822,-1.2596493516731089e-05,0.035306826830851,-0.0381247221495273,-0.053770475222473,-0.0364364595940915,-0.0401643821314844,0.1175326350540411,-0.0449476448823777,-0.0496252568357929,0.0494336582653384,-0.10677668479716,-0.1453666846803104,-0.0807171588108805,-0.080853228638659,-0.0079950583860934,-0.1399471247695987,-0.0891870763688738,0
Zm00001d039089,1.0,III,0.573803,0.54,7.722501714527723,0.1851219820250291,0.0153,0.1676,0.091,91.0,243.0,11.5034,6.8,0.045,0.0,0.0,0.09,0.02,0.005,0.315,0.08499999999999999,0.475,0.5564,0.0106,0.9481999999999999,0.3125,1.0,0.83335,0,0.10400000000000002,0.0,1.0,0.0,0.0,1.0,0.0,0.0,0.4051111254365197,0.0196210764360713,-0.0962119472271555,0.011879943492618,0.1243393465733176,0.0968428493534045,-0.069405813875284,0.0253844428208636,-0.0451187456321363,0.7470746111838112,0.7104464608653827,0.2079365042366217,0.4120362435788443,-0.0382251678921106,1.3134837694932044,0.2030056157147827,0.1562087858041461,0.1596347943087036,-0.0041683416828879,-0.0391589441219266,0.1344364971467885,-0.077166541105534,0.2289207156857255,-0.0635726054293277,0
Zm00001d039104,1.0,III,0.480184,0.43,2.1685629066017307,0.76029556018829,0.028,0.1309,0.2138,384.0,893.0,9.55982,6.15,0.025,0.045,0.0,0.095,0.05,0.015,0.165,0.315,0.765,0.4961,0.46165,0.96425,0.45289999999999997,1.0,1.0,8074,0.06999999999999999,0.0365,1.0,0.73,0.0,0.0,1.0,0.0,0.2622828730666593,0.0419863663457878,0.3360544475394537,0.1657892776399837,0.3406009515639942,0.2116578426415756,0.2791368293522158,0.3313908766263972,0.1088847885141874,0.9167775284904252,0.1455498913285828,0.1003483772919004,0.3995915144703942,-0.0519736662098447,1.190723757617813,0.1704806449982101,0.1733548191967049,0.0289059192030964,0.0274459305767715,0.0409801966693324,0.2056858742383457,-0.0229897672910436,0.0008013714380721,0.1112753592874794,0
Zm00001d039113,1.0,III,0.709942,0.52,0.2494683641369667,0.9927370777243396,0.139,0.1471,0.945,5247.0,3429.0,7.66892,5.73,0.0,0.045,0.005,0.0,0.35,0.0,0.0,0.435,0.0,0.0185,0.6384,0.0,1.0,0.0,1.0,4259,0.0,0.0,0.0,0.0,0.0,1.0,0.0,0.0,0.5096470205697252,-0.0583957622126107,-0.0701944120181057,0.0605537206920717,0.1887989009325762,0.1104170259322589,-0.0813574223496717,0.065975034006071,0.2491675440324424,0.071115511906692,0.1647166841991292,0.0180350458792691,0.0624153357432067,0.2507420802566971,-0.0421339484678254,0.0443306802406353,0.4475999307229599,0.0924625712494882,0.1090219200998711,0.0364294755223285,0.0784331371771181,0.2836618315068605,-0.0548350275716794,0.0895451005593365,0
Zm00001d039138,1.0,III,0.480723,0.59,4.791032890990932,0.1891293486620512,0.0424,0.1242,0.3418,157.0,4907.0,12.9347,3.39,0.085,0.04,0.0,0.54,0.6799999999999999,0.015,0.5549999999999999,0.6950000000000001,0.75,0.6921999999999999,0.45589999999999997,1.0,1.0,1.0,1.0,0,0.4119,0.8079999999999999,1.0,1.0,1.0,0.0,0.0,0.0,-0.0893493602846326,-0.079931404417993,-0.0725125895129036,-0.0756479927623188,-0.0852251417877339,-0.0636860900217001,-0.0967080146687551,-0.0686878982519721,-0.1269755816236554,1.15705659567342,0.2938142921485784,0.0818634057918945,0.2594117746491823,-0.0766021240932082,1.6256125337852765,0.0293178485184066,0.2193017299642575,-0.1231265776538721,-0.0853065402634045,-0.0020684357547833,0.086387507674076,-0.0056604027860437,-0.1114390098928271,-0.0925975236966102,0
Zm00001d039139,1.0,III,0.708974,0.51,0.2918365101447832,0.8868466939132409,0.0776,0.2322,0.334,647.0,1161.0,14.8256,3.37,0.05,0.085,0.12,0.135,0.5700000000000001,0.06,0.275,0.6599999999999999,0.065,0.375,0.70835,0.8452500000000001,1.0,1.0,1.0,0,0.2413,0.784,1.0,1.0,0.0,0.0,1.0,0.0,0.0135353598594223,-0.0093124445306764,-0.0137428178142966,0.0035882185104344,-0.0030751734551842,-0.0099082721764386,-0.0324129233576524,0.0024061086621845,0.4246190150364473,0.103999341827026,0.2262491896626272,0.1728589313292788,0.2543684090051152,0.0309897861601451,-0.0264104957639679,0.2504419128917922,0.4484252250931247,0.0537902863442818,0.0229685375200935,0.136372821078964,0.2854226587631985,0.039809997703467,-0.0719225623281472,0.164641381066312,0
Zm00001d039141,1.0,III,0.485804,0.64,3.584524871139706,0.3697080132324379,0.0261,0.1759,0.1486,994.0,422.0,14.3661,3.35,0.005,0.05,0.0,0.0,0.215,0.12,0.06,0.33,0.65,0.05555,0.63575,0.0,1.0,0.45835000000000004,1.0,8309,0.0,0.5329999999999999,0.0,1.0,0.0,0.0,1.0,0.0,0.0386232311101125,-0.0179540649905485,-0.0401427345163249,-0.0184764726816102,0.0598015691966652,-0.0116939062731279,-0.0378849997441148,-0.0075490734744114,0.0141247820584802,0.6618407094299312,0.3258510254779487,0.1165866076382701,0.3051020603918937,-0.0325411447949816,0.822480948282663,0.0714573379807774,0.2207119878450406,-0.0210450550733156,0.7941646794704298,0.4901703431951102,0.8851754489068522,0.0435159750831132,0.409426748931509,0.5863052918981765,0
Zm00001d039144,1.0,III,0.40419,0.429412,3.5761649387461154,0.421811104091961,0.0159,0.0911,0.1743,34295.0,144.0,15.85,3.23,0.115,0.01,0.02,0.215,0.01,0.61,0.3,0.435,0.87,0.94445,0.1125,1.0,0.17315,1.0,1.0,0,0.2675,0.188,1.0,1.0,0.0,0.0,1.0,0.0,0.075851720877375,0.3791740186458098,0.0381827899388317,0.1155848017304529,0.2177093908821964,-0.0435228566768109,0.4565107366598536,0.0394707073042571,-0.1171199677779812,1.636548102482076,0.3578001589629931,0.0909176619108446,-0.0165458123913461,-0.0609765891596849,2.051609311290932,-0.0188836275993783,0.5924638647674765,0.2552451807754304,-0.0354943808850233,0.0143093832526994,0.1909030194692754,0.0160925512597197,-0.0450587992045782,0.119699205206018,0
Zm00001d039145,1.0,III,0.53491,0.42,5.0645859015478285,0.1845774608413315,0.0153,0.1497,0.1019,1519.0,3006.0,14.8256,3.2,0.005,0.0,0.0,0.01,0.01,0.0,0.35,0.01,0.7250000000000001,0.1033,0.02085,0.12385,0.16665,1.0,0.125,5558,0.18799999999999997,0.0,1.0,0.0,0.0,0.0,1.0,0.0,0.2290995235807756,0.0438930333349681,0.2027535004873497,0.0135502915292556,0.1707896778255853,0.008364239095518,-0.0179066273485347,0.0726919220528237,0.05226347256063,0.444712488761454,0.0613318108543077,0.1599241807203566,0.1987250294056617,-0.0184178817423113,0.5066681661569042,0.0603666810877875,-0.0056616332175265,0.3359729577065181,0.8437885784019882,0.439681058377008,0.6835584736932494,-0.0261787679565696,0.982604036376016,0.5850536853924282,0
Zm00001d039200,1.0,III,0.590759,0.62,5.494508527070994,0.1752025714212269,0.0,0.2768,0.0,89.0,1105.0,23.9785,-0.09,0.09,0.06,0.005,0.7649999999999999,0.625,0.08,0.835,0.765,0.7050000000000001,0.4713,0.52825,1.0,1.0,1.0,1.0,0,0.5119999999999999,0.55955,1.0,1.0,1.0,0.0,0.0,0.0,-0.0376055541361873,-0.0114867029313597,-0.0348085821524793,-0.0090714303233073,-0.0277230088149768,-0.0149161912511773,-0.0464714622778744,-0.0382620683635456,-0.1462411787016208,1.273310649148054,0.3301027189716906,-0.0108157293086353,0.076118292266322,-0.0500593437183981,1.7051457599544186,-0.0333162747648711,-0.031269432734106,-0.0758709483941506,-0.0651337127647765,-0.0014574051854931,-0.0252783277809034,-0.0343559598433724,-0.0823775989555379,-0.0482150069689061,0
Zm00001d039192,1.0,III,0.552,0.29,3.3219670656746327,0.2469967521541148,0.0425,0.1965,0.2162,20524.0,128.0,16.7692,0.34,0.11499999999999999,0.0,0.01,0.8,0.0,0.05,0.915,0.0,0.64,0.6972,0.0,1.0,0.0,1.0,0.0,4638,0.82615,0.0,1.0,0.0,0.0,0.0,1.0,0.0,0.0419693021985209,-0.0305857923468672,0.206301874339482,0.0578765628638093,0.187186915991706,0.0090946304741982,-0.013897995749647,0.1877099100886096,0.0026789728931044,0.9841513520932316,0.3868464460766834,0.1180182496249478,0.442935937692535,-0.0004671699671836,1.3828907354961009,0.2908311929358304,-0.0681100046234877,-0.0836688456756581,0.0057709355679853,-0.0011245329462881,0.0346485235735788,-0.024769526440807,-0.0683307424303797,-0.0166452638446291,0
Zm00001d039185,1.0,III,0.461704,0.54,1.1664153386330136,0.4845813547729227,0.0993,0.0962,1.0322,7.0,105115.0,8.6407,0.55,0.02,0.02,0.0,0.725,0.095,0.02,0.86,0.24,0.62,0.1625,0.19555,1.0,0.9037,1.0,1.0,809,0.4364999999999999,0.268,1.0,1.0,0.0,1.0,0.0,0.0,0.0406063892447084,0.4219324581789349,-0.0792437613152361,-0.0045780472901598,0.0512874139485743,-0.0643940228577674,0.4492505157612634,-0.0625702734496338,0.0488573346914415,0.7120165033416328,0.4274095011245767,0.1142699816606696,0.3246812478507925,-0.0779454196445673,1.2763815737331796,0.2845019458869639,-0.0178817308989121,-0.0651771525901925,-5.569382850781346e-06,-0.0261821261781233,0.0295187634958419,-0.0145002190091729,-0.0392797967434049,0.0370436251864157,0
Zm00001d039179,1.0,III,0.611975,0.52,2.3762476426624164,0.5346447040503323,0.0363,0.1983,0.1829,8633.0,9960.0,14.8256,1.19,0.09,0.01,0.0,0.5349999999999999,0.795,0.125,0.7150000000000001,0.95,0.13,0.44435,0.0833,1.0,1.0,1.0,1.0,2027,0.52975,0.22950000000000004,1.0,1.0,0.0,0.0,1.0,0.0,-0.0982876954334339,0.9565402826380548,0.1142682823315874,0.0610082893716002,-0.0607248055642947,0.0110772572227913,1.1935459023036343,-0.0125993001457879,0.1308794534703128,0.4308277023932646,0.5192985520322899,0.1539622666187588,0.2694058899091372,0.0188663792718091,0.7053772946288017,0.3925943559504418,0.2070578184331747,0.0743503577144618,0.0417038878371595,0.0301051920646415,0.1593106109238299,0.002709949561713,-0.0483568447720426,0.1487264126287511,0
Zm00001d039163,1.0,III,0.627132,0.55,2.0840036299885885,0.40862179133557,0.0302,0.2204,0.1368,26.0,2838.0,19.1723,1.97,0.06,0.045,0.005,0.73,0.41000000000000003,0.0,0.8700000000000001,0.645,0.495,0.57975,0.3333,1.0,1.0,1.0,1.0,544,0.5950000000000002,0.0,1.0,0.0,0.0,1.0,0.0,0.0,0.4223202372670883,0.1425986444129089,0.1748852809617566,0.222367690694024,0.690057920953395,0.0198032561356169,-0.0013928015498131,0.657687443678841,0.178864212318456,0.4655689242805229,0.6854332068573948,0.1548001299948452,0.3255359438197601,0.0204343116510678,0.8397609743714304,0.3146990438511375,-0.0537851416521335,-0.035409949023162,-0.0343635519799626,0.0014713149565753,-0.0237535381154135,0.0062806697504092,-0.068518175159846,-0.0379658259493453,0
Zm00001d039162,1.0,III,0.481404,0.48,5.026951023462394,0.1761719225692814,0.0057,0.1339,0.0426,1.0,43659.0,9.10026,2.15,0.07,0.015,0.0,0.825,0.69,0.015,0.895,0.865,0.7849999999999999,0.59655,0.24605,1.0,1.0,1.0,1.0,600,0.24750000000000003,0.26060000000000005,1.0,1.0,0.0,0.0,1.0,0.0,-0.0346548344691289,0.007702562496831,-0.0885979698664342,-0.0494335873255643,0.036634307850352,-0.0285047239789867,-0.0817330244887166,-0.0192437339504843,-0.0554320741999194,0.6468116480349488,0.4601755764347717,0.235196780144987,0.4544010754574131,-0.0482272084544386,1.1795946468810985,0.3344964469335945,-0.1132405804189481,-0.1121746714350816,-0.0329843371767022,-0.0092876384390964,0.0309705284954715,-0.0491816896504515,-0.0957198676663926,0.0047601240070783,0
Zm00001d039155,1.0,III,0.555041,0.32,1.2283159442702654,0.5126493051295311,0.0952,0.2016,0.4725,21373.0,111.0,8.6407,2.86,0.05,0.0,0.0,0.685,0.0,0.0,0.845,0.38,0.175,0.22355000000000003,0.03705,1.0,0.061149999999999996,1.0,1.0,0,0.6979999999999998,0.0,1.0,0.0,1.0,0.0,0.0,0.0,0.1219838358972683,0.1673411620690222,0.8905724163065318,0.2428967398023719,0.5564090637600994,-0.0057926340922486,0.7478150836352033,0.5595785707582814,0.3804042467171957,0.386571967259934,0.713611801259695,0.2860151395768153,0.7425284069673446,-0.0265297361517815,0.7392740010530273,0.7479327748105612,0.0065975436722052,-0.0363125334923741,0.0384340513796589,0.0154046048017865,0.0751699226618907,-0.0140983005445803,-0.0297459518082033,0.1202041277213661,0
Zm00001d039222,1.0,III,0.510692,0.6,2.0283002454591688,0.4303486999198284,0.0411,0.1536,0.2674,120.0,5974.0,44.1227,-1.81,0.055,0.04,0.0,0.635,0.09,0.005,0.75,0.275,0.05,0.41665,0.5357000000000001,1.0,0.91665,1.0,1.0,2680,0.7620000000000001,0.0,1.0,0.0,1.0,0.0,0.0,0.0,0.344111448361497,0.1838574115587436,0.5291719106611609,0.3887761082980519,0.9350262221471236,-0.0028046042509645,0.2844381714056386,0.9090555930192372,0.3505363951144338,0.1742633719635379,0.7518542934753139,0.1702387905148688,0.606497918856167,0.0123307648929757,0.6361342269300585,0.4910379270779944,0.0512783851664555,-0.0599871944967373,0.0148625365395541,-0.0079022598387637,0.1510062416795082,-0.0524279293200884,-0.0937376442386243,0.1215181141845375,0
Zm00001d039221,1.0,III,0.561625,0.55,4.188954049171085,0.2802576197479136,0.0353,0.1056,0.3342,3992.0,1886.0,44.1227,-1.81,0.065,0.06,0.0,0.575,0.26,0.02,0.62,0.28500000000000003,0.22,0.5406500000000001,0.50905,1.0,1.0,1.0,1.0,698,0.46299999999999997,0.08349999999999999,1.0,1.0,1.0,0.0,0.0,0.0,0.0275653554241732,-0.074499604900307,-0.0277636432797847,-0.0202439686930587,0.0792228862289136,-0.0735550920183476,-0.1252468765434936,0.0549537649898503,0.3467224701145884,0.1866676846063389,0.5366435601008902,0.3956793632147748,0.923329827047666,-0.0092143577803778,0.288351052139009,0.8977319861674437,0.1348469010890284,-0.0048010733035293,0.0081845654521977,0.0336977635622888,0.3157238053441917,-0.0476578013207239,-0.0692915371314331,0.1441061796084749,0
Zm00001d039217,1.0,III,0.656075,0.45,0.0124818625044043,1.0,0.081,0.5981,0.1355,21427.0,358416.0,25.4098,-1.52,0.095,0.015,0.0,0.385,0.62,0.0,0.6799999999999999,0.85,0.0,0.5058,0.20240000000000002,1.0,1.0,1.0,1.0,546,0.639,0.809,1.0,1.0,0.0,0.0,1.0,0.0,-0.0074229095259331,-0.0639824586426925,-0.0452721536470067,-0.0016020753297326,-0.0050885007531837,-0.0478362558142967,-0.0877759197192118,-0.0568420889414302,0.3693801055535059,0.1810352303515222,0.5530563623148699,0.0045329189356405,0.1774892667162772,0.1411040469194124,-0.1061809520817615,0.1832468132616645,0.2758615008159449,0.0002059036733362,0.0362643527756441,-0.0094855840684059,0.0752192573333263,0.059655623503138,-0.0633433696863041,0.0275948132472043,0
Zm00001d039216,1.0,III,0.681122,0.59,0.45738067877433,0.7579918973727027,0.0797,0.2037,0.3914,136578.0,243694.0,25.4098,-1.25,0.07,0.025,0.0,0.665,0.69,0.0,0.745,0.8400000000000001,0.0,0.3854,0.20545,1.0,1.0,1.0,1.0,587,0.7290000000000001,0.892,1.0,1.0,0.0,1.0,0.0,0.0,-0.0131492732615963,-0.0882813941154122,-0.0823551542486511,-0.0740894482209769,-0.0254871744669735,-0.0267152710751917,-0.1363062702510069,-0.1037141260299706,0.2125761435753373,0.0781752583228646,0.7379208428092285,0.1411859253198253,0.2678310046844036,0.1261463950303508,0.0076170201969161,0.3564102286740852,0.0809332579523129,-0.0051709407426246,0.0761220786136646,0.0419383663614781,0.1554287669926666,0.0075738386305093,-0.0340432711858619,0.1667284924658054,0
Zm00001d045597,1.0,III,0.459048,0.44,1.3457139670396705,0.46209544552742,0.0401,0.0751,0.5343,76352.0,3201.0,6.23758,1.15,0.1,0.015,0.0,0.6950000000000001,0.055,0.265,0.765,0.425,0.715,0.6747,0.16505,1.0,0.6633,1.0,1.0,1647,0.6819000000000002,0.1765,1.0,1.0,0.0,0.0,1.0,0.0,0.2215731331701093,0.5268539367902842,0.2919144693037551,0.053143130686126,0.3465802726327971,-0.0111480589783155,0.7617213692576222,0.174196305152264,0.1174252555028694,1.3755519324167291,0.2750143221588265,0.1024194363217077,0.503317078439484,-0.0342959073703499,1.7097809479396264,0.4288219415704922,0.0371836144613534,-0.0510651749022355,-0.0275145448513048,0.0301095093396104,0.1814429472005347,-0.0021395137481525,-0.0352887291535801,0.0833864970662885,0
Zm00001d045578,1.0,III,0.591623,0.59,7.107166930608757,0.177774568726498,0.0059,0.9517,0.0061,127.0,77659.0,137.069,1.44,0.035,0.0,0.0,0.005,0.0,0.0,0.04,0.175,0.0,0.5292,0.0,0.14085,0.0,0.6869000000000001,0.98,3527,0.0,0.0,0.0,0.0,0.0,0.0,1.0,0.0,0.4918301104554082,0.6226712458860483,0.1018652018691453,0.0778184947687697,0.2669487968508039,0.0023580164378161,0.3412187248593425,0.1381627802712282,0.2929371981882217,0.1599186627920433,1.474998098660145,0.3289667409400401,0.6708711544156525,0.0500911545749993,1.1095611436941928,0.4653276299663461,0.6309109283474321,0.077556336071719,0.0710879434007254,-0.051827412513957,0.0763577783109102,0.11905798574236,-0.0898746181314122,0.0554145155264455,0
Zm00001d045566,1.0,III,0.534894,0.62,3.3473082288231333,0.2538017960391875,0.0446,0.1776,0.2509,125.0,3638.0,19.6319,1.47,0.07500000000000001,0.0,0.005,0.16,0.005,0.005,0.20500000000000002,0.005,0.505,0.599,0.0,1.0,0.0625,1.0,0.025,0,0.0,0.0,0.0,0.0,1.0,0.0,0.0,0.0,0.4770162701673769,0.1815964915141265,0.6344910072529072,0.4608574833381177,0.866066369102897,0.0559288895347721,0.1101982257718885,0.8261414857836306,0.0522273688427405,0.6571000946206316,0.5772136007210686,0.1388461865702796,0.3931632298664848,-0.0080444649208872,1.1647158451711577,0.1591811809597638,0.5163518235006298,0.1555732292790144,0.4345650833756016,0.5059151460472164,0.7378228860911429,0.0793409256271896,-0.0475630013594384,0.5749734610552344,0
Zm00001d045560,1.0,III,0.695844,0.6,0.2612521091283176,0.9380562999828268,0.043,0.4794,0.0896,995.0,1708.0,37.8324,1.48,0.05,0.03,0.0,0.265,0.07,0.0,0.32,0.19,0.0,0.45625,0.31165,1.0,0.7222500000000001,1.0,0.9099999999999999,3233,0.38849999999999996,0.0605,1.0,1.0,0.0,0.0,1.0,0.0,0.3833454655885936,0.0119511231913753,0.0008111578269245,0.0915168831299923,0.1427511346437555,1.175271496551204,-0.071523850714368,0.0601429158018887,0.0939401988141068,0.1016351077775681,0.4267555651593301,0.0347032834460476,0.0465493909610117,0.6728377107769314,-0.0237293578312751,0.0481337158255269,0.2677520313646976,-0.0216605345087024,-0.0307785063082272,0.0004351782920798,0.0280855830648811,1.1597010296557928,-0.0879286295252491,-1.2795082407927872e-05,0
Zm00001d045559,1.0,III,0.540024,0.43,4.905882201153401,0.156426577884849,0.0259,0.2318,0.1119,11531.0,18050.0,21.1158,1.48,0.05,0.0,0.0,0.8200000000000001,0.005,0.0,0.9,0.06999999999999999,0.5900000000000001,0.6791499999999999,0.05,1.0,0.04165,1.0,0.45604999999999996,24699,0.079,0.0,1.0,0.0,0.0,0.0,1.0,0.0,0.8839744791285055,0.1024467816579619,-0.0044110774224625,0.059347379911678,0.1240851986627017,0.2074584688192605,-0.0818488624077982,0.0678965286023174,0.0635138955193419,0.6550980175632759,0.5984556053005908,0.3610527533984896,0.6208735697425939,-0.0373723751695082,1.001367258352913,0.5780083090801544,-0.0687005420429413,-0.0716671255438307,-0.0262580735537962,0.0071696461111704,-0.0031600313993389,-0.0291006409007133,-0.0711349946858693,-0.0443522828529457,0
Zm00001d045537,1.0,III,0.46804,0.5,2.2603412748398743,0.4332192016768936,0.065,0.0521,1.2471,275.0,48074.0,19.1723,1.47,0.005,0.04,0.0,0.08499999999999999,0.635,0.02,0.64,0.7949999999999999,0.56,0.1361,0.24605,0.7,1.0,1.0,1.0,840,0.163,0.0,1.0,0.0,1.0,0.0,0.0,0.0,0.2642796653862459,0.0334648654261713,0.287868818061214,0.0300245594900028,0.1570275515602686,0.0188663001669175,-0.0328839593592407,0.1750773558241314,0.3909637050211081,0.6365243580274006,0.3147908745003217,0.1116613893534704,0.4612401250644568,-0.0646139158145445,0.7589259000458839,0.3845506681406215,0.2026972878030065,0.451462090510973,0.8558019690871719,0.1767688044145038,0.4399274723518931,0.0045449892540655,0.8780826064518136,0.4520409812842736,0
Zm00001d045535,1.0,III,0.730823,0.62,0.7717499135213566,0.7685441423235307,0.0632,0.4151,0.1522,88.0,52770.0,11.5034,1.5,0.05500000000000001,0.02,0.0,0.775,0.6799999999999999,0.0,0.955,0.785,0.0,0.3333,0.2986,1.0,1.0,1.0,1.0,1134,0.7559999999999998,0.8945000000000001,1.0,1.0,0.0,0.0,1.0,0.0,-0.0626629828493631,-0.0440843551943515,-0.0454593629413064,-0.0244863352235036,-0.0512060937891194,-0.0187321736674295,-0.0745363390517349,-0.0361439130629397,0.0264326702053866,0.0240749223898947,0.5073214324857476,0.0145101552593661,0.0705335183763223,0.020376805601715,0.0112416834258305,0.1582094050628229,0.0101560365210875,-0.0296463124812646,0.0608994633559965,0.0218821189255369,0.0261223478051444,-0.015182676745789,-0.0309465583411891,0.0139411130811978,0
Zm00001d045533,1.0,III,0.672116,0.54,1.7179005423467495,0.541532848057409,0.0227,0.2835,0.0801,138937.0,882.0,28.2725,1.53,0.03,0.01,0.0,0.885,0.075,0.0,0.935,0.11,0.12000000000000001,0.2688,0.19999999999999998,1.0,0.5,1.0,0.5,0,0.16349999999999998,0.0785,1.0,1.0,1.0,0.0,0.0,0.0,-0.0216907518681263,0.055468177459014,-0.0056746382753594,-0.0086141417543874,-0.0252914455168701,-0.0201939823632548,0.0865846440738221,-0.0290784751262879,0.2578536944844297,0.3573597782690503,0.7794454213875536,0.1688684276437436,0.4726254640485843,0.0103459930252107,0.6647897274558914,0.3423480329499883,-0.0694803347958601,-0.0913939683691961,0.0075220929074152,-0.0177430858173898,-0.0224459813755382,-0.0444819670418059,-0.0887269118189071,-0.0404471009632628,0
Zm00001d045521,1.0,III,0.545894,0.41,0.0103076179640156,0.9828344947388444,0.1641,0.2594,0.6329,73249.0,54502.0,12.9347,1.72,0.05,0.01,0.005,0.37,0.655,0.0,0.69,0.72,0.0,0.32494999999999996,0.1441,1.0,1.0,1.0,1.0,2429,0.1195,0.5435,1.0,1.0,0.0,0.0,1.0,0.0,0.0830989058842269,-0.083641204417405,-0.0795444101388864,0.0018011979077648,0.0199709212389072,-0.0182913072040176,-0.1226085046615969,-0.0800582516443924,0.7459980716646454,0.1452743037022512,0.0809941016965568,0.1209312978394284,0.2543034668816918,0.2329218990572257,-0.0491698066896107,0.1155373959117278,0.2055475463295276,-0.0995905976893025,-0.1131481091023897,-0.0111102171149323,0.0822918625555449,-0.0150861643970538,-0.1368725120979924,-0.0858760370228792,0
Zm00001d045516,1.0,III,0.488402,0.747059,3.784245297206184,0.2332349790756375,0.0472,0.1625,0.2902,83.0,3777.0,150.004,1.74,0.045,0.0,0.01,0.7949999999999999,0.0,0.21500000000000002,0.88,0.0,0.74,0.2173,0.01515,1.0,0.01665,1.0,0.0,0,0.498,0.0,1.0,0.0,0.0,1.0,0.0,0.0,0.616406123257724,0.267369254811617,0.2923464584971492,0.0832301100152726,0.2995760872548729,0.0253724957929853,-0.0196352735193033,0.1829863825554633,0.0016603318570621,1.095950303913661,0.5431223672443827,0.129978167030658,0.2992847458626094,-0.0102155079007569,1.4940504978664135,0.1523015287361565,-0.0380255519734078,-0.0423285060519834,-0.0432165248058154,-0.0087287602821954,-0.0210804061597699,-0.0210823755290469,-0.072931378980018,-0.0060640540605127,0
Zm00001d045513,1.0,III,0.721362,0.62,1.968916473799786,0.6893293193107798,0.0419,0.4173,0.1004,158.0,419.0,36.4537,1.78,0.13,0.01,0.0,0.19,0.08,0.005,0.29000000000000004,0.145,0.0,0.69015,0.14445000000000002,0.94445,0.9047499999999999,1.0,1.0,4321,0.09100000000000001,0.0,1.0,0.0,0.0,0.0,1.0,0.0,0.3772067342299648,0.2436265492903128,-0.0135015135909413,0.084268298400227,0.3718100463128038,-0.0018081620372936,0.046087997362687,0.1347796348268351,0.2078523820457889,0.0358063170896205,0.8275210899390828,0.3408518007324136,0.5007781040878683,0.0271672546595468,0.0990520570258761,0.4564034882181391,0.3667508221018253,-0.0683665454551441,-0.0106604582145836,0.0072768453208527,0.1629425552297419,-0.0046640135200904,-0.0984682242766578,0.0119833166691475,0
Zm00001d045505,1.0,III,0.489583,0.51,3.008047374736661,0.416068285524321,0.0127,0.1097,0.1159,107.0,19616.0,6.23758,1.8,0.07,0.01,0.0,0.37,0.605,0.0,0.495,0.755,0.555,0.70845,0.07045,1.0,1.0,1.0,1.0,1491,0.14850000000000002,0.0,1.0,0.0,0.0,1.0,0.0,0.0,-0.0672982702695811,-0.0948764057741984,-0.0550156697902576,-0.0493967407968816,-0.0823527254900432,-0.0284813074953512,-0.1074289093374908,-0.0536735876569434,0.0965906102417288,0.7090866322573738,0.7249067590478466,0.2628364291625885,0.5545328124521639,-0.006144199221679,1.3463964662663124,0.5062682570605598,0.1531664503261293,-0.1544328161585151,-0.1164750873160975,-0.1086209571093999,0.0524323056572507,-0.1207820831704581,-0.1803052105709807,-0.0972545520332535,0
Zm00001d045499,1.0,III,0.72457,0.6,0.2650904771062632,0.8217903115889288,0.0517,0.3586,0.1441,43723.0,139346.0,17.2814,1.79,0.02,0.035,0.015,0.475,0.69,0.005,0.6499999999999999,0.875,0.0,0.27575,0.46145,1.0,1.0,1.0,1.0,226,0.42,0.8785,1.0,1.0,0.0,0.0,1.0,0.0,0.0615377046457987,0.0238382062847845,-0.0124579906199811,0.0166018355744199,0.0307629555072127,0.0200142447921073,-0.0422472579083869,-0.0088322718571925,0.5743449104981813,0.1194583815461103,0.2978244937987348,0.0728812951676812,0.1595624275512299,0.2622578768242428,-0.0623962493698135,0.1144427341004663,0.1552161349258852,-0.0503487520733162,-0.0278530858519723,-0.0193125347563447,0.0439672350985856,0.1019311366049281,-0.0596068758061453,-0.0214364002373968,0
Zm00001d045491,1.0,III,0.468927,0.68,3.5797846598266374,0.4237997960281596,0.0124,0.1194,0.1041,6013.0,102372.0,11.5034,1.75,0.005,0.035,0.0,0.005,0.22,0.025,0.55,0.365,0.42,0.1018,0.45785,0.05,1.0,1.0,1.0,10868,0.0,0.306,0.0,1.0,0.0,0.0,1.0,0.0,0.390194953557934,0.0390053106747985,-0.0489501012698028,-0.0098869747633613,0.0464173861685517,0.0265464833512335,-0.0535333672341746,0.0053484046128369,0.7603737819297101,0.8097272615905213,0.266551473248683,0.0956538413835973,0.3262286163206072,0.0497928343902355,0.5895475867597912,0.3351271579281384,0.4496956066136159,0.3069106477500634,-0.0253689190715035,0.0810806703529821,0.2993556279613392,0.0369162203330414,0.1374599853200348,0.1849120214160589,0
Zm00001d045487,1.0,III,0.517241,0.54,4.075878276682304,0.3127031109341655,0.0803,0.1779,0.4516,8.0,692.0,18.6601,1.72,0.01,0.035,0.0,0.175,0.735,0.005,0.89,0.94,0.05,0.09885,0.3333,0.89735,1.0,1.0,1.0,0,0.22149999999999997,0.6265,1.0,1.0,0.0,0.0,1.0,0.0,-0.0813613290266121,0.0378571187313283,-0.072727966135582,-0.0437430398066511,-0.0717166430199224,-0.033460167486371,-0.0103537833763853,-0.0592994924853415,0.3764906875254948,0.159546017231716,0.9991438455435304,0.2616249932679361,0.7547223108138351,0.0303034686404611,0.8310735240251793,0.7682804706008941,-0.0141683320743263,0.2903759353724674,0.8349533713829727,0.3228336795496322,0.6331346645288637,0.0050264515960325,0.8545723906919775,0.6557825366248243,0
Zm00001d045483,1.0,III,0.503006,0.55,3.365895696137972,0.2103578628160876,0.0213,0.1353,0.1573,25583.0,371.0,14.3661,1.64,0.025,0.015,0.015,0.725,0.15000000000000002,0.08,0.925,0.5549999999999999,0.605,0.14055,0.16954999999999998,1.0,0.7917,1.0,1.0,82,0.5940000000000001,0.0,1.0,0.0,1.0,0.0,0.0,0.0,0.0191328328110763,0.092278746723851,0.6983007180138403,0.2472526247309484,0.5231854558732805,-0.0126788590021882,0.7302940198880264,0.2980968982602405,0.0084553801961545,0.8792781832458392,0.3327257870087607,0.0706623551118755,0.3720807248420574,-0.0212639238910263,1.2264507063485743,0.2005670236776934,-0.0380534210169036,-0.0776598629851937,-0.0407914863131464,-0.0325523355760148,0.0126181188482512,-0.0601600341927562,-0.0830144616265901,0.0062926555683555,0
Zm00001d045482,1.0,III,0.452948,0.65,5.665938647461456,0.1935727526189606,0.0061,0.1783,0.034,62.0,234.0,62.2705,1.64,0.035,0.12,0.005,0.07,0.23,0.055,0.29,0.31,0.665,0.75,0.7112,0.8691,1.0,1.0,0.9815,1377,0.0695,0.26649999999999996,1.0,1.0,0.0,1.0,0.0,0.0,0.3223014092283612,-0.0726764255085438,-0.1187301503582007,0.1128973465131796,0.4370768637402901,-0.018642568993321,-0.0969524598032791,0.1892435185978384,-0.0989360758911644,0.8950975727198941,0.3801752215142208,0.2115784936059992,0.5193336981240756,-0.0682712669837981,1.4725033490415578,0.1203201218984821,0.1707685115637292,0.1549818081463052,-0.0227766377880264,0.0159290742244809,0.2503381015604397,-0.0244091417488934,0.090899252077301,0.0857120686437402,0
Zm00001d045463,1.0,III,0.679562,0.56,0.7350233520017718,0.85017181368878,0.0602,0.3515,0.1712,4.0,454.0,43.0982,1.22,0.02,0.07500000000000001,0.095,0.765,0.39,0.375,0.64,0.5549999999999999,0.44,0.19445,0.69125,1.0,1.0,1.0,1.0,845,0.43200000000000005,0.3055,1.0,1.0,0.0,1.0,0.0,0.0,0.186870257911034,-0.0988371284279651,-0.0888873975750233,0.0323870435060393,0.1757312580526736,0.3870944747883902,-0.1141375367449093,0.023066606298193,0.4193825377906131,0.0113083344233528,0.3401980686632776,0.2183788418856271,0.327128254877687,0.8513959969137727,-0.108128083801316,0.2987018233657488,0.0274676474772634,-0.0003886112697263,0.0063470958424284,0.0025079413817767,0.0298833851373413,0.1473324757461778,-0.0289315351583043,0.0413616384128331,0
Zm00001d045456,1.0,III,0.660586,0.476471,0.717167557074447,0.8803995416915391,0.093,0.2413,0.3855,323234.0,46396.0,21.0632,1.18,0.02,0.055,0.0,0.605,0.32499999999999996,0.0,0.72,0.66,0.015,0.18985000000000002,0.37870000000000004,1.0,0.96875,1.0,1.0,654,0.1955,0.662,1.0,1.0,0.0,1.0,0.0,0.0,0.0639760602564796,-0.0740891966328807,-0.0926370901027897,-0.0419300066685988,0.0358402593930207,-0.0438793078451855,-0.1150756828599003,-0.0679034841149776,0.4227675453193781,0.1400065267912524,0.3738177159717427,0.0582415985347013,0.1459917613575325,0.2682948276469346,-0.0753675333481958,0.1504592885649285,0.1420648346111629,-0.0689249667462479,-0.0562739856298603,-0.018974711362534,-0.0041911041161937,0.0088388779396031,-0.1074549451563343,-0.0634551523277568,0
Zm00001d045454,1.0,III,0.680492,0.41,0.5909336440137583,0.9039027777819816,0.0783,0.3872,0.2021,157996.0,211666.0,21.0632,1.17,0.025,0.02,0.005,0.605,0.6799999999999999,0.0,0.79,0.86,0.0,0.20675,0.2234,1.0,1.0,1.0,1.0,673,0.6940000000000001,0.056499999999999995,1.0,1.0,0.0,0.0,1.0,0.0,-0.0195466154869523,-0.1181531209645502,-0.0716445480637294,-0.058458911379768,-0.0437256763143371,-0.0590523647543755,-0.1343892731952564,-0.0713723120657409,0.2848229483982938,0.1006482075928366,0.5554936326304626,0.034865999068782,0.1859770663070631,0.0994471672005917,-0.0494662317651121,0.1684687461281233,0.0425849758358927,-0.0324610296532564,-0.0152857713934659,0.0057247667573753,0.0336404398469687,-0.0081546251723514,-0.0637116998309837,-0.0200549238017191,0
Zm00001d045425,1.0,III,0.456082,0.66,3.0695580259029107,0.2688345306475717,0.0192,0.115,0.1668,118.0,28005.0,33.0788,1.16,0.12,0.07500000000000001,0.01,0.425,0.765,0.24,0.585,0.8049999999999999,0.7150000000000001,0.70835,0.42500000000000004,1.0,1.0,1.0,1.0,0,0.4725,0.318,1.0,1.0,0.0,1.0,0.0,0.0,-0.0380076672815558,-0.0391797634955071,-0.0475138504182965,-0.0305971303442915,-0.0501756621433162,-0.0304772075691867,-0.0691175874940713,-0.0376458113804884,-0.1371461607169034,1.3597138534457092,0.3229809128344562,0.0166557493431684,0.1507126103250457,-0.0974615310327635,1.676873581699701,-0.0056958472934237,0.0286644135660599,-0.1066549057631255,-0.0464775292896752,-0.0502337469356376,0.0631959926309689,-0.0307332429489544,-0.0893322554272485,0.0444954343854606,0
Zm00001d045414,1.0,III,0.710188,0.41,0.0036410201814363,0.9667957841317816,0.0746,0.6251,0.1194,254386.0,30171.0,27.813,1.07,0.01,0.02,0.16,0.825,0.245,0.565,0.94,0.415,0.7150000000000001,0.12495,0.182,1.0,0.84555,1.0,1.0,49,0.1585,0.165,1.0,1.0,0.0,1.0,0.0,0.0,0.3225595043723737,-0.044022708729721,0.0135100658771399,-0.0257922952704745,0.0987852288932452,0.1391925855274224,-0.1301437386223959,0.067109722728382,0.0615784218401212,-0.0091577841620878,0.0849105466397241,0.0515579157949367,0.1391545019127723,0.012475178869628,-0.0406253944643037,0.167862097767187,-0.0554638454689232,-0.0540771995501955,-0.0702301224033001,0.0040775591607931,-0.0404293121988061,0.0149074511890752,-0.091033806538416,-0.0301123156200837,0
Zm00001d045404,1.0,III,0.683333,0.59,1.7224231612119183,0.3929824721502468,0.0411,0.3345,0.1227,434.0,3435.0,20.6036,1.03,0.0,0.0,0.0,0.0,0.0,0.0,0.38,0.745,0.0,0.04685,0.0393,0.0278,0.1,1.0,1.0,0,0.0385,0.0,0.77,0.0,1.0,0.0,0.0,0.0,-0.0972771574106761,0.6645608156986482,0.043688905154043,-0.037981521508406,0.112223543774166,-0.0916584961745827,0.9581358954687932,-0.0532973075375857,0.2461659741493082,0.099450379793761,0.3862805776565211,0.1925171982901667,0.4065688025469348,0.0038087309134176,0.2151724461735638,0.2359820418741736,0.3438106043980428,0.2401743975335705,0.1175353912789413,0.1264683343469873,0.4084339562675786,0.0374740605324562,0.1158101059096595,0.2176629819924687,0
Zm00001d045403,1.0,III,0.512097,0.49,5.223962428854453,0.1785164699488728,0.0178,0.1542,0.1155,36.0,2065.0,5.2658,1.03,0.025,0.005,0.0,0.44,0.0,0.0,0.65,0.01,0.685,0.46725000000000005,0.025,1.0,0.0,1.0,0.15510000000000002,0,0.6265,0.0,1.0,0.0,1.0,0.0,0.0,0.0,0.3877219544256015,0.3930522732841721,0.062407444834896,0.141080425889771,0.4158164361237075,0.0349460318929408,0.2070604396929802,0.1921393388535872,-0.0018239272142464,0.6459304612008008,0.5269202856918477,0.216044781359297,0.4825107745784628,-0.0539407672922394,1.2167717896286256,0.3215397415644315,-0.02726828612408,-0.0366739964153456,-0.0415558256720143,0.0273363178827116,-0.0020084641425024,-0.0009865661222817,-0.0663450772611217,0.0095739816055462,0
Zm00001d045384,1.0,III,0.463696,0.44,1.5067705757258782,0.5748062618981721,0.0343,0.1273,0.2697,372.0,776.0,11.9629,1.06,0.0,0.08499999999999999,0.01,0.01,0.195,0.02,0.58,0.73,0.48,0.0156,0.8572,0.21665,0.96665,1.0,1.0,77,0.0,0.19089999999999993,0.0,1.0,0.0,1.0,0.0,0.0,0.0365160536236122,0.314872415025612,-0.0336822051651809,0.012262917479538,0.1220705441990858,-0.0282017613291016,0.3544384885535378,-0.0242680496985088,0.4307995061596371,0.6455070441895456,0.5131806955537666,0.2093685886808365,0.51413262938824,-0.0023626561099852,1.0184991755311503,0.3821490634374603,0.1805103943557106,0.4123626730156158,0.8514623006122019,0.3158059999778232,0.8020738238867257,0.0391136981776446,0.9894581558788392,0.8681665202812816,0
Zm00001d045387,1.0,III,0.528736,0.51,3.532931263523924,0.3238766153947172,0.0313,0.2598,0.1205,48.0,817.0,76.2296,1.05,0.035,0.01,0.0,0.6799999999999999,0.575,0.0,0.74,0.755,0.645,0.3841,0.15065,1.0,1.0,1.0,1.0,825,0.6689999999999999,0.0,1.0,0.0,0.0,0.0,1.0,0.0,0.0911901044571265,-0.050225753548033,-0.0362591864661874,-0.0168555145092362,0.0329733159791358,0.0216810408950672,-0.0878997791066537,0.0297467022196324,0.0736901759583697,0.5438505668546745,1.019676356568484,0.4862513071672263,0.9422449071622416,-0.0016776328981973,1.0938948910706392,0.5028730907007245,0.0565715112602513,-0.0404544858628837,0.0074765727408287,0.0269795209268123,0.1181004461498588,0.0224305738597966,-0.0306605939580568,0.0577621496625829,0
Zm00001d045372,1.0,III,0.57672,0.62,2.633833849032144,0.5204249700541741,0.0376,0.1476,0.2546,64.0,238538.0,24.8977,1.1,0.02,0.015,0.005,0.76,0.1,0.02,0.9199999999999999,0.175,0.44999999999999996,0.20834999999999998,0.3238,1.0,0.9375,1.0,1.0,1564,0.56,0.0677,1.0,1.0,0.0,0.0,1.0,0.0,0.3136772196261127,0.6599030893298109,0.3692238711274322,0.1041175029335598,0.1941340280935333,0.0294831642479541,1.0407288929725231,0.0314821261422187,0.1184552362243097,0.6575800188504923,0.2230632162935884,0.1241183792604155,0.3574893041488765,-0.0196009251325699,0.6675813075412212,0.166647773406983,-0.0327713834829573,-0.0599850178352022,-0.0497512954568582,-0.0187880150494214,-0.0196185719100558,0.0134414038020325,-0.0884571843699238,-0.0493902586993932,0
Zm00001d045353,1.0,III,0.46338,0.49,0.8688672907214054,0.4509697079525036,0.0735,0.1036,0.7099,127874.0,1344.0,7.20936,1.26,0.08,0.0,0.015,0.805,0.01,0.54,0.88,0.035,0.775,0.74585,0.02245,1.0,0.07145,1.0,0.66045,0,0.6259999999999998,0.11500000000000002,1.0,1.0,0.0,0.0,1.0,0.0,0.7177171938831519,0.2464458410791089,1.5628523270931125,0.0482373702114796,0.1775487588103186,-0.0286020809925966,0.4843852041310053,0.1073506315926983,0.099060503668408,1.6945083968410075,0.3587416251523965,0.0913842776335077,0.1114781087020732,-0.0641673504496271,1.8531606934914775,0.1201859699400469,-0.0789301485131491,-0.083984072344782,-0.0267700405402772,-0.0601426391626259,0.0161933839893629,-0.0591069478486375,-0.1031957796332186,-0.0064286176287356,0
Zm00001d045352,1.0,III,0.470691,0.5,6.839945381052323,0.2196541734698915,0.0339,0.2158,0.1569,140907.0,2294.0,6.23758,1.31,0.025,0.03,0.005,0.765,0.26,0.005,0.875,0.42000000000000004,0.7450000000000001,0.1389,0.3611,1.0,1.0,1.0,1.0,1076,0.485,0.1765,1.0,1.0,0.0,0.0,1.0,0.0,0.0906575864901618,0.0084864479237969,-0.0655462386810214,-0.0407310129173518,0.0783975556832253,-0.0287336625551683,-0.0479832004710826,-0.0434336411388769,0.1620592679798685,0.7585421983142552,0.6474116892371079,0.0777119020004273,0.2136939092382196,-0.0453868866564935,1.3927632046070948,0.1036379712331867,-0.0016600471655451,-0.0275011882344821,0.0813088866939375,-0.0087042659645835,0.0347504140644403,0.0004105086114363,0.021647038743118,0.0040872431416555,0
Zm00001d045334,1.0,III,0.672176,0.49,0.939936750895451,0.6590679331646097,0.1195,0.1856,0.644,62706.0,59788.0,43.0982,1.37,0.0,0.01,0.01,0.44499999999999995,0.02,0.75,0.6799999999999999,0.585,0.795,0.061149999999999996,0.16775,1.0,0.27775,1.0,1.0,0,0.0995,0.0843,1.0,1.0,0.0,0.0,1.0,0.0,-0.0601214056170829,0.7708940027607967,0.0045249513141556,-0.044356778530463,0.0533586694675588,-0.070069076368243,0.98109973122227,-0.0341596404096466,0.0554997660873793,-0.0250913738315128,0.0159195652711473,-0.0101116043386528,0.0794275718805537,-0.0318305050708359,-0.106692910484202,0.1191195205551148,0.0161764412094686,-0.0392331565958515,-0.0511161150648653,-0.0380042360572437,0.0029025073227595,-0.0224136113787236,-0.0775180663005146,-0.0180956166565196,0
Zm00001d045336,1.0,III,0.526316,0.605882,5.075541088598452,0.2080166582085139,0.0268,0.1769,0.1514,45410.0,78160.0,43.0982,1.37,0.030000000000000002,0.03,0.0,0.765,0.19,0.06,0.915,0.36,0.6950000000000001,0.28445,0.34145000000000003,1.0,0.93125,1.0,1.0,2697,0.6435999999999997,0.0,1.0,0.0,0.0,0.0,1.0,0.0,0.183318072048525,0.21026182768188,0.0092653593718113,0.0169516657972251,0.2088132843663782,-0.0236334300887422,-0.0179934305528159,0.1224974896720597,-0.0053573312875162,0.9366999157589576,0.4139046747550733,0.0933528851704108,0.295484009976165,-0.0312234070955404,1.2261943879277868,0.1410761669672943,-0.0093883228927517,-0.1048365059176811,-0.0747756348415384,-0.0187513792563033,0.0330413399548209,-0.0060630617500981,-0.1102108223954837,-0.0180039026974659,0
Zm00001d045339,1.0,III,0.469907,0.41,4.6332608747024535,0.3236081851889281,0.0095,0.1772,0.0538,19347.0,361.0,43.0982,1.34,0.04,0.0,0.0,0.33499999999999996,0.0,0.0,0.575,0.0,0.45499999999999996,0.3437,0.0,0.95835,0.0,1.0,0.0,744,0.45049999999999996,0.0,1.0,0.0,0.0,0.0,1.0,0.0,0.7323577760033907,0.1606228708460198,0.1936303740752359,0.0570699534106172,0.215331451961576,0.0561219693607657,-0.0657746102371031,0.1442495768636413,0.1400990255017255,0.5088848194138439,0.3666839735524507,0.2221413475650516,0.5701643293769424,-0.0576755036574731,0.7666218312358417,0.5405342271773936,0.0761712970390332,-0.0080329843723504,0.0010488770443097,0.0404816293476616,0.135750379931491,-0.0522380284733892,-0.0375485993866645,0.0845264895958206,0
Zm00001d045326,1.0,III,0.500307,0.670588,3.1205193538843545,0.3582397627197789,0.013,0.1275,0.1016,93.0,692.0,16.2569,1.4,0.08,0.0,0.01,0.75,0.0,0.025,0.89,0.0,0.5700000000000001,0.8452,0.03335,1.0,0.0128,1.0,0.0,145,0.6125,0.106,1.0,1.0,1.0,0.0,0.0,0.0,0.4577273467228442,0.2273369320174968,0.5993537638478722,0.2234699096694185,0.51113529981948,0.0089198642086301,0.1203344788213929,0.5034246456273611,0.3288426172578106,0.7555622417784604,0.3400129697246047,0.0474498450746298,0.2730692196981238,-0.0295030628585575,0.7779623683560075,0.1646511258569663,-0.090354061330371,-0.1176713490539014,-0.1068613689447999,-0.0480967363347855,-0.0643943418443575,-0.0593629595001352,-0.1351686971597223,-0.0522965152442807,0
Zm00001d045323,1.0,III,0.518519,0.52,7.658558135103108,0.1614221034700839,0.0258,0.0957,0.2694,3260.0,13450.0,30.6757,1.46,0.03,0.1,0.05,0.585,0.29000000000000004,0.175,0.745,0.44999999999999996,0.5,0.35,0.875,1.0,1.0,1.0,1.0,0,0.0635,0.01225,1.0,0.65,0.0,1.0,0.0,0.0,0.3085552049159538,0.0418511874895376,-0.0448657980986882,-0.04813246322186,0.2089274691140567,-0.019815238601453,-0.0887599064093072,0.0936106057962875,0.0094060223794469,1.0049783451697951,0.689471465983581,0.2087314640155736,0.5167368949762297,-0.0001963946491867,1.4963943729378726,0.3337747029063078,-0.0280506402846221,-0.0701001429009972,-0.0356483981337916,-0.023883162576619,0.0401673981704924,-0.0298237079732757,-0.0417752701109618,-0.0430789820043151,0
Zm00001d045316,1.0,III,0.516975,0.74,1.364619623303516,0.5973598177009235,0.029,0.1223,0.2373,2549.0,3591.0,10.5316,1.52,0.05500000000000001,0.0,0.01,0.245,0.005,0.27,0.395,0.38,0.745,0.5014000000000001,0.03065,1.0,0.1548,1.0,1.0,0,0.14800000000000002,0.0,1.0,0.0,1.0,0.0,0.0,0.0,-0.0659325838284531,0.3586463706658544,0.0021449205135624,0.0064708056379852,0.145667889540051,-0.0074141619823702,0.5350681975571319,-0.01834371046431,0.0332021142284657,1.1996488084086072,0.2165865635942624,0.0879232209160457,0.3090566825913118,-0.0839724283354828,1.4912729856636318,0.207996193450933,0.4117591319543539,-0.0750694933249402,-0.0193558559594872,-0.018097526167453,0.1239478968094167,0.0038793759410584,-0.0796140928867621,0.0209580406456612,0
Zm00001d045310,1.0,III,0.499582,0.48,4.42236451632182,0.2160994853950631,0.0182,0.1328,0.1374,99616.0,6079.0,63.7018,1.51,0.07,0.0,0.0,0.76,0.0,0.03,0.895,0.0,0.48,0.4558,0.0119,1.0,0.05555,1.0,0.05835,0,0.4669999999999998,0.0,1.0,0.0,1.0,0.0,0.0,0.0,0.5867283495617357,0.3196849406541046,0.5000124777560089,0.1642416756887774,0.4470316062688078,0.0191048925506041,0.1345865325318877,0.4719930507976587,-0.0590667337024493,0.8129521731262649,0.4597964073460701,0.0780987637928377,0.3156226748945567,-0.0153760089461343,1.3245855324476818,0.126171272251629,0.0215424195333434,-0.0147707584213539,-0.0073170899613448,-0.0010578219581739,0.0642147273334338,-0.00270092587496,-0.025130911758372,0.0322348605548146,0
Zm00001d045309,1.0,III,0.550794,0.59,3.0521025234691472,0.3624666095058447,0.0518,0.1613,0.3209,130.0,98594.0,12.0156,1.44,0.065,0.045,0.0,0.565,0.26,0.005,0.69,0.42,0.73,0.4187,0.425,1.0,0.9167000000000001,1.0,1.0,545,0.5069999999999999,0.6655,1.0,1.0,1.0,0.0,0.0,0.0,0.1167584189708155,0.0535532284707443,0.0194676213191864,0.0459229130602653,0.0924659159699746,0.0087725431479431,0.0074453377531791,0.0565160311519607,0.1692299655873415,0.629674246044636,0.5460958428458593,0.1973411405278476,0.4681047927618375,-0.0168777148530056,1.014744299954755,0.3049991443209371,0.0004990135924206,-0.0695899747226892,-0.0213174488502295,0.0071758217071828,0.0765226109917364,-0.0189876276864532,-0.068769645229202,0.0267162253042911,0
Zm00001d045302,1.0,III,0.647754,0.58,2.9987348935044054,0.6778727761053654,0.0162,0.8037,0.0202,87.0,314.0,10.5316,1.37,0.0,0.04,0.24,0.0,0.625,0.11,0.01,0.7949999999999999,0.345,0.08055000000000001,0.3333,0.03275,1.0,0.23955,1.0,489,0.0,0.6437,0.0,1.0,1.0,0.0,0.0,0.0,0.1109271852927372,-0.0272376128755733,-0.0073042404364841,0.0099984367920076,0.034356452117675,-0.0368383604763836,-0.0839484287402219,0.0113879275324775,0.5094941051883797,0.1945628260663384,0.6478145718432138,0.132653682184241,0.2489160083691885,0.1166669408063769,-0.0845291336109367,0.2725279452830004,0.863199053827573,0.2405500678455399,0.0129553725871843,0.0884193806973414,0.2332401682212596,0.0260313506464218,-0.0886894286451427,0.1330708084769979,0
Zm00001d045297,1.0,III,0.577173,0.49,1.042360963568832,0.2926621019782621,0.0236,0.1452,0.1625,2452.0,1147.0,13.4469,1.26,0.04,0.0,0.01,0.5249999999999999,0.0,0.05,0.605,0.0,0.69,0.28615,0.01665,1.0,0.0,1.0,0.0,1862,0.23165000000000002,0.0,1.0,0.0,1.0,0.0,0.0,0.0,0.3439063206749752,0.0546273570730852,0.3996214825396252,0.1797065155162043,0.2510302759135885,0.4384543280745124,-0.0556992758002094,0.2360812889781539,0.0293568262785023,0.9766147863965832,0.1928321802947222,0.0431638995379929,0.2906129195949516,-0.0595423008153573,1.2178109365689105,0.0624516953526173,0.037287529598567,-0.0996749209729473,-0.0624628660450946,-0.041482126895108,-0.0173817763630097,-0.0371584859833096,-0.098912494554017,-0.0492672598094605,0
Zm00001d045283,1.0,III,0.723762,0.45,0.1127939769463193,0.9222717664497524,0.103,0.3664,0.2811,200692.0,226722.0,7.66892,1.24,0.08499999999999999,0.08,0.04,0.10500000000000001,0.32499999999999996,0.33999999999999997,0.27,0.365,0.39,0.5151,0.66665,1.0,1.0,1.0,1.0,6502,0.0,0.2280000000000001,0.0,1.0,0.0,0.0,1.0,0.0,0.1492410613069618,-0.023878336522133,-0.0323176803570841,0.0788419967569988,0.2542888012051204,-0.0295039670963027,-0.0816912189362958,0.1683234423642834,0.3416143950301231,-0.045874833028215,0.0559615854268062,-0.0024171727569848,0.0983379778918752,0.1621392569316563,-0.0890279175811715,0.0232015898171906,0.7223674282910625,0.1935454362066171,0.2006841409924106,0.1320242658512631,0.2516607867270498,0.327717287756794,-0.0670183693943634,0.1629022766658441,0
Zm00001d045294,1.0,III,0.473156,0.52,4.084573450733067,0.1874170917103334,0.1,0.1554,0.6433,350836.0,73072.0,28.7321,1.25,0.045,0.045,0.0,0.65,0.87,0.015,0.77,0.8600000000000001,0.81,0.34015,0.44615000000000005,1.0,1.0,1.0,1.0,0,0.3324999999999998,0.785,1.0,1.0,0.0,1.0,0.0,0.0,-0.0345988502981415,-0.0391874358906833,-0.0482234490262577,-0.0024288979724425,-0.0334879758297342,-0.0253530390244455,-0.044623717132579,-0.0065842372376749,0.1041624628816497,0.8584665872720516,0.3071984951976693,0.0733378459118928,0.3285450444755463,-0.0389054184182555,1.1970338256961546,0.1385651991329646,-0.00730395380514,-0.0431871014860761,0.000236927237785,-0.0113309185203469,0.030058329976817,-0.0118481077149897,-0.0372019916656006,0.0201049345193246,0
Zm00001d045231,1.0,III,0.492625,0.53,0.851037805823223,0.8753542243352507,0.0225,0.0524,0.4297,224534.0,14715.0,27.7603,1.88,0.045,0.035,0.0,0.62,0.535,0.015,0.775,0.725,0.16999999999999998,0.58445,0.29665,1.0,1.0,1.0,1.0,5554,0.40700000000000003,0.644,1.0,1.0,0.0,0.0,1.0,0.0,-0.0769778988719883,-0.0951548946429806,-0.0716230605321996,-0.0594796706979583,-0.1022711005070317,0.3545629367546662,-0.11346960220901,-0.0633934345643353,0.5997023138053643,-0.1136501842966463,-0.0497834594697164,-0.0521521036653579,0.0039043880956966,1.5019234824161312,-0.2279120687839577,-0.0583213857750994,0.152749033718404,-0.0557402472462949,-0.0374957809022421,-0.0283484053742883,0.0068452406122967,0.8041620520019178,-0.1317482184854821,-0.0588864657304997,0
Zm00001d045220,1.0,III,0.690909,0.69,3.4158919230465368,0.5844544688381167,0.0441,0.4087,0.1079,128.0,11711.0,13.3943,2.16,0.225,0.095,0.0,0.385,0.16,0.0,0.5349999999999999,0.39,0.0,0.8571500000000001,0.38885000000000003,1.0,0.61205,1.0,0.9762,3042,0.324,0.0,1.0,0.0,0.0,1.0,0.0,0.0,0.3562299801216791,0.1234119422536573,0.1750545814534644,0.003290903862022,0.0612610384673214,0.0387875611358261,-0.0375121689069571,0.0250281646808314,0.3558454231169308,0.1323521762820637,0.6405298627244382,0.1566746229761135,0.3352734554939945,0.0036320120800705,0.2280977960864666,0.3408720893393892,0.3161104981247991,-0.0269278300054825,0.0131008233257946,0.1192950735595946,0.3415365118811033,0.0372149423151776,-0.0641571897535534,0.2320720630375062,0
Zm00001d045213,1.0,III,0.493333,0.52,3.182303962921118,0.2841565812660722,0.0271,0.2663,0.1019,92.0,818.0,13.3943,2.08,0.07,0.01,0.0,0.33,0.5549999999999999,0.02,0.41000000000000003,0.69,0.63,0.40775,0.05555,1.0,1.0,1.0,1.0,0,0.22649999999999998,0.6644999999999999,1.0,1.0,0.0,1.0,0.0,0.0,-0.0698697772699812,-0.0750093155457123,-0.0584279707630268,-0.0540138079306997,-0.0796389406857935,-0.0139381157151386,-0.0982998587300567,-0.0778021039627918,0.292953238250026,0.8984043650101837,0.3040687052521444,0.0497784977574664,0.2072023115067301,-0.033060368234815,1.2982670470488835,0.1418634584441319,0.1389266068176008,-0.0970392611442363,-0.0432034559586735,-0.0693804348397399,0.0460064783309144,-0.0309858536835776,-0.0884119299201601,0.0146310442864824,0
Zm00001d045206,1.0,III,0.654444,0.71,5.344971154433647,0.414992974748435,0.0268,1.4381,0.0186,2922.0,119.0,32.0544,2.13,0.0,0.030000000000000002,0.0,0.0,0.645,0.0,0.745,0.5549999999999999,0.3,0.00895,0.27775,0.0625,1.0,1.0,1.0,946,0.0,0.5045000000000001,0.0,1.0,0.0,0.0,1.0,0.0,0.08645442731534,-0.0595807252858604,-0.0541309498694502,-0.0012387413421758,0.0844191363142509,-0.0103250130338422,-0.0716072945117898,-0.0009056347117349,0.2550345820657361,0.3905600302189517,0.2113430889404474,0.3841629830088265,0.7210628330202049,0.0368856554468583,0.2266708096484751,0.4917606919195293,0.042451309966005,0.8255276722736135,0.3844852355630722,0.1646021470171114,0.3261853033388093,0.0053533746537903,1.2233042485130896,0.1398812253208863,0
Zm00001d045202,1.0,III,0.574468,0.65,2.740055318729586,0.3785400911954573,0.0649,0.4242,0.1529,709.0,135842.0,8.12848,2.27,0.065,0.005,0.0,0.51,0.0,0.005,0.63,0.005,0.0,0.51115,0.11665,1.0,0.07915,1.0,0.1667,480,0.49800000000000005,0.07,1.0,1.0,1.0,0.0,0.0,0.0,0.8946196024351062,0.3387620337273401,0.2107468600689316,0.0159628207543568,0.2268044923352438,-0.0217071143869674,-0.0932779463006498,0.1762392509966992,0.7337988954954636,0.3154742431517667,0.5316637924578786,0.288944119748078,0.5420489628457157,0.0315359091153384,0.1187819793160307,0.3957968602571907,0.1063169669086357,-0.0649441118357659,-0.0252296951264315,0.0375214054670422,0.1324463645938185,-0.0245647069822964,-0.1067054758090609,0.0766567836477091,0
Zm00001d045199,1.0,III,0.445854,0.58,5.632692860121185,0.1626952297494614,0.0027,0.1614,0.0167,63935.0,65328.0,11.5034,2.35,0.034999999999999996,0.005,0.0,0.825,0.19,0.005,0.87,0.54,0.77,0.33285,0.11395,1.0,0.9722500000000001,1.0,1.0,573,0.24900000000000005,0.0,1.0,0.0,1.0,0.0,0.0,0.0,0.0749350133276431,0.0207324372280644,-0.030288093304194,0.0052960631628292,0.0285200515776921,0.0006573022692797,-0.0215161922541552,0.0184803832202819,-0.1114559155296072,1.132042695976931,0.2499923363617902,0.0042854729906865,0.1904659756151259,-0.0586473728672064,1.678802061128469,-0.0249278274175617,0.02261241184113,-0.03014686414143,-0.0030088675537842,0.0303471384740421,0.051557783264719,0.006884726601367,-0.0297068007992029,0.0024266565055431,0
Zm00001d045195,1.0,III,0.459677,0.56,3.4996506873203503,0.2568368935211607,0.0197,0.131,0.1506,82.0,38342.0,11.5034,2.46,0.03,0.045,0.005,0.78,0.41500000000000004,0.025,0.8,0.5549999999999999,0.795,0.20385,0.33785,1.0,1.0,1.0,1.0,0,0.7986999999999997,0.539,1.0,1.0,0.0,1.0,0.0,0.0,0.1368612452032995,-0.0262840037224376,-0.0590717361886037,0.0105610937835925,0.1397946659294639,-0.0233164715950465,-0.0449413848108459,0.0157136057253209,-0.1366338276562596,1.0932984059019015,0.3090166628581061,0.0149928589359663,0.2024731626612995,-0.1180213646783732,1.6958617232365325,0.0967388170207812,-0.0449891219863149,-0.0850268816311669,0.0090787755021071,0.0109565713119282,0.020523598116044,-0.069811322028881,-0.0681221040971082,0.0549608147124195,0
Zm00001d045192,1.0,III,0.46732,0.570588,4.821743257892367,0.4734864775732151,0.0076,0.1729,0.0439,235.0,11465.0,73.3143,2.56,0.035,0.05,0.0,0.715,0.635,0.0,0.815,0.74,0.32999999999999996,0.41385,0.371,1.0,1.0,1.0,1.0,0,0.23099999999999998,0.12550000000000003,1.0,1.0,1.0,0.0,0.0,0.0,0.0017373903514999,0.0012613415330982,-0.0103153777118094,0.0075929550533697,-0.0038645659560646,0.0120749296250281,-0.0142092469405592,-0.0028092292532138,0.8552141706975032,0.4527124672311081,0.872193207603661,0.0632963197653196,0.2460240966740294,0.3441525272664617,0.634367072826367,0.2084388241013977,0.1091506114685056,-0.0337124920446478,0.0449362056094576,-0.0081821207409035,0.1468173034535632,0.0615895770365096,-0.0833522459867666,0.0705672766504519,0
Zm00001d045124,1.0,III,0.530698,0.56,0.8676168391626174,0.8004028306998088,0.0545,0.1311,0.4153,3014.0,7120.0,80.471,4.11,0.12000000000000001,0.055,0.015,0.62,0.765,0.04,0.71,0.9,0.62,0.59845,0.5327500000000001,1.0,1.0,1.0,1.0,561,0.366,0.853,1.0,1.0,0.0,1.0,0.0,0.0,0.0616088586314582,-0.0114514985343885,-0.0414383243585935,-0.0050726992099713,0.0109118224735271,-0.0168776045637266,-0.0406841992669827,-0.0018370463263226,0.926539094842486,0.6519610463515642,0.4323642736331424,0.0559373988759437,0.2563948557985565,-0.0144525223226179,0.1214030589964439,0.2522657612433905,0.137360930307011,-0.0714507955664987,-0.0203874932071024,-0.0227227272953573,0.0146888752165649,-0.0212483842277753,-0.0822340798448209,0.0086625305647433,0
Zm00001d045121,1.0,III,0.589744,0.511765,6.003991003185269,0.2441337082774736,0.0,0.894,0.0,48.0,157.0,7.66892,4.3,0.125,0.055,0.0,0.185,0.35,0.0,0.21,0.525,0.0,0.7975000000000001,0.4011,1.0,1.0,0.9333499999999999,1.0,3279,0.16849999999999998,0.3524999999999999,1.0,1.0,1.0,0.0,0.0,0.0,0.3623567207129679,0.0831173356259456,0.255006592084291,0.0270828707716119,0.1132920488741862,0.0621967794097748,-0.074895683804272,0.0188460468825597,0.3122827602318993,0.0063822731814962,1.7002905298343225,0.4709715245257107,0.9243596304273062,0.0388697842934021,0.970774999303782,0.8313412785907655,0.4403561370092966,-0.0696684436228664,0.0358854950301393,0.1056700601798704,0.2700282405374167,0.0471799723782347,-0.0242935414582871,0.092898471724862,0
Zm00001d045112,1.0,III,0.533333,0.66,2.088909311749879,0.3796189923090206,0.046,0.2466,0.1865,224.0,11957.0,24.4381,4.57,0.03,0.01,0.005,0.585,0.755,0.015,0.675,0.825,0.12,0.24995,0.10005,1.0,1.0,1.0,1.0,0,0.6730000000000004,0.0,1.0,0.0,1.0,0.0,0.0,0.0,0.1208265076160234,0.0200270859598,-0.047045392066597,0.0125153756822965,0.0440211973352296,-0.0017155567222341,-0.0714465284399658,0.0097552185446694,0.8897850768177552,0.5611637678398507,0.7095988661538988,0.267086869424365,0.6196146288483341,0.0091401556541124,0.2163835602637686,0.6064157771865847,0.0153457338961101,-0.0409486482012399,-0.0314625263634899,-0.0211975041418319,-0.0023345163233874,-0.0148992156309176,-0.0510619298664801,-0.0238865465738495,0
Zm00001d014382,1.0,III,0.43795,0.33,2.878651968206405,0.3389248346762274,0.0348,0.1339,0.2599,151554.0,1461.0,11.9629,0.44,0.035,0.045,0.015,0.695,0.4,0.05,0.905,0.5349999999999999,0.28500000000000003,0.23985,0.3242,1.0,1.0,1.0,1.0,2121,0.4981999999999999,0.17965,1.0,1.0,0.0,0.0,1.0,0.0,0.1436064915025261,0.0647589105174622,0.4620773090199545,0.3140314933449357,0.603492450627874,-0.0282860451252018,0.1703961080215957,0.5855363124860502,0.0651609923445637,0.6673560629726489,0.3052238981036975,0.0903170202180285,0.3533685328890881,-0.0849030065459558,1.0768817329864535,0.2732854028219065,-0.0853411689009869,-0.1022970206917921,-0.0623187729384723,-0.0491574905988227,-0.0548795291565232,-0.0696471275939154,-0.1002491808136059,-0.0512874286466697,0
Zm00001d014381,1.0,III,0.617886,0.51,0.7673790095120948,0.7807860022078017,0.0476,0.2494,0.1907,1.0,157071.0,11.9629,0.44,0.055,0.005,0.0,0.655,0.05,0.0,0.77,0.195,0.0,0.3408,0.19125,1.0,0.7139,1.0,1.0,659,0.7625,0.1675,1.0,1.0,0.0,0.0,1.0,0.0,0.0211218161278729,0.6874836151571011,0.034725143489185,0.0299106702483634,0.1806385644348497,-0.0421350563834867,1.0084239853840793,0.1080725951424274,0.2067185156352415,0.0233685164489328,1.1627278474130724,0.6263587114537005,1.1028573929937695,-0.0420772826118985,0.2422192371587109,1.4848135723699851,0.0288139349593604,-0.0140716835785464,0.0084415064305686,0.0372004462383966,0.0921430864820523,0.0286346314658339,-0.0148668947533195,0.0748452140064154,0
Zm00001d014378,1.0,III,0.548622,0.370588,2.675056448534076,0.2110916471488144,0.0118,0.1392,0.0846,40011.0,553.0,33.0261,0.44,0.11,0.025,0.0,0.845,0.8200000000000001,0.045,0.9450000000000001,0.875,0.735,0.6579999999999999,0.42895,1.0,1.0,1.0,1.0,0,0.9422999999999998,0.8697,1.0,1.0,0.0,0.0,0.0,1.0,-0.0632982364719355,-0.0756949695729313,-0.0817764093059657,-0.0404702860908634,-0.0176679673978151,-0.0522126394529502,-0.0918179653308701,-0.0571634451454757,-0.0856442149422906,1.2899672972023368,0.2311919952171117,0.102510095651511,0.4665361581370475,-0.1318098461002932,1.62345838818644,0.1631426743589337,-0.0236714810469367,-0.0397936543752062,0.0528826236279524,0.0603300786979193,0.061556784199971,0.0014062741003419,-0.0264955302715474,0.0220449636430386,0
Zm00001d014377,1.0,III,0.513798,0.635294,3.7142852546952008,0.4370415604238792,0.0174,0.1845,0.0943,68.0,528.0,23.9785,0.45,0.08,0.045,0.0,0.165,0.6200000000000001,0.030000000000000002,0.24,0.73,0.375,0.45835,0.5344,0.5,1.0,0.5,1.0,539,0.0,0.8875,0.0,1.0,0.0,0.0,1.0,0.0,-0.0464700541870666,-0.0457800624708377,-0.037726539806002,0.0045288194582196,-0.0310385160637317,0.0041263482106078,-0.0746631239028463,-0.0324413905770975,0.0847206422654355,0.5396327072379455,1.0853485456420005,0.8192982090159623,1.2091661394197266,0.0498199454457276,1.1985109232230902,0.8077706203656925,0.4263447433059705,-0.0675558161817533,-0.0281342940100462,0.2479911070176113,0.4865248078211728,0.0920756959294826,-0.0900239363373558,0.3541041766403216,0
Zm00001d014364,1.0,III,0.669148,0.54,0.0082667130873392,1.0,0.0767,0.3142,0.2442,87954.0,97054.0,10.072,0.56,0.025,0.01,0.0,0.685,0.625,0.0,0.8700000000000001,0.715,0.0,0.26385000000000003,0.09115000000000001,1.0,1.0,1.0,1.0,1329,0.428,0.2769,1.0,1.0,0.0,0.0,1.0,0.0,-0.0452009792455503,-0.0447783874157282,-0.0781970185854995,0.0054942897926569,-0.0561915876578805,-0.0046880691186301,-0.0803098171747532,-0.0220627138926562,0.4376182797889395,0.1460657878267862,0.555608931534657,0.0041497342627104,0.1382968944115611,0.6103184261865421,-0.1043816715055781,0.0442685402287513,0.0994999382105877,-0.0006046349480908,-0.0065769667680619,-0.0015110689523977,0.0523088042022492,0.1113565171350122,-0.076618465496259,-0.0004346664423825,0
Zm00001d014360,1.0,III,0.489971,0.476471,2.127383882562213,0.319403974459816,0.0246,0.1339,0.1836,43811.0,111739.0,6.23758,0.6,0.015,0.035,0.0,0.705,0.545,0.0,0.835,0.75,0.59,0.10735,0.39045,1.0,1.0,1.0,1.0,0,0.29900000000000004,0.7585,1.0,1.0,1.0,0.0,0.0,0.0,-0.0603919514660548,-0.0505117793417597,-0.0533807712667707,-0.0522045575521189,-0.0506189839409069,-0.0113936806216599,-0.0654819832961055,-0.0381383698779612,0.0615118286665113,0.7637025524785581,0.3763862347554968,0.1082126551673007,0.3792791615811864,-0.0349754122498869,1.0216512033761105,0.3233995520633084,-0.0402764237265993,-0.0839028416473987,-0.0407671091814256,-0.0361998872173057,-0.0115007891230581,-0.0359081372409946,-0.0801977527203173,-0.0090108200661709,0
Zm00001d014358,1.0,III,0.542553,0.435294,3.0079120297806354,0.2558158220675754,0.0396,0.1148,0.3448,57.0,171358.0,6.23758,0.6,0.035,0.035,0.005,0.8049999999999999,0.5800000000000001,0.025,0.9,0.75,0.78,0.6225499999999999,0.41725,1.0,1.0,1.0,1.0,118,0.0,0.38550000000000006,0.0,1.0,1.0,0.0,0.0,0.0,0.0036296439850456,-0.0114849397746276,0.0121678741594815,0.0104430610738576,0.1056866412812959,0.020080402178644,-0.0314638848313931,0.0236238014880094,-0.0598294380220656,0.8858043152059123,0.3366228824604368,0.1103963788274215,0.3361667222719308,-0.0407311881835905,1.2156799477836129,0.1987360582000332,-0.0720960464214762,-0.1329841852517188,-0.0851713110792105,-0.0992764906036968,-0.059590980261084,-0.0591621885995681,-0.1264631459188869,-0.0703166068365948,0
Zm00001d014462,1.0,III,0.513458,0.42,2.4930854578476125,0.3901665419650526,0.0784,0.2431,0.3224,158038.0,150011.0,9.10026,0.29,0.035,0.0,0.0,0.8400000000000001,0.005,0.0,0.9,0.005,0.08,0.43625,0.0,1.0,0.0357,1.0,0.03125,2836,0.6240000000000001,0.0,1.0,0.0,0.0,0.0,1.0,0.0,0.2544224537427381,0.0169785882002026,0.0487902604882593,0.1351135579954432,0.3315542282128173,0.017775827880253,-0.0644786945199531,0.2614255331386686,0.2690889368980296,0.344188111077314,0.6963295348873542,0.4485745160064258,0.807055909015453,-0.0370093892798992,0.9515637936546512,0.5067831690410907,-0.0109636460733749,0.0061977825055811,0.0896477996374301,0.1100039201577367,0.1592165047102246,0.0200888424920669,0.0149611431317483,0.1688312073247744,0
Zm00001d014468,1.0,III,0.452639,0.69,0.6047968378300723,0.6859013681680723,0.0464,0.1499,0.3096,91920.0,49848.0,18.2005,0.28,0.015,0.015,0.0,0.8200000000000001,0.27,0.0,0.97,0.74,0.0,0.10830000000000001,0.1111,1.0,0.80355,1.0,1.0,0,0.39,0.34199999999999997,1.0,1.0,0.0,0.0,1.0,0.0,0.0,0.0,0.0,0.0,0.0,0.0,0.0,0.0,0.0287887284131363,0.0320588887512963,0.0746468270278496,0.0193632370568753,0.0672021018339928,-0.0020163606225674,0.0445968725051052,0.0347869158775216,0.0020592207562611,0.0,0.0,0.0014440008948749,0.0,0.0049852251321072,0.0,0.0018892383559211,0
Zm00001d014472,1.0,III,0.463171,0.43,3.6380919184489713,0.1888592438220284,0.1139,0.1409,0.8086,113007.0,124319.0,11.9629,0.28,0.025,0.015,0.02,0.775,0.365,0.33,0.925,0.6,0.815,0.3333,0.0974,1.0,1.0,1.0,1.0,0,0.3345000000000001,0.2168,1.0,1.0,0.0,1.0,0.0,0.0,-0.0753659896036921,0.1624937209663828,-0.0293608369383845,-0.0374649296739901,0.0349300035661841,-0.0525716049698197,0.052327700336622,-0.0208641662939267,-0.1892535948882586,0.5726861511791381,0.241337941708204,0.0794388902620615,0.1575049108009616,-0.1571708692447095,0.9574566224141876,0.1005416880266891,-0.0803629422673141,-0.0651179950486523,-0.0750232731767885,-0.0486469809740035,-0.0839357446694197,-0.059360307212507,-0.1050411032723089,-0.0450677731561285,0
Zm00001d014513,1.0,III,0.605714,0.241176,2.844102863022714,0.4141920508580948,0.0829,0.0642,1.2921,196390.0,264379.0,7.66892,0.33,0.015,0.025,0.0,0.67,0.7050000000000001,0.0,0.865,0.87,0.0,0.1472,0.3333,1.0,1.0,1.0,1.0,877,0.0,0.07950000000000002,0.0,1.0,0.0,0.0,1.0,0.0,-0.0742890277318708,-0.0572862614500904,-0.0602238944230704,-0.0263881552352944,-0.0736572661648212,0.0021280101642787,-0.091258440951328,-0.0528353289185714,0.520251631737026,0.2632076653829364,0.3336527830902345,0.2962502304147156,0.656364007093537,0.0340701504829215,-0.0273761225998054,0.4423650118117776,-0.030144508298264,-0.0299969214724247,0.0222355679951101,-0.0061360337130493,0.0131893447041457,-0.0054248430244175,-0.0791779939324383,-0.0243833290235903,0
Zm00001d014550,1.0,III,0.446828,0.45,1.7953061745676662,0.3686136954700772,0.0073,0.12,0.061,38.0,4006.0,7.66892,0.5,0.035,0.01,0.0,0.795,0.5449999999999999,0.005,0.855,0.705,0.665,0.3256,0.0739,1.0,1.0,1.0,1.0,1182,0.9380499999999999,0.201,1.0,1.0,1.0,0.0,0.0,0.0,-0.0373202673261269,-0.0644277540838031,-0.0042318932944755,-0.0223739491161824,-0.0605807883995907,-0.0123369546239678,-0.0693720897625169,-0.0670276660565536,0.1762430301411031,0.6016449331693173,0.369654720853738,0.0836948897158655,0.3023270890468484,-0.0871873052839109,0.9252963829736162,0.2644807251675945,-0.0714235162260813,-0.1272744446258918,-0.05562897013682,-0.0566746908876617,-0.0880298818342128,-0.0254817165076638,-0.1343957278254807,-0.0640734874309308,0
Zm00001d014525,1.0,III,0.631447,0.65,4.316820943943056,0.3317726733228748,0.0174,0.2221,0.0782,37.0,189463.0,30.6757,0.39,0.055,0.065,0.015,0.135,0.855,0.035,0.3,0.925,0.595,0.7236,0.5093,0.8583000000000001,1.0,1.0,1.0,0,0.0,0.8394999999999999,0.0,1.0,0.0,0.0,1.0,0.0,-0.0102857676064334,-0.0124328319555784,-0.0257896579776507,2.9376553796867967e-05,-0.0188597920450453,0.0105327408171239,-0.0366402836288808,-0.0333991455139282,0.0091545137296144,0.6440730774314452,0.6130265518974352,0.3011561964862186,0.5061751952614009,0.0363082338589367,0.8126288459007954,0.3570208457323129,0.109600688225284,0.0308042506586202,-0.0739279933500797,0.0558455354101528,0.2312079784549264,-0.0317306372883546,0.0067278946127274,-0.0067492376670525,0
Zm00001d014557,1.0,III,0.444444,0.46,0.740613947983801,0.5326670673245363,0.0329,0.1011,0.3258,629.0,3318.0,11.5034,0.51,0.0,0.17,0.0,0.07,0.33499999999999996,0.0,0.165,0.595,0.765,0.026,0.77715,0.79285,1.0,1.0,1.0,6844,0.0,0.063,0.0,1.0,0.0,0.0,1.0,0.0,0.3074265337390766,0.2829089555399708,0.4725632656560879,0.3156804327055232,0.7594553409645657,0.0257942254291267,0.4640968389101275,0.7203800673285308,0.2877533447936294,0.8797415054852233,0.1976999911711578,0.2317979015628795,0.6553936697963877,-0.0018553909532002,0.968473286829876,0.3976090118324843,0.3960192778438519,0.0408393998608104,-0.0401176100917148,0.0632073580014284,0.3923909974023242,0.0072215120440772,-0.0594638773303806,0.1625134320637714,0
Zm00001d014553,1.0,III,0.430935,0.61,1.2496749250799497,0.5074280627651495,0.0476,0.1101,0.4322,420.0,3619.0,7.66892,0.51,0.065,0.05,0.015,0.69,0.08,0.05,0.825,0.33499999999999996,0.295,0.34075,0.4213,1.0,0.7917000000000001,1.0,0.9821500000000001,0,0.63095,0.0044,1.0,0.37,1.0,0.0,0.0,0.0,0.2057809725732332,-0.0419008179578912,0.0421118662120618,0.0142349095186148,0.1084628533125691,0.025397463322532,-0.0719085611926209,0.1318306123725195,0.4364066597643736,0.5516134018380507,0.6426249710440693,0.2075705632725276,0.5497388903423996,-0.0310789563051046,0.7198114600092766,0.4911535238945529,0.0516859356562327,-0.0428093030817469,-0.0317426391528333,-0.0109288515195295,0.1267931490223454,-0.0434593695626203,-0.0839519365896437,-0.0354535017820347,0
Zm00001d014584,1.0,III,0.488536,0.658824,1.1559097560544749,0.6116963997480205,0.0998,0.1547,0.6452,119.0,4665.0,18.2005,0.57,0.0,0.02,0.01,0.0,0.03,0.215,0.54,0.215,0.675,0.03385,0.22385,0.025,0.2583,1.0,1.0,167,0.0,0.06849999999999999,0.0,1.0,0.0,1.0,0.0,0.0,0.6393654993835399,0.1801032608408724,-0.032236823712296,-0.0125777247977422,0.1305564235615148,-0.002183207577338,-0.0544087513788321,0.0163733953693346,0.8319803686693025,1.0717613797459726,0.2328904328255845,-0.0638724803589746,0.1223507704394072,0.0218613303853136,0.6051027916464753,0.1572040088502712,0.1197048661331318,0.4277817919168655,0.9893900089337062,0.3492979379233337,0.575340696056484,-0.003310475533315,1.2360411680259715,0.428749892703993,0
Zm00001d014587,1.0,III,0.457023,0.57,2.6421646617814867,0.2997157682867249,0.0144,0.1708,0.0843,6804.0,228822.0,18.2005,0.57,0.095,0.02,0.0,0.225,0.5800000000000001,0.0,0.20500000000000002,0.76,0.38,0.83335,0.19995000000000002,1.0,1.0,1.0,1.0,1213,0.32150000000000006,0.29,1.0,1.0,0.0,1.0,0.0,0.0,-0.0521337289821672,-0.0605705139985208,-0.0589288240956709,-0.006046376382676,-0.0713101469878735,-0.0371366375263283,-0.09285146584291,-0.0110261619689462,0.140916335817058,0.4355979024626482,0.443734272967608,0.1004756862597449,0.3504180408796166,-0.0466417475853355,0.7830516489875505,0.1779730756203407,0.2367811343581476,-0.0902843996036776,-0.0469981010499668,-0.0596419005375806,0.0544812521160064,-0.0015215867228444,-0.1042854841691636,-0.0580187999938212,0
Zm00001d014594,1.0,III,0.521193,0.45,3.5135410181494118,0.2147086294178026,0.0175,0.1481,0.1185,98364.0,130013.0,10.9912,0.58,0.1,0.095,0.0,0.855,0.275,0.11499999999999999,0.925,0.47,0.795,0.96875,0.6369499999999999,1.0,1.0,1.0,1.0,0,0.8279000000000006,0.0745,1.0,1.0,0.0,0.0,1.0,0.0,0.0955805904355013,0.0175367433726542,-0.0906348070596537,-0.0573772045114307,0.0800655424352712,-0.0364616762641497,-0.0756586869032411,-0.0173441828004631,-0.1056119091260599,0.9636659185459674,0.2425951497329641,0.10788093830257,0.2095512708790234,-0.0249333238887871,1.22326033361359,0.1212430507812835,-0.0474973030039753,-0.1132934528628647,-0.0208427933948275,-0.0312634326058118,0.0400161086066015,-0.0351913113497796,-0.0959060052947946,0.0333935874141532,0
Zm00001d014597,1.0,III,0.444921,0.43,0.5001548200946498,0.5037512380049217,0.0752,0.0899,0.837,2154.0,114.0,12.4752,0.58,0.065,0.045,0.005,0.135,0.74,0.01,0.21000000000000002,0.855,0.7350000000000001,0.6759,0.35235,0.9167000000000001,1.0,1.0,1.0,2820,0.15550000000000003,0.8375,1.0,1.0,0.0,0.0,1.0,0.0,-0.006229344631956,-0.0339978900528009,-8.958788516468668e-06,-0.0102906543814852,-0.0359072509090121,0.0017343109461528,-0.0374966415112404,-0.0130581129818079,0.4171080578340057,0.7756872844853034,0.2115629407646715,0.0818123800441139,0.2661195499661002,-0.007131231072154,0.9052040061141788,0.2028176925177383,0.607241022641413,0.0516200077381278,-0.0767140238325153,-0.0610914450664565,0.152829481176838,-0.0580472436527613,-0.1186482814724497,0.0753296391835434,0
Zm00001d014600,1.0,III,0.69808,0.55,2.092362394230242,0.7969370813267109,0.0108,0.211,0.051,285372.0,99298.0,44.07,0.58,0.02,0.045000000000000005,0.0,0.6,0.735,0.0,0.8400000000000001,0.885,0.0,0.20829999999999999,0.5,0.95835,1.0,1.0,1.0,36,0.317,0.9895,1.0,1.0,0.0,0.0,1.0,0.0,-0.0063694934016005,-0.0035873853326635,0.0105848438394077,0.0076476965129168,0.0044119983149967,-0.0010451085280412,-0.0094539901069324,0.0011537061611123,0.1920374448575308,0.0146565946387656,0.9146487328130488,0.1986137045354412,0.3494691022273548,0.0588315197299299,0.099085229677322,0.4231593423883993,0.0680474715791817,-0.001907121034176,0.0207899368212871,0.0220551569458825,0.0682691580548506,0.0302137214900669,-0.0408545051903074,0.0212513500725245,0
Zm00001d009030,0.0,III,0.647321,0.39,0.233270240431082,0.828261758073776,0.0635,0.1397,0.4545,96684.0,89586.0,15.7974,0.2,0.03,0.055,0.0,0.595,0.52,0.0,0.77,0.64,0.0,0.4,0.26895,1.0,1.0,1.0,1.0,0,0.31850000000000006,0.0,1.0,0.0,1.0,0.0,0.0,0.0,0.1526662987092497,-0.0760967135733139,-0.0678123644495668,-0.0092114145734331,0.0996059620951281,0.1130352892015595,-0.082508117305408,-0.0058750391565918,0.4899201193404464,0.2112954231583831,0.6300521448076138,0.0773018835008322,0.1865341299563442,0.5631377931340695,-0.0500825089607498,0.0832580586271561,0.0760373071168922,-0.0956260497576604,-0.0933761259592354,-0.0567849247659166,-0.0184307360037964,0.2340126059728864,-0.1383353656140176,-0.0335077411717122,1
Zm00001d009028,0.0,III,0.538588,0.66,3.5010709766626564,0.6875274461931865,0.0494,0.1428,0.3457,83.0,2750.0,13.3943,0.22,0.01,0.0,0.0,0.56,0.01,0.0,0.72,0.07,0.005,0.1274,0.05555,1.0,0.20829999999999999,1.0,0.6214,3248,0.0,0.0,0.0,0.0,0.0,0.0,1.0,0.0,0.1488881309535257,0.3186882034021726,0.5025433520949213,0.1760895828950659,0.5433451207214912,-0.0223680645388563,0.8074732282846444,0.2728455950172239,0.2989659185420344,0.2719405543963009,0.668249843502509,0.0572032642779849,0.2952037228515531,-0.0138648861046782,0.7183170002183499,0.0891539621667609,-0.0058554589925024,-0.0941534769137625,-0.0672809468863024,-0.0494067896570784,-0.0249295280885452,-0.0129190742165715,-0.1020469700994674,-0.0067863988300877,1
Zm00001d009027,0.0,III,0.510386,0.54,2.954326563435116,0.328879976813603,0.0313,0.2116,0.1479,1.0,2763.0,19.6319,0.22,0.015,0.0,0.0,0.75,0.0,0.0,0.895,0.01,0.025,0.2516,0.0,1.0,0.0,1.0,0.17145,497,0.0126,0.0,0.66,0.0,0.0,0.0,1.0,0.0,0.0052667685853994,-0.0765034461483507,0.1508942374180804,-0.0507929124515802,0.0484781930813047,-0.0348510886963382,-0.0031090117065567,0.0575114353342015,0.1678288723707015,0.2393142480708281,0.784552527815696,0.2287932363071709,0.661867914465372,-0.0354138638380107,0.8352581964250817,0.4917000504276322,0.0272416395734467,-0.0226101124702105,0.0203511861609926,0.0514346591302823,0.0816966176040258,0.0550932552726032,-0.0301924874472841,0.0450629195166062,1
Zm00001d009023,0.0,III,0.656291,0.54,4.94347389221275,0.1550034696954729,0.0178,0.2911,0.0613,478.0,100947.0,41.7195,0.25,0.02,0.02,0.0,0.835,0.005,0.005,0.925,0.275,0.43,0.33335000000000004,0.23735,1.0,0.03125,1.0,0.95415,4546,0.5860000000000002,0.0,1.0,0.0,0.0,0.0,1.0,0.0,0.251576902614227,0.0505542675580725,0.0698442592742717,-0.0155267704408915,0.0385652197210304,-0.0474035199887436,-0.1089156987704775,-0.0497924990321834,0.0311382836568071,0.3428444619229477,0.680193136618775,0.2564646336959342,0.514360463135709,0.0312822906313034,0.8516906020540684,0.4813188112551367,-0.086214559438951,0.7129375905404907,0.1272217140875166,0.0322245266706467,-0.0374030836951541,-0.0656653173636989,0.9277084220007042,-0.0664110692367616,1
Zm00001d009016,0.0,III,0.540892,0.54,2.3598657797324285,0.4616032452767785,0.1415,0.2338,0.6052,62039.0,6699.0,12.4752,0.35,0.045,0.015,0.0,0.645,0.035,0.025,0.785,0.15000000000000002,0.53,0.35225,0.6146,1.0,0.6416999999999999,1.0,1.0,0,0.38550000000000006,0.11424999999999998,1.0,1.0,0.0,0.0,1.0,0.0,-0.0316576679360589,0.6643329671548508,0.032378903236113,0.0364431398680537,0.1673665658917116,-0.0242304606538874,0.8972292862956575,-0.03135198031384,0.0493676009365724,0.7032269959835376,0.4409731632188188,0.0774808582089193,0.1920330664413785,-0.0206238341836164,1.0748973158570263,0.1223804242697584,-0.0112646086164563,-0.0991369749626547,-0.0705591771695827,-0.0642211793855458,0.0156603446800929,-0.0709091780164575,-0.101826596712862,-0.0202195684783917,1
Zm00001d009013,0.0,III,0.544118,0.63,2.1678059474647537,0.3243659744471596,0.033,0.1841,0.1793,1304.0,1098.0,29.7566,0.37,0.03,0.0,0.0,0.08499999999999999,0.22499999999999998,0.015,0.16499999999999998,0.36,0.885,0.37545,0.051199999999999996,0.85555,0.8375,0.97915,1.0,1445,0.0275,0.0,0.55,0.0,0.0,0.0,1.0,0.0,0.2384972058490876,0.1680893930860935,0.0389106042648256,0.0728419248200983,0.2123396697951864,0.0364820571080062,0.087419522128462,0.1279805273949236,0.1595738590151643,0.6769725371707904,0.1493887669697894,0.1361430098797383,0.2078583727647251,0.0414036084521124,0.6381127226352327,0.1340623518086758,0.2224731627439714,0.0391831049113429,0.679443197105177,0.2096874208957395,0.5596117752708396,0.0421642278014986,0.3309363767349488,0.5872783963600392,1
Zm00001d009010,0.0,III,0.588034,0.52,1.772879630009264,0.7097763188367032,0.0598,0.1136,0.5268,592.0,168337.0,24.9504,0.38,0.05,0.04,0.0,0.11499999999999999,0.405,0.0,0.31,0.635,0.0,0.58335,0.2974,0.8889,1.0,1.0,1.0,0,0.4045,0.5825,1.0,1.0,1.0,0.0,0.0,0.0,0.165120818297072,-0.0083065935791628,-0.0419727612790089,0.005933361329384,0.0291969869963741,0.0639958231149029,-0.0665106666487409,-0.0040757499008705,0.9066211886519664,0.3097652821198359,0.3362206548051798,0.0786457393869729,0.2104748579452394,0.4903540338813283,-0.0734661756605864,0.1786394419103844,0.2913181704677233,0.1053028189328896,0.0625247806639246,-0.0009816549037437,0.0718605333697093,-0.0153880895592811,0.0095218621241859,-0.0075441420612426,1
Zm00001d009009,0.0,III,0.465587,0.39,0.0222666995600409,0.8569484166656436,0.0648,0.1526,0.4245,113941.0,54248.0,13.9065,0.42,0.02,0.01,0.01,0.79,0.7150000000000001,0.8300000000000001,0.895,0.915,0.89,0.32220000000000004,0.09165000000000001,1.0,1.0,1.0,1.0,0,0.9772000000000004,0.60335,1.0,1.0,0.0,1.0,0.0,0.0,-0.0284811322422415,-0.0428370370818033,-0.0465564422527773,0.0263814237130115,-0.0365249787721117,0.0154160634561134,-0.0674294997648042,-0.02755536488198,-0.0396414487957903,-0.0710570563495923,-0.0424121931406229,-0.0018537884751007,-0.0566152120613795,-0.010299184056384,-0.0891020858424611,-0.0308155542932877,-0.0042523292549714,-0.0206124822705906,-0.0278061566896964,0.0060352925014917,-0.0088416564496113,-0.0058304273387529,-0.0331144943464674,-0.0160218987129192,1
Zm00001d009007,0.0,III,0.482385,0.51,1.3283839839457543,0.4333913499124278,0.0804,0.1209,0.6645,259062.0,148409.0,13.9065,0.48,0.025,0.02,0.015,0.7749999999999999,0.775,0.41500000000000004,0.815,0.92,0.495,0.2569,0.12055,1.0,1.0,1.0,1.0,0,0.5,0.835,1.0,1.0,1.0,0.0,0.0,0.0,-0.0818921416487041,-0.1227749062330622,-0.0699375692241935,-0.0341178461324734,-0.0973224007591611,-0.0818559202563194,-0.1164253286631614,-0.0752511754078999,0.3093744356069244,0.3998666351659588,0.1700467339527741,0.0653783153948996,0.2418360914047916,-0.027583504094277,0.1426419693770202,0.217866786545568,0.1592083797721321,-0.026286145375553,0.0207265869069863,-0.0075427821107256,0.135259694749988,-0.0188532951554943,-0.067522492174981,0.1075300051702683,1
Zm00001d009005,0.0,III,0.457184,0.52,2.6984427487543634,0.2278737826388392,0.0368,0.1188,0.3098,187849.0,218240.0,10.072,0.51,0.030000000000000002,0.055,0.0,0.685,0.605,0.03,0.8,0.745,0.49,0.22765000000000002,0.44085,1.0,1.0,1.0,1.0,0,0.322,0.8025,1.0,1.0,0.0,0.0,1.0,0.0,-0.0565810931195723,-0.0520242465280349,-0.0476362353434726,-0.0378514637194561,-0.0514657014313214,-0.0349059845508327,-0.0647321042597243,-0.0346332166975388,-0.0158214829095502,0.9132898568571374,0.3732526970259232,0.1279697417557649,0.3621032688257936,-0.0224943946450007,1.15080647445172,0.2376876099906007,0.0763120257983397,-0.0145710656259706,0.0149240963298362,0.0628439201072504,0.1790757222584842,0.0230858403552229,-0.0510841551540076,0.1033808954857788,1
Zm00001d008997,0.0,III,0.502825,0.66,3.537863364789773,0.3250373430086945,0.0407,0.1283,0.3173,110.0,165526.0,28.7848,0.67,0.005,0.015,0.01,0.08499999999999999,0.78,0.21,0.7849999999999999,0.865,0.725,0.17425,0.13885,0.63335,1.0,1.0,1.0,0,0.035,0.0,0.7,0.0,0.0,1.0,0.0,0.0,-0.0257046224658647,-0.0065799910419421,-0.0160772616001932,0.0123727077232166,-0.0311848504561376,0.0242164750637622,-0.0501700720321762,-0.0105096456668352,-0.1163268655086365,1.110386749869008,0.3219263876711622,0.0806045086667675,0.2144894015409831,-0.0231818901274999,1.4185252516987146,0.1397677402976876,0.2006545656127074,0.2976595506110885,0.9081724096738306,0.2772983029528693,0.5562134270575521,-0.0017178045500458,0.908003842973892,0.6449750409339575,1
Zm00001d008996,0.0,III,0.53129,0.61,3.71039773354487,0.2897364301273578,0.0138,0.217,0.0636,36.0,124542.0,28.7848,0.68,0.0,0.05,0.005,0.005,0.39,0.07,0.73,0.51,0.5249999999999999,0.03295,0.5912999999999999,0.1719,1.0,1.0,1.0,1025,0.0,0.33699999999999997,0.0,1.0,1.0,0.0,0.0,0.0,0.1396746770402071,-0.0575036370770194,-0.1226302565409315,-0.0180799590575824,0.1149577525461862,-0.0408290110429306,-0.0675018366836645,-0.0393774122338087,0.1833931257912495,0.5676332641769869,0.543245801639647,0.2232704306906517,0.5004388776313626,-0.0354930738923848,1.0419625762121698,0.4024278951192702,-0.0313070150161599,0.2318085707483976,0.6292682803366294,0.2313832231831549,0.4630804321991575,-0.0169492526617795,0.5864193701367113,0.5525772438940094,1
Zm00001d008983,0.0,III,0.470681,0.647059,1.4448659758463902,0.8317091301754955,0.0257,0.137,0.1877,827.0,384775.0,29.1917,0.93,0.0,0.0,0.0,0.005,0.01,0.05,0.7949999999999999,0.195,0.575,0.0138,0.01665,0.03335,0.17915,1.0,1.0,6940,0.0,0.056999999999999995,0.0,1.0,0.0,0.0,1.0,0.0,0.1318797222796239,0.4059496805344455,0.1523460524369271,0.0376490262439316,0.1270351520989002,-0.0081601974918888,0.5992692156423722,-0.0098493558924723,0.864137289850088,0.7687879061026144,0.3047868578319057,0.0403705273946616,0.2478590369592292,-0.0071591299870399,0.5214252448860568,0.2245635662943887,0.2015332892519687,0.086774010084781,0.5329552906495308,0.2024405663293871,0.5066742683713064,0.0656142818812013,0.3010550646208422,0.6905015567187442,1
Zm00001d008982,0.0,III,0.55,0.59,4.497686094877881,0.3128105260268837,0.0298,0.1279,0.2329,381539.0,7791.0,29.1917,0.94,0.07500000000000001,0.0,0.0,0.76,0.025,0.0,0.865,0.28,0.25,0.6735,0.02745,1.0,0.5,1.0,0.96425,3704,0.5730000000000001,0.07949999999999997,1.0,1.0,0.0,0.0,1.0,0.0,0.3425548453591159,0.6060728160759762,0.0533059860645397,-0.0394206862186448,0.0799804881007855,-0.0311577790616347,0.5168241118295207,0.0511685550616226,0.2975103217911613,0.4628654848637022,0.9838318768175924,0.2265791251107755,0.4961384794691962,0.0151073637764401,1.057755489307992,0.4336269757532039,-0.0737339186547002,-0.072700327260338,-0.0007378162892198,-0.0041052617469112,-0.0094976848638883,-0.0214858277558519,-0.0970408150247925,-0.0246715787755941,1
Zm00001d008965,0.0,III,0.710748,0.64,2.876259398882107,0.2907573117729035,0.0628,0.6191,0.1015,937.0,1131.0,30.1634,1.23,0.125,0.02,0.01,0.43,0.55,0.025,0.53,0.765,0.14500000000000002,0.7357,0.24564999999999998,1.0,1.0,1.0,1.0,0,0.37799999999999995,0.1485,1.0,1.0,1.0,0.0,0.0,0.0,0.068748694820599,-0.0871629138807214,-0.0938079683861496,-0.0626877739997579,0.0063506327358503,-0.0550369480103017,-0.1147933200310801,-0.0398822725124021,0.185450219533598,0.2979141992045697,0.6710895058748647,0.2248635323888768,0.4604073200459216,0.0214963724671081,0.3807408026959057,0.4222829233615936,0.3452409528139595,0.0478999762085032,0.0989854883571577,0.0334153914380255,0.3245468077659124,0.0196216339805843,-0.0481440978709631,0.2151719408185117,1
Zm00001d008962,0.0,III,0.568485,0.59,2.905779188105985,0.4774807515317094,0.0215,0.1833,0.117,139.0,75814.0,20.1441,1.27,0.02,0.01,0.0,0.7,0.39,0.01,0.77,0.475,0.67,0.3333,0.08560000000000001,1.0,1.0,1.0,1.0,4406,0.3525,0.45499999999999985,1.0,1.0,1.0,0.0,0.0,0.0,-0.0885757383419557,-0.1275241503361598,-0.0735432665647336,-0.1020520349364559,-0.125716642024212,-0.0535911660180176,-0.1467283064377874,-0.1124989155680151,0.1283643807483421,0.6690050380992912,0.5704276950123753,0.1519540361995063,0.3817148832524604,-0.0052772585101708,1.106911834007991,0.1696222515252265,-0.0045224416536929,-0.0549440470620128,-0.033293943199466,-0.007233974872513,-0.0056548770114685,0.0202096858793073,-0.0615389988008659,0.0149329936857024,1
Zm00001d008954,0.0,III,0.48569,0.58,2.563881701644299,0.3881375302880364,0.0232,0.2172,0.1067,39.0,190.0,12.9347,1.5,0.060000000000000005,0.07,0.0,0.265,0.725,0.13,0.28,0.8,0.77,0.5701,0.44520000000000004,0.93565,1.0,1.0,1.0,0,0.068,0.706,1.0,1.0,1.0,0.0,0.0,0.0,0.156588861913475,-0.0043656218531519,-0.0276361833080842,0.0472777384142246,0.106306409893253,-0.0008222805510403,-0.0493182595533042,0.0634346894380125,0.1259386044521838,0.9665561745760198,0.4281365249046775,0.0671998292285889,0.3096973878132271,-0.0656510166449384,1.2140290988166336,0.211386689430326,0.3789995208536048,-0.0451623964051078,0.068887390818731,0.0179803327449772,0.1428025814866736,0.1046759087799245,-0.0580490658415493,0.0878669990598167,1
Zm00001d009361,0.0,III,0.551587,0.34,0.0925265618952222,0.772577748175841,0.0183,0.0949,0.1926,500986.0,1149363.0,21.0632,0.2,0.01,0.02,0.045,0.7849999999999999,0.61,0.3,0.9,0.83,0.4,0.07775,0.3111,1.0,1.0,1.0,1.0,7509,0.2815,0.31699999999999995,1.0,1.0,1.0,0.0,0.0,0.0,0.0414682304232966,-0.0759934195984617,-0.0447494917049112,-0.0175848073090304,0.0147658801459264,-0.015615995132476,-0.0996346001455405,-0.0378238118535194,0.3348551905850111,0.0168497884612261,-0.0547959466778012,0.0250869502695227,0.1950927436360723,0.0008335830581796,-0.1548408582880019,0.0293948590128808,-0.0829434710462371,-0.1006562527672891,-0.0345560177266732,-0.0092541841637604,-0.1001707708167912,-0.0183153327941314,-0.1227357376828564,-0.078951692015828,1
Zm00001d009374,0.0,III,0.508216,0.6,1.5157626449599515,0.6107297932062121,0.0152,0.1562,0.0971,121078.0,191624.0,27.7603,0.23,0.015,0.015,0.0,0.75,0.76,0.025,0.8049999999999999,0.885,0.265,0.125,0.10835,1.0,1.0,1.0,1.0,763,0.113,0.8795000000000005,1.0,1.0,0.0,0.0,1.0,0.0,-0.0012751855967314,-0.0044287276257249,-0.0040954266570587,0.0124812423023985,-0.0031156814476994,-0.0044543120729517,-0.0065452242778426,-0.0085928544089772,0.6549447187341985,0.6518988052158667,0.6304280147204825,-0.0244472562165957,0.2996110437023133,-0.0701838610667006,0.8497104463403214,0.265277866193973,-0.0807600311643802,-0.0957925932063495,-0.0640290132888389,-0.040922826844638,-0.0882316915339357,-0.0564258756577139,-0.1152849409722587,-0.0278669150552538,1
Zm00001d009397,0.0,III,0.600694,0.5,0.037110601818166,0.9916020841719944,0.0995,0.6039,0.1647,234556.0,804272.0,37.3728,0.26,0.01,0.03,0.0,0.675,0.565,0.0,0.78,0.765,0.0,0.09559999999999999,0.38334999999999997,1.0,1.0,1.0,1.0,1397,0.09250000000000001,0.03,1.0,0.6,1.0,0.0,0.0,0.0,-0.0267325997040318,-0.0536967737791677,-0.0303938154113272,-0.0143192833951492,-0.030624434074412,0.0048448589440952,-0.0839817605859805,-0.0424014341624464,0.6896764743837955,0.2471433069165379,0.3861646693337115,0.068542458524168,0.220261161125662,0.4850357796839862,-0.0955196575563902,0.0982129565834278,0.3098062060635397,0.0644533109212894,0.0753430026907112,0.071199109495962,0.1470547410241496,0.132064395240625,-0.0787506441053271,0.0281698828938084,1
Zm00001d009399,0.0,III,0.654279,0.56,0.0483268870281608,0.9603038800766124,0.0312,0.3794,0.0823,522554.0,514386.0,37.3728,0.26,0.055,0.025,0.005,0.33999999999999997,0.785,0.16,0.47500000000000003,0.905,0.01,0.43305000000000005,0.22085,1.0,1.0,1.0,1.0,2133,0.0,0.8825,0.0,1.0,1.0,0.0,0.0,0.0,0.0432533590871715,-0.0181141803634946,-0.0194658045622428,0.009779844623207,0.0118239123712898,0.216193935266322,-0.049521711606216,-0.0252153991742521,0.5397157835919936,0.2446860725839113,0.5044928526987712,0.0643683455895479,0.2145538714794694,0.9271064827037216,-0.0868849760022785,0.0730946169821471,0.3249863095673218,-0.062941189533904,-0.0793025508980455,0.0381614858251218,0.110344954185717,0.7997187720819988,-0.1145498752026711,-0.0351472053790193,1
Zm00001d009401,0.0,III,0.567835,0.46,3.2614729391465804,0.190503951392188,0.0332,0.2012,0.1648,280686.0,757583.0,10.5316,0.27,0.085,0.0,0.0,0.72,0.02,0.0,0.685,0.79,0.6499999999999999,0.6211,0.0358,1.0,0.3095,1.0,1.0,918,0.5640000000000001,0.0,1.0,0.0,0.0,0.0,1.0,0.0,-0.0659431791469266,0.8739202588347272,0.1734382330669854,0.0024123987753822,0.0242881961936861,-0.0095411082093795,1.2624543720054824,-0.0234069380903149,0.0603849088903433,0.3305141390061333,1.2244523805798022,0.4148287280403646,0.7394029430147787,0.0107825744774004,1.1506453630886135,0.8141807157163055,0.0250496054319601,-0.0802590581301233,0.2450436877398028,0.0668217760435071,0.2548134463320863,-0.01402062228357,0.0427277800974849,0.2672144766001141,1
Zm00001d009403,0.0,III,0.525377,0.41,2.7063570938327266,0.4559798403112649,0.0347,0.0972,0.3568,1028209.0,4501.0,10.5316,0.27,0.11,0.01,0.01,0.605,0.77,0.48,0.72,0.9,0.8600000000000001,0.7371000000000001,0.0889,1.0,1.0,1.0,1.0,0,0.22799999999999998,0.9925,1.0,1.0,0.0,1.0,0.0,0.0,0.0086813044207448,0.1260392414140304,-0.019501474357238,-0.009864985302104,0.054993728513967,-0.0338981973539628,0.0599167931590273,0.0315374566078812,-0.1045229284591328,1.0262316924775117,0.3072506739922048,-0.0113875110387317,0.0714280308446985,-0.0886908600782312,1.3043638256448755,0.0436683228655511,0.0755502720234289,-0.0728822127939511,0.0093778725984872,0.0266682994106667,0.1863210557116051,-0.0293759860725105,-0.0615980323647507,0.0586742272516383,1
Zm00001d050575,0.0,III,0.54271,0.58,2.6969227379883822,0.2356283027699431,0.0166,0.1524,0.1089,105749.0,178022.0,33.0261,-0.02,0.045,0.01,0.01,0.795,0.62,0.21000000000000002,0.87,0.84,0.61,0.2653,0.07289999999999999,1.0,1.0,1.0,1.0,0,0.8405000000000001,0.42205,1.0,1.0,1.0,0.0,0.0,0.0,-0.0948141443208385,-0.1094734784242118,-0.1018301235070575,-0.0538705153896578,-0.0908608136065077,-0.0845801769707848,-0.1282155219976838,-0.0750712148965721,0.0290498874002538,0.956725681653936,0.3481999178592979,0.1903560662296514,0.3939982053912044,-0.0199074500890294,1.125249760928965,0.3016895110445334,-0.0620226027528033,-0.128158987517349,-0.0969963775483339,-0.058227159847784,-0.0160647689857978,-0.0893187451980972,-0.1435841140895404,-0.0678719563197763,1
Zm00001d050577,0.0,III,0.642623,0.55,1.8298014728782412,0.6084759180654472,0.0654,0.2606,0.251,15.0,10339.0,7.66892,-0.02,0.165,0.02,0.0,0.45999999999999996,0.615,0.0,0.5449999999999999,0.835,0.005,0.67835,0.375,0.96425,1.0,1.0,1.0,0,0.34595,0.618,1.0,1.0,1.0,0.0,0.0,0.0,0.1189732239719428,-0.0418591669259393,-0.0405221857461183,-0.0144066077218117,0.0242228643657061,0.0356689876383605,-0.0639299986874627,-0.0168634516914796,0.7392085981209406,0.2287430299112281,0.4757195218784172,0.1039545120742474,0.301478368796042,0.3920335198315434,-0.1127262869659152,0.1881499341747107,0.287718020674755,-0.0507351852355266,-0.0292177715437151,-0.0046073669191288,0.1209989149754077,0.0245408318076263,-0.1151683932430198,0.0546647170201955,1
Zm00001d050580,0.0,III,0.497537,0.45,0.076749164407435,0.857069558524946,0.0404,0.1509,0.2675,299148.0,233456.0,9.10026,-0.02,0.025,0.02,0.005,0.55,0.7050000000000001,0.385,0.755,0.905,0.6950000000000001,0.24995,0.3333,1.0,1.0,1.0,1.0,0,0.12299999999999998,0.5529999999999999,1.0,1.0,1.0,0.0,0.0,0.0,-0.0371803254179899,-0.042387701118006,-0.0741238145159788,-0.0664626689721359,-0.0616049785316315,-0.0475553314248228,-0.1089061705478531,-0.0793963085611091,0.5027357679120741,1.0335782172370895,0.2294369090894009,0.1375144665018375,0.4916230048639248,-0.0255459294589788,0.4390303517597886,0.4888910948515393,0.0274507056063484,-0.0770975297946575,-0.0031066211081433,-0.0449735713462861,0.1149221172411377,-0.0402346540133079,-0.1148966668143389,0.0524575722665987,1
Zm00001d050583,0.0,III,0.658559,0.547059,0.8514761044140067,0.6338454297679578,0.03,0.2188,0.137,462505.0,75116.0,96.728,-0.02,0.06,0.025,0.035,0.51,0.515,0.125,0.69,0.72,0.41000000000000003,0.4361,0.5151,1.0,1.0,1.0,1.0,3439,0.3389999999999999,0.1255,1.0,1.0,1.0,0.0,0.0,0.0,-0.0900245634336475,-0.1166624602038318,-0.0805248569854866,-0.0931269089671283,-0.1117658699812755,-0.0376141276461758,-0.143274955711929,-0.1049874275123485,0.3232313269202724,0.5837940043370311,0.2457065180898277,0.048430425667012,0.2610440103057595,-0.069069038822399,0.4875672271675821,0.2038806586162083,0.1119903509104947,-0.0370860562531127,-0.0434075335089519,-0.0071889439115934,0.1102383810546903,-0.0152271909366171,-0.0598984410751357,0.0024078287381751,1
Zm00001d050584,0.0,III,0.446445,0.66,2.6052723187644067,0.3122988428827583,0.0341,0.1291,0.2642,103.0,50932.0,96.728,-0.02,0.055,0.025,0.01,0.8200000000000001,0.7,0.45,0.9,0.805,0.825,0.4471,0.33909999999999996,1.0,1.0,1.0,1.0,0,0.7894999999999999,0.3185,1.0,1.0,0.0,0.0,1.0,0.0,-0.0452450019271784,-0.0295212749329688,-0.0365891821789604,-0.0128622904119481,-0.053041743325835,0.0079969094297053,-0.0631199646699216,-0.0333152458650693,-0.0951424120561724,1.4865958107796788,0.38290380685644,0.0267224936731304,0.0815147003229163,-0.051529830614597,1.7957427436575495,-0.0220619273328511,-0.0466675608617017,-0.1025709302640666,-0.0157076524290915,-0.0683173596329622,-0.0331257819810349,-0.0060900459074777,-0.1181880722474167,-0.0252067649161931,1
Zm00001d050600,0.0,III,0.661355,0.64,0.1364500391061971,0.9081027744609048,0.0439,0.358,0.1225,471647.0,317592.0,20.6036,-0.03,0.045,0.02,0.0,0.67,0.695,0.0,0.775,0.79,0.0,0.49415,0.191,1.0,1.0,1.0,1.0,3914,0.0,0.34700000000000003,0.0,1.0,0.0,0.0,1.0,0.0,-0.0466873126268869,-0.0729226299333107,-0.0791851247997759,-0.0031326106917094,-0.0499085983929085,0.0073866600656221,-0.105082776185043,-0.0312952926558571,0.7079932635984583,0.2663409750597622,0.4285970441214689,0.1227014659788199,0.3625649454421503,0.3091831895999501,-0.0554580531281609,0.2712091393763997,0.1608242587727576,-0.0228749158060301,0.0483695127240512,0.0021576695896249,0.149059001691175,0.0767202112040538,-0.0919523512108319,0.0348913772565031,1
Zm00001d050604,0.0,III,0.407834,0.411765,2.9354000459774205,0.2841147220377102,0.0204,0.1007,0.2024,499079.0,283476.0,10.5316,-0.03,0.035,0.095,0.035,0.6699999999999999,0.305,0.36,0.775,0.49,0.685,0.5277499999999999,0.55845,1.0,1.0,1.0,1.0,9120,0.1545,0.1655,1.0,1.0,0.0,0.0,1.0,0.0,0.4809520520333784,0.0213532656636523,-0.029212863304119,0.0199424111952132,0.1706166894483762,0.3015571828496747,-0.0751607358132711,0.0648419277332968,-0.0031335676159639,0.4784962739262328,0.2298284080204733,0.2339855243362311,0.3722178713846731,-0.0143619902408422,0.7584270511314022,0.256755335472675,0.0262501274486976,-0.1058181055943745,-0.1351789652149823,-0.0532263286455774,-0.0114393677916821,-0.0623672865909536,-0.1651348885095953,-0.0974617220928362,1
Zm00001d050606,0.0,III,0.463695,0.66,6.311603415993286,0.2688206068755355,0.0166,0.1357,0.1224,111.0,783978.0,10.5316,-0.03,0.07,0.015,0.0,0.645,0.7150000000000001,0.01,0.79,0.8400000000000001,0.63,0.67065,0.20235,1.0,1.0,1.0,1.0,0,0.7655000000000001,0.062,1.0,0.75,0.0,1.0,0.0,0.0,-0.0573882235021791,-0.0759040372578939,-0.1211881060390454,-0.0398453375579036,-0.041680583167243,-0.0533511493307847,-0.1481375186594111,-0.0663115169799987,-0.1034200133232851,0.9066376640253648,0.4265920530335938,0.0726079239852153,0.2472785355016507,-0.0633738692729393,1.415567741469105,0.1232398624366694,-0.0068815633861034,-0.0293813927806923,-0.0108582986031433,-0.0061319806433228,0.0394448351349994,-0.0127249895203705,-0.0298785597291762,0.0058416489604603,1
Zm00001d050637,0.0,III,0.549815,0.6,3.6848765488054487,0.3154849729445231,0.0425,0.1061,0.4008,665848.0,125891.0,23.9785,-0.02,0.045,0.025,0.005,0.675,0.6499999999999999,0.03,0.86,0.765,0.39,0.6764,0.23335,1.0,1.0,1.0,1.0,2113,0.316,0.7175,1.0,1.0,0.0,0.0,1.0,0.0,-0.0641052826259617,-0.0980561069830944,-0.0851607925069407,-0.053856259407407,-0.0356334178195389,-0.0534296242926426,-0.105154671927235,-0.0999557560763849,0.1749599825128366,0.4714099327321924,0.5395829464122455,0.1552158078264499,0.3948611671988367,0.0266444749951879,0.673037955988648,0.3471779482144669,0.0079081808324709,-0.0878501433364917,-0.0021312594191215,0.0375238440894655,0.1364076040371087,-0.0253538750358141,-0.0756948716498553,0.10202188903336,1
Zm00001d050664,0.0,III,0.474191,0.58,1.7064995693223424,0.3742481428355969,0.0743,0.1621,0.4586,42.0,4383056.0,8.6407,0.01,0.025,0.025,0.0,0.7749999999999999,0.405,0.005,0.86,0.745,0.715,0.24995,0.27080000000000004,1.0,1.0,1.0,1.0,1101,0.0565,0.59525,1.0,1.0,0.0,1.0,0.0,0.0,0.0741382102770962,0.1266713924447255,-0.0579897912514907,0.0364212356651009,0.1260969614097326,0.0140321372447678,0.0768606610168955,0.058238662154038,0.0014838688036671,0.7871321100228668,0.3244008316235038,0.0270754032445127,0.1440724728166225,-0.0331548785075794,1.193241934444364,0.0422359827864318,-0.0277775933973284,-0.0341263122872605,-0.0359033114962544,-0.0133833894792509,-0.0304610188839812,0.0096609013371582,-0.0481595313555544,-0.026834317589653,1
Zm00001d050666,0.0,III,0.564496,0.347059,5.835039011494751,0.2124618903065117,0.0222,0.1518,0.1464,139731.0,54.0,8.12848,0.01,0.015,0.015,0.0,0.725,0.79,0.005,0.915,0.905,0.5700000000000001,0.22344999999999998,0.23335,1.0,1.0,1.0,1.0,0,0.039999999999999994,0.023499999999999997,0.8,0.47,1.0,0.0,0.0,0.0,-0.053945178275214,-0.0807690951300932,-0.0383325747128326,-0.0268634589496448,-0.0865097133875259,-0.0274460973124699,-0.0991784411837626,-0.0736955049274672,0.038821134334371,0.5663319619144491,0.495413878391555,0.1216682507511991,0.3358358930065544,-0.049903262477952,1.098668384846639,0.2160795225229648,-0.0018369403302892,-0.0310108955955897,0.0029745735074735,0.0636485071255924,0.0610452252433751,0.0275860706187248,-0.0471809025518169,0.0070970217135721,1
Zm00001d050669,0.0,III,0.501548,0.58,2.1192838576435835,0.3433660830178325,0.0476,0.1791,0.2655,330039.0,475270.0,12.9347,0.01,0.01,0.015,0.015,0.7,0.76,0.565,0.9099999999999999,0.915,0.7949999999999999,0.10139999999999999,0.13885,1.0,1.0,1.0,1.0,0,0.1385,0.4755,1.0,1.0,0.0,0.0,1.0,0.0,0.0061211029340285,-0.0011856580896454,0.0054726221402967,-0.0004346504835581,-0.0066968731489866,-0.0052728402287659,-0.0080174216775535,0.0168694173414633,0.0444035278262676,0.6478103621178111,0.1329834844307276,0.1289462702332345,0.2415423743969453,-0.0360631445448765,0.6779819052272058,0.2397996774372749,-0.0440670386448693,-0.0414347670103031,-0.0297912203406047,0.0047719539988052,0.015784377578539,0.0135989727151747,-0.0742971391185108,-0.013266676417797,1
Zm00001d050689,0.0,III,0.748062,0.59,0.6620539984871032,0.7033602073134202,0.0317,0.5981,0.053,124464.0,570275.0,36.808,0.01,0.06,0.025,0.0,0.47,0.31,0.0,0.7050000000000001,0.44,0.0,0.528,0.29845,1.0,1.0,1.0,1.0,1189,0.0,0.2155,0.0,1.0,1.0,0.0,0.0,0.0,0.0655116364421102,0.0228684787550763,-0.0687293118313701,-0.0161866679429028,0.0083727715418081,-0.0399333012682946,-0.0820885041731163,-0.0039084644606021,0.0485608760761118,0.0040136542764377,0.2119102006383926,0.0749663700117447,0.135475310660178,-0.0092130988348201,-0.004929515127095,0.1664917678813379,0.1771863785304178,-0.0686713416445028,0.0334831676182613,0.2085649646486544,0.5431176608500832,-0.0242270523204471,-0.0657019005350386,0.2257017493536281,1
Zm00001d050694,0.0,III,0.517007,0.64,1.082945592595091,0.6181849307820246,0.0246,0.1867,0.1319,130088.0,255356.0,27.7603,0.01,0.02,0.015,0.035,0.65,0.56,0.46,0.8,0.78,0.66,0.20425000000000001,0.32799999999999996,1.0,1.0,1.0,1.0,0,0.4645,0.2645,1.0,1.0,0.0,0.0,1.0,0.0,-0.0530416298626877,-0.0951994880216904,-0.068812476310982,-0.047233190520859,-0.1114256637217738,-0.0474563645284203,-0.1095259798535848,-0.0751394091782985,0.2934008064945915,0.3813263081079293,0.2200661374759522,0.0902825711999929,0.23379973417083,-0.0056784475645776,0.2345493636953723,0.1648137503116759,-0.0190918580790398,-0.0876484808139596,-0.0473837879766618,-0.0243766390003102,-0.0456510442875811,-0.0375097546061024,-0.1125123098286635,-0.0357742205503629,1
Zm00001d050696,0.0,III,0.42381,0.35,5.4475090284567855,0.1724940704869458,0.0067,0.0546,0.1225,50165.0,345904.0,26.329,0.01,0.055,0.04,0.0,0.83,0.63,0.10500000000000001,0.925,0.8200000000000001,0.5900000000000001,0.45415,0.32189999999999996,1.0,1.0,1.0,1.0,470,0.7854999999999999,0.27399999999999997,1.0,1.0,0.0,0.0,1.0,0.0,-0.1198812739734281,-0.1017320990908723,-0.1228035940079163,-0.0488947352113311,-0.0275363515516339,-0.0707503279474156,-0.1167659979649064,-0.0735294137908104,-0.0489092761108805,0.6070261199783313,0.4738272603715813,0.2667565035736614,0.4650122575932142,-0.0858824528852038,1.0999010135927292,0.346053152266205,-0.0935256700748943,-0.1221114625162006,-0.080047791160848,-0.0165278028878712,0.0222159607718271,-0.0715027773841517,-0.0946470074982692,0.0073815015020466,1
Zm00001d050698,0.0,III,0.556391,0.48,2.213569335908446,0.3468737540430528,0.0678,0.1172,0.5791,192551.0,222727.0,26.329,0.01,0.08499999999999999,0.01,0.0,0.64,0.35,0.0,0.76,0.54,0.72,0.55555,0.23415000000000002,1.0,1.0,1.0,1.0,0,0.162,0.035,1.0,0.7,1.0,0.0,0.0,0.0,-0.0690660932512637,-0.0750231304839807,-0.0735107614026146,-0.0137540662074638,-0.0757221692824443,-0.0243861187801375,-0.0894683908773149,-0.0603255131620376,0.2392378367794546,0.2430785193284632,0.7746911018779457,0.4666681248210511,0.7437050975800445,-0.030519240746897,0.4038839099660115,0.777895014799494,0.1288405090134151,-0.0343315745477068,0.425246003356285,0.3007973005027873,0.6120594847079761,-0.0016131437452864,0.0408025050247116,0.6504839911608917,1
Zm00001d050700,0.0,III,0.601533,0.52,0.0255838922398496,1.0,0.1589,0.1508,1.0536,234283.0,180930.0,8.58804,0.01,0.015,0.01,0.155,0.8,0.505,0.48,0.905,0.73,0.6950000000000001,0.1222,0.075,1.0,1.0,1.0,1.0,3884,0.21650000000000005,0.36499999999999994,1.0,1.0,0.0,0.0,1.0,0.0,-0.0496665850214794,-0.0677501469939325,-0.0665684624856574,-0.0327910587423492,-0.0665813208808317,-0.0212464733541827,-0.1028749290982971,-0.0437553336676402,0.308587866872552,0.0845655149503748,0.2800586238790553,0.2264832636377924,0.6513889013253654,0.018200656858837,-0.038556831311098,0.702737725570901,-0.0727580603940756,-0.0896841016981991,-0.0747788582243715,-0.0349612177423653,-0.0589013547392461,-0.0247912897785063,-0.1225231621395661,-0.0627214957901542,1
Zm00001d050705,0.0,III,0.743842,0.62,0.7721171385840679,0.6997531320185182,0.104,0.2542,0.409,422.0,414712.0,8.58804,0.01,0.035,0.045,0.0,0.6799999999999999,0.38,0.0,0.805,0.6599999999999999,0.0,0.3872,0.3375,1.0,1.0,1.0,1.0,0,0.023499999999999997,0.19899999999999998,0.47,1.0,1.0,0.0,0.0,0.0,0.3132957187639432,-0.044779653252785,-0.001611399169458,-0.0036295040338403,0.1742985693340979,0.0866214030634537,-0.1039850800709524,-0.0083202480417458,0.352824415128253,0.0117367530505321,0.5064655610447364,0.0038003340999435,0.124653342064626,0.0177654496955841,-0.0445600660694731,0.0971824789983808,0.3652396378531887,0.0296948609915162,0.0676962995037971,0.0541433178097791,0.2034759237592558,0.0414546161493331,-0.0937764876032715,0.0674404587582387,1
Zm00001d050715,0.0,III,0.473027,0.54,2.06941206869878,0.2736646592572137,0.0636,0.127,0.5009,15.0,224876.0,7.66892,0.01,0.01,0.035,0.005,0.735,0.6499999999999999,0.025,0.865,0.835,0.57,0.09955,0.32145,1.0,1.0,1.0,1.0,0,0.18100000000000002,0.6605000000000003,1.0,1.0,1.0,0.0,0.0,0.0,-0.0149931043496074,-0.0464005885330068,-0.0604199015567055,-0.0383649198682116,0.021721688126518,-0.0003780492954916,-0.0613155083244135,0.0018705540742395,0.1047395731750781,0.7720601369165585,0.3510274788566461,0.3255787120308793,0.6856919331430437,-0.0467486027144723,0.8346842747650876,0.5279305137397128,-0.0995520537506443,-0.1033887388345124,-0.0814087126849922,-0.0432947031456607,-0.0226218999216982,-0.0087942955645018,-0.116462241667571,-0.03065995548179,1
Zm00001d050716,0.0,III,0.534858,0.62,2.629149604215657,0.3725643547105025,0.008,0.1319,0.061,39.0,221996.0,19.1723,0.01,0.095,0.03,0.0,0.76,0.7,0.005,0.88,0.835,0.565,0.5445,0.31395,1.0,1.0,1.0,1.0,996,0.6570000000000001,0.3215,1.0,1.0,0.0,1.0,0.0,0.0,-0.0335835217422252,-0.0170424092264285,-0.0404384925058821,0.0175657943353886,0.0259207167088782,0.0229670890515374,-0.0601328026089269,-0.0238670502660387,-0.048993931340256,0.6798767676043862,0.6067646809391459,0.2561807035523319,0.4764849040350817,-0.0153929969567633,0.9148624951359484,0.3436223221312951,0.014850609466696,-0.0667337577278685,-0.0448442973132544,0.0652648083024828,0.1475302262557715,-0.0230205999070201,-0.0803522368824036,0.002707243306608,1
Zm00001d050723,0.0,III,0.539726,0.58,3.78576097850862,0.313810571390467,0.011,0.1539,0.0718,1844.0,480751.0,22.5472,0.01,0.045,0.02,0.01,0.8300000000000001,0.7250000000000001,0.45999999999999996,0.88,0.89,0.71,0.25175,0.4485,1.0,1.0,1.0,1.0,3063,0.5735000000000001,0.4954999999999998,1.0,1.0,0.0,0.0,1.0,0.0,-0.0551205508263733,-0.0625371230513815,-0.0661448984781745,-0.0405815048120215,-0.0575399388831038,-0.023118485007641,-0.1141961276060272,-0.0336466483701248,0.2476295897289056,1.083253976629886,0.284814780138077,0.1924164802618951,0.4453745718313933,-0.0129945220608662,0.8241233754088544,0.3239636192262652,0.0504938294616908,-0.0279330351937994,0.011710357010647,0.0827529858084899,0.1450722927483582,0.0361490055273103,-0.0514355172594351,0.1354608179342359,1
Zm00001d050730,0.0,III,0.511111,0.705882,3.053272419961559,0.2764790595197656,0.0556,0.1726,0.3223,123.0,5593.0,13.9065,0.01,0.01,0.03,0.0,0.6,0.805,0.0,0.755,0.885,0.7050000000000001,0.08499999999999999,0.41805000000000003,1.0,1.0,1.0,1.0,8894,0.048999999999999995,0.48550000000000004,0.96,1.0,0.0,0.0,1.0,0.0,-0.0909576315196787,-0.0871695780117105,-0.0677723617941854,-0.044302456361789,-0.0872772146146184,-0.0366505765869691,-0.0930917592267024,-0.0605224015389549,-0.0096180710376902,0.6359468763992734,0.5841816730314268,0.2930373740288292,0.4890013042498199,-0.0107997316642635,1.102876670876236,0.2797362941333332,-0.0073604937900361,-0.0760202811862832,-0.0123699507225158,0.013453269865116,0.15469832826878,-0.0393995243538277,-0.0683024497736199,0.0845325651139119,1
Zm00001d050737,0.0,III,0.433001,0.57,2.537679141148167,0.5426273977059427,0.0343,0.0729,0.4711,13.0,21957.0,25.4098,0.01,0.02,0.025,0.01,0.81,0.63,0.375,0.77,0.87,0.755,0.23055,0.29345,1.0,1.0,1.0,1.0,0,0.8469999999999999,0.11099999999999997,1.0,1.0,0.0,0.0,1.0,0.0,-0.0930134538382571,-0.080858058405081,-0.0966525513524039,-0.0631297863852426,-0.0757328554998483,-0.0444261016337369,-0.1157815747412061,-0.0796806178250894,0.0336092516003131,1.5363978841324832,0.1841481850417913,0.0474925087482258,0.1924172147622994,-0.0666031968744032,1.657811342279521,0.167679654706239,0.0491001232466861,-0.053450048958293,-0.0294583521631491,0.0036494071441693,0.0381636437448191,-0.0086490020711222,-0.0960156732000721,0.0003576081672646,1
Zm00001d050741,0.0,III,0.516807,0.55,3.891824733873516,0.2132673843672202,0.0369,0.1551,0.2382,169757.0,71095.0,7.66892,0.01,0.03,0.05500000000000001,0.0,0.81,0.6,0.005,0.895,0.66,0.62,0.43525,0.4861,1.0,1.0,1.0,1.0,0,0.029000000000000005,0.5295000000000001,0.58,1.0,0.0,0.0,1.0,0.0,0.0348781919120861,-0.0069738376450844,-0.0356437039318108,0.0671858164969442,0.1714856434271754,0.0583112562313115,-0.0355145850632901,0.0002601828354941,0.0083205657250879,0.8651403708715858,0.3134572112427423,0.0938388845069909,0.3393841435119588,-0.0437086091365132,1.231612616236,0.2670598641830829,-0.0197548455110842,-0.0143666719160937,0.016203988057737,0.0419974485417347,0.0540738645096186,0.0299480167432775,-0.0227858173508467,0.04466173350831,1
Zm00001d050748,0.0,III,0.688218,0.54,1.0882205267436145,0.8474565734693327,0.0566,0.2999,0.1888,343.0,246317.0,16.3096,0.01,0.05,0.0,0.0,0.5449999999999999,0.0,0.0,0.675,0.485,0.0,0.36775,0.028550000000000002,1.0,0.06665,1.0,1.0,2078,0.4882000000000001,0.045500000000000006,1.0,0.91,0.0,0.0,1.0,0.0,0.2541472811512967,0.5368509940066556,0.0550504591845061,0.0673005312759924,0.2782782516489872,-0.0102033103127925,0.5189679703458163,0.1545901963490883,0.3673816561878867,0.1457079187175046,0.7991829150102607,0.4035175382461976,0.6282990772038765,0.0934733363630462,0.027510307701528,0.8057483980773673,0.1454334447789282,-0.0937189166239079,0.01160839298757,0.087050630492656,0.1897957889115982,-0.0075182566453779,-0.1365098571770824,0.119083229378484,1
Zm00001d050753,0.0,III,0.42464,0.54,2.9155203671564407,0.3124548604074963,0.0404,0.1097,0.3685,42861.0,398134.0,14.8783,0.01,0.02,0.03,0.01,0.665,0.65,0.025,0.765,0.79,0.6,0.20240000000000002,0.4229,1.0,1.0,1.0,1.0,0,0.3145,0.6335000000000001,1.0,1.0,0.0,1.0,0.0,0.0,0.3246652642283647,-0.0186440306090643,-0.051557562820087,0.0567245879279456,0.16527549607713,-0.0174620235705982,-0.1176517501404011,0.0601635644569599,0.1000506279405977,0.8824724364603401,0.3250070028186316,0.0862524624818277,0.2954899612020967,-0.0166251528018222,1.2386511700464058,0.1310640392936663,-0.0523162166121533,-0.0902064841927466,0.1299299030122776,0.0655863235180119,0.1457791020575795,-0.0003387318339679,0.0106075944193986,0.1800586969865288,1
Zm00001d050755,0.0,III,0.435213,0.67,4.313513809568403,0.3210441462899014,0.0271,0.1679,0.1613,82609.0,664945.0,11.0438,0.01,0.07,0.02,0.01,0.84,0.285,0.475,0.865,0.485,0.725,0.8717,0.2899,1.0,0.95,1.0,1.0,0,0.498,0.0755,1.0,1.0,0.0,0.0,1.0,0.0,0.5358220040419395,0.2183346350193123,0.1785680694141602,0.0623083574017489,0.3596029424561224,-0.051569339043387,-0.1118554688418101,0.349740299231067,-0.0075676147881842,1.178948863408313,0.2962519844156854,0.0534390317107413,0.1877541632663143,-0.0605703025178219,1.3362755187695297,0.1068860841639699,-0.1121218721921987,-0.1282590404021794,-0.101723496355572,-0.0883425806527242,-0.0464175375271054,-0.0748347712282046,-0.1480948271047453,-0.0734965556695448,1
Zm00001d050775,0.0,III,0.56102,0.55,0.0643751013768628,0.997973207297548,0.0322,0.1572,0.2047,343934.0,328474.0,21.0632,0.01,0.125,0.01,0.01,0.49,0.735,0.675,0.615,0.8049999999999999,0.825,0.60145,0.1597,1.0,1.0,1.0,1.0,0,0.2753,0.0,1.0,0.0,1.0,0.0,0.0,0.0,0.212633139551241,-0.0170046291472092,-0.0330274985414323,0.0482037882507983,0.1609519792032596,0.0061089799601357,-0.1038699164775468,0.062886046020262,0.1508711577348988,-0.0083682591690136,-0.0809269092055137,-0.0322816186240425,-0.0140668575620193,-0.0656534539125928,-0.2455663656310878,-0.0476693356147158,0.4139581659762839,0.0869019031283076,0.5212736551476501,0.241911761551801,0.6370330172206059,0.0451326588759946,-0.0370943569443002,0.6690393828836948,1
Zm00001d050781,0.0,III,0.470681,0.62,2.5469361820487264,0.2491539005279124,0.037,0.1003,0.3688,23.0,267.0,14.3661,0.01,0.06,0.02,0.0,0.79,0.44,0.0,0.845,0.645,0.6799999999999999,0.42500000000000004,0.2458,1.0,1.0,1.0,1.0,463,0.6929999999999998,0.33849999999999997,1.0,1.0,0.0,0.0,1.0,0.0,0.0103277144657762,-0.0615333267783073,-0.1046929008003016,-0.0059723020519412,0.1511110657776393,-0.0343773893545444,-0.1158529065211332,0.0227062105448603,0.045420281716603,0.8008992348056934,0.5453211465394364,0.2839256681746654,0.6359738316481771,0.0204075053259318,1.3900461177121013,0.4091138497529284,0.0111457667355718,-0.0681739942305453,0.0235339837811297,-0.0355244047555823,0.059243528631,-0.0222338983655551,-0.0657501820805491,0.0416863959650626,1
Zm00001d050783,0.0,III,0.689441,0.494118,0.0161095403408064,0.9270431417727228,0.0789,0.227,0.3474,34333.0,307570.0,14.3661,0.01,0.01,0.07,0.03,0.86,0.3,0.505,0.94,0.7,0.585,0.10414999999999999,0.3194,1.0,0.71875,1.0,0.975,683,0.0,0.8284999999999999,0.0,1.0,0.0,0.0,1.0,0.0,0.0050724657103384,-0.0071219758148965,0.0049424430547684,0.0018436458599142,-0.0038490219257427,0.0024454520232841,-0.0079096039251306,-0.0063631984346662,-0.0082059174331061,-0.0286095777563019,0.146778209692329,0.1333118620644176,0.2861535626611077,-0.0160941589755362,-0.0517179012158666,0.445847665635747,-0.0465116379072609,-0.0595263722298207,-0.0582931875736023,-0.019569460604986,-0.0234010318050056,-0.0023409137175898,-0.0710245567326672,-0.0439049313658594,1
Zm00001d050785,0.0,III,0.575499,0.6,2.54555369547693,0.2180348447174036,0.096,0.0626,1.5343,184534.0,155676.0,14.3661,0.01,0.015,0.015,0.0,0.81,0.79,0.0,0.885,0.815,0.235,0.15,0.1898,1.0,1.0,1.0,1.0,60,0.0,0.0665,0.0,1.0,1.0,0.0,0.0,0.0,-0.0458198840316999,-0.0414579162750728,-0.0758230297254003,-0.031444058586322,0.0270320956494087,-0.0266449004074281,-0.062321732468827,-0.0310409042712235,0.1881439721843643,0.4433853536105976,0.6211218773671495,0.2492672822583096,0.6918517704794991,-0.0230409433146083,0.6797688623288627,0.5991705774950823,-0.0178431118594675,-0.0608263185012094,-0.0003208286190783,0.0511141111017443,0.0429040687863748,0.0184094783194962,-0.0577934902358973,0.080167442401331,1
Zm00001d050816,0.0,III,0.53588,0.53,4.02647961211247,0.1870668527902332,0.0192,0.134,0.143,176.0,52524.0,39.2638,0.01,0.01,0.02,0.0,0.515,0.63,0.005,0.6799999999999999,0.8300000000000001,0.225,0.0915,0.24555,1.0,1.0,1.0,1.0,481,0.39449999999999996,0.11800000000000001,1.0,1.0,0.0,1.0,0.0,0.0,-0.1006051917029698,-0.1179170568960397,-0.1318057342414729,-0.0376481329120663,-0.1129052359189089,-0.0590047520885414,-0.1419479573696862,-0.0659266789924595,0.1546240306999606,0.6531086235713724,0.5696608941176209,0.188021446207793,0.5911019861462214,-0.0006766516163525,1.0208360271301469,0.4221001391418233,0.0116126255282414,-0.0947493551267333,-0.0064233613432978,-0.0007346317984133,0.1584226904440407,-0.0196246187875604,-0.1004047473779601,0.0899704902469792,1
Zm00001d050833,0.0,III,0.607895,0.49,0.0226747196908692,0.8263853947040323,0.0071,0.4027,0.0176,58491.0,34601.0,20.6036,0.0,0.04,0.025,0.005,0.405,0.735,0.0,0.605,0.935,0.01,0.33625000000000005,0.3285,1.0,1.0,1.0,1.0,552,0.37849999999999995,0.25824999999999987,1.0,1.0,1.0,0.0,0.0,0.0,0.0357706641898127,-0.044017588464748,-0.0491702651198839,0.0332183576625653,-0.0235002073515397,0.0257945370785612,-0.0948979827630743,-0.027960276402035,0.8244719728863539,0.2835024348513786,0.4780914954375991,0.1531394303522222,0.4298097200633461,0.2864900817555583,-0.0300345535593384,0.3094579060941076,0.1751937438924961,-0.0720336546916722,-0.0712415232709972,0.0237167424228776,0.1002546402028091,-0.005847543911702,-0.1202821719027646,0.007722579394827,1
Zm00001d050838,0.0,III,0.525135,0.56,4.928871311688158,0.2766421258620538,0.032,0.1448,0.221,110.0,308.0,7.66892,-0.01,0.04,0.02,0.0,0.66,0.685,0.155,0.7050000000000001,0.8,0.695,0.32835000000000003,0.46665,1.0,1.0,1.0,1.0,0,0.424,0.28450000000000003,1.0,1.0,1.0,0.0,0.0,0.0,-0.049360793344127,-0.0648670130413928,-0.036333181134111,-0.0305103050411626,-0.0524997158241117,-0.0285290097881561,-0.0753706668989325,-0.0508545874969109,-0.0205405984298287,1.2216489526397944,0.4103220727792319,0.1031605819058893,0.266929150110261,-0.0310782853329701,1.6428276646587328,0.0376651591257922,-0.0373589620554309,-0.127049242429477,-0.044817489037797,-0.0718429181975934,-0.0361040817507283,-0.0047366023696271,-0.124688302461646,-0.0712194995002429,1
Zm00001d050844,0.0,III,0.483483,0.52,2.068540690805616,0.4770559477928697,0.0434,0.1287,0.3372,312276.0,157116.0,8.6407,-0.01,0.07,0.01,0.015,0.72,0.86,0.19,0.875,0.9199999999999999,0.5800000000000001,0.69375,0.06945,1.0,1.0,1.0,1.0,0,0.8064999999999998,0.336,1.0,1.0,0.0,0.0,1.0,0.0,-0.0119708507384514,-0.0128580825059626,-0.0129032348701599,0.0172470422195357,-0.0089265967259394,0.0199849291411486,-0.0271973607342354,0.022236767927585,0.4097241878390507,0.5730126781987719,0.3329540047719698,0.1462292799763228,0.4477959474349625,-0.0323939268697314,0.6114830733680269,0.3586478911725739,-0.0311081025981325,-0.0319363472996776,-0.0104020592831822,0.0369565829872933,0.0699213725846395,0.019104741549741,-0.0615770001994572,0.0402777070158985,1
Zm00001d050850,0.0,III,0.60452,0.5,2.225048101347917,0.5275897512692518,0.0246,0.1572,0.1567,56.0,414732.0,13.9065,-0.02,0.03,0.0,0.0,0.6799999999999999,0.03,0.0,0.835,0.6100000000000001,0.05,0.3357,0.10414999999999999,1.0,0.54765,1.0,1.0,0,0.649,0.0,1.0,0.0,1.0,0.0,0.0,0.0,-0.091261791813035,0.7483394385699886,-0.0212900302884569,-0.0881963881313559,-0.0728613909315729,0.0004747366442281,0.6700430195663805,-0.0615182459913601,0.3278909075332015,0.3432231076899966,0.9843073449381018,0.3466919853362958,0.8696016826904357,0.0062938821687575,0.7312386572414776,0.708637494318241,-0.0154949527621849,-0.0783495044297977,-0.0355319542520203,-0.0156950751269417,0.0426070170136123,-0.0398795489722039,-0.0811700251055615,-0.0471758537311172,1
Zm00001d050851,0.0,III,0.455056,0.42,2.530783539467134,0.2613691516622224,0.0286,0.1332,0.2145,392806.0,419.0,12.4752,-0.02,0.06,0.03,0.01,0.78,0.43999999999999995,0.545,0.91,0.505,0.8,0.68285,0.2149,1.0,1.0,1.0,1.0,0,0.19149999999999998,0.138,1.0,1.0,1.0,0.0,0.0,0.0,0.04848769288652,-0.0669794699213194,0.5481355713638629,0.1444409135085245,0.4763327635542276,-0.0161170959785871,0.1330165412394577,0.3914755588599414,-0.0116472823402066,1.6085834135648909,0.3540727502443879,0.106965648390507,0.2090876407632771,-0.054300750774672,1.7366986925703176,0.1403379704506232,-0.0259104681413791,-0.0328328868961862,-0.0163344367466163,-0.0186416860016675,0.0373565024664656,-0.0404070802993319,-0.050322592204673,0.0032217416899411,1
Zm00001d050860,0.0,III,0.668582,0.53,0.0143497562656966,0.9271581550625289,0.0276,0.4551,0.0606,271968.0,132880.0,11.9629,-0.02,0.015,0.02,0.02,0.755,0.675,0.59,0.89,0.875,0.74,0.13335,0.26985000000000003,1.0,1.0,1.0,1.0,2990,0.716,0.1465,1.0,1.0,0.0,0.0,1.0,0.0,-0.0416317238003246,-0.093559196960961,-0.0574295576653007,-0.0434245473795846,-0.087072490595234,-0.0718344370588533,-0.1245497080079059,-0.0528407778127501,0.2271438380599944,-0.1452290715058599,0.0091341341937598,-0.0200590792638933,0.0260515305426386,-0.0138101948302324,-0.3169658871084735,-0.0669910163928665,0.0541631303370451,-0.0803899234569775,-0.083374121163161,-0.0626928169587051,-0.0308013898391825,0.0464908194832755,-0.1288716422027416,-0.0832444722144275,1
Zm00001d050868,0.0,III,0.502137,0.62,3.181697660353272,0.5269292271565913,0.0237,0.1955,0.1211,43.0,218853.0,112.578,-0.02,0.02,0.01,0.005,0.79,0.635,0.015,0.815,0.65,0.475,0.1548,0.2756,1.0,1.0,1.0,1.0,2389,0.13949999999999999,0.4075,1.0,1.0,0.0,0.0,1.0,0.0,0.1401853254268124,-0.0729573500846938,-0.0981666383931518,-0.0207896803452363,0.0875850837841983,-0.0507593509488401,-0.1341691970811404,-0.03402070345609,0.0881222944364708,0.6782226979881507,0.4424908239061996,0.1777948131039849,0.5246545686595848,-0.0118179494758327,1.005458299538034,0.2588886556626955,-0.1208018093327183,-0.1625808833405792,-0.1503484506129006,-0.1319055110459494,-0.1628969576097141,-0.116383590405141,-0.1664341520696174,-0.1226223211982111,1
Zm00001d050872,0.0,III,0.651274,0.42,1.0660974037734712,0.7208766174032651,0.0337,0.1686,0.1998,32043.0,425408.0,28.2725,-0.02,0.035,0.035,0.0,0.075,0.6799999999999999,0.0,0.135,0.835,0.0,0.375,0.5,0.9199999999999999,1.0,0.95,1.0,2144,0.0,0.0,0.0,0.0,0.0,0.0,1.0,0.0,0.0011787088520432,0.0128437529409271,-0.018921253438474,0.0094891327293737,-0.0008301367329767,0.0069569316720286,-0.0150790896767393,0.0009642999602811,0.4192526631212446,0.1297354501336061,0.3787842449543478,0.034446807105671,0.1478419994578423,-0.0032066209674675,-0.048295898175564,0.1748691300370423,0.7934740547366866,0.2809360160737409,0.2193949404026748,0.0659826384382893,0.2382962490710039,-0.0209105133539792,-0.0673895897833195,0.0901042032371542,1
Zm00001d050873,0.0,III,0.656173,0.49,0.1089372241413677,0.7959361078223833,0.0439,0.5043,0.0871,401860.0,54221.0,28.2725,-0.02,0.05,0.015,0.0,0.515,0.735,0.025,0.62,0.915,0.025,0.54165,0.22955,1.0,1.0,1.0,1.0,2076,0.0005,0.986,0.1,1.0,0.0,0.0,1.0,0.0,0.0324919563590599,-0.0723008245185025,-0.016000378375516,-0.0273211915437017,-6.916176721708036e-05,0.5226354120536126,-0.0984894272672769,-0.0402552233686372,0.8229555256291812,0.1892958787320567,0.2846374135684122,0.0496905355820983,0.2129751507869708,1.0443576665777816,-0.0998936852139985,0.0865846187465596,0.2203977602332723,-0.0213455629844325,0.010163527920871,-0.0024682420198183,0.0743689035274622,0.1155563029955778,-0.0703784646389514,-0.0003902584384888,1
Zm00001d050874,0.0,III,0.456349,0.417647,7.016713055843368,0.1791378562911797,0.0367,0.1379,0.266,260801.0,189797.0,28.2725,-0.02,0.045,0.060000000000000005,0.01,0.785,0.6000000000000001,0.36,0.8400000000000001,0.76,0.72,0.4713,0.6323,1.0,1.0,1.0,1.0,73,0.28120000000000006,0.22049999999999995,1.0,1.0,0.0,1.0,0.0,0.0,0.0144329548703124,-0.0093751521345349,-0.0526302488720337,-0.0061122563128448,0.1074482879577836,-0.0177646252188146,-0.0628475397279873,0.0238936527920186,0.0993871767920635,0.6592497637048669,0.3754673654545484,0.088693139122683,0.1304317555598673,-0.0098311434004676,1.05793583585741,0.1003914125633635,-0.0293679034411952,-0.0495307539405316,-0.0262166837132346,-0.0329120040579095,-0.0188433864503138,0.0107119860152074,-0.0673150534858807,-0.0434441381919008,1
Zm00001d050884,0.0,III,0.493781,0.59,2.736897522022057,0.3465209540576152,0.0277,0.1379,0.2006,21.0,229971.0,13.9065,-0.02,0.055,0.025,0.01,0.825,0.675,0.08,0.88,0.835,0.425,0.40664999999999996,0.20834999999999998,1.0,1.0,1.0,1.0,0,0.8219999999999998,0.14250000000000002,1.0,1.0,1.0,0.0,0.0,0.0,-0.1490141196179694,-0.1899854974537162,-0.1594656625975816,-0.1245493423472477,-0.1624076884400287,-0.1158549380431718,-0.1842571021904496,-0.1334542586897638,0.1487171752436841,0.5564305641306633,0.4010432254969839,0.2889767369134394,0.6619372882496389,-0.0181886188373588,0.7372061595520487,0.551340355402189,-0.0039931984444397,-0.012178134546454,0.0230008500461853,0.0422372635331952,0.1379336476459541,-0.0080570345297641,-0.0159392161167943,0.1761556175556058,1
Zm00001d050889,0.0,III,0.718894,0.54,0.6503576114267157,0.9152751650785294,0.0299,0.3008,0.0993,54134.0,178808.0,7.1567,-0.02,0.065,0.025,0.0,0.55,0.5900000000000001,0.0,0.87,0.735,0.01,0.3876,0.24485,1.0,1.0,1.0,1.0,512,0.8724999999999996,0.5035,1.0,1.0,1.0,0.0,0.0,0.0,0.0678441618794968,-0.0607060350453763,-0.0795116323630623,-0.0470632029836269,0.0154357855638106,-0.0017312876726951,-0.1322374572578809,-0.0535026364312498,0.2475619893587746,0.0317111771858511,0.2101076427490368,0.05353967961076,0.131949994051866,0.1360241430129735,-0.0172739372222959,0.0793582692973873,0.0272526033345478,-0.0128171540765313,0.0118583739613124,0.0044372650756991,0.0519431821089397,-0.0145209017194934,-0.0446848884357768,0.0094768274646372,1
Zm00001d050897,0.0,III,0.465825,0.541176,0.5267259264150604,0.8792821286663901,0.0169,0.0626,0.2704,259819.0,7855.0,9.61248,-0.02,0.055,0.01,0.01,0.45499999999999996,0.5700000000000001,0.43000000000000005,0.725,0.94,0.675,0.41425,0.25,1.0,1.0,1.0,1.0,2145,0.176,0.42149999999999993,1.0,1.0,0.0,0.0,1.0,0.0,-0.0289192006726125,0.5630019192499863,0.0459223007720347,-0.039467974853849,-0.0070017962900774,-0.0020576473884224,0.8072016597918454,-0.030861145873288,0.0051122023776463,0.1360720437389874,-0.1996762635588617,-0.0060090876013029,-0.027330009716503,0.0749547552279188,0.0313356685762828,-0.0706886361804463,0.315220010855704,-0.0679380504666047,-0.02563674034063,0.0393238763339103,0.1581423350445488,0.4790312543033,-0.1227353702711105,0.0118624478306438,1
Zm00001d050905,0.0,III,0.635897,0.741176,1.8988225185558985,0.4314983805060465,0.0336,0.1813,0.1855,1064836.0,468414.0,9.61248,-0.02,0.02,0.015,0.0,0.7849999999999999,0.495,0.005,0.915,0.69,0.49,0.28335,0.1164,1.0,1.0,1.0,1.0,410,0.4045000000000001,0.032,1.0,1.0,0.0,1.0,0.0,0.0,0.1645682328353089,0.0601625034033744,0.087865333679133,-0.0203897679547468,0.082397374451777,0.1220697774028665,-0.0565563321491652,-0.0058347930005972,0.2063017885703466,0.4350238656912423,0.5212755132040614,0.1444206594251764,0.3740174420587605,0.0150906341597552,0.571738870079555,0.3936079398932393,-0.0578955191858761,-0.0809505111856821,-0.0459663104857405,-0.0070178592947253,-0.0264602377855794,-0.030065517704038,-0.0809070666867304,-0.0197246157183319,1
Zm00001d050907,0.0,III,0.454743,0.51,0.6767658003357413,0.4520846240877428,0.0716,0.1133,0.6317,642961.0,886632.0,9.61248,-0.02,0.03,0.005,0.0,0.815,0.41000000000000003,0.01,0.8600000000000001,0.46499999999999997,0.425,0.38095,0.059,1.0,1.0,1.0,1.0,3471,0.08650000000000001,0.5125000000000001,1.0,1.0,0.0,0.0,1.0,0.0,-0.1061746402010634,-0.1013241582918805,-0.0716037244896066,-0.0484964211652415,-0.1077178924548107,-0.042549992889712,-0.1424370760078998,-0.0820247792225193,0.5686792523446641,0.7827822091881209,0.4766756223891665,0.165143965254432,0.6626817413725941,0.0033768141088608,0.8506914402864119,0.5814897924664657,0.0069344160881512,-0.0407897645070178,0.0058983426096501,0.0182075672695841,0.0340283061717854,-0.0003659164122404,-0.0440179152795935,0.0178300493691724,1
Zm00001d050911,0.0,III,0.509921,0.52,0.1033544241859752,0.9398763144291344,0.1468,0.3762,0.3902,306407.0,1227000.0,51.2794,-0.02,0.02,0.08,0.19,0.49,0.38,0.45499999999999996,0.685,0.625,0.655,0.43055,0.4958,1.0,1.0,1.0,1.0,7084,0.024,0.7145000000000001,0.48,1.0,0.0,0.0,1.0,0.0,0.1119143897668763,-0.0537169532647312,-0.0414097258379902,-0.0039678464559603,0.0943155047879951,-0.0339171260207528,-0.0868348213729569,0.0051014701658323,0.380571579111035,-0.034112114246956,-0.0290511308368081,0.0228576447207779,0.2062033843021077,-0.0573441812375477,-0.1380444546405069,0.094346257664115,0.1293171295687573,-0.0128063733277679,0.0128227378688519,0.0149106438646986,0.0989812660136566,0.0294993620008829,-0.0778830978302174,0.0213461121955292,1
Zm00001d050913,0.0,III,0.466292,0.43,1.8401578653758088,0.3845444168472102,0.0294,0.1761,0.167,106706.0,1425460.0,51.2794,-0.02,0.015,0.04,0.0,0.42000000000000004,0.795,0.0,0.5349999999999999,0.92,0.48,0.19929999999999998,0.37775000000000003,1.0,1.0,1.0,1.0,925,0.026500000000000003,0.958,0.53,1.0,0.0,0.0,1.0,0.0,-0.013225470008356,0.0094498162279781,-0.0257988312594225,0.0167853203310123,0.0218064828410777,-0.0174545883282939,-0.0728889987856149,-0.0184737851340902,0.2916668191303913,0.6231311957189687,0.2720282179780022,0.2504699323192484,0.6833816743206688,-0.0170519856522881,0.6610299483472382,0.3714437908096223,0.2647621484895471,0.0199694646869633,0.3812102822138901,0.5441204323517365,1.0326098571819184,-0.0018925554160608,0.0013517128611681,1.1347209112354135,1
Zm00001d050915,0.0,III,0.493976,0.517647,4.667857510666353,0.1791620809316153,0.0067,0.0851,0.0792,186263.0,3980.0,8.12848,-0.02,0.03,0.01,0.005,0.305,0.04,0.1,0.375,0.32,0.44999999999999996,0.35595,0.28745,0.95835,0.45475,1.0,0.9722,0,0.16400000000000003,0.336,1.0,1.0,1.0,0.0,0.0,0.0,0.138094798367406,0.5463176096389029,0.6652248666207912,0.281665306069304,0.4475787471005849,-0.0158078652064357,1.05389410997369,0.467387751347859,0.0889191478921756,0.5854934586187569,0.4201997870913436,0.1915602631933002,0.4152856678234825,-0.0410475677029884,0.7859041631944121,0.3640038604585548,0.2497688187977734,-0.0757023108951954,-0.024065162177746,-0.0341954771853166,0.1804098087092978,-0.0620961966860617,-0.1127805122209122,0.0617432357794241,1
Zm00001d050917,0.0,III,0.46817,0.61,4.195966845573567,0.2311847519093986,0.071,0.1815,0.3911,0.0,99426.0,16.7692,-0.02,0.09,0.015,0.0,0.22,0.63,0.01,0.385,0.795,0.54,0.60415,0.2,1.0,1.0,1.0,1.0,324,0.09600000000000002,0.22750000000000004,1.0,1.0,0.0,1.0,0.0,0.0,-0.0894306649552168,-0.1158048228385541,-0.0976993763586753,-0.0437056885168796,-0.092186096621506,-0.0362482626833608,-0.1283013560301013,-0.1160275243866236,0.1416763264356029,0.7018594874628964,0.8246886592308671,0.3568253012327033,0.6920587702153786,-0.0111995635356366,1.364255876678616,0.3931059251168753,0.1821769693828426,-0.1401616762217173,-0.0830419986194857,0.0096416879334421,0.2048804803181024,-0.054324427682002,-0.1282035532768497,0.0782518580087107,1
Zm00001d050920,0.0,III,0.571212,0.56,6.835903529104879,0.2009475513746382,0.0173,0.1933,0.0897,3138.0,83842.0,26.8412,-0.02,0.02,0.02,0.005,0.8,0.7150000000000001,0.01,0.815,0.83,0.39,0.2381,0.1866,1.0,1.0,1.0,1.0,0,0.0,0.6955,0.0,1.0,0.0,0.0,1.0,0.0,-0.0710960804261381,-0.0746462609711665,-0.0816685284017464,-0.0763723571060406,-0.0199801662493017,-0.0455806588553112,-0.0940277286192935,-0.089846848615736,0.086163334894138,0.2861326242819323,0.8298146628597751,0.1891509023676275,0.4602360802217873,-0.0195027340571014,0.8737442313770988,0.2053417154999967,-0.080144357001732,-0.1054564071472935,-0.058995243526873,-0.0591677854233107,-0.0411800657181788,-0.068277832483068,-0.1060294400111676,-0.0365505843935706,1
Zm00001d050923,0.0,III,0.518622,0.65,4.490681905475295,0.264162068480633,0.0131,0.0915,0.1436,272.0,130212.0,120.759,-0.02,0.015,0.065,0.01,0.405,0.685,0.605,0.6000000000000001,0.76,0.825,0.1469,0.4733,1.0,1.0,1.0,1.0,0,0.33549999999999996,0.4755,1.0,1.0,0.0,1.0,0.0,0.0,-0.0225639158549876,-0.0344812174622082,-0.0844845134062767,-0.0565348902342472,0.0261113883639484,-0.0614664742325627,-0.0989068271853263,-0.1100371933301221,0.0004196061648264,1.3449781357591175,0.3562359735190427,0.1225690757275228,0.0418609993027482,-0.0181993782669267,1.2450277679642916,0.054194433791545,-0.0507665677719335,-0.1095789182724625,-0.0376779023094012,-0.0568507005907126,-0.0104477166529243,-0.0017424821021795,-0.1101615408979375,-0.0518042034106323,1
Zm00001d050925,0.0,III,0.446312,0.42,3.0892700295142945,0.2241715406456748,0.0283,0.1312,0.2154,248733.0,698025.0,7.1567,-0.01,0.035,0.11,0.01,0.685,0.155,0.355,0.655,0.33,0.75,0.4762,0.66635,1.0,0.825,1.0,1.0,0,0.7965000000000004,0.0,1.0,0.0,0.0,0.0,1.0,0.0,0.1685847247273769,-0.0312347533177811,0.1641162335913949,-0.0027708023202768,0.1780223533510233,-0.0483943212229892,-0.1156116410229763,0.1768026518389628,-0.0567155271911443,1.3374567974796692,0.2144273485851396,0.0242676528951135,0.1207328025028016,-0.006895019276037,1.3829061621562693,0.1058023528520188,-0.0468341892091437,-0.0510708544203369,-0.0202248220611235,-0.0221557502701418,0.0236991663600267,-0.013607316811137,-0.0558068632007564,0.0053774631473368,1
Zm00001d050942,0.0,III,0.483108,0.6,2.3373312713149117,0.3667488306975773,0.0372,0.0912,0.4081,80559.0,123306.0,25.9221,0.0,0.035,0.01,0.0,0.8,0.73,0.0,0.895,0.825,0.195,0.35095,0.19445,1.0,1.0,1.0,1.0,0,0.8177999999999999,0.0,1.0,0.0,1.0,0.0,0.0,0.0,-0.0548970107033192,0.0176439418752886,-0.0190332504456573,0.0215854396230779,0.0011028578059648,-0.0169425953606091,-0.0290768308108506,-0.0071973031044793,0.0490407019927758,0.4852184657994434,0.5604816906606405,0.4038688194678373,0.7603767866136135,-0.033787157635067,0.9791527505082074,0.5624505652607278,-0.0451657495222938,-0.0373760911192902,-0.0062338591102093,-0.0182247232977203,0.0284070566661027,-0.0346279816038413,-0.0490417762237418,0.0591657590809129,1
Zm00001d050943,0.0,III,0.45977,0.741176,2.419490309970123,0.4905994450721726,0.014,0.2116,0.0662,43.0,201755.0,25.9221,0.0,0.035,0.025,0.0,0.75,0.325,0.015,0.81,0.5449999999999999,0.675,0.3624,0.2119,1.0,1.0,1.0,1.0,854,0.6490000000000002,0.23550000000000001,1.0,1.0,0.0,0.0,1.0,0.0,0.0320085861669875,0.0455541266361152,-0.0714091690236626,0.0301207180968898,0.2591451932651979,0.003059063835356,-0.0441948339260619,0.0391682867559165,-0.0465844704486064,0.7659464062380094,0.4239868736334946,0.2947788862397429,0.5496730561589006,-0.0588954296072701,1.1978839324073427,0.2433227100607378,-0.0121396598128148,-0.0123404291487258,-0.0059336684732417,0.0204163927887883,0.0843755183787952,0.0181318728265354,-0.0133378772775419,0.0061222998910788,1
Zm00001d050944,0.0,III,0.621993,0.311765,4.775380594755539,0.2858677140022521,0.0083,0.3968,0.021,14988.0,21513.0,11.5034,0.0,0.025,0.005,0.0,0.81,0.375,0.0,0.895,0.5900000000000001,0.005,0.24995,0.14375,1.0,1.0,1.0,1.0,6968,0.10025,0.1308,1.0,1.0,0.0,0.0,1.0,0.0,-0.0211914096883589,0.3941280649751232,0.0695055923188392,0.038363461605342,0.1538617066675291,-0.0063690988551175,0.4579386375527282,-0.0113424010245946,0.1840776501495841,0.0395130205069385,1.045166376174781,0.3415007778490964,0.8617844671580095,0.040072580834346,0.6228408926714959,0.9930209913382207,-0.0279528251377881,-0.096882286474824,-0.0155370507866088,0.0178580657481664,0.03825774339134,-0.0123918428814732,-0.1011385430316438,0.0446072527838649,1
Zm00001d050959,0.0,III,0.697452,0.59,0.2790311404985242,0.9498040329426624,0.0302,0.3206,0.0944,404053.0,88430.0,15.7974,0.0,0.04,0.035,0.0,0.6699999999999999,0.565,0.0,0.775,0.745,0.0,0.2833,0.23174999999999998,1.0,1.0,1.0,1.0,1530,0.7234999999999999,0.35,1.0,1.0,0.0,0.0,1.0,0.0,-0.042648205485208,-0.0533797869636269,-0.0919142951593359,0.0146321139144565,-0.0516652838285736,0.0097492125217865,-0.0813837741889802,-0.0102321931378291,0.3239704712803693,0.1075972790685344,0.5002031052548059,0.0625311290085147,0.2131656614695067,0.0613232083664712,-0.0436974983519468,0.2000224081242313,0.1533780099990073,-0.0092614639622449,0.0238338288073551,0.0203578500137232,0.0850818018237954,0.0006066961946586,-0.0788218546312098,0.0431625248699589,1
Zm00001d050960,0.0,III,0.453333,0.64,0.626666728546848,0.5883137576847192,0.063,0.1049,0.6004,319.0,491112.0,15.7974,0.0,0.03,0.02,0.005,0.5599999999999999,0.73,0.015,0.77,0.9099999999999999,0.515,0.19045,0.16720000000000002,1.0,1.0,1.0,1.0,2361,0.1175,0.07400000000000001,1.0,1.0,0.0,0.0,1.0,0.0,0.0287602537290449,0.0147136530262791,-0.0294296416318853,-0.0229370924100493,-0.0212688634609375,0.0028022030221447,-0.1139721514572052,-0.0520971697681239,0.8093716855800164,0.6080531945661349,0.335116900742914,0.0278267965741759,0.2748217048997948,-0.0482656535960138,0.2515750015789724,0.2625300269296201,0.0963184349211339,-0.073686295637057,0.0055630445059271,0.0057600413913753,0.1424080672286149,0.004237243609476,-0.094415406173174,0.0832667874694582,1
Zm00001d050961,0.0,III,0.514139,0.364706,3.6759147784074777,0.2939243309960554,0.0166,0.3225,0.0514,115.0,244.0,18.7127,0.01,0.045,0.045,0.005,0.41000000000000003,0.605,0.034999999999999996,0.47,0.795,0.62,0.6039,0.28215,1.0,1.0,1.0,1.0,1785,0.0,0.169,0.0,1.0,0.0,0.0,1.0,0.0,0.2037202126449077,-0.0279943390538978,-0.03948517100298,0.1373993707730436,0.4110615621692616,0.0415687960911044,-0.0487946461488414,0.1373544412038896,0.2076614276129965,0.3045020210774389,1.228513888681901,0.5050458447061603,0.9315470693661084,0.0533803196859944,0.759537729639972,0.5614427849757525,0.2394421654367415,-0.1121963809035799,-0.0821390512537163,0.1536317512843354,0.4888900598742053,-0.0306416502448526,-0.1346328946951137,0.1132563107108433,1
Zm00001d050963,0.0,III,0.601598,0.42,0.6625809976638909,0.529699540066164,0.2184,0.2373,0.9201,243752.0,48702.0,8.6407,0.01,0.04,0.025,0.01,0.815,0.5349999999999999,0.165,0.91,0.625,0.6,0.43435,0.4092,1.0,1.0,1.0,1.0,5941,0.9884499999999999,0.47450000000000003,1.0,1.0,0.0,0.0,1.0,0.0,0.2237014818838717,0.1221891046862407,-0.0011313205634054,0.044371569993368,0.1919245880631306,-0.0070668757260412,-0.0106783797676503,0.0678785827113888,0.3188175601937039,0.6790235024761515,0.5380478759718115,0.132166189986838,0.3924739221361912,0.0304653164204237,0.9319436207490384,0.4288195966514651,-0.0424213599072858,-0.0521192197164501,0.0051874952356563,-0.0118085021881234,0.0208588219998941,-0.0223627449140681,-0.044420880833669,0.0591852456380365,1
Zm00001d050965,0.0,III,0.459119,0.57,4.1014803140057525,0.2148470030043743,0.0147,0.1109,0.1324,153398.0,133544.0,8.6407,0.01,0.0,0.034999999999999996,0.015,0.3,0.53,0.595,0.935,0.715,0.79,0.10830000000000001,0.23820000000000002,1.0,1.0,1.0,1.0,1124,0.049,0.654,0.98,1.0,0.0,0.0,1.0,0.0,-0.025888248802806,-0.0055445667333739,-0.022754376684141,-0.0023653828456602,0.0472762900382612,-0.0083045968838857,-0.0283703053544197,0.013356995889471,-0.0632768163038932,0.6803260947372161,0.0027244275714092,-0.0111195591922984,-0.0394926130724379,-0.0282027629396604,0.7439382578500949,-0.0635075584525888,-0.0550246363416708,0.8974628977301645,0.0643505764192401,0.0208890551089647,-0.0553342698585055,0.0123788166571665,1.1120702463578431,-0.0235324359998854,1
Zm00001d050969,0.0,III,0.595289,0.56,3.906178622230221,0.476545001252005,0.0174,0.2358,0.0739,53.0,93479.0,13.3943,0.01,0.035,0.015,0.0,0.73,0.31,0.0,0.86,0.8,0.14,0.40985,0.22935,0.96665,1.0,1.0,1.0,1615,0.22149999999999997,0.10950000000000001,1.0,1.0,0.0,0.0,1.0,0.0,-0.0689842790777826,-0.0440193637180058,-0.0725103550771937,-0.0281753256570674,-0.0684452381384974,-0.0112721127902003,-0.1049623588824662,-0.0526013939229864,0.172517588554047,0.1603402134305944,1.458036877293629,0.1777252900791782,0.3395796685858705,-0.0309278789412136,1.0151751308981078,0.3120685743438638,-0.0836097419503773,-0.0840242668535003,-0.0292069477146532,-0.0452494328438955,-0.0275237382984993,-0.0156449692021234,-0.0790276685773351,-0.0517904007957975,1
Zm00001d050970,0.0,III,0.475019,0.58,4.855441166527854,0.2360139583053007,0.031,0.1596,0.1943,67.0,91515.0,43.1508,0.02,0.030000000000000002,0.015,0.005,0.885,0.73,0.0,0.8899999999999999,0.855,0.595,0.50745,0.1496,1.0,1.0,1.0,1.0,4081,0.0,0.14400000000000002,0.0,1.0,0.0,0.0,1.0,0.0,-0.116284758260875,-0.1005310062007897,-0.0862139535727664,-0.0721865961812645,-0.0720561481034507,-0.0596106645445868,-0.1421817666859672,-0.114242724907229,-0.078452959716013,0.5526559630903767,0.8726403816193079,0.3100755418198646,0.379313686617747,-0.0038956226910401,1.1699879782679727,0.2272410372281511,-0.0282651969543417,-0.0490928035858205,0.0130288135198064,0.0336830107529076,0.0404414937484197,-0.0031317345690102,-0.036367748692937,0.0067440103004824,1
Zm00001d050978,0.0,III,0.475362,0.55,3.7343033603322575,0.3183657512381652,0.0165,0.0747,0.2206,19838.0,416816.0,10.9912,0.02,0.07,0.095,0.0,0.615,0.32,0.01,0.74,0.48,0.49,0.68335,0.46530000000000005,1.0,0.96425,1.0,1.0,3301,0.0978,0.0,1.0,0.0,0.0,0.0,1.0,0.0,0.5034090399065081,-0.0326153167815944,-0.0745295395098316,0.033217104241041,0.1818499279752861,0.1805179320237196,-0.075232827147325,0.0697338927068313,0.1948248934215357,0.5847277744601097,0.5476908430790749,0.2069557745213993,0.4348223237241349,-0.017659148319197,0.9194099563038995,0.3368067815829074,-0.0147733315190632,-0.1264332015277161,-0.0277539797879853,-0.0166443575123511,0.0866880587480489,-0.0703980443302448,-0.0996472380746592,0.0451544429040971,1
Zm00001d050981,0.0,III,0.494928,0.305882,3.0868438952005985,0.4158073475200877,0.0135,0.1424,0.0947,146786.0,1064591.0,15.7974,0.03,0.05,0.02,0.0,0.7,0.72,0.035,0.825,0.86,0.51,0.56955,0.20715,1.0,1.0,1.0,1.0,1014,0.5634999999999999,0.4745,1.0,1.0,0.0,0.0,1.0,0.0,-0.0905000677332572,-0.1125118186082317,-0.0975227489891239,-0.0914020131825919,-0.1089574316156796,-0.083044425844392,-0.1429444824028465,-0.0921647438041423,0.1924247050249548,0.5446419192876156,0.5155008565479795,0.1234630561131774,0.3814084245954364,-0.0299560540499179,0.8405492137182267,0.3922844900021907,-0.0844740209827414,-0.1318885394449918,-0.1107841017058953,-0.0871048454461191,-0.0361596354694977,-0.0744558793115568,-0.1510825017673967,-0.1140635273124933,1
Zm00001d050988,0.0,III,0.623583,0.64,0.5912566855943598,0.8393032485752958,0.0366,0.5095,0.0718,784635.0,429498.0,9.61248,0.04,0.165,0.060000000000000005,0.015,0.665,0.7050000000000001,0.03,0.74,0.835,0.13,0.56845,0.5446500000000001,1.0,1.0,1.0,1.0,633,0.038000000000000006,0.7715000000000001,1.0,1.0,0.0,0.0,1.0,0.0,-0.0092123976635011,-0.0130220781764952,-0.010394936909572,0.0090026324578999,0.0013267835041941,0.0062844020229854,-0.0203560917641498,-0.0039889175998656,0.6309251035468921,0.1950846632189626,0.3323859847261261,0.101549151810714,0.2988526285819471,0.0836921727997739,-0.0564811762529251,0.1979195697084419,0.2857320369211027,-0.0021544864115307,0.0004493658802246,0.077548556998242,0.2654772281947629,0.0634195039621286,-0.0861768932448281,0.0770763515861252,1
Zm00001d050992,0.0,III,0.659531,0.54,2.09541961292796,0.495559578504465,0.0149,0.2179,0.0686,214785.0,997641.0,9.61248,0.04,0.015,0.02,0.01,0.81,0.6950000000000001,0.005,0.9199999999999999,0.815,0.16,0.09165000000000001,0.10095,1.0,1.0,1.0,1.0,4925,0.0,0.919,0.0,1.0,0.0,1.0,0.0,0.0,-0.0223184561051097,-0.0137556891269245,-0.0409561949973579,-0.0043645243263599,-0.0047652298478466,0.0106942461762497,-0.0374032635078403,-0.0291849952453946,0.1511858425104753,0.2365300110452381,0.5122416744235071,0.1833159739125436,0.5422012844601205,-0.0714857589773757,0.3326365695887984,0.4345442371168094,-0.0475057836428857,-0.0626978077400796,-0.0646248104100491,0.0072345374262936,0.0147975294442765,-0.0144185451297887,-0.0935163165101548,-0.0379003448170139,1
Zm00001d051001,0.0,III,0.522682,0.62,8.836438244271001,0.2762299020717199,0.0099,0.1987,0.0497,139.0,146374.0,15.3378,0.03,0.02,0.02,0.0,0.695,0.6,0.005,0.74,0.8300000000000001,0.1,0.2422,0.13579999999999998,1.0,1.0,1.0,1.0,3434,0.1555,0.32949999999999996,1.0,1.0,0.0,0.0,1.0,0.0,-0.0331856747480742,-0.0401022430603835,-0.050916422373137,0.0356873407555713,-0.0610156156442504,0.0036019926938553,-0.0754295049221066,-0.0352003807908512,0.5742648817929232,0.3340733990563611,0.9386153242696942,0.1273652152303035,0.5042600296806794,-0.0536863774662503,0.6040684686846032,0.3664053320491859,0.0079988570840583,-0.0719184776880712,-0.0556150219668198,0.0519522566689572,0.0543748948951786,0.0042469112465429,-0.0598186253666606,-0.0408120550175471,1
Zm00001d051015,0.0,III,0.502646,0.317647,2.7811319297853943,0.3092225892041347,0.0203,0.0872,0.2323,3785.0,107417.0,67.9959,0.01,0.005,0.015,0.005,0.0,0.8,0.01,0.31,0.905,0.14,0.0896,0.16665000000000002,0.1131,1.0,1.0,1.0,0,0.0462,0.9990000000000001,0.96,1.0,1.0,0.0,0.0,0.0,-0.0401167159282594,-0.023111206689512,-0.0627969063407002,-0.0127249716028121,-0.031669340751348,-0.0129264070560091,-0.0695788997861017,-0.030225081153469,0.3272693670087704,0.2823112952102243,0.4297439583797655,0.2025700406424992,0.5986649867782472,-0.0513162990498614,0.2206158092281107,0.5531036165307595,0.4001706271006103,0.4798579420301293,0.1975016741568001,0.0762662343270534,0.2532324698061229,-0.0388057096531144,0.5937285595385402,0.068601143022662,1
Zm00001d051016,0.0,III,0.470508,0.56,4.118542872853284,0.3075305792341429,0.1133,0.1586,0.7143,139.0,110333.0,67.9959,0.01,0.01,0.01,0.0,0.325,0.025,0.0,0.28,0.16,0.29,0.1665,0.16525,1.0,0.625,1.0,1.0,2867,0.0,0.04999999999999999,0.0,0.99,1.0,0.0,0.0,0.0,0.366167570104336,0.2104093639482514,0.5366482871391516,0.2606633232516498,0.7076223200509971,-0.0689791695527467,0.2126524471542797,0.6756618873365199,0.5645010760575521,0.5310968850021525,0.8915727338197428,0.2338927181876832,0.5271350110862378,-0.0632577739401653,1.1032464112796971,0.3329765141187931,0.1287591821238959,-0.0731714318221414,1.0093726480433,0.5338644102440193,0.8738445219596029,-0.0150774668560941,-0.018646504913909,0.7609426132924868,1
Zm00001d051020,0.0,III,0.491803,0.32,3.9029396721548086,0.2798869159257985,0.0444,0.1074,0.4136,510647.0,234598.0,67.9959,0.01,0.055,0.02,0.01,0.745,0.685,0.6799999999999999,0.875,0.9,0.845,0.42425,0.1363,1.0,1.0,1.0,1.0,1839,0.6669999999999999,0.9329999999999999,1.0,1.0,0.0,0.0,1.0,0.0,-0.0592693294753174,-0.0459654680640465,-0.0504684061080516,-0.0068169063191378,0.0022590019131431,0.0021062150134878,-0.0818522304780667,-0.0239307199431599,-0.2113692847370379,1.684812757592481,0.2208277955949049,0.0546096854538041,-0.0667578174699403,-0.074045580906451,2.1550952788465367,-0.1282488164234547,-0.0951758453698429,-0.0925446024335728,-0.0788493441517258,-0.07307720357571,-0.0550986621127322,-0.08796540785843,-0.1042093513747806,-0.0651556498292089,1
Zm00001d051043,0.0,III,0.524105,0.62,4.168281660784486,0.2989431045307691,0.0183,0.0987,0.1853,124.0,812.0,19.6845,0.04,0.025,0.01,0.01,0.72,0.42500000000000004,0.005,0.85,0.615,0.525,0.3458,0.18014999999999998,1.0,1.0,1.0,1.0,610,0.45539999999999997,0.253,1.0,1.0,1.0,0.0,0.0,0.0,-0.003501914112823,-0.065932998062129,-0.0495075561422791,-0.0688416686107014,0.0016484146716255,-0.0095389914316356,-0.073867891284995,-0.0381575512380302,0.2565897306594487,0.7903257292965578,0.5540160395582387,0.1316824373802054,0.3795932417477,-0.0515152388150054,1.3455602624832204,0.1750401836657674,-0.0516752457643727,-0.0659005889771586,-0.0475843790257066,-0.0516673077768853,-0.0209337388091505,-0.0017040604633967,-0.0749980281173088,-0.0437026788557725,1
Zm00001d051052,0.0,III,0.569544,0.62,4.92636144232674,0.1919730325849207,0.0491,0.1236,0.3973,224251.0,185383.0,11.5034,0.06,0.05,0.025,0.005,0.77,0.845,0.23,0.94,0.9,0.685,0.41664999999999996,0.19440000000000002,1.0,1.0,1.0,1.0,0,0.34834999999999994,0.0,1.0,0.0,0.0,0.0,0.0,1.0,0.0083985373285507,-0.0468306163145768,-0.0751210651070711,0.0384427609312784,0.0925197482724143,-0.0084806026687296,-0.0993501418792172,-0.0317485516826646,-0.082866007203345,0.971103781534302,0.3430703550929214,0.1495476314779928,0.2941617762049145,-0.0542839385475185,1.2627858429885517,0.1464156496170449,-0.054983052507895,-0.0941332268354563,-0.0307957373047886,0.0419746010647826,0.0883486232291993,-0.0060694362159131,-0.0667671018760486,0.0634767213400903,1
Zm00001d051053,0.0,III,0.503268,0.55,2.447851930235849,0.6288322717651476,0.0412,0.0606,0.6797,49.0,1283.0,45.0417,0.08,0.035,0.02,0.0,0.755,0.255,0.22,0.84,0.36,0.355,0.60415,0.18835,1.0,1.0,1.0,1.0,539,0.10550000000000001,0.022500000000000006,1.0,0.45,0.0,0.0,1.0,0.0,0.2591795119550315,0.0185080781986787,0.3762535892636101,0.0937786175146778,0.2867076712733013,-0.003304920465608,0.0879333988516452,0.3698167131594354,0.3178420120530452,0.5639120378385274,0.5438819498741595,0.1161837906351226,0.3564510440595753,-0.0086390441991393,0.8436466724146747,0.2858329735671214,0.0254415570941896,-0.0216543482519735,0.0743824424973706,0.0090151169804198,0.0727853752537515,0.0061504840068389,-0.0384373102355327,0.1532922339144167,1
Zm00001d051062,0.0,III,0.515504,0.54,4.878088329282061,0.3042439445315652,0.0374,0.1696,0.2208,260083.0,23863.0,11.9629,0.06,0.015,0.025,0.005,0.845,0.525,0.005,0.9,0.73,0.6950000000000001,0.2202,0.21665,1.0,1.0,1.0,1.0,333,0.8109999999999999,0.22749999999999995,1.0,1.0,0.0,0.0,1.0,0.0,-0.0324275358987581,-0.0329495675215454,-0.0495718409025598,0.003014378189307,-0.0548651192372263,0.0117766420350097,-0.0583060748007507,-0.0402314984299,-0.0098682402238129,0.5568302952544599,0.3775296418352069,0.0767510987358644,0.1890146778747269,-0.0632798147506447,0.9752796287609076,0.0690106237662285,-0.0057492906536124,-0.039525604815581,-0.0271052237436365,0.0403299310512452,0.0454522920811453,0.0498100249063752,-0.0449522408698993,0.0229012049897829,1
Zm00001d051065,0.0,III,0.534063,0.49,4.77139337611198,0.1419710224538925,0.0158,0.1266,0.1247,881.0,6766.0,57.5169,0.06,0.035,0.065,0.0,0.5900000000000001,0.665,0.025,0.735,0.865,0.72,0.51715,0.5452,1.0,1.0,1.0,1.0,318,0.21800000000000005,0.26549999999999996,1.0,1.0,0.0,1.0,0.0,0.0,-0.0003475582776406,-0.0525632824638768,-0.0490751313220944,-0.0237080409217631,0.0444996698024342,-0.0378174007836062,-0.066356628182184,0.0044819254206652,0.106861845726712,0.6748698647741761,0.3655417206579341,0.4000097349471805,0.6853599157409561,0.011047831965524,1.0118481101966197,0.4537035388813413,-0.0104118869831749,-0.0612142780028992,0.0360011926710806,0.0507625883372926,0.212375931170441,0.00244263814401,-0.0393378517605062,0.129354303253012,1
Zm00001d051067,0.0,III,0.44484,0.311765,4.422236949975165,0.2331059619623998,0.0688,0.0913,0.7542,27.0,65146.0,12.4752,0.06,0.065,0.02,0.0,0.84,0.645,0.01,0.9299999999999999,0.855,0.6699999999999999,0.83335,0.2532,1.0,1.0,1.0,1.0,0,0.42200000000000004,0.1585,1.0,1.0,0.0,1.0,0.0,0.0,0.0409305450767229,-0.0594562454608718,-0.0764556127780078,-0.0410004050392842,0.0808169511830197,-0.0191978477190253,-0.0980979462495507,0.0151021279317798,-0.1184432715308837,0.9576427483967164,0.3335525049887985,0.1611737663594134,0.4068189021004235,-0.0887284821070319,1.5063871715383292,0.2033578592943188,-0.0761092168966204,-0.0812500883875871,0.0210611712279694,-0.0019540490314029,-0.0019378902673162,-0.0225861649595511,-0.0848011429379883,0.0202180593800307,1
Zm00001d051069,0.0,III,0.502467,0.51,0.9379618258981458,0.5323498778640967,0.0271,0.1751,0.1545,59968.0,583817.0,12.4752,0.06,0.060000000000000005,0.015,0.005,0.765,0.78,0.20500000000000002,0.855,0.885,0.57,0.6574,0.20829999999999999,1.0,1.0,1.0,1.0,0,0.27449999999999997,0.9992499999999999,1.0,1.0,0.0,0.0,1.0,0.0,-0.056146592950223,-0.0582922664373434,-0.0558811803301841,-0.0114493589631508,-0.0399346040606328,3.045522413281376e-05,-0.0807320180583578,-0.0535954820074589,0.2100532942283384,0.5630604602840543,0.2882384404091713,0.0479216102958931,0.3399682084409501,-0.0874286463495717,0.733539100259357,0.2590638079324544,0.0151418840079503,-0.0615651424982891,0.020693133435273,0.021064911270016,0.0364382188947562,-0.0017841150794161,-0.0619553738305051,0.0360949881177687,1
Zm00001d051080,0.0,III,0.574194,0.53,3.8170723743267527,0.5994579250501807,0.0476,0.382,0.1245,976.0,80489.0,43.6104,0.06,0.02,0.03,0.0,0.72,0.74,0.0,0.915,0.835,0.0,0.2708,0.33985,1.0,1.0,1.0,1.0,4983,0.166,0.575,1.0,1.0,0.0,0.0,1.0,0.0,-0.0343308326872076,-0.0325508882167533,-0.0052947946273837,0.0397962892108339,-0.0262146584177271,0.0636198321294429,-0.0334199883323111,-0.0332210171646883,0.7875921242956406,0.0659458057217978,0.0717593311848655,0.0893829230199172,0.1703888533178762,0.4708645417760981,-0.0930848917679451,0.0925319052476253,0.1241251820411849,-0.0465105327035478,-0.045247119155616,-0.0136171803047014,0.0078005160316013,0.2166019371767543,-0.0979065747662502,-0.0131885029320587,1
Zm00001d051081,0.0,III,0.479465,0.66,2.007322387373009,0.446778888176075,0.0172,0.1071,0.1605,121553.0,270029.0,10.5316,0.06,0.08499999999999999,0.03,0.0,0.37,0.29000000000000004,0.005,0.535,0.63,0.405,0.83335,0.46485,1.0,1.0,1.0,1.0,9360,0.35129999999999995,0.0013,1.0,0.18,0.0,0.0,1.0,0.0,-0.0582516835880735,-0.0839768325498388,-0.0588499878089754,0.0073487235274917,0.0709835178543328,0.0183325370261553,-0.1081642324993955,0.0044258433346228,0.0791964950848799,0.7283878200703404,0.4088818594115622,0.2039524277667235,0.438428045110864,-0.0534984971530724,1.1131802552246604,0.2810469688088634,0.2914997111370684,-0.0810092005300732,-0.0222389640516643,0.0289525808384858,0.2457044589675535,0.0083238238770655,-0.0899340711775736,0.062380038924234,1
Zm00001d051082,0.0,III,0.605201,0.52,3.4906455063448245,0.3490075148375021,0.0557,0.1107,0.5036,267964.0,127023.0,10.5316,0.06,0.035,0.0,0.01,0.81,0.005,0.005,0.905,0.335,0.47,0.4365,0.02,1.0,0.1389,1.0,1.0,7295,0.99965,0.0,1.0,0.0,0.0,0.0,1.0,0.0,0.0029041568995998,0.4808811424489453,-0.0325011320306748,0.0153031964692934,0.1975534195418094,-0.0248431093819761,0.5816574992445827,0.0183223034680808,0.0218058837938039,0.2932849025397798,0.3302388508002451,0.2034141787932768,0.4962584686943745,-0.0255491320733466,0.6982212306202634,0.3603559955141636,-0.0360222596383367,-0.0666932033846494,-0.0525272212315294,0.0228880407071455,0.0730255036859944,0.0288488736901093,-0.0983238228333804,0.0123767233936441,1
Zm00001d051114,0.0,III,0.503961,0.63,1.5108073605987438,0.5251614997210907,0.047,0.1824,0.2576,228081.0,93331.0,9.55982,0.17,0.025,0.045,0.0,0.655,0.74,0.04,0.76,0.865,0.755,0.31930000000000003,0.36975,1.0,1.0,1.0,1.0,0,0.20050000000000004,0.7360000000000001,1.0,1.0,1.0,0.0,0.0,0.0,-0.0172421147799539,-0.0233888796863872,-0.0103631357489351,0.0082301090921682,-0.0207258512029658,-0.003364208467939,-0.0313225793366559,0.0017520384419912,0.1529313776442469,0.3662128854998428,0.4710433860427107,0.112648867498821,0.2916613043276165,-0.0432019421342491,0.5589340703281392,0.3354153209416695,-0.0161084648369983,-0.0815987387065944,-0.0268204736053243,-0.0261492330660368,0.0103621759884356,-0.04198778133214,-0.0900141297776472,0.0115836299987379,1
Zm00001d051116,0.0,III,0.529412,0.46,3.7595434828045953,0.3012668815678045,0.0318,0.1823,0.1746,2048.0,320855.0,9.55982,0.17,0.04,0.05,0.015,0.29000000000000004,0.73,0.0,0.8200000000000001,0.925,0.28,0.34265,0.34995,0.9625,1.0,1.0,1.0,0,0.0,0.8420000000000002,0.0,1.0,1.0,0.0,0.0,0.0,-0.0174713826284046,-0.0048923889563751,-0.0298994343956659,0.0161235373908527,0.0004796341065727,-0.004163451328501,-0.0322047904505116,-0.0002857580887158,0.2066013617303092,0.4111159954452305,0.0071490546136833,0.0482367183607718,0.2128111311104946,-0.0225632010578636,0.4050195696382802,0.0302216717767182,0.2122543802599671,0.5898722671660347,0.5898831426339977,0.1924151142609746,0.4937151261457416,0.0276020727150648,0.9567765049890466,0.4861842931004171,1
Zm00001d051117,0.0,III,0.642857,0.54,0.0228733389185522,0.9227651885584278,0.0458,0.1239,0.3698,202734.0,74194.0,9.55982,0.17,0.060000000000000005,0.015,0.0,0.785,0.655,0.0,0.9099999999999999,0.75,0.01,0.5972500000000001,0.1582,1.0,1.0,1.0,1.0,5996,0.8760000000000001,0.574,1.0,1.0,0.0,0.0,1.0,0.0,0.1275543577091195,-0.0651824724719727,-0.0472204653232411,-0.0372612985556835,0.0203756064775727,0.4889777539278833,-0.1410129585676575,-0.0448483818601147,0.4613311566590782,0.1601805295285079,0.3827585813592519,0.0235496783990152,0.2147718982496962,0.5343688406854383,-0.1066379215767953,0.1125999894593546,0.071723472799863,-0.0516704377334313,-0.0151040418804604,-0.0123947522143708,0.0044811133499134,0.1330231383989158,-0.0845053646303472,-0.0369602582399733,1
Zm00001d051119,0.0,III,0.515239,0.62,0.7791192447610666,0.7132913819687272,0.0391,0.1116,0.3505,186093.0,2718.0,7.1567,0.18,0.03,0.0,0.0,0.715,0.0,0.01,0.85,0.03,0.5,0.2857,0.0,1.0,0.0,1.0,0.16665,1055,0.7415,0.0,1.0,0.0,1.0,0.0,0.0,0.0,0.4146902947714867,0.0629800880823877,0.0681157410200617,0.0153439127801942,0.070808302488228,0.6360788325886341,-0.0414848246751953,0.0262333406489117,0.3082156188889733,0.6452843155678336,0.5569198582747915,0.3451939843945363,0.5342709157098929,0.0670749734019732,0.8169571467086923,0.3507845035252653,-0.0645636849587912,-0.0807169669036321,-0.0052015229595324,-0.018575797444342,-0.0055902446463382,-0.0343353372161884,-0.0712073127529633,-0.0118323434087252,1
Zm00001d051121,0.0,III,0.678571,0.45,0.7295518259963546,0.7871623647580582,0.0101,0.1607,0.063,3791.0,113839.0,85.7894,0.19,0.01,0.015,0.0,0.42000000000000004,0.6799999999999999,0.0,0.555,0.6299999999999999,0.0,0.0682,0.19085000000000002,1.0,1.0,1.0,1.0,345,0.17200000000000004,0.124,1.0,1.0,0.0,0.0,1.0,0.0,-0.0435581565387525,-0.0782320554078645,-0.0506483125789269,-0.0115541179178584,-0.0592846074308447,-0.0307461826099153,-0.0887521291082478,-0.0351031349687853,0.1709140423002351,-0.0196907051809908,0.7550854400122843,0.7305054755610298,0.7135469125152364,0.122541779162851,-0.0846968968807756,0.895072734913003,0.0142935453434215,-0.0751078890847028,-0.0374176127959361,0.1728610108616554,0.3293781387023201,0.0590497251414023,-0.1078095062031406,0.1786161307366049,1
Zm00001d051129,0.0,III,0.455556,0.56,6.035279820587426,0.2286913933494818,0.0076,0.1129,0.0677,140156.0,127490.0,35.4819,0.21,0.11,0.015,0.005,0.81,0.5900000000000001,0.02,0.94,0.675,0.71,0.5327999999999999,0.17520000000000002,1.0,1.0,1.0,1.0,0,0.9414999999999999,0.0,1.0,0.0,0.0,1.0,0.0,0.0,-0.0378551915169176,-0.0310665529790939,-0.0602755743594901,-0.0070826790130292,-0.0414286404814625,-0.005380422449443,-0.0755170831272864,-0.0195925899374739,-0.0770936701553563,0.7944082354025144,0.2881454705652402,0.0719099072670896,0.2565897074576841,-0.0668148840419546,1.3681554680279702,0.1774617231716086,-0.0326551679051097,-0.0394673165196264,0.0057705909592117,-0.0008190443808026,0.0606936907500064,-0.0143997633499537,-0.03886461251108,0.0252791723484866,1
Zm00001d051135,0.0,III,0.449535,0.53,3.874503918390634,0.2036753374808842,0.0589,0.1633,0.3608,263545.0,76622.0,20.5509,0.23,0.060000000000000005,0.0,0.0,0.7749999999999999,0.08499999999999999,0.01,0.91,0.33999999999999997,0.715,0.6227499999999999,0.078,1.0,0.825,1.0,1.0,0,0.125,0.13499999999999995,1.0,1.0,0.0,1.0,0.0,0.0,0.0027889325514729,0.5497310789458771,0.0554048488351181,0.0177859696857812,0.090848332888611,-0.0275106854825232,0.8462319006229195,-0.0088296771089229,-0.1201896363810044,0.9294905797545108,0.2624096323858357,0.1398746117686816,0.314163371583005,-0.0466675321479467,1.427868165589111,0.153431735167341,-0.0101519217073418,-0.0663923411109051,-0.0522066975497345,0.0071004295839039,0.0942344572728612,-0.0210082588196739,-0.0620544424465391,-0.0411242344759429,1
Zm00001d051149,0.0,III,0.664112,0.59,0.2669530092058718,0.946966526364462,0.0732,0.2574,0.2842,338226.0,145782.0,22.035,0.26,0.045,0.045,0.0,0.22999999999999998,0.655,0.0,0.27,0.8300000000000001,0.0,0.3333,0.4764,0.7882,1.0,1.0,1.0,953,0.7015,0.6751999999999997,1.0,1.0,0.0,0.0,1.0,0.0,0.0437728764244315,-0.0399906952454997,-0.0019719265878526,0.014490618139942,0.0164175185168628,0.4673313564149806,-0.0779146889878224,0.0013269185200104,0.3848790079471272,0.0917522971821861,0.3575569901985905,0.1294203590884835,0.1862297421779384,0.5215270812272846,-0.0187083514334644,0.1593112909812813,0.1767060425174903,-0.0041629338651481,0.0506347695983868,0.0702453474784402,0.1199636151982714,0.309384909849401,-0.0216573342066356,0.0623496631647858,1
Zm00001d051156,0.0,III,0.756968,0.55,3.146998090933389,0.380964717475535,0.0343,0.4247,0.0808,43.0,872.0,10.5316,0.28,0.065,0.0,0.005,0.16999999999999998,0.0,0.0,0.24000000000000002,0.0,0.0,0.62845,0.04165,0.975,0.04165,1.0,0.0357,276,0.0,0.0,0.0,0.0,1.0,0.0,0.0,0.0,0.6408930603914289,0.0587499523658167,0.0068960267204936,0.0787163732300059,0.257936842453789,0.0547606459214134,-0.0274583183053103,0.1167316126223206,0.2018220078759619,-0.0113860541750468,0.4600377137239038,0.0597952872911064,0.1454820766381097,0.0186597331001357,0.0063487717125377,0.0938521838196707,0.1878323679339437,-0.0759017625601489,-0.0222408389741704,-0.0237234034830403,0.0484113280532311,-0.0164780772673147,-0.0829856623381316,-0.0079927408998257,1
Zm00001d051157,0.0,III,0.505345,0.58,4.925938158782043,0.2739187519421305,0.0181,0.128,0.1413,30.0,881.0,11.0438,0.28,0.02,0.005,0.0,0.845,0.005,0.005,0.88,0.0,0.28500000000000003,0.175,0.0625,1.0,0.04165,1.0,0.0357,2600,0.0,0.0,0.0,0.0,0.0,0.0,1.0,0.0,0.566576475054169,-0.0453341334361214,-0.0236807093010803,0.0640576378240014,0.2319511810817145,0.0986051011057432,-0.066780276338667,0.1302379782897139,0.7727885979308248,0.6516723744445946,0.425873343048276,0.2221053573632158,0.4476179777656539,0.042254761463063,0.8640051839833518,0.2765704342256549,-0.0480278586079636,-0.0949772511422422,-0.0483523769927531,-0.0399996319247639,0.0049931388852217,0.0145004440427216,-0.0974675859392835,-0.0001516948983169,1
Zm00001d051161,0.0,III,0.677557,0.65,2.144195941467672,0.7384295021047499,0.0118,0.9202,0.0128,178.0,262.0,17.2814,0.3,0.13,0.075,0.285,0.655,0.535,0.195,0.6799999999999999,0.755,0.505,0.6736,0.42500000000000004,1.0,1.0,1.0,1.0,2097,0.40269999999999995,0.426,1.0,1.0,0.0,0.0,1.0,0.0,0.275376119874999,-0.0157642431094805,-0.031701011493178,0.0152472264241616,0.1112243001120292,-0.0169409356691981,-0.0812568059951529,0.0128894938356927,0.3026671981241414,0.1326955576406593,0.6313130638382647,0.1259885126626702,0.2622032410436032,0.0394538785342327,-0.090571000311088,0.1704592259351556,0.0918283956636012,-0.0624538255558618,-0.0359736786965176,0.0755970324207006,0.3213265959812384,0.0202119575055947,-0.0929798465350522,0.1213119406708901,1
Zm00001d051163,0.0,III,0.675939,0.664706,2.951654384772365,0.5285532643414799,0.0148,0.5026,0.0294,1756.0,67.0,21.0632,0.3,0.02,0.05,0.0,0.7450000000000001,0.28,0.01,0.9,0.53,0.04,0.03465,0.6700999999999999,1.0,0.96875,0.91835,1.0,0,0.0,0.18775000000000003,0.0,1.0,0.0,0.0,1.0,0.0,0.1839944909016932,-0.0302364670912891,-0.0552766006332617,0.067391638983206,0.1869234196159545,0.0148319486196594,-0.0851226878982023,0.0501976760032712,0.2828455450892339,0.1415238943582838,0.3957703593789037,0.2786102371675774,0.5455223809802068,0.0374629291030526,0.0128392458893893,0.3253206092114337,0.0,0.0,0.0,0.0,0.0,0.0,0.0,0.0,1
Zm00001d051172,0.0,III,0.708333,0.605882,1.554765682219432,0.5470773297709809,0.035,0.1129,0.3097,142.0,1369.0,93.4584,0.32,0.02,0.22500000000000003,0.0,0.7749999999999999,0.6699999999999999,0.0,0.8400000000000001,0.5449999999999999,0.0,0.15785,0.625,1.0,1.0,1.0,1.0,0,0.0,0.37199999999999994,0.0,1.0,1.0,0.0,0.0,0.0,0.2861624603603,-0.0811666930415145,-0.0814962151206336,0.0227515368855389,0.1390048662866016,-0.0033810722555673,-0.0945053123066764,0.0573869787383362,0.162564843476781,0.0026132004975138,0.9247512190231916,0.1848484286277711,0.4284005360877595,0.0008266707206864,0.0776668893206847,0.5379181886130333,0.0340793185311537,-0.0501253719793503,-0.0124899912925687,-0.0022104042606993,0.0702924363137946,0.0205307984631329,-0.0559351279017834,0.0224024656455339,1
Zm00001d051174,0.0,III,0.672414,0.47,1.4977117710027856,0.8275605444507483,0.0098,0.2598,0.0378,1362.0,106.0,10.5316,0.32,0.03,0.04,0.005,0.48,0.805,0.005,0.75,0.905,0.0,0.35515,0.45494999999999997,1.0,1.0,1.0,1.0,323,0.5709,0.9913,1.0,1.0,0.0,0.0,1.0,0.0,-0.0249970405919445,-0.0274187408515437,-0.0322642056269852,0.0084574928928493,-0.0030304741808778,0.0177302415159228,-0.0425186363112422,-0.0142042982463542,0.6604030959037241,0.0662811663592022,0.491584174963979,0.083627800709348,0.32790905512111,0.3590077268644973,-0.0689485263524413,0.2227059774461698,0.127860553184874,-0.0451248294238552,0.0600435108555696,-0.0310937383451807,0.051895182479153,0.1722244574531209,-0.0710161743062332,-0.0166135667033333,1
Zm00001d051178,0.0,III,0.525253,0.547059,3.571340930623796,0.3027911446263627,0.0403,0.0935,0.4305,14.0,458845.0,9.10026,0.33,0.115,0.01,0.01,0.47,0.665,0.535,0.55,0.82,0.74,0.5607,0.17515,1.0,1.0,1.0,1.0,674,0.3979999999999999,0.25,1.0,1.0,0.0,1.0,0.0,0.0,-0.0515087506220054,-0.0489612707644386,-0.0495452332746778,-0.0197531658823885,-0.0573611182123266,0.0021060997589828,-0.0746028805391535,-0.033967574446236,-0.0811662337374349,1.042027296352089,0.3057662784390774,0.1946754820681072,0.2271580872943344,-0.0132102000806703,1.223922384728985,0.0863589359640329,0.0861946882770089,-0.0895662226864383,-0.0706931337065656,0.0716199444184177,0.3534992611142408,-0.031826896665506,-0.0853039099892539,0.1236054283035107,1
Zm00001d051180,0.0,III,0.41433,0.65,2.4166206514734427,0.5213456847585264,0.0808,0.1121,0.7205,355402.0,107274.0,9.10026,0.34,0.060000000000000005,0.03,0.01,0.12,0.79,0.03,0.22,0.895,0.235,0.4325,0.3183,1.0,1.0,1.0,1.0,41,0.1385,0.0,1.0,0.0,1.0,0.0,0.0,0.0,-0.019701400276992,-0.0128460422129246,-0.029900507301655,-0.0328544825842161,-0.010635842449723,-0.0259913562536316,-0.0416656107940384,-0.0453298251831902,0.6611591558024961,0.7949252105881957,0.3427541536248608,0.0545344206958201,0.3424475730086739,-0.0768417046451681,0.7032877117842734,0.2669355625603778,0.5915725112442934,0.1093141068970625,0.1588576930609027,0.1142853920106023,0.3882592104127073,0.0267188014518377,-0.1036347531029993,0.338486777451508,1
Zm00001d051183,0.0,III,0.428252,0.36,2.7514961818503623,0.3469469270928722,0.0152,0.1195,0.1275,188061.0,263570.0,16.7692,0.36,0.045,0.015,0.0,0.825,0.30000000000000004,0.25,0.935,0.365,0.83,0.5327500000000001,0.17559999999999998,1.0,1.0,1.0,1.0,1722,0.2567,0.0559,1.0,0.88,0.0,0.0,1.0,0.0,0.6342726892282015,0.0672791453172518,0.0575857100540605,0.1077004043263453,0.3332283752349936,0.1452764884293468,-0.0149011529889021,0.1634808425491707,-0.1739560022223684,1.6069422053325166,0.1069606418437971,0.0656101848130933,0.1883018433414154,-0.091694654733353,2.0538558887713414,0.0409046136934027,-0.0389131093695764,-0.0559753745678707,-0.0096478851207898,0.0386837052232646,0.0756023605999005,-0.0275354201232896,-0.0370070195389076,0.0609290816148824,1
Zm00001d051193,0.0,III,0.547587,0.59,2.2590695718200324,0.5350514315687858,0.0147,0.1581,0.0932,2.0,561875.0,22.4946,0.4,0.025,0.025,0.0,0.76,0.545,0.11,0.835,0.745,0.58,0.2602,0.2842,1.0,1.0,1.0,1.0,1311,0.4134999999999999,0.066,1.0,1.0,0.0,0.0,1.0,0.0,-0.069503449888605,-0.1017282228958545,-0.096342015745023,-0.0629212621676003,-0.0825826869659464,-0.0365663222682836,-0.1217145119856112,-0.0962043516984166,0.3490495869903846,0.73518459327166,0.4433645453252436,0.1578717652490367,0.5066286987742739,-0.0128452689665577,0.9284771258218324,0.2492646275477369,-0.0839271615937033,-0.0976031675505315,-0.0876133269232953,-0.056016372981562,-0.0036011260388125,-0.0590206747725299,-0.1112609050693133,-0.0320221936127254,1
Zm00001d051207,0.0,III,0.405405,0.38,4.221110353291829,0.3044023508352377,0.0194,0.1258,0.1542,46024.0,2107.0,17.741,0.44,0.015,0.0,0.045,0.735,0.0,0.02,0.925,0.0,0.05,0.35305000000000003,0.0059,1.0,0.03335,1.0,0.0,0,0.0105,0.0,0.6,0.0,1.0,0.0,0.0,0.0,0.6473690821680118,0.1194006446396016,0.1459444393768166,0.1714718277084118,0.3345669161502201,0.1563992444196457,-0.0750054852819437,0.2310366814322189,0.2287116411767055,0.0576311405267056,-0.0048275528648971,0.0088656130133061,0.1873100750916217,-0.0033018885146251,-0.0457153125019666,0.0599031082744786,-0.016743163299297,0.0052688954602816,-0.0810041816584416,-0.0121377211139847,-0.0004463757127993,-0.0268959031986688,-0.0709140282701821,-0.0246229360913307,1
Zm00001d051211,0.0,III,0.452229,0.51,6.851157120479832,0.1098775631395379,0.0019,0.1845,0.0103,37150.0,5386.0,12.4752,0.44,0.045,0.015,0.02,0.765,0.825,0.385,0.885,0.915,0.64,0.68185,0.2125,1.0,1.0,1.0,1.0,0,0.0,0.139,0.0,1.0,0.0,1.0,0.0,0.0,-0.0589260242340823,-0.0818520377088456,-0.0966365367839451,-0.0387024504448447,-0.0970277081242718,-0.0447092701804411,-0.1306309250390991,-0.1072071693347302,0.151782919879503,0.6684558036817717,0.5577949669644922,0.2544602021593402,0.5121215795288772,-0.0759021997288541,0.9435034607157212,0.423189880305364,-0.080846871762514,-0.0892332985984659,-0.0602600371360736,-0.0729127395757669,-0.0528753597571933,-0.048203544308186,-0.1253425808025763,-0.0478457415866573,1
Zm00001d051232,0.0,III,0.44721,0.505882,2.914993884360767,0.2393329034314831,0.0437,0.0867,0.5038,187164.0,136834.0,46.4731,0.46,0.06,0.015,0.0,0.615,0.5900000000000001,0.0,0.76,0.89,0.55,0.4346,0.1844,1.0,1.0,1.0,1.0,309,0.16799999999999998,0.9404999999999998,1.0,1.0,0.0,0.0,1.0,0.0,-0.0110251105643528,-0.0324199838403963,-0.0143959323987749,-0.017360061631977,-0.0426935987779227,-0.0013509254536918,-0.0523832752689566,-0.0287502556662,0.0531416231044864,0.8953584517579355,0.3857908364488827,0.171528901234774,0.4355154937231232,-0.0019099454151075,1.2374332822555614,0.2774343695146401,0.037060019928199,-0.1225260346893327,-0.0503111013189201,-0.0161218346188882,0.095329686673431,-0.0451721967817563,-0.1100505966459563,0.0235244198769286,1
Zm00001d051234,0.0,III,0.490814,0.62,2.2524681177666817,0.3550928843798978,0.1221,0.1704,0.7164,77599.0,248312.0,46.4731,0.47,0.025,0.0,0.0,0.745,0.005,0.005,0.905,0.4,0.11,0.23954999999999999,0.0476,1.0,0.12495,1.0,1.0,1181,0.50995,0.040999999999999995,1.0,0.82,0.0,0.0,1.0,0.0,-0.0245958575852436,0.3472966258565403,0.0004207611216102,0.014475654535381,0.1802408554427238,-0.0136111390396931,0.6219913071148799,-0.0138111509784605,0.2782378344837948,0.5478778741465239,0.509324782714314,0.2307404140584571,0.5546382237448046,0.0086431165360692,0.923620516795712,0.528803202169801,-0.0386770639555896,-0.0446800066253982,-0.0322147462025631,-0.0112721497284344,-0.0022544937824339,-6.829706770997146e-06,-0.0571335772546019,0.0128863200796954,1
Zm00001d051241,0.0,III,0.535391,0.452941,1.6609287158633312,0.4687228881995974,0.0405,0.128,0.3167,59.0,59182.0,10.5316,0.47,0.055,0.02,0.0,0.775,0.45999999999999996,0.005,0.895,0.525,0.55,0.67085,0.2598,1.0,1.0,1.0,1.0,626,0.8759999999999999,0.2570000000000001,1.0,1.0,0.0,0.0,1.0,0.0,-0.0618795526167001,-0.072925449890906,-0.0486247972299252,-0.0314466817003728,-0.0671185794202496,-0.0229868443207134,-0.0846621805995233,-0.0432790137390519,0.039287692228047,0.633888512778859,0.6312930980844392,0.4379569762528464,0.8212340071343803,-0.0074922197127886,1.0922823742774213,0.5200141724994297,0.0061824882735776,-0.0869336620244821,-0.0186523959176903,0.0048177373412826,0.088522188655612,-0.0028071777019597,-0.0739283092953749,0.0362266121261208,1
Zm00001d051242,0.0,III,0.449183,0.46,2.128120791144805,0.3122572266095981,0.0431,0.0915,0.4712,87.0,425579.0,11.9629,0.47,0.055,0.045,0.01,0.6,0.65,0.405,0.755,0.8,0.77,0.49515,0.38585,1.0,1.0,1.0,1.0,0,0.3534999999999999,0.502,1.0,1.0,0.0,1.0,0.0,0.0,-0.045801153637956,-0.0669597547009673,-0.0745293718242019,-0.0374938612130422,-0.0760627429869151,-0.0573032085871944,-0.0773526670842512,-0.0397923443752873,-0.1129015825231564,1.702790852519076,0.1932810982270028,0.136560063886835,0.202231777383763,-0.1009333860698789,1.8701631006469408,0.0430511113088347,-0.0125049769217311,-0.0694410683580491,-0.0324790580944573,0.0134344177591082,0.1035574479377082,-0.0001405767782734,-0.0643445396160604,-0.0129092492211129,1
Zm00001d051250,0.0,III,0.611111,0.311765,3.3471151446290133,0.2859373357349261,0.031,0.2084,0.1487,65569.0,29575.0,12.9347,0.45,0.03,0.025,0.0,0.735,0.47,0.005,0.815,0.435,0.4,0.22164999999999999,0.1533,1.0,1.0,1.0,1.0,531,0.35300000000000004,0.621,1.0,1.0,0.0,0.0,1.0,0.0,-0.0049786352884064,-0.0004123408667194,-0.0049786352884064,0.0038162669170219,-0.0017728879865926,0.0038364230287186,-0.0038651737761964,-0.0021447777545246,0.094965624104663,0.6579679283072,0.4351630173664466,0.0793149161290067,0.31081333815461,-0.0569055328126452,1.0091620607456817,0.179539218522377,-0.0165702881014235,-0.0561943743066924,-0.0262611961374343,0.0154260878016805,-0.0080415099207685,-0.0380343476483453,-0.0634776480488471,-0.0100022969778295,1
Zm00001d051513,0.0,III,0.438626,0.56,2.317163806237596,0.4233804979604243,0.0634,0.1567,0.405,46344.0,305.0,22.4946,1.68,0.05,0.08499999999999999,0.0,0.6499999999999999,0.5700000000000001,0.0,0.845,0.7150000000000001,0.255,0.3995,0.7222,1.0,1.0,1.0,1.0,211,0.6121,0.495,1.0,1.0,0.0,1.0,0.0,0.0,-0.0196375679385741,-0.0456357158839131,-0.0350269717644808,0.0304232484458864,-0.0244926129622303,0.0163839130460119,-0.0602071153121095,-0.0299023746437675,0.8766575575469859,0.4945468388614075,0.7901488473519033,0.1438109167054435,0.5031473726312787,-0.0409151920850218,0.8676133404769848,0.3349206456431938,-0.0445356472478558,-0.0657128807031293,-0.0453259968525765,0.0139643917814148,0.0751068742301502,-0.0305979257628977,-0.0488973218425731,0.0215625536625577,1
Zm00001d051509,0.0,III,0.714715,0.594118,0.0900175410696168,0.9913847407746504,0.0658,0.3251,0.2025,2862.0,19683.0,11.5034,1.65,0.045,0.055,0.0,0.14500000000000002,0.55,0.0,0.20500000000000002,0.73,0.0,0.40715,0.41664999999999996,0.80355,1.0,0.95835,1.0,21332,0.0,0.17679999999999998,0.0,1.0,0.0,0.0,1.0,0.0,0.037131788623278,-0.0499168003309604,-0.0753762319051244,0.0059209446950138,0.0305866413982041,0.0229002834920675,-0.0854776656944674,-0.0166758837184721,0.3749304013448157,0.0388951681252483,0.1929186641179639,0.1802478030242291,0.2693169446774139,0.4301854543658432,-0.07279777812353,0.1788571494342008,0.7642229798886728,-0.0195696845465958,0.0435940574553628,0.0516887998564281,0.174137355402461,0.92610726339491,-0.0985425262925832,0.0393527505813124,1
Zm00001d051507,0.0,III,0.416424,0.65,2.4915488616231203,0.2622862426768215,0.0334,0.1086,0.3078,49.0,75137.0,49.848,1.55,0.02,0.025,0.01,0.715,0.485,0.44,0.825,0.6000000000000001,0.875,0.1666,0.20834999999999998,1.0,1.0,1.0,1.0,0,0.0,0.467,0.0,1.0,0.0,1.0,0.0,0.0,-0.0359206972982621,-0.0457191428101338,-0.0793900057960818,-0.0217091652948435,0.060780115311752,-0.0630607633027529,-0.0787219220636371,-0.0145294130985567,-0.391158950371553,2.129060906402919,0.2916829415765159,-0.062336511951254,-0.2392448047131457,-0.0905677593996224,2.7272946146204964,-0.2654489217589059,-0.0516668740330527,-0.0975763712500765,-0.0426900071809779,-0.0298140118330131,-0.0569902105202533,-0.0268716766834142,-0.1025937597390475,-0.0499766882157547,1
Zm00001d051506,0.0,III,0.632616,0.36,0.3490632935192249,0.8210742506980074,0.1079,0.0884,1.2203,62304.0,49237.0,45.0417,1.53,0.14500000000000002,0.095,0.0,0.74,0.405,0.0,0.925,0.54,0.03,0.5487,0.7447999999999999,1.0,1.0,1.0,1.0,0,0.9891999999999999,0.13980000000000004,1.0,1.0,1.0,0.0,0.0,0.0,0.3539484008229224,0.0014083261118429,-0.0207951505359931,0.0685603141463419,0.2387004221822565,0.0044040324387691,-0.0881633751572433,0.0762614933574578,0.3697287171122613,0.1632639020484908,0.4762542016177549,0.2932122169185192,0.6024905456584259,0.0597122132669023,-0.0040632249997278,0.7142874533353836,-0.0025217384914236,-0.0215477785562143,-0.022917654782362,-0.0042578268693421,0.0416522321096044,-0.001027537737911,-0.0267883446770761,0.0311669851318742,1
Zm00001d051484,0.0,III,0.727872,0.45,0.5998386851587455,0.7870938304135389,0.0742,0.1693,0.438,52.0,35087.0,9.55982,1.54,0.115,0.065,0.0,0.405,0.55,0.04,0.595,0.6950000000000001,0.0,0.66945,0.78205,1.0,1.0,1.0,1.0,3566,0.5164999999999997,0.0,1.0,0.0,0.0,1.0,0.0,0.0,-0.005744101364541,-0.0037712742786898,-0.0157393432950728,0.008061209871063,-0.0098195024413084,0.0085829163728992,-0.0113487467064725,-0.0111103010647418,0.2365375418957393,-0.024618475014019,1.07177250987174,0.2680271629741309,0.4744916804420629,0.0092365165516911,0.179364275798713,0.5264603890644353,0.0682276827530311,-0.0591547537409189,0.033694478022827,0.0416805598976813,0.1961949553478251,-0.0015405044167464,-0.0669326419479541,0.0347214546420845,1
Zm00001d051495,0.0,III,0.692308,0.56,0.074378969731513,0.9439692766716328,0.0292,0.3611,0.0808,92558.0,746.0,11.5034,1.47,0.01,0.05,0.0,0.64,0.71,0.0,0.855,0.78,0.0,0.12035,0.62035,1.0,1.0,1.0,1.0,7071,0.17950000000000002,0.0,1.0,0.0,0.0,0.0,1.0,0.0,-0.1024501337491515,-0.123981399262654,-0.0734704615363415,-0.0723445868450772,-0.0725393211707062,-0.0292234040591149,-0.135773977496099,-0.0920453058853591,0.2015002548300328,0.0200574154599708,0.3249486750606318,0.2919530248092728,0.4388847295999437,0.0890816398685943,-0.0513679084605509,0.3568901914784796,0.0525079821167134,-0.0598678341965182,-0.0048871923895331,0.0304277967500563,0.0577878655991368,0.0398705584869484,-0.0921424479544665,-0.0247127353679997,1
Zm00001d051480,0.0,III,0.684343,0.52,0.287809395545823,0.8977025556487984,0.0936,0.1478,0.633,1629.0,4459.0,34.5102,1.62,0.15,0.0,0.11,0.5449999999999999,0.0,0.19,0.6000000000000001,0.065,0.28500000000000003,0.6875,0.0229,1.0,0.04165,1.0,0.75,3311,0.25900000000000006,0.0,1.0,0.0,0.0,0.0,1.0,0.0,0.7178847012170754,0.5335527909435918,0.2555849202151862,0.2641211162213052,0.7786525110244273,0.0407277176466808,0.4528529777553667,0.5433570836117011,0.6251397511675617,0.2680187152595327,0.5716558545679779,0.392326012308189,0.8566783246762286,0.0079980572126491,0.0724385754425181,0.7659976996408704,0.1830288188773967,-0.0271920629252174,0.0102737947429357,0.0648391344258296,0.2515084738483518,0.0148761418764504,-0.0528097326435508,0.0706657596966336,1
Zm00001d051479,0.0,III,0.471681,0.58,0.4253305660025291,0.8248510188497156,0.0687,0.1726,0.3979,23.0,4951.0,6.69714,1.63,0.0,0.18,0.005,0.0,0.32999999999999996,0.015,0.005,0.44499999999999995,0.065,0.02,0.8257,0.0,0.9375,0.0625,1.0,6633,0.0,0.26249999999999996,0.0,1.0,0.0,0.0,1.0,0.0,0.4299815104903998,0.0452706017664435,0.4576627192230784,0.2446513870526935,0.545077235444019,0.021819449254711,-0.0198234993520357,0.3985185248345536,1.0085312347663695,0.6896330004232967,0.6573380621505465,0.4591402703249876,1.1298447433902383,0.0250569450668592,0.6620106221056707,0.8905364080207547,0.4865546168134066,0.086649130088432,0.0412212607428714,0.1675794820403922,0.4657286701923263,0.0393498802340673,-0.0566569389970308,0.2738612511793484,1
Zm00001d051474,0.0,III,0.524092,0.48,1.5021547332557,0.468099570671922,0.064,0.13,0.4926,27216.0,1052.0,11.5034,1.65,0.02,0.06,0.025,0.595,0.46499999999999997,0.045,0.715,0.6,0.30000000000000004,0.15025,0.4936,1.0,1.0,1.0,1.0,0,0.0837,0.18999999999999997,1.0,1.0,0.0,1.0,0.0,0.0,-0.006979817221758,-0.0682505183598174,-0.0582220441464338,-0.0191051765639502,0.0163272835251512,-0.0152460140024575,-0.1005349102162152,-0.0357591734847905,0.4043616680099678,0.5355507211475817,0.415656871743533,0.181947669412211,0.5940269898296917,-0.0447694162938496,0.74427105259663,0.439382019169922,0.0645254627261829,-0.0618995697592429,-0.0393858140428202,-0.0216023442041657,0.0533310184494086,0.0180021963787963,-0.0852017540565919,0.0037825621646809,1
Zm00001d051471,0.0,III,0.67696,0.61,0.1077355261847691,0.8544890036288079,0.0421,0.2548,0.1652,806.0,106565.0,13.9065,1.66,0.035,0.0,0.0,0.595,0.135,0.0,0.62,0.255,0.0,0.39235,0.0611,1.0,0.7771,1.0,1.0,4226,0.0,0.0087,0.0,0.54,0.0,1.0,0.0,0.0,0.8142792176879287,0.1674266041492714,0.2067454914919619,0.0753483289578041,0.2757855024099219,1.108072450750217,0.0742462106725376,0.0923824077117861,0.1901974476714568,0.0645373076974226,0.5833007993991244,0.0413881456090727,0.1807848780284228,0.5666283830477281,0.0153307252722632,0.1927552826007485,0.322986133840817,0.0384575082041452,0.2521413938580604,0.1319298121107748,0.234650340948204,0.8896208806720697,-0.0108805492062031,0.1560958770585999,1
Zm00001d051465,0.0,III,0.534014,0.57,0.478481368700913,0.919236098248396,0.0282,0.1332,0.2117,13827.0,104406.0,7.66892,1.66,0.065,0.06,0.02,0.45499999999999996,0.78,0.15,0.5900000000000001,0.915,0.27,0.45194999999999996,0.4546,1.0,1.0,1.0,1.0,0,0.38700000000000023,0.9695,1.0,1.0,0.0,0.0,1.0,0.0,-0.0098156113649466,-0.002182962180781,-0.003814021152817,-0.0005468542989565,-0.0036140448082457,0.0287522388347559,-0.0083846919130208,-0.0073804553044744,0.6425524062981689,-0.0475850553687346,-0.01753178708017,0.0749779139291436,0.1591263323645828,1.7942426991673948,-0.1794221119287081,0.0315482269840162,0.3128325950827081,0.0396151056605925,0.0371061368608002,0.061627363896937,0.1163660850809381,1.190688065083295,-0.0534134745237872,0.0346876072198606,1
Zm00001d051458,0.0,III,0.574413,0.629412,4.056225785360069,0.3415911036371386,0.0233,0.1517,0.1534,73908.0,746.0,7.20936,1.59,0.02,0.01,0.005,0.605,0.02,0.01,0.8049999999999999,0.43999999999999995,0.375,0.1738,0.14325,0.95835,0.41664999999999996,1.0,1.0,0,0.25149999999999995,0.066,1.0,0.99,1.0,0.0,0.0,0.0,0.1609259647052082,0.2629755080454773,-0.0189808333998141,0.1407281341786273,0.3565849930740487,-0.0439440556582578,0.2200623935674135,0.1570480593788525,0.3765752715598719,0.6356963854395878,0.5971931556893745,0.421933742840917,0.8611947297933279,-0.0522432111854238,0.8658558252947979,0.6613553980055145,-0.0537867638250018,-0.100297392484022,-0.0951530636930724,-0.0844356042030942,-0.0586234003977499,-0.0622897908888797,-0.1093476292595162,-0.0727363021896002,1
Zm00001d051442,0.0,III,0.692387,0.511765,2.9043023300575737,0.5993213165711844,0.0365,0.3973,0.0919,641.0,415.0,37.885,1.39,0.155,0.025,0.25,0.725,0.44,0.14500000000000002,0.89,0.7050000000000001,0.35,0.6428499999999999,0.28500000000000003,1.0,0.94445,1.0,1.0,1743,0.3925,0.21100000000000002,1.0,1.0,0.0,0.0,1.0,0.0,-0.0557089601614223,-0.0827459591536478,-0.058948274730542,-0.0532987011238625,0.0627247749892272,-0.0378078186649649,-0.0940383537543706,-0.0431320545982636,0.2950587173808307,0.1884980584697742,1.0087322862769377,0.4599493492957916,0.8888114269551896,0.0339501295849339,0.2852546134930541,0.7884133114594098,0.1303493370125543,-0.0536812415666822,-0.0267325820406339,0.1136664616909516,0.3380476943958531,0.0013538792736093,-0.0745747024867447,0.1589463067827904,1
Zm00001d051439,0.0,III,0.680254,0.44,1.4790784904200551,0.6650992727920706,0.0342,0.2184,0.1567,459.0,22571.0,11.9629,1.42,0.07,0.03,0.0,0.435,0.365,0.07,0.495,0.565,0.1,0.43055,0.32145,1.0,1.0,1.0,1.0,560,0.2225,0.306,1.0,1.0,0.0,1.0,0.0,0.0,0.2399835526783946,-0.0440504420027513,-0.0084032132256559,0.018178178677714,0.0902516959713971,0.877230596062874,-0.0666847891433364,-0.0555568125235672,0.4958052043150112,0.1092443357875054,0.7226967333955603,0.2364950741038703,0.4341998912089456,0.9199629441719696,0.0929536234800298,0.350782050085395,0.1831824025910496,-0.0737324424733096,-0.0113495500432794,0.0100530370204362,0.1518207330439804,0.769075608495176,-0.1275867997841714,0.0764206286145039,1
Zm00001d051431,0.0,III,0.432759,0.52,3.741404802404715,0.2371864072080651,0.0599,0.1902,0.3151,148.0,24791.0,10.9912,1.42,0.025,0.03,0.0,0.595,0.63,0.015,0.77,0.71,0.505,0.27775,0.28775,1.0,1.0,1.0,1.0,1422,0.1185,0.29200000000000004,1.0,1.0,1.0,0.0,0.0,0.0,-0.0390457004275214,-0.0629047459752994,-0.0527921821608323,-0.0444087804304901,-0.049129433245131,-0.0442252290330331,-0.0602700929141196,-0.0492968427329866,-0.0320057049308414,0.7540623624555802,0.4451077617092422,0.1265489829699835,0.3176974825602349,-0.0230669450699652,1.2795663389859038,0.2026547864238828,0.0862102344301834,-0.0475658860066338,-0.0243744395225713,0.0333610135152594,0.1009696740279965,0.0343777234485362,-0.068915705576936,0.0358793340411465,1
Zm00001d051427,0.0,III,0.554328,0.61,6.91993469251522,0.2330812092524372,0.023,0.1885,0.1221,129.0,158721.0,51.7915,1.42,0.07,0.05500000000000001,0.0,0.78,0.125,0.01,0.895,0.24,0.585,0.6111,0.53595,1.0,0.8667,1.0,1.0,721,0.4279999999999999,0.05749999999999999,1.0,0.72,1.0,0.0,0.0,0.0,0.0708541289528625,-0.087617300089081,-0.0740178548673936,-0.024205460441256,0.0630013013573063,-0.0057598798930797,-0.1128312064531944,0.0113594985716361,-0.0250720655422459,0.3702264739606782,0.7092806475923893,0.452871107487795,0.6968976185783194,-0.0101734960239259,1.0303359078176286,0.4055299244642126,-0.042329972663788,-0.0342352300531939,-0.0100298068042311,-0.0115774875950441,0.0335775530742556,0.0182776318517245,-0.0347467094010541,0.0162682055578354,1
Zm00001d051421,0.0,III,0.477256,0.61,2.9800189922499194,0.3361531592327529,0.1062,0.0811,1.3104,890.0,2173.0,17.741,1.4,0.02,0.0,0.01,0.8200000000000001,0.0,0.12,0.9299999999999999,0.025,0.665,0.15835,0.02265,1.0,0.0,1.0,0.67855,0,0.34700000000000003,0.05050000000000001,1.0,1.0,1.0,0.0,0.0,0.0,0.1100352165988562,0.3955317220734007,0.6898462390849768,0.3010670222479364,0.5647808185799297,-0.0025421707658713,0.8842849217136687,0.4761881217757214,0.1195612707257168,0.841204154714583,0.2902396651303767,0.2507545389146989,0.5859849459770233,-0.0116973468639631,1.150432623634306,0.4070022041392437,0.0052549657606557,-0.0297384741390317,-0.0150700005735807,0.0052355204684254,-0.0245958017263917,-0.0049019183446646,-0.0520939178255714,-0.0183949246044979,1
Zm00001d051420,0.0,III,0.652874,0.57,4.063513757979872,0.4447675451462345,0.0556,0.5135,0.1084,14.0,13241.0,14.8783,1.38,0.07500000000000001,0.02,0.0,0.275,0.77,0.0,0.42000000000000004,0.85,0.0,0.46365,0.20555,1.0,1.0,1.0,1.0,1032,0.48150000000000004,0.496,1.0,1.0,0.0,0.0,1.0,0.0,0.0311451627710307,-0.0604585022122779,0.0049997931254224,0.0263438737194889,-0.0180860127817516,-0.0051895971508362,-0.0870082113495667,-0.0426154289988354,0.380472982888561,0.1299019290046054,0.4338885636826356,0.3832856093746833,0.3498272722370176,0.3463419456078142,-0.0479000500752465,0.2915568288864228,0.2138372965526024,-0.039626965589571,-0.0484889055950233,0.2035479261379014,0.354967899626533,0.1273346529010429,-0.0758374523003599,0.1710943325757885,1
Zm00001d051415,0.0,III,0.552896,0.52,0.7196089280879078,0.5953950158738905,0.0496,0.2279,0.2174,59448.0,40761.0,10.072,1.32,0.025,0.02,0.005,0.7,0.41000000000000003,0.0,0.9199999999999999,0.53,0.11000000000000001,0.19445,0.23145,1.0,1.0,1.0,1.0,1538,0.022,0.2053,0.44,1.0,0.0,0.0,1.0,0.0,-0.072210174629622,-0.0849089277407353,-0.0714994213947735,-0.0443072854934455,-0.0604086454765956,-0.0543956606340981,-0.0936510297072763,-0.0632463319211249,0.6267118758039355,0.3499007147745742,0.751544543996048,0.305608211879552,0.7501621485538205,0.0162196452610177,0.3021593310507524,0.6694826694582339,0.060515878340151,-0.0787312455799757,0.0785320854042107,0.0490625334978572,0.190474072078756,-0.0289890350695867,-0.0898053041919204,0.1949526986926221,1
Zm00001d051404,0.0,III,0.450829,0.65,2.7727682655053503,0.2196058216293249,0.0229,0.1101,0.2077,1.0,200.0,53.2229,1.2,0.025,0.015,0.005,0.74,0.05,0.01,0.84,0.37,0.65,0.25755,0.3483,1.0,0.5111,1.0,1.0,1803,0.17450000000000002,0.0665,1.0,1.0,1.0,0.0,0.0,0.0,0.2246205486666269,0.2313223585393969,0.0071767117912498,0.1448747944619134,0.4058475173333583,-0.0342649610010911,0.004678011523738,0.1458341763261183,-0.0699250032621613,1.0772162957775535,0.2875551259014573,0.1762185441613091,0.4697764344147235,-0.0286008672825868,1.6369134577657232,0.1856620670122082,-0.0343160266374796,-0.0566632937300458,-0.0443908264984515,-0.006941929059934,0.0482074715008361,-0.0159455153542947,-0.0831003722885357,-0.0208065317443452,1
Zm00001d051403,0.0,III,0.634812,0.49,4.507931559379687,0.4948074390969058,0.0027,0.2312,0.0119,308.0,306.0,53.2229,1.19,0.035,0.01,0.02,0.78,0.02,0.045,0.7949999999999999,0.38,0.265,0.4359,0.18255,1.0,0.45235000000000003,1.0,1.0,927,0.0965,0.0,1.0,0.0,1.0,0.0,0.0,0.0,-0.0904894460589316,0.6313649679201486,-0.0213864774360159,-0.0422021739252865,0.0807218581149326,-0.0356432559660412,0.8358591562061977,-0.0575022533076752,0.3540917887999691,0.3022123876970472,0.7136006769499936,0.2234564284430228,0.619091359743227,-0.0419389169237833,0.3497284138788493,0.3381067311317418,0.0360954543189476,-0.1013523799156055,-0.0868854352488349,0.0267609162889529,0.2748830393494731,-0.0113882051810523,-0.147112598330594,0.1110296492763515,1
Zm00001d051394,0.0,III,0.52588,0.43,1.6249058024872758,0.373968305782335,0.0562,0.0673,0.8342,103755.0,204501.0,9.55982,1.13,0.02,0.01,0.0,0.865,0.77,0.035,0.905,0.855,0.535,0.2778,0.1111,1.0,1.0,1.0,1.0,3409,0.96,0.0,1.0,0.0,0.0,0.0,1.0,0.0,0.0439990969494292,-0.0375330904256647,-0.0263572262744272,0.0242130564636818,0.045513858959955,0.0101357248068611,-0.0440824550464592,-0.0052909202618685,0.1985121484578557,0.64988538239347,0.3454813388943827,0.2250639863322185,0.5827687891484362,-0.0147708585327101,0.8386530507701903,0.422993736866648,-0.0091573878983746,-0.0212755593333203,-0.0233235027688029,0.0238089780697375,0.0577072881750165,-0.0143234922861527,-0.023349874209485,0.0835009556827352,1
Zm00001d051388,0.0,III,0.569048,0.58,0.2111814397807259,0.9571615484169318,0.0116,0.4763,0.0244,307388.0,2641.0,9.10026,1.06,0.01,0.065,0.005,0.685,0.62,0.055,0.8049999999999999,0.77,0.175,0.14300000000000002,0.5,1.0,1.0,1.0,1.0,0,0.00035000000000000005,0.7314999999999999,0.07,1.0,1.0,0.0,0.0,0.0,0.0508931589892675,-0.000635406141749,-0.0176119256843188,0.0171621858803735,0.0048604617552426,0.008372277051833,-0.0622280802791158,-0.0086576298246039,0.6997496171685276,0.0820353166743442,0.135423798900333,0.0475133530127568,0.1956123081245286,-0.0072354283727788,-0.1341627398648261,0.1183440851822806,0.021554598744992,-0.0788257741970035,-0.0494262354837493,-0.0479059317773207,0.0110178904298827,-0.0099060479255525,-0.1013898223769376,-0.0572636245046603,1
Zm00001d051383,0.0,III,0.535354,0.58,1.067655098336772,0.6830421623135462,0.0812,0.1647,0.4933,51586.0,168304.0,17.2814,0.96,0.01,0.01,0.005,0.21000000000000002,0.37,0.005,0.13,0.675,0.09,0.21615,0.0569,0.9582999999999999,0.95,1.0,1.0,328,0.0,0.0,0.0,0.0,1.0,0.0,0.0,0.0,-0.0618100092765555,-0.1050722901587483,-0.08984923832296,-0.0594175451383212,-0.0973840578439097,-0.0285742735948224,-0.1151851592784676,-0.0788349754622211,0.7338151264805062,0.2512941370653336,0.1841986218701247,0.0829380794221681,0.30023575199387,0.016803765442623,-0.1076324963101703,0.2127433678436704,0.4483933107243216,0.1738484913697627,0.0948624510419796,0.0635667731275469,0.2635303218035051,0.0008889881435214,-0.066724134274222,0.2521123686030965,1
Zm00001d051374,0.0,III,0.691176,0.56,1.9122382317413784,0.512333205194668,0.0194,0.2655,0.0732,98715.0,75860.0,33.5384,0.91,0.095,0.015,0.0,0.435,0.115,0.0,0.475,0.75,0.0,0.772,0.31905,1.0,1.0,1.0,1.0,0,0.38299999999999995,0.29650000000000004,1.0,1.0,1.0,0.0,0.0,0.0,0.0407120709700796,0.7754887488108881,0.2122568923278585,0.0223560960014329,0.1802672979143762,-0.02272126276804,0.9322236185297094,0.0894776105695979,0.0038952280790137,-0.025877252571418,0.7182161949573749,0.1161800210264471,0.4602924496405446,-0.0568565367990953,0.1127451395403853,0.9319892123177734,0.1448919595581723,-0.028483813943785,0.7431265142658918,0.4374386724532639,0.8280157923137571,0.0264298859177496,0.3944083368071051,0.9516331461033491,1
Zm00001d051366,0.0,III,0.740351,0.6,1.9769139914513751,0.3425331171339659,0.0345,0.1405,0.2451,203.0,251385.0,13.9065,0.82,0.11,0.055,0.005,0.385,0.435,0.0,0.43,0.495,0.5700000000000001,0.51665,0.7867,0.9167000000000001,1.0,1.0,1.0,1198,0.4105,0.3735,1.0,1.0,0.0,1.0,0.0,0.0,-0.0114004133242413,-0.0255713232738416,-0.0268202052849313,0.0065975230384679,-0.0195023483555425,-0.0042823683212107,-0.0294809285523186,-0.0106065845523434,0.0671594436725576,0.4214430043537316,0.5762842373165504,0.1015251928084833,0.2119389448813645,-0.0129127726627524,0.871587788914231,0.079318560082118,0.1849007633658309,-0.0668698205711087,-0.0238340014528443,-0.0027768158836413,0.117528147866396,0.0547063692078971,-0.0876487595361246,0.0423631874017943,1
Zm00001d051362,0.0,III,0.7,0.429412,2.606284313141052,0.7442190906061367,0.0257,0.7217,0.0356,172.0,723.0,10.072,0.81,0.1,0.035,0.0,0.365,0.595,0.0,0.375,0.6699999999999999,0.01,0.52155,0.4846,1.0,1.0,1.0,1.0,770,0.4922499999999998,0.7725,1.0,1.0,0.0,0.0,1.0,0.0,0.0602246394098469,-0.0520644763048114,-0.0149359273294895,-0.0362890346209752,0.0027837903879177,0.027878485508019,-0.0728782214354949,-0.0111976997854222,0.3635284097129197,0.0586103767254622,0.4649782991988279,0.1248162426581942,0.1652295823593114,0.1845970198197387,-0.0498006259614766,0.0662557271194468,0.4115952180659528,0.0557282309906819,0.0180566607710374,0.1445480260619963,0.3106832727464931,0.2196749185622977,-0.0659865234797102,0.264558750696133,1
Zm00001d051360,0.0,III,0.571268,0.41,0.9728451846791498,0.3702028748843795,0.0455,0.0806,0.5648,23915.0,228339.0,18.7127,0.8,0.08499999999999999,0.02,0.02,0.365,0.16999999999999998,0.29000000000000004,0.52,0.365,0.47000000000000003,0.53915,0.3169,0.9226,0.92855,1.0,1.0,0,0.22899999999999998,0.048549999999999996,1.0,0.98,1.0,0.0,0.0,0.0,0.2956944831442502,0.0408769784568962,0.4864886143175053,0.0506499324515608,0.2491938957963429,0.0253167463598941,0.0255053996992703,0.3849756004088393,0.1394160412387277,0.2890329421028583,0.1483095663732039,0.053892109882782,0.1487997479082231,0.0055249275299451,0.2492510478306398,0.1288203918031191,0.451138664342683,-0.0648666453222394,-0.0379340163035409,0.0291168343379669,0.095279467182193,0.0626603421748237,-0.0994845508850388,0.022741087407389,1
Zm00001d051344,0.0,III,0.681406,0.58,0.7356915045385827,0.7183628692500869,0.1304,0.2257,0.5779,246.0,1327.0,8.6407,0.64,0.10500000000000001,0.06,0.0,0.545,0.034999999999999996,0.0,0.64,0.075,0.0,1.0,0.46249999999999997,1.0,0.23335,1.0,0.85835,35,0.018500000000000003,0.075,0.37,1.0,1.0,0.0,0.0,0.0,0.4546669741947592,-0.0152702485829688,0.2040571011289863,0.1499528267253159,0.2468546503545602,0.1134483948298166,-0.033379158527794,0.1787829201307356,0.1816821825170328,0.1258272622037227,0.635869933588299,0.0925469737309291,0.22087942735249,0.2693923651054042,-0.0138248681887369,0.2906113944626664,0.5320766474850986,-0.0048710898595271,-0.0272705858610926,0.0502739618785647,0.1620590975466752,0.0653700415442111,-0.0933732540442129,0.0637759357920292,1
Zm00001d051343,0.0,III,0.733998,0.53,1.4589395155500642,0.6556090450313488,0.0927,0.3892,0.2381,195.0,96.0,25.4098,0.64,0.26,0.125,0.0,0.245,0.415,0.0,0.28,0.495,0.015,0.94445,0.6256999999999999,0.96875,1.0,1.0,1.0,0,0.075,0.1797,1.0,1.0,1.0,0.0,0.0,0.0,0.3214673470258004,-0.1569062202509582,-0.1089092062594784,-0.0137208026599701,0.1649095492479823,-0.0056301947012885,-0.1695296464403145,0.0060149110267247,0.1688279458508388,-0.0172678393221932,0.6967648064758898,0.2815470003128625,0.4348870711547481,0.0212763611778464,0.1060306080918842,0.3837606177928322,0.5074960508664728,0.0393324254263002,0.3334765369534411,0.1805949954315557,0.3023176069461368,0.2197532024288475,-0.0262102700995993,0.2373829145507397,1
Zm00001d051338,0.0,III,0.711597,0.55,0.3202240999260361,0.8462749708315532,0.0474,0.2989,0.1587,24257.0,6524.0,8.6407,0.62,0.03,0.01,0.0,0.72,0.265,0.0,0.79,0.71,0.0,0.4426,0.18535000000000001,1.0,1.0,1.0,1.0,10529,0.0,0.38205000000000006,0.0,1.0,0.0,0.0,1.0,0.0,0.0450141181139499,0.4989831890028195,-0.0450041947021578,0.0144758178518659,0.0945754321127105,-0.0257315384081406,0.3008895480537881,0.0745255210586968,0.1978718980937407,0.0620874127805901,0.2613258709396877,0.0849820721730453,0.1643409952640579,0.0085157324425107,-0.0408124038422747,0.2452003729316905,0.0189700657971057,-0.0949977423744174,-0.0395863652748923,-0.0708884003881969,0.0052482742582766,-0.0544311016263765,-0.1129886904091423,-0.0186437877123386,1
Zm00001d051337,0.0,III,0.486957,0.53,5.683473524943097,0.1296707904652656,0.0227,0.073,0.3112,41.0,26245.0,8.6407,0.62,0.07,0.075,0.01,0.8500000000000001,0.685,0.125,0.88,0.705,0.715,0.75,0.37775000000000003,1.0,1.0,1.0,1.0,4046,0.8390000000000001,0.0,1.0,0.0,0.0,0.0,1.0,0.0,0.0283148507304263,-0.0881521800309409,-0.0432914175185442,-0.0682919728181671,0.0117534305100436,-0.050328399236691,-0.1104358016209508,-0.0208627831662162,0.0225366420744728,0.9194610882862264,0.3023059890480569,0.1220044088707117,0.2970970076564746,-0.0796233176724832,1.2282677405995093,0.1991732243941376,-0.0507684091981779,-0.107494800781131,-0.0415424352961832,0.0170615133950214,0.0436094250153725,-0.0187769322068929,-0.0759260727905691,0.0121033468492414,1
Zm00001d051336,0.0,III,0.531136,0.64,5.788337989070683,0.1765146778701081,0.0093,0.1724,0.0538,179.0,121332.0,10.072,0.59,0.04,0.03,0.0,0.745,0.6699999999999999,0.0,0.9,0.8200000000000001,0.325,0.32289999999999996,0.24645,1.0,1.0,1.0,1.0,83,0.9159999999999999,0.47200000000000003,1.0,1.0,0.0,0.0,1.0,0.0,-0.009188013179828,-0.0171790613477277,-0.0087010993036186,-0.0160889153177822,-0.0151561460696726,-0.0242238373810466,-0.0242342455035225,-0.0168308189837744,-0.0081823130515522,0.379184183418674,0.914321468200422,0.5657121369406212,0.8259086724617832,0.0166786696323111,0.88020295219956,0.4990282562595596,-0.0376685839141408,-0.0578147934449347,-0.0522505832409018,0.0245219771610039,-0.002262774918569,0.0242875043736505,-0.0648301311323608,-0.0316256323712407,1
Zm00001d051333,0.0,III,0.702381,0.5,0.8347945267198759,0.8739431253542989,0.0667,0.2151,0.3101,2146.0,308.0,19.6319,0.57,0.04,0.015,0.0,0.23,0.76,0.0,0.345,0.92,0.185,0.5324,0.1452,1.0,1.0,1.0,1.0,1380,0.08900000000000001,0.2595,1.0,1.0,0.0,1.0,0.0,0.0,-0.1173977429728229,-0.1748247590168285,-0.1550705941792593,-0.1494033503411744,-0.1522542520752882,-0.1302427547115653,-0.1944638694306643,-0.1585014679599276,0.1108753361007179,0.0120812943674482,0.1623656909376261,0.0169338051333821,0.1361701997865472,-0.0027818396529607,-0.0827720999326327,0.1876306398761129,0.2673652381330634,-0.0501782143117179,-0.0632787556437804,-0.0189541451875967,0.1942757785206215,-0.0367324477864281,-0.1236011621123463,0.0343716890313869,1
Zm00001d051328,0.0,III,0.608757,0.55,0.1326088684215544,0.9697534042017112,0.0428,0.1485,0.2878,329829.0,200297.0,11.5034,0.51,0.04,0.05,0.025,0.5900000000000001,0.515,0.555,0.74,0.61,0.685,0.41405000000000003,0.4976,1.0,1.0,1.0,1.0,0,0.176,0.25299999999999995,1.0,1.0,1.0,0.0,0.0,0.0,0.413167325724688,0.0698013093806476,0.0794543305269891,0.0581518366086662,0.1876458631652198,1.0816129574959423,-0.0756107337910172,0.0601063979379011,0.2698558454613033,-0.0193426370654139,0.0232842749363923,0.0283959629119202,0.0682404269932672,1.1469849425661507,-0.1233763623908697,0.0441916142754467,0.2563411141329975,0.0193321756123436,-0.0358471064153506,0.0596923770397482,0.0704519409913661,0.9735587167611716,-0.0598630723308349,0.031070802887151,1
Zm00001d051321,0.0,III,0.528595,0.52,3.656048286605628,0.4108521167715602,0.026,0.1146,0.2269,182.0,289719.0,30.623,0.44,0.04,0.045,0.01,0.645,0.4,0.03,0.765,0.63,0.665,0.5,0.5692999999999999,1.0,1.0,1.0,1.0,465,0.2595,0.29950000000000004,1.0,1.0,0.0,1.0,0.0,0.0,-0.0267166755190608,-0.0297885734808146,-0.0350581987762753,0.0350282801418805,-0.0043925718476199,-0.0008219551556763,-0.0647066617089061,-0.0267921240137574,-0.0496892879242345,0.8977687554655762,0.3535833941445798,0.2207539121603007,0.4838056476531451,-0.0416980468011725,1.3085993346281393,0.1895234783676005,-0.0313877391155317,-0.0825852454306911,-0.0652665295091074,-0.0338673094425289,0.0973308536215972,-0.0334400301248175,-0.0914167273097857,0.0110932463584659,1
Zm00001d051316,0.0,III,0.672646,0.58,1.8647082138421844,0.4959929902689251,0.0731,0.1697,0.4308,76.0,15783.0,19.6319,0.37,0.01,0.045,0.0,0.77,0.43999999999999995,0.0,0.825,0.685,0.0,0.039599999999999996,0.44445,1.0,1.0,1.0,1.0,0,0.0,0.45549999999999996,0.0,1.0,1.0,0.0,0.0,0.0,0.1086979445815287,-0.045247177550913,-0.0726734919945415,-0.0196322586973711,0.1547556468249079,-0.059092699921653,-0.1104858149955013,-0.0133621466681355,0.3305384296596143,0.072669673947306,1.0311496995498692,0.3827543395151852,0.7779214045875305,-0.0135772701984223,0.2490454532077447,0.7310764201176341,-0.1317441454283504,-0.1806124541929641,-0.1226851665918724,-0.1463559961020928,-0.1028256209363344,-0.1098257095425625,-0.1712483381101299,-0.1199612375986193,1
Zm00001d051314,0.0,III,0.722068,0.61,0.3233363013172931,0.8568893298984949,0.0408,0.4832,0.0845,50.0,93672.0,9.10026,0.36,0.04,0.035,0.0,0.715,0.75,0.0,0.895,0.81,0.0,0.50835,0.3393,1.0,1.0,1.0,1.0,1559,0.7184999999999999,0.5539999999999999,1.0,1.0,0.0,0.0,1.0,0.0,0.0018683664901264,-0.0596378447189592,-0.0455961504080711,-0.0038234862882707,0.0181094936925948,0.0019572751555262,-0.0782587382639879,-0.0396622652978308,0.0590315425837745,0.0132115326352909,0.4890166988846449,0.0968105014469004,0.1402313843230556,0.0879621218837524,-0.0389818552943166,0.1825171341481567,0.0063386657454932,-0.0378530630330425,-0.0110787990622806,0.0412640736956333,0.1258780167039119,0.0664405621302094,-0.0624576348533831,0.0194386391091462,1
Zm00001d051307,0.0,III,0.638734,0.582353,2.247866173689794,0.3146265774789455,0.0253,0.1393,0.1813,64340.0,118904.0,8.12848,0.34,0.0,0.04,0.0,0.0,0.77,0.005,0.02,0.91,0.535,0.02405,0.29574999999999996,0.0,1.0,0.375,1.0,275,0.0,0.956,0.0,1.0,0.0,0.0,1.0,0.0,0.0048992177955263,-0.0087049724946739,-0.0296741762631859,-0.0084021640032268,0.0045890744755646,-0.0157787709895776,-0.0480636556846484,-0.0405565786358082,0.1082665171612543,0.7574551266704559,0.3363438766622294,0.1704697689779956,0.4587708760206839,0.0073159326590241,0.9867624338904826,0.2797697510169284,0.2590804695270688,0.0381245788412037,0.015654684295376,0.2057864478724501,0.6064771727893097,-0.0224035349204123,-0.0111108302896524,0.3077538712048765,1
Zm00001d051306,0.0,III,0.549255,0.49,4.635630379217706,0.2489261453494091,0.0274,0.1597,0.1715,10878.0,172077.0,10.5316,0.33,0.02,0.015,0.0,0.74,0.585,0.005,0.835,0.74,0.535,0.13924999999999998,0.1349,1.0,1.0,1.0,1.0,3891,0.0,0.5422,0.0,1.0,0.0,0.0,1.0,0.0,-0.0344257414389866,-0.0599750305026271,-0.0564334615180852,0.0205660211241332,-0.0615737233169532,0.0245938608318029,-0.0836793726440421,-0.0172195228964687,0.1133867294410471,0.7942173052340327,0.5088374972068099,0.2280918631437279,0.5597120587375798,0.0202546665249799,1.0357413235391122,0.3851291786188838,-0.0118706650943533,-0.1074143863015798,-0.0641422977440871,-0.0438745319053752,-0.0469631638185088,-0.0597227501702628,-0.11490310033004,-0.0704615332953336,1
Zm00001d051291,0.0,III,0.437685,0.41,2.871019109023276,0.2891515460467788,0.0337,0.1099,0.307,330957.0,353599.0,53.1702,0.34,0.02,0.045,0.0,0.785,0.6799999999999999,0.0,0.85,0.8200000000000001,0.585,0.21775,0.6925,1.0,1.0,1.0,1.0,683,0.21,0.177,1.0,1.0,1.0,0.0,0.0,0.0,-0.0078203690942676,-0.0599664362084649,-0.0770742341570077,-0.067404791177514,0.006393113620617,-0.0748616050984175,-0.1178488259139274,-0.0867091870973774,0.0150458286824971,0.9307577400000342,0.3880326777046267,0.1726467031621971,0.4136417096200619,0.0152810313860629,1.4316014590768562,0.2820145671760713,-0.0556033462556467,-0.0649654514409739,0.0359182746379493,0.0364696022805188,0.0925660900519163,-0.0209140699029574,-0.0514066025545449,0.0636382176804836,1
Zm00001d051288,0.0,III,0.489676,0.66,3.845978779730453,0.3595369791074005,0.0349,0.107,0.3259,505879.0,181305.0,6.23758,0.34,0.025,0.02,0.0,0.61,0.5700000000000001,0.005,0.7,0.77,0.21000000000000002,0.21875,0.40625,1.0,1.0,1.0,1.0,3382,0.07350000000000001,0.7054999999999998,1.0,1.0,0.0,0.0,1.0,0.0,0.1267926965616002,0.0765366222387236,0.0403573418848803,0.0437279859302946,0.1328544078213466,0.0155124995243987,-0.0264769773383438,0.0969290005712046,0.6864909307431746,0.4561935166213763,0.3915464641652674,0.0512718438508897,0.3400274112984999,-0.0272422144736729,0.1066203555769769,0.2694693987960493,0.1561420569324104,-0.1038236094513983,-0.0531187643392521,-0.0616718861506799,0.0287423221568902,0.0392637643673359,-0.1266439185633481,-0.0304791448971514,1
Zm00001d051269,0.0,III,0.688034,0.63,0.2375788124292829,0.9324931070087116,0.0374,0.437,0.0857,4669.0,6723.0,5.2658,0.37,0.025,0.03,0.0,0.12,0.7,0.0,0.24,0.88,0.0,0.25429999999999997,0.6238,0.73335,1.0,0.97915,1.0,8063,0.065,0.5279000000000001,1.0,1.0,1.0,0.0,0.0,0.0,-0.0995813646667518,-0.1334895862817489,-0.1324390368774778,-0.033962269131319,-0.1173706277806224,0.0554312776300262,-0.1655640168226968,-0.1117187289498483,0.5254184704713258,0.0688489846872603,0.7811340094094551,0.1640854655519023,0.3714765486917813,0.2724209953741745,-0.0250107479506105,0.4470013051601932,0.5568502570148809,-0.047093244994074,-0.0221906581082379,-0.0073806803982877,0.1529808313753842,0.2312926175036954,-0.121184714131534,0.0473968044053642,1
Zm00001d051267,0.0,III,0.681004,0.48,0.3742961914162936,0.8081177849092928,0.0566,0.2545,0.2223,1046.0,1367.0,18.2005,0.38,0.05,0.05,0.25,0.625,0.8,0.20500000000000002,0.79,0.91,0.235,0.68615,0.5972500000000001,1.0,1.0,1.0,1.0,1339,0.0,0.5675,0.0,1.0,0.0,0.0,1.0,0.0,-0.0236931914945653,-0.0212068307542322,-0.0148797084644838,0.0073739104811154,-0.024848412922231,0.0189908889310986,-0.0293261521661793,-0.0158629711965327,0.3567341967176941,0.0324547108576801,0.3174081826198571,0.106899180649949,0.2903266448669243,0.0554899075998967,-0.0657224270012598,0.2551620548300318,0.1645255638467246,-0.0744936733313983,-0.0489381215631907,-0.019091084224788,0.0354837838873962,0.0202635619747598,-0.1064219073370644,-0.0300192521033262,1
Zm00001d051262,0.0,III,0.580128,0.564706,0.0135869839895857,0.956417963300938,0.031,0.2512,0.1233,114369.0,189861.0,11.5034,0.4,0.055,0.06,0.035,0.625,0.765,0.060000000000000005,0.935,0.935,0.055,0.47219999999999995,0.43279999999999996,1.0,1.0,1.0,1.0,1116,0.8615000000000006,0.7055500000000001,1.0,1.0,0.0,0.0,1.0,0.0,-0.0282146677114988,-0.0445130055138798,-0.056527633378982,0.0064975143302396,-0.0010637624937266,-0.0006657056168396,-0.0641928942304623,-0.019355979295573,0.7012504494930687,0.1907395251470313,0.6424268913582313,0.2190629674326814,0.7289549081799815,0.0525716218023275,-0.0704910979461382,0.7206534263501346,-0.0846726768005725,-0.0801304847031253,-0.0747504487593066,-0.0480551123685752,0.0061995684437291,-0.0624236207522895,-0.135331886999535,-0.0009247372342251,1
Zm00001d005100,0.0,III,0.430117,0.54,3.4670829174279363,0.2360521613863165,0.0603,0.137,0.4397,331106.0,115657.0,9.10026,0.35,0.04,0.03,0.01,0.6599999999999999,0.675,0.32,0.85,0.845,0.815,0.2629,0.39625,1.0,1.0,1.0,1.0,439,0.8055,0.0395,1.0,0.79,1.0,0.0,0.0,0.0,-0.048541671978273,-0.0750807253845225,-0.0837141675970807,-0.0540975919666641,-0.0714815087784769,-0.0068141166878778,-0.0993325178306577,-0.0433072355149719,-0.1848975462471189,0.7305059782130972,0.1766254564252306,-0.0172874209698853,0.1176005152859679,-0.0608745258256839,1.057581380051683,0.060727576442394,-0.024160211016611,-0.0583382294726655,-0.0399693106750666,-0.0175713888752966,0.0036491198827991,-0.0522901252629062,-0.0590457469259036,0.0139521515403566,1
Zm00001d005090,0.0,III,0.451724,0.49,5.522584130801104,0.1519163919959743,0.0039,0.1152,0.0341,233189.0,14624.0,12.9347,0.34,0.08,0.025,0.0,0.56,0.73,0.005,0.785,0.81,0.77,0.43335,0.19469999999999998,1.0,1.0,1.0,1.0,2509,0.028849999999999994,0.2075,0.39,1.0,0.0,0.0,1.0,0.0,-0.1317519073162525,-0.1525700041362009,-0.1075052484564847,-0.149565147781071,-0.1171383393453785,-0.1190403641726347,-0.1649466416645082,-0.1229558370216671,-0.1350312405509233,1.1437907901857909,0.3889944849665222,0.0575154683238922,0.2084722894342981,-0.0365597851600706,1.8365508507577784,0.1204675242985326,0.0052204353356621,-0.0031295502286066,0.0254810217895175,0.0102498743730901,0.0273935988434555,0.0037138063321269,0.0032779387857298,0.0270085599045326,1
Zm00001d005085,0.0,III,0.479245,0.51,4.267710573878099,0.1783231694203959,0.0143,0.1553,0.092,28.0,401.0,7.66892,0.34,0.04,0.03,0.0,0.795,0.185,0.01,0.905,0.16,0.735,0.5449999999999999,0.37765,1.0,0.89225,1.0,0.9445,3137,0.23650000000000002,0.32849999999999996,1.0,1.0,0.0,0.0,1.0,0.0,0.3800037948767335,-0.0312200952496974,-0.0184447280565031,-0.0240972340274401,0.0454982654182885,0.8959101083322615,-0.0917847059166081,-0.0573711468625317,0.0377823095881551,0.939563682071804,0.4065162111035514,0.1264303385045573,0.3025235906771472,-0.0153995922300744,1.381044911748994,0.2555278462240636,-0.0619678171328323,-0.0600694286244126,-0.0057694767684232,0.0212531239076534,-0.0044053665180238,-0.0161983650935827,-0.0746352852341346,0.0392806552929745,1
Zm00001d005063,0.0,III,0.451079,0.294118,1.684810567853334,0.3964219281961181,0.0453,0.1312,0.3456,138683.0,21337.0,16.7692,0.31,0.045,0.025,0.0,0.635,0.7949999999999999,0.32999999999999996,0.755,0.955,0.88,0.41745,0.19355,1.0,1.0,1.0,1.0,0,0.2565,0.9109999999999999,1.0,1.0,0.0,0.0,1.0,0.0,-0.0231756836745117,0.2795937888771755,-0.0129304586549861,-0.0112951430398511,-0.0358923789237701,-0.0246852725683502,0.1837963859001447,-0.0242622795442405,-0.1920850236527187,1.5899933674628484,0.3134697687616833,0.0968258367758177,0.0143923202854252,-0.0531776701211183,2.0670997742282835,-0.0006038790809162,-0.0482353739503581,-0.131855217903495,-0.0888860082426973,-0.0553676510798131,0.0338822240350136,-0.054513346710818,-0.1278382916790803,-0.0124009408697622,1
Zm00001d005062,0.0,III,0.4816,0.55,4.380519176385948,0.2072074743206819,0.0153,0.1087,0.1409,61330.0,108372.0,16.7692,0.32,0.045,0.04,0.0,0.72,0.475,0.005,0.815,0.71,0.72,0.42825,0.25765000000000005,1.0,1.0,1.0,1.0,775,0.10449999999999998,0.523,1.0,1.0,0.0,0.0,1.0,0.0,0.0025489429037417,0.029871021031272,-0.0349690189418456,-0.0009523096578297,0.0613982226678083,0.0195126067624875,-0.0320238280055577,-0.0008879983412308,-0.0696645592867262,0.6348248709203818,0.4905209483347159,0.2986097099435858,0.4480762314020048,-0.0354489895064796,1.0276154458324762,0.3663859985754022,-0.0517413492531821,-0.0698483283730862,-0.0112518359199128,0.0281133707576955,0.0783462290748236,0.0264855559997739,-0.0533947480985081,-0.0071011736486832,1
Zm00001d005036,0.0,III,0.516938,0.57,3.639410528174618,0.3402590792227684,0.0211,0.1857,0.1134,239.0,133.0,14.8256,0.33,0.025,0.02,0.0,0.73,0.63,0.03,0.885,0.8,0.55,0.24164999999999998,0.129,1.0,1.0,1.0,1.0,3190,0.3263,0.12999999999999998,1.0,1.0,1.0,0.0,0.0,0.0,-0.0703136413209128,-0.0603043490376766,-0.059821021518181,-0.0404538534045958,-0.0510237121627646,-0.0326050560383795,-0.0788919600112223,-0.0562895452273866,0.1684567009003283,0.5670500510532626,0.9234888795824402,0.3683678239082837,0.7575384445428891,-0.0326998006353971,1.1466086569921023,0.621562745865064,-0.0729778744902565,-0.0908158854555956,-0.0604195245107456,-0.0765725582095942,-0.0385055046985571,-0.0583204341323458,-0.103414705107893,-0.0611223888889755,1
Zm00001d005035,0.0,III,0.512941,0.62,3.263046425841931,0.2760220295969341,0.0145,0.1851,0.0781,83.0,380.0,23.4663,0.33,0.05,0.025,0.01,0.665,0.355,0.46,0.78,0.47,0.78,0.3548,0.28695000000000004,1.0,1.0,1.0,1.0,0,0.7025,0.06149999999999999,1.0,1.0,0.0,0.0,0.0,1.0,-0.0389192283418968,-0.0651713886005141,-0.0721704393316337,-0.0054725378774951,-0.0444397995942409,0.0272177144306598,-0.0887137910126886,-0.0467921448940931,0.0834355341556312,0.9422204458842554,0.1949514679509967,0.0900185262916096,0.2647272179248608,-0.0915755238978641,1.17984924337435,0.0922567264621474,0.0128095939018332,-0.0264729934084054,0.0073366685276255,0.002256205284953,0.0335028223430244,-0.0027509611271831,-0.0542541009972611,-0.0086384023079594,1
Zm00001d005029,0.0,III,0.726068,0.48,1.7278440108628563,0.6497698940516836,0.0395,0.3278,0.1205,53.0,258.0,22.035,0.33,0.02,0.035,0.005,0.71,0.315,0.005,0.84,0.495,0.055,0.12029999999999999,0.2046,1.0,0.9167000000000001,1.0,1.0,0,0.1665,0.058499999999999996,1.0,1.0,1.0,0.0,0.0,0.0,0.194416419911134,-0.065478305958037,-0.0575939610969191,0.0060119285885185,0.170095311569399,0.0814748681835355,-0.1339343577190055,-0.0013638914573902,0.1878698687329452,0.0625779866751165,0.752612176249679,0.2220173043302257,0.4411914515587404,0.0891189378553682,0.1798335236952432,0.4076183693150182,-0.1189213844875515,-0.1451540469566553,-0.0738708734548124,-0.0818298076607588,-0.0208195923033555,-0.0422014079946371,-0.1470856981973844,-0.0165241947966455,1
Zm00001d005027,0.0,III,0.501055,0.48,5.132083992915985,0.198082196911283,0.0861,0.2338,0.3685,237709.0,120363.0,18.6601,0.33,0.02,0.015,0.01,0.165,0.595,0.07,0.345,0.7949999999999999,0.665,0.2569,0.22915,0.7702500000000001,1.0,1.0,1.0,3880,0.0,0.0,0.0,0.0,0.0,0.0,1.0,0.0,-0.054082166316573,-0.0645181501642955,-0.0476529616349046,0.0277304545617817,-0.0596825113723502,-0.0021720164788784,-0.0834340927382976,-0.0486427924908663,0.065108908633364,0.7122853351715418,0.3213229632201833,0.1479866075322451,0.422298975053103,-0.0209580192763919,1.01801059890676,0.3118780212490445,0.2986869232376804,0.1297902763034588,0.3480339907762755,0.0519629580701741,0.2813916695418538,0.0050768608190957,0.1774604125575111,0.1733148403450747,1
Zm00001d005026,0.0,III,0.649351,0.41,1.4210172342092993,0.5529526158315458,0.0803,0.8367,0.096,234738.0,125515.0,18.6601,0.33,0.025,0.025,0.0,0.71,0.135,0.01,0.86,0.67,0.0,0.4345,0.3009,1.0,0.8466,1.0,1.0,909,0.0,0.044000000000000004,0.0,0.88,0.0,0.0,1.0,0.0,-0.0579199640744385,0.748516717156537,0.0516043919167613,-0.0334283523903762,0.0626167231550976,-0.0525478783943271,1.0295838327260838,-0.0486879106603048,0.300065866396367,0.1155128327630387,1.0309737352273138,0.2048864382750062,0.5410149733732109,0.0339008070208874,0.2240942429345046,0.8011696510848563,-0.0369189704550255,-0.0694530478030863,-0.0328645730160405,0.0190138668298816,0.0032352903669024,-0.0044113173486916,-0.0748072076102016,0.0314614008128201,1
Zm00001d005019,0.0,III,0.461715,0.55,4.045894201949644,0.3772753443319399,0.0248,0.1625,0.1527,261069.0,2263.0,18.7127,0.32,0.02,0.06,0.0,0.6950000000000001,0.25,0.04,0.745,0.46499999999999997,0.7,0.1069,0.31665,1.0,0.6309,1.0,1.0,2095,0.0048,0.43920000000000003,0.39,1.0,0.0,0.0,1.0,0.0,0.2167661503102648,0.0411525423294185,0.0189401075917634,0.0498917754786476,0.1121152145428383,0.0255830348221979,0.0122989951644132,0.0383751340672976,0.2458644312478009,0.8350649417101887,0.319472586896438,0.2070101395570688,0.4261904476526097,-0.0866706336522636,0.9602433681671724,0.368850247403585,-0.0550423891911703,-0.135077032124548,-0.1042161160786613,-0.0673683393158905,-0.0082748784617646,-0.0944219982796878,-0.1307833329937742,-0.0366783437482178,1
Zm00001d005016,0.0,III,0.596491,0.647059,3.1630226873841534,0.6414504169816538,0.0371,0.1916,0.1936,137603.0,39845.0,8.6407,0.32,0.07,0.04,0.04,0.3,0.785,0.11,0.41000000000000003,0.885,0.20500000000000002,0.50095,0.3738,1.0,1.0,1.0,1.0,737,0.0885,0.7555,1.0,1.0,0.0,1.0,0.0,0.0,-0.0027934083907003,-0.003905679981215,-0.0004226080310216,0.0228158439005711,-0.0024384634700738,0.0149991718624364,-0.0144191997424496,0.002507497065427,0.8860706257152604,0.4456490510865844,0.581006570812015,0.1321712950358835,0.5792105467938361,-0.0478682076655583,-0.0479065901395436,0.4999012987238456,0.4412407733412586,0.088272879049403,0.1314518499566572,0.0405243777985105,0.1723228949359651,-0.0132699507326775,-0.0749768322563633,0.0672871323690128,1
Zm00001d005006,0.0,III,0.492832,0.56,3.499752552977847,0.3563852670019959,0.0072,0.1266,0.0567,172.0,1503.0,9.55982,0.3,0.035,0.18,0.0,0.6399999999999999,0.2,0.0,0.8200000000000001,0.32499999999999996,0.41000000000000003,0.3217,0.9344,1.0,1.0,1.0,1.0,453,0.5086999999999999,0.13849999999999998,1.0,1.0,0.0,1.0,0.0,0.0,0.2103331597259136,-0.0574160400909592,-0.0881600462315981,0.006368168707222,0.1850314225518825,0.0110037700697648,-0.0740092466716521,0.0808858457331608,0.1090531985683012,0.5392726158917274,0.4747269262308372,0.2374294004966582,0.6067782211821068,-0.0306922136772484,0.8962287641763673,0.4676856501296155,-0.063556595207092,-0.1128770685323087,-0.0731028616900912,-0.0384099409794101,-0.0094539321953358,-0.0301584218358321,-0.1181675436380144,-0.0346590410228022,1
Zm00001d005003,0.0,III,0.646409,0.46,0.4517448315443979,0.8137220180924661,0.0369,0.2326,0.1586,205340.0,45054.0,13.9065,0.3,0.015,0.02,0.0,0.65,0.33999999999999997,0.0,0.825,0.385,0.0,0.12329999999999999,0.41890000000000005,1.0,1.0,1.0,1.0,0,0.613,0.1545,1.0,1.0,1.0,0.0,0.0,0.0,-0.0666105404792215,-0.080568763857737,-0.0615683066082331,-0.0311079739673344,-0.0634741520748096,-0.012012477927973,-0.1033270753689984,-0.0612597764844267,0.4929488935681244,0.2170586785524471,0.6995607006401456,0.1612843999480705,0.5815979943243363,0.0313887628363946,-0.0181259385781392,0.7599011491116746,0.1127156551103883,-0.0273181671450127,0.0189353540429749,-0.0031465174421935,0.0082497882573979,-0.0301277678903032,-0.1010598093306255,0.0259675293878883,1
Zm00001d004998,0.0,III,0.618445,0.45,0.1715706702057048,0.7399904215586762,0.0218,0.3896,0.0559,46430.0,202430.0,22.035,0.29,0.025,0.03,0.0,0.53,0.22500000000000003,0.015,0.65,0.56,0.49,0.28985,0.26270000000000004,1.0,1.0,1.0,1.0,0,0.0,0.08900000000000001,0.0,1.0,1.0,0.0,0.0,0.0,0.014040771429733,-0.0041671485911322,-0.0007920861187505,0.0188097219752149,0.0090259009813199,0.0102208131103784,-0.0025093808603279,0.0117046076388525,0.3073059630129582,0.2917569227153806,0.152599909036556,0.0100437966474499,0.0850483172232858,0.0426310382763635,0.2849406076481659,-0.0100656786334307,0.2085536142949699,0.0235342136049349,0.0600177694042772,0.0013329491365854,0.03141973812518,0.0303390778014527,-0.0457080789631636,-0.0010553663716954,1
Zm00001d004993,0.0,III,0.450734,0.317647,2.831526518449733,0.27285043287939,0.0287,0.1639,0.1751,440099.0,300619.0,12.9347,0.28,0.14,0.025,0.01,0.86,0.8200000000000001,0.39,0.9450000000000001,0.865,0.6950000000000001,0.4972,0.1743,1.0,1.0,1.0,1.0,0,0.9915999999999999,0.0,1.0,0.0,0.0,0.0,1.0,0.0,-0.0392813633800481,-0.0376093920967144,-0.0421579515656032,0.0169099138286565,-0.0579562987479287,-0.0111282210310271,-0.064108993292795,-0.0311385424240838,-0.0556064028447221,1.2340654654393652,0.23669712247566,0.1592453323371606,0.1947932688285293,-0.0337989743479463,1.253353893456136,0.185777885849514,-0.0017815667688486,-0.0032800621581723,0.0288807504519912,0.0527457712526604,0.0984561563724271,0.0034946292645322,-0.0034886942940953,0.1155028723864426,1
Zm00001d004986,0.0,III,0.464826,0.62,4.48225826407717,0.1216628079736442,0.0452,0.121,0.3732,3.0,153.0,31.1352,0.25,0.07,0.015,0.01,0.805,0.4,0.195,0.885,0.6599999999999999,0.61,0.6508,0.229,1.0,1.0,1.0,1.0,0,0.605,0.11040000000000003,1.0,1.0,0.0,1.0,0.0,0.0,-0.0883457417021863,-0.1435200538598169,-0.1488651336698485,-0.0849492935729545,-0.0929416140755118,-0.0793934990093959,-0.1671758731624566,-0.0827060928152571,-0.122499754803573,1.1951986414012343,0.2417259053496706,0.0723783095061058,0.2573233374169705,-0.0492817836194187,1.4854290335840163,0.13532624792768,-0.0513956868450997,-0.0587762915607901,-0.0361636524874918,0.0039980680827556,-0.0560624122850576,8.914172033084312e-05,-0.077944492813464,-0.0362747698693404,1
Zm00001d004976,0.0,III,0.519814,0.48,4.122426800341638,0.2588984746688164,0.0218,0.1385,0.1578,229073.0,348121.0,6.23758,0.26,0.07,0.045,0.0,0.86,0.65,0.005,0.9,0.81,0.6599999999999999,0.41664999999999996,0.41665,1.0,1.0,1.0,1.0,0,0.9694999999999999,0.6475,1.0,1.0,1.0,0.0,0.0,0.0,-0.0810192782270831,-0.0571755781847639,-0.0648769610593563,-0.0352309851246449,-0.0160005195655821,-0.0453951838074169,-0.082854912685845,-0.0230922410515377,-0.0936636995265496,0.7173864390351304,0.3625107045635592,0.1817743700911323,0.4201627874826742,-0.0479959723628049,1.1824677545724356,0.3988256737142469,-0.0151541863805232,-0.0536265022563961,0.0468033109396605,0.0375957715284491,0.0786568236868394,-0.0168274240014367,-0.0324680124878604,0.0409978387744995,1
Zm00001d004966,0.0,III,0.711674,0.65,0.2090777170246415,0.8797116094642609,0.0237,0.6631,0.0358,316313.0,302401.0,14.3134,0.26,0.04,0.025,0.0,0.53,0.655,0.01,0.755,0.7949999999999999,0.0,0.373,0.24295,1.0,1.0,1.0,1.0,2822,0.19049999999999997,0.177,1.0,0.98,0.0,0.0,1.0,0.0,-0.0424364664368884,-0.0538046999419501,-0.0443854759976658,-0.0075961414998441,-0.0508991137336838,0.28078322841718,-0.063307722117602,-0.0096748766876305,0.4383274366148179,0.1678377582791679,0.3656560674467773,0.0581487460110003,0.1781554257465915,0.9617761965199204,-0.0557971927070455,0.0777948495854498,0.3622056670881894,0.0470484481292529,0.0455773811372245,0.0308692771077512,0.1021099819290588,0.9793463904787304,-0.068943071402897,0.0277091693580039,1
Zm00001d004960,0.0,III,0.58686,0.676471,4.63932884838109,0.2580422177905806,0.0254,0.1944,0.1304,509988.0,105745.0,11.5034,0.26,0.034999999999999996,0.025,0.01,0.88,0.69,0.045000000000000005,0.925,0.835,0.76,0.20829999999999999,0.15415,1.0,1.0,1.0,1.0,0,0.1495,0.6185499999999999,1.0,1.0,1.0,0.0,0.0,0.0,-0.0359105637453961,-0.0559914035040134,-0.0734493180863289,-0.0443767980385277,-0.0179803187877988,-0.039181756887013,-0.080928027716658,-0.0504661299887354,-0.0043442163422998,0.7605183100540288,0.3265613191767054,-0.0040416170477527,0.2046670941913197,-0.001738080342545,1.1110623841245966,0.1399361371792164,-0.016917616974024,-0.0164216681536831,-0.031972009091323,-0.0135903826070323,-0.0197142475168684,0.0206882388648883,-0.0415523800334891,-0.0257154657734428,1
Zm00001d004959,0.0,III,0.514418,0.552941,2.837752496697504,0.3398708289952088,0.0508,0.1945,0.261,37086.0,581470.0,11.5034,0.26,0.015,0.06,0.005,0.735,0.7,0.04,0.85,0.875,0.5449999999999999,0.0859,0.5665,1.0,1.0,1.0,1.0,0,0.0,0.4583499999999999,0.0,1.0,0.0,1.0,0.0,0.0,0.081935586167541,-0.0141233724483112,0.0636296570962777,0.0325750326016247,0.2180265149343508,0.0073541682663707,-0.0892564653972622,0.1311594822378296,0.1849135691134194,0.5679101079915632,0.4603057476884404,0.2443633254244545,0.5225169369690704,-0.0599309124995016,0.8215370985447569,0.5142614993038718,-0.1057572740173434,-0.1247073414406846,-0.0959078845679615,-0.0592898306813652,-0.0566202363626369,-0.0701105599032014,-0.1443621327931106,-0.0229690108617227,1
Zm00001d004957,0.0,III,0.678317,0.335294,1.2383621096826494,0.7284531513523314,0.0442,0.4738,0.0933,35557.0,203.0,36.4537,0.25,0.030000000000000002,0.14500000000000002,0.0,0.485,0.4,0.005,0.6950000000000001,0.455,0.0,0.21744999999999998,0.72395,1.0,1.0,1.0,1.0,1232,0.36150000000000004,0.0535,1.0,1.0,0.0,0.0,1.0,0.0,-0.0254133990541315,-0.0212542835683438,-0.0293096087526796,0.0142122311656495,-0.0269660647934912,0.0165470071114062,-0.0409127717170097,0.0084451265041867,0.4685557209969574,0.1093509968202084,0.6969916863205934,0.4642240113793583,0.6304099873154393,0.0363300878017139,0.0850927521625392,0.477244520953295,0.019171164940401,-0.0769804384596695,-0.0622493014807943,-0.0368613670209794,0.0262170724197851,-0.0522483945145063,-0.0647711146438028,-0.0337148901163346,1
Zm00001d004924,0.0,III,0.686165,0.48,0.8732306219651766,0.7305607826779368,0.0637,0.3148,0.2023,55953.0,238652.0,58.4887,0.22,0.065,0.03,0.0,0.165,0.625,0.0,0.355,0.8400000000000001,0.0,0.6597,0.27915,1.0,1.0,1.0,1.0,0,0.14984999999999998,0.0164,1.0,0.76,1.0,0.0,0.0,0.0,0.4670040568152473,0.1152326636002575,0.3314580267800228,0.1893743870759352,0.4440464996680378,0.0093107604816544,-0.0604639804084574,0.3164368292939696,0.5841378418186173,0.1938232668515796,0.6958083290880324,0.1859945239661167,0.5538805417255603,0.0260009797411178,0.1767687833013958,0.5325220493072461,0.3189463855065104,-0.0546255966923004,0.0131407102294557,0.0432593164719138,0.2036377804421096,-0.0266584230035542,-0.0620825800747999,0.0597736261700709,1
Zm00001d004913,0.0,III,0.467225,0.57,1.369144762089212,0.4453451499552655,0.0495,0.1454,0.3402,7.0,33036.0,24.4381,0.19,0.025,0.04,0.0,0.7150000000000001,0.685,0.0,0.8300000000000001,0.775,0.175,0.2212,0.33955,1.0,1.0,1.0,1.0,449,0.49400000000000005,0.26250000000000007,1.0,1.0,1.0,0.0,0.0,0.0,-0.0389228101558118,0.0451685765460723,-0.054040166116547,-0.0148646009503503,-0.0019519705361702,-0.0065965645176266,-0.0124052707619737,-0.0152532722227533,0.1646665941549928,0.329992244758095,0.7189726118580603,0.4414987705861045,0.835505252010887,0.0038588275653484,0.7087211286897765,0.7138545381697944,-0.0879965066899812,-0.1168693287804668,-0.0944356611800051,-0.0452598380130688,-0.0271067162624095,-0.0010760013735308,-0.106851985720841,0.0119538014438493,1
Zm00001d004909,0.0,III,0.690476,0.51,0.0413610178234253,0.947961093271632,0.0846,2.212,0.0382,504.0,282786.0,15.3378,0.19,0.03,0.035,0.0,0.385,0.675,0.03,0.585,0.855,0.0,0.36945,0.37939999999999996,1.0,1.0,1.0,1.0,602,0.0655,0.433,1.0,1.0,0.0,1.0,0.0,0.0,-0.001719013317191,-0.0991678444872599,-0.0595580434378176,-0.0694168819262348,-0.0539860737477914,0.1580129825594416,-0.1192114451297399,-0.0823336053710847,0.4752171764598898,0.2506448388792609,0.4574383267971993,0.0334004977212425,0.1668063171000114,1.1459335557758972,-0.0621034629899945,0.1777422355097161,0.315511909067217,0.0110264682762993,0.020331592492178,0.0371068979896327,0.0842350792535178,0.3978936318897024,-0.088755457539346,0.0527718160924183,1
Zm00001d004898,0.0,III,0.525303,0.53,3.0341624511271896,0.2891706286825435,0.0312,0.1779,0.1755,278250.0,1537.0,8.6407,0.18,0.04,0.065,0.0,0.635,0.685,0.005,0.8,0.715,0.405,0.53705,0.5125,1.0,1.0,1.0,1.0,6047,0.16899999999999998,0.5661499999999999,1.0,1.0,0.0,0.0,1.0,0.0,0.1148714348242301,-0.0519031210234933,-0.0904158696475889,-0.0485504755748895,0.0795150022212829,-0.0269760406664069,-0.0764509258134715,0.0045485758530104,0.0458248797873389,0.755364600365725,0.5818548327044827,0.3135424699057716,0.6064910438143363,-0.0281280162655252,1.2612680860113028,0.4304992489646289,0.0265555007699676,-0.0293097986030946,0.0111855958342499,0.0472094661144182,0.0736320113138004,0.0386182563456468,-0.0600033831931131,0.0627087991910092,1
Zm00001d004896,0.0,III,0.543399,0.6,3.563251370247658,0.2105462598960737,0.0701,0.2249,0.3118,123.0,185675.0,9.10026,0.18,0.045,0.045,0.0,0.845,0.63,0.005,0.92,0.82,0.5700000000000001,0.55555,0.26885000000000003,1.0,0.9375,1.0,1.0,3593,0.0,0.0,0.0,0.0,0.0,0.0,1.0,0.0,0.2106250992559308,0.0492265601122098,0.1303386004135418,0.0836668571787339,0.1372629455891343,0.0336340742549449,-0.0158404565202856,0.0695512370757965,0.0377074121858772,0.7613084106901385,0.4996665594523503,0.2181955881478506,0.4758977878175868,0.018793661796606,1.1805463718698903,0.3285949806317144,-0.011714411493145,-0.0500436727183601,-0.0517767538445944,0.0213148995593573,0.0177162267491397,0.009920685750315,-0.0681477830044015,0.0302695907839548,1
Zm00001d004894,0.0,III,0.660819,0.68,3.4171942758210854,0.7262538818884032,0.0671,0.4424,0.1516,1.0,76370.0,14.8256,0.17,0.01,0.02,0.0,0.475,0.73,0.0,0.7,0.88,0.0,0.0946,0.2552,1.0,1.0,1.0,1.0,1832,0.17600000000000002,0.026500000000000003,1.0,0.53,0.0,0.0,1.0,0.0,-0.1034432323498323,-0.1146326880934216,-0.1137134813942528,-0.053683721540326,-0.127059613236458,-0.0389990920957217,-0.1396265076856591,-0.1057482563911736,0.393668878412592,0.0448746150102321,0.834725189099027,0.2100156785051194,0.2812823801225513,0.7156945786276683,-0.0547407656075303,0.2538434660355632,0.0489617884878557,-0.0750734693480712,-0.025556606537092,0.0299331768642837,0.1360082684951956,0.1171607668440502,-0.1141457613186661,0.0036580259639493,1
Zm00001d004889,0.0,III,0.643853,0.53,0.0733337259140167,0.9923888722996425,0.0299,0.1533,0.1948,236072.0,54128.0,21.5228,0.17,0.02,0.01,0.0,0.30000000000000004,0.655,0.0,0.505,0.745,0.0,0.2611,0.1111,0.9722500000000001,1.0,1.0,1.0,0,0.2855,0.04050000000000001,1.0,0.81,0.0,0.0,1.0,0.0,-0.015512709647871,-0.0949483485950686,-0.076055864811422,-0.0502618330666963,0.0004053665881645,0.8265865997397406,-0.1196999269115548,-0.0724110539534129,0.5403248450181111,0.1360983796207848,0.3052875953847022,0.0499835443766722,0.122579897525557,1.0765740940340556,-0.053905999047308,0.0676498840366241,0.3319041642227898,-0.0251352274254438,-0.035080543093902,0.0192023116647338,0.0682777188300139,1.2707911152569058,-0.12547530631592,0.0148973788606018,1
Zm00001d004868,0.0,III,0.463087,0.54,1.1370319729128604,0.641603144979449,0.0526,0.1631,0.3222,230409.0,70764.0,16.7692,0.13,0.02,0.095,0.01,0.725,0.6000000000000001,0.025,0.86,0.7849999999999999,0.32,0.11655000000000001,0.59985,1.0,1.0,1.0,1.0,0,0.3645999999999999,0.13799999999999998,1.0,1.0,1.0,0.0,0.0,0.0,0.0853883496786349,0.0296734644701761,0.0252462248168222,-0.028278768007369,0.0276576610571148,-0.0131005036038763,-0.0579865096262535,0.1056373003486857,0.8365955381139463,0.6416348438314655,0.5778141580208409,0.1845662744272801,0.5625769956513366,-0.0570093902322603,0.5591282768842574,0.5271153776648202,-0.0322354900129533,-0.0963064211424569,-0.0147695844826398,-0.055905798841098,-0.0390494399778481,-0.0436748653343982,-0.0992801119793357,-0.0531115038995162,1
Zm00001d004865,0.0,III,0.688034,0.54,0.1330920587672822,0.9041305626741803,0.0498,0.4038,0.1233,58337.0,248341.0,16.7692,0.13,0.01,0.035,0.0,0.775,0.445,0.0,0.875,0.66,0.0,0.06545000000000001,0.39805,1.0,1.0,1.0,1.0,1000,0.084,0.14495000000000002,1.0,1.0,0.0,1.0,0.0,0.0,-0.0297336672359617,-0.0585630263389745,-0.0460677493878034,-0.0115196713222703,-0.0315519847332778,-0.0294709261098052,-0.059883545928426,-0.0270225974824767,0.140103172101476,0.1069337557630796,0.5952546184194659,0.0265990569914679,0.1449578604824659,0.129207565717859,-0.0312888623620361,0.1714408396845299,0.075826264692137,0.0014464389906232,0.0424074241709756,0.0322023685529792,0.0446761311389187,0.0484378653669962,-0.0444956339635576,0.0130729682128691,1
Zm00001d004857,0.0,III,0.641026,0.641176,2.007184687383624,0.444582186357861,0.0351,0.2486,0.1411,223.0,31982.0,281.189,0.13,0.01,0.045,0.015,0.6699999999999999,0.735,0.02,0.8049999999999999,0.88,0.37,0.11455,0.32335,1.0,1.0,1.0,1.0,0,0.5605,0.9519999999999998,1.0,1.0,0.0,0.0,1.0,0.0,-0.0631513681788246,-0.0903955022204718,-0.0792348799957106,-0.0857465058554091,-0.0853671485787247,-0.0273115989838443,-0.1042500479847291,-0.1028826603888272,-0.0477693634395964,0.4697773855811756,0.4845093418566222,0.3298738191404325,0.5666311787607348,-0.0641818053750425,0.811454929413426,0.2227187459839031,-0.0513534354490513,-0.0506450827975367,-0.0379898665117857,0.0158551369483736,0.0881564738350303,-0.0206001538937878,-0.0681797350259632,-0.0123518306549977,1
Zm00001d004856,0.0,III,0.507358,0.52,1.525187209563003,0.3084264269299232,0.0573,0.1925,0.2979,528.0,32248.0,15.85,0.13,0.015,0.045,0.0,0.41000000000000003,0.625,0.0,0.505,0.795,0.435,0.2465,0.3333,1.0,1.0,1.0,1.0,5291,0.055,0.7141500000000001,1.0,1.0,0.0,0.0,1.0,0.0,-0.0346448231950566,-0.0549317386158097,-0.0685815240023301,-0.0012172617321356,-0.0535261023180531,-0.0415101733095678,-0.0958743259864023,-0.0241176275920694,0.0245642561785302,0.7632819010209337,0.1332690520032306,0.1257421930748752,0.3652575994064634,-0.0403101082397618,1.0401175971832628,0.2200350468077904,-0.0515401078089571,-0.1266144825615184,0.2557720724821428,0.1908480015133874,0.3919280818632416,-0.0617487309948341,0.0456324012613697,0.480742850202334,1
Zm00001d004855,0.0,III,0.488438,0.4,2.980493257369925,0.6192580890276911,0.007,0.1792,0.039,70278.0,214737.0,19.6845,0.12,0.04,0.015,0.02,0.385,0.78,0.5449999999999999,0.6,0.9,0.63,0.56335,0.13685,1.0,1.0,1.0,1.0,3908,0.0,0.0,0.0,0.0,1.0,0.0,0.0,0.0,-0.05368183659241,-0.0696935728095454,-0.0779606973812431,-0.0497089299428441,-0.0869175358476147,-0.0472701765772534,-0.104947595924025,-0.0728034448855624,0.3043905465892387,0.2014813686624204,0.4339132047243074,0.3188890625867106,0.5898921355328895,-0.045428852726808,0.2063490084059897,0.5979425437584851,0.0629571302284313,-0.0293524640833037,0.0834236134460893,0.0487760949754743,0.2939949262731636,-0.0468605325048063,-0.1162503509637277,0.1268109960547016,1
Zm00001d004851,0.0,III,0.454615,0.48,2.1803849289724195,0.3177366126126394,0.0305,0.1263,0.2418,4221.0,111558.0,6.69714,0.12,0.0,0.0,0.0,0.14,0.0,0.0,0.9199999999999999,0.7,0.9450000000000001,0.0119,0.0625,0.83335,0.0,1.0,1.0,9987,0.441,0.0,1.0,0.0,0.0,0.0,1.0,0.0,-0.0119614359464576,0.6186139351836201,0.0804509501891856,-0.0309515223897357,0.2319040977181929,-0.0527466973013166,0.8121629495372795,0.1001094008095693,0.0054221692837248,0.7034681571662187,0.0640839629225362,-0.0298571169743846,0.0090799411210652,-0.0486266051377833,0.882540091602167,-0.0083070643582102,0.0493719703160798,0.8336861555489415,0.0354139826097873,0.0275373039856632,0.1257104859231852,-0.007334418207856,0.9697902001837054,0.0637101104151079,1
Zm00001d004846,0.0,III,0.684185,0.6,0.0030035695025062,0.9729167929241448,0.0619,0.1601,0.3867,203819.0,186405.0,7.66892,0.11,0.025,0.015,0.0,0.675,0.6699999999999999,0.0,0.8049999999999999,0.83,0.0,0.3333,0.13155,1.0,1.0,1.0,1.0,946,0.407,0.765,1.0,1.0,0.0,1.0,0.0,0.0,0.0063661338005047,-0.0674064310328124,-0.0531731246209315,-0.0295120612445403,0.0418272365452903,-0.0048499564147035,-0.1178073145662967,-0.0441013872026257,0.2549688044638786,0.0884297783927374,0.6538269531564989,0.0701405079897958,0.2223918779653405,0.1133993333308139,-0.058187481927395,0.2496440066046919,0.0692647404110552,-0.0121002239717177,0.0923200164072522,0.0431316809785932,0.1237776629809576,0.0560692247763496,-0.0668146912240316,0.0858279891470031,1
Zm00001d004804,0.0,III,0.512402,0.38,1.6581455609131888,0.6709297157383648,0.0075,0.1708,0.044,62096.0,242124.0,15.3378,0.07,0.015,0.02,0.0,0.605,0.64,0.005,0.63,0.815,0.42000000000000004,0.14715,0.1875,1.0,1.0,1.0,1.0,3080,0.3474999999999999,0.3,1.0,1.0,0.0,0.0,1.0,0.0,-0.0661062349658261,-0.0671522916457244,-0.0916761763585136,-0.0318649742001009,-0.0661050900279862,-0.054963849688024,-0.0908436685648441,-0.0197382483821851,0.5035147328591806,0.5780299909332542,0.7253627426055183,0.3225640947744649,0.6450536366989014,0.0365735190219485,0.5957609313273343,0.6319988532676497,0.1480064451006457,-0.002709785950708,0.1389609779591146,0.2058952121587478,0.4791775084414312,0.0144361652644594,-0.0237631622673122,0.2757263927828025,1
Zm00001d004785,0.0,III,0.476438,0.45,3.422279305552479,0.2822404868529375,0.0099,0.1247,0.0793,550926.0,1173790.0,10.5316,0.06,0.0,0.015,0.01,0.12000000000000001,0.73,0.03,0.89,0.78,0.645,0.03515,0.17195,0.5625,1.0,1.0,1.0,0,0.7415,0.2075,1.0,1.0,0.0,1.0,0.0,0.0,-0.1077621249737913,-0.0990561933464223,-0.0859582729318167,-0.0714409218330991,-0.1026869794625985,-0.0593154676098098,-0.1146456243642093,-0.0786387438339023,-0.1019580801622123,0.9532711113787558,0.0552033789623828,0.0416074181003598,0.1584345693522754,-0.0590499345718119,1.0982029145127985,0.0253604088199365,-0.0446523181920217,0.4747326027621547,-0.0167609930529379,-0.027498994446884,-0.0333885889248541,-0.0179572135780865,0.680576988788172,-0.0038888587486306,1
Zm00001d004782,0.0,III,0.501767,0.45,3.0212580859040323,0.2505250622509899,0.0185,0.1097,0.1684,1379865.0,336319.0,10.5316,0.06,0.115,0.04,0.01,0.745,0.5,0.28500000000000003,0.815,0.615,0.785,0.5521,0.41669999999999996,1.0,1.0,1.0,1.0,0,0.5624999999999999,0.4914499999999999,1.0,1.0,0.0,0.0,1.0,0.0,-0.0164847753248423,-0.0467783745313132,-0.0813653490419124,-0.0087907340503295,0.0893378831685954,-0.0332698128847863,-0.0908686584184359,-0.0122654259956642,-0.1130962787277068,1.2922896792043854,0.251000646916217,0.1010501990522222,0.244249179410019,-0.038091430450819,1.5741928891399226,0.1230192577581052,-0.0364469860357047,-0.0707602906874121,-0.0226432329043329,0.0050178450471779,0.0672328083924325,-0.0568296274612604,-0.0807378196946862,-0.03596686772322,1
Zm00001d004779,0.0,III,0.489837,0.38,2.44090597333355,0.4424983336159472,0.0377,0.1215,0.3099,1621818.0,99331.0,10.5316,0.06,0.035,0.01,0.01,0.605,0.6950000000000001,0.45999999999999996,0.73,0.895,0.73,0.39585000000000004,0.16665,1.0,1.0,1.0,1.0,2835,0.06749999999999998,0.47600000000000003,0.7,1.0,0.0,0.0,1.0,0.0,-0.0116052505690874,-0.0214042765462,-0.0420398417777218,0.0014181284100584,0.0462748987996213,0.0147986488897079,-0.0356672356861537,-0.0088478838989106,0.0318755356062959,1.1686203718406962,0.2749660548985679,0.1305266884313891,0.2291994892523755,-0.0688975573522519,1.345594395743885,0.1510300134633263,0.0418668317025056,-0.0660643112440817,-0.0367568558466107,-0.0026491208186517,0.0413194113892235,-0.0373506095836236,-0.0782825773718928,0.0035971732938583,1
Zm00001d004762,0.0,III,0.713533,0.75,0.8903899256463733,0.8071067159003426,0.0384,2.2676,0.0169,253.0,1155.0,11.5034,0.05,0.04,0.045,0.045,0.675,0.63,0.060000000000000005,0.87,0.79,0.11,0.20829999999999999,0.33015,0.91665,1.0,1.0,1.0,648,0.6535000000000001,0.6265,1.0,1.0,0.0,0.0,1.0,0.0,-0.0709791932372867,-0.0943463890311689,-0.0770357610834874,-0.0624086557704918,-0.1007026667975128,-0.0108240418962416,-0.1167023918989048,-0.0613244608810049,0.5390294929390669,0.0636809411181481,0.520595818641026,0.1287543705216777,0.2448162658096357,0.2901748215041356,-0.016267145883353,0.1705526269449976,0.0269934066589426,-0.0253185178957935,0.0487759970856091,-0.0053718403565593,0.0415483046198923,0.0262598194589495,-0.0437331855791584,0.0338369662784378,1
Zm00001d004744,0.0,III,0.688406,0.65,0.9365588456584084,0.8006963408549097,0.0959,0.3362,0.2851,111.0,111.0,55.5734,0.06,0.035,0.045,0.0,0.495,0.75,0.0,0.77,0.905,0.0,0.25265,0.39375000000000004,1.0,1.0,1.0,1.0,74,0.3919999999999999,0.038,1.0,0.76,1.0,0.0,0.0,0.0,-0.0160735648946611,-0.0446091404613508,-0.0119859618180111,-0.0427271967645488,-0.0204875420474144,-0.0438661089591271,-0.0537718536440133,-0.0405012904060652,0.1195350754205916,0.0107869073904632,0.7257771250650487,0.1539088267430792,0.2689381098605438,0.0230921082230085,-0.0056757343044948,0.3431022242760463,-0.0897823493097438,-0.0969244760257582,-0.0663989038675856,-0.035380082441425,-0.0126031997105259,-0.0465540053047566,-0.1224875464709001,-0.0450290784128087,1
Zm00001d004716,0.0,III,0.457483,0.52,2.2906691823236094,0.6324015500776045,0.0354,0.1016,0.3482,157517.0,378044.0,81.4428,0.04,0.07,0.03,0.0,0.25,0.675,0.01,0.265,0.625,0.5449999999999999,0.63335,0.58335,1.0,1.0,1.0,1.0,2544,0.08900000000000001,0.1115,1.0,1.0,0.0,0.0,1.0,0.0,0.0419173527232126,0.0104694183283102,-0.1258726103166959,-0.0401299923076133,0.0657962057562757,-0.0699292288079848,-0.108128368126581,-0.0044882764869437,0.2351680466671815,0.7672141732419356,0.2811432617938084,0.1062941208198864,0.427863626062109,-0.0364662105212709,0.9020304481600976,0.3053347885381335,0.3566063729954706,0.1458179695299896,0.2797930891567129,0.1215832874296381,0.3349439446129479,-0.0232593077564135,0.0549083660084937,0.2527195406367756,1
Zm00001d004650,0.0,III,0.656331,0.47,1.8047115392277864,0.5298415686877732,0.0328,0.2253,0.1455,341940.0,1118601.0,7.66892,0.0,0.034999999999999996,0.03,0.0,0.8049999999999999,0.505,0.01,0.915,0.665,0.025,0.47500000000000003,0.25775000000000003,1.0,1.0,1.0,1.0,63,0.5945,0.28049999999999997,1.0,1.0,1.0,0.0,0.0,0.0,0.097429061980835,0.0380886040479658,0.1151014550313458,0.0075049398204325,0.1233448470451915,-0.0049724608977066,0.0915921897867373,0.0332360795449153,0.2267426403738091,0.0125918580029541,1.0299407373862413,0.3366841561933662,0.7505690623926673,-0.0105082315690342,0.518347034628367,0.8355914280549446,-0.0545937158849948,-0.0499544135618879,-0.0181469173465056,0.0019683059220918,-0.0053650956820431,-0.0295840946199024,-0.0671113030468939,-0.0172245073261254,1
Zm00001d004651,0.0,III,0.503754,0.61,3.4691264204989607,0.4004946752414366,0.0212,0.0844,0.2513,121.0,1437207.0,7.66892,0.0,0.06,0.02,0.01,0.685,0.79,0.32,0.815,0.9,0.85,0.4104,0.21589999999999998,1.0,1.0,1.0,1.0,0,0.2863,0.1525,1.0,1.0,0.0,1.0,0.0,0.0,-0.0986228884433042,-0.0882353934583919,-0.099375089429693,-0.0064231428835123,-0.079862497616289,-0.0587112334639685,-0.1254053751578512,-0.0596741361396442,-0.2409253762607524,1.822853325673115,0.2262798329434144,-0.0677034926613465,-0.0642665181812179,-0.1178027134544318,1.994467340082117,-0.1106882627613593,0.041715031788666,-0.0866788442169604,-0.0513083572665505,-0.045179120075962,0.0851450593154242,-0.0420042833480563,-0.1030133152970675,-0.0017449014128689,1
Zm00001d004646,0.0,III,0.517094,0.276471,0.619882902229976,0.7134651277262023,0.0253,0.1472,0.1721,130386.0,1329916.0,6.69714,0.0,0.05,0.01,0.0,0.73,0.77,0.0,0.935,0.87,0.0,0.34614999999999996,0.09445,1.0,1.0,1.0,1.0,3585,0.18900000000000003,0.04299999999999999,1.0,0.82,0.0,0.0,1.0,0.0,-0.0633406340461791,-0.0973282653140889,-0.0780688501507066,-0.0090484293310288,-0.0785303518864223,-0.0434150690485258,-0.1118711173677582,-0.0656188844904746,0.6177696145313727,0.2153472617272186,0.2231823044306349,0.116017884528188,0.2976813350430501,0.0445323769492226,-0.0765833582658513,0.207796981665244,0.0053144560042434,-0.0209732699999899,-0.019709657141589,0.0315191283582957,0.0138788248994863,-0.0068773404263536,-0.0524422291052557,0.0236974014402913,1
Zm00001d004667,0.0,III,0.516878,0.42,4.79968855439363,0.2683490455444688,0.0505,0.115,0.439,443923.0,7008.0,20.6036,0.01,0.03,0.02,0.01,0.775,0.775,0.555,0.84,0.88,0.88,0.3171,0.19165,1.0,1.0,1.0,1.0,0,0.034499999999999996,0.349,0.69,1.0,0.0,1.0,0.0,0.0,-0.0258578327192289,-0.0484841040670222,-0.0549173623227456,-0.0287066847364552,-0.030003012235525,-0.0277024112044861,-0.0600356760836362,-0.0375084137315128,-0.4405488738281378,2.3955228656704057,0.2305046624904692,-0.0463088461779804,-0.4280283294525027,-0.0605188960018975,2.770451348221532,-0.3019816978567416,-0.0692734274007826,-0.0845278098388685,-0.098463706585259,-0.0008911889247256,-0.0129173180157252,-0.0398058997208199,-0.0874144463376317,-0.0423385734031831,1
Zm00001d050242,0.0,III,0.517897,0.46,3.2397375991760686,0.205803147013814,0.0776,0.1151,0.6743,25028.0,106323.0,10.5316,0.24,0.035,0.035,0.0,0.525,0.54,0.05500000000000001,0.585,0.6799999999999999,0.7050000000000001,0.39315,0.3873,1.0,1.0,1.0,1.0,1121,0.2865,0.095,1.0,1.0,0.0,0.0,0.0,1.0,-0.039703665805877,-0.0801574315981484,-0.0655535437768083,-0.0039648640457084,-0.0611381300388662,-0.0263820490823938,-0.0946045694859164,-0.057984005770522,-0.0146281202750246,0.9876579845047428,0.3226094619758033,0.2485727994100257,0.4934031379254829,-0.0368442712098273,1.4382982883250686,0.273741987766483,0.3641309415222689,0.0259028359374967,0.0335602498897011,0.07869114379283,0.2686927371070792,-0.0246849303917463,-0.0539968148717157,0.1864164032674855,1
Zm00001d050251,0.0,III,0.452088,0.33,2.765530717200867,0.3529571497170192,0.0135,0.0993,0.1362,535.0,123666.0,16.3096,0.22,0.065,0.01,0.015,0.72,0.6799999999999999,0.02,0.81,0.74,0.605,0.54165,0.23809999999999998,1.0,1.0,1.0,1.0,1952,0.7604999999999998,0.618,1.0,1.0,0.0,0.0,1.0,0.0,-0.0509442981994931,-0.0381233791229442,-0.0574651268368081,0.0018121177744611,-0.0467182199129204,-0.0317818496038044,-0.0648501296633605,-0.0320125308194471,0.0483104706708659,0.781715606812679,0.5356699463808643,0.1524485705173194,0.4665929723602389,0.0031876538342305,1.3192529311013956,0.3248763852412265,-0.0358695123853135,-0.0342252797428317,0.0399432401951176,0.006036546667625,0.0643893949516297,-0.0154153004431221,-0.0186971324731368,0.0357115707769708,1
Zm00001d050253,0.0,III,0.519397,0.505882,3.014353213446922,0.2336698880190562,0.021,0.1096,0.1921,72.0,225560.0,22.4946,0.22,0.115,0.02,0.0,0.7849999999999999,0.6399999999999999,0.125,0.885,0.755,0.835,0.59275,0.21105000000000002,1.0,1.0,1.0,1.0,221,0.8649999999999995,0.09850000000000002,1.0,1.0,1.0,0.0,0.0,0.0,-0.0348289088125459,-0.0714986474210921,-0.0275771982407271,0.0098261766064467,-0.0574974482447732,-0.0092180700099114,-0.0751721697391719,-0.051243782035896,-0.0835266510957417,1.1344030154120444,0.2945702665912586,0.1161706992338952,0.2642925789641394,-0.0666200650793671,1.4969421534134444,0.1352368627598527,-0.0649754081063159,-0.0921870349820859,-0.1095440787404871,-0.0755632563918207,-0.0457845087297995,-0.0509888836074177,-0.1028570937634151,-0.070913429155315,1
Zm00001d050258,0.0,III,0.478599,0.49,4.8336660481625655,0.2707698602335063,0.0384,0.1367,0.2808,99302.0,64600.0,10.5316,0.21,0.02,0.025,0.0,0.7,0.505,0.01,0.8049999999999999,0.6799999999999999,0.6499999999999999,0.20934999999999998,0.20829999999999999,1.0,1.0,1.0,1.0,2998,0.488,0.2645,1.0,1.0,0.0,0.0,1.0,0.0,-0.0765849038798498,-0.0864462670227404,-0.0885246539984616,-0.0805680538226982,-0.0368788578875492,-0.090620038640543,-0.0986728444345213,-0.0413373819079977,-0.0054556579039286,0.4954678480260405,0.3283105716928317,0.2956329855567968,0.622913834568403,-0.0169094312796855,0.9900768107163328,0.394994890552104,-0.0335898329631099,-0.0772812568876767,-0.0294502829064105,0.0078497558320625,0.0252549560462353,-0.0128946333857801,-0.0645637116180897,-0.0044047370047065,1
Zm00001d050269,0.0,III,0.598039,0.63,0.2937678799099775,0.8925495795336552,0.1023,0.4064,0.2517,319309.0,83342.0,13.8538,0.2,0.04,0.03,0.0,0.5449999999999999,0.475,0.0,0.615,0.64,0.0,0.38875000000000004,0.3111,1.0,1.0,1.0,1.0,327,0.1175,0.7240000000000001,1.0,1.0,1.0,0.0,0.0,0.0,-0.0250326028034692,-0.0313912376747179,-0.0495783694172523,-0.0186263196308028,-0.0378277157489318,-0.0122700271239538,-0.0536845244305332,-0.0010836343229536,0.6270845171135141,0.1942732352845357,0.4842836794665678,0.1233853594330217,0.2813220920482563,0.3989870328514555,-0.0356256985951093,0.1938875558513418,0.2214038794141832,-0.0757816038846262,-0.0080472315786765,-0.0641923996545466,0.0215465949968556,0.0291406345758324,-0.1207428440977006,-0.0506568433737191,1
Zm00001d050285,0.0,III,0.732975,0.58,0.8082115479838264,0.8215408620719289,0.0462,0.7651,0.0604,191684.0,347561.0,8.6407,0.18,0.045,0.045,0.0,0.54,0.6599999999999999,0.0,0.665,0.86,0.0,0.7214,0.29769999999999996,1.0,1.0,1.0,1.0,2501,0.064,0.818,1.0,1.0,1.0,0.0,0.0,0.0,0.0719410538106508,0.0045185686585398,0.0160265894459901,0.0051771981570715,0.0267742524094664,0.0780936039728587,-0.0432804398164036,0.0128767445142575,0.2520396929844011,0.0570912326198023,0.4262459885885273,0.048896173562464,0.2012739912361518,0.0302478747959832,-0.0285737973412823,0.2617909687367095,0.2320326111449421,0.0184071545715315,0.0013672578116059,0.0237250832065178,0.106643996297456,0.0078230902365068,-0.1095053546045133,0.0608106605065747,1
Zm00001d050304,0.0,III,0.471058,0.33,1.639398581742976,0.3644103988529493,0.0502,0.1393,0.3601,409885.0,162.0,17.2288,0.17,0.05,0.035,0.02,0.74,0.71,0.07500000000000001,0.9,0.8400000000000001,0.5700000000000001,0.27335,0.48415,1.0,1.0,1.0,1.0,208,0.8485,0.58585,1.0,1.0,1.0,0.0,0.0,0.0,-0.0482170408220983,-0.0977085367975926,-0.0869729145583098,-0.0209115258124662,-0.0867951150474216,-0.0182216734256972,-0.1053597133416468,-0.066015525255556,0.1173889907647565,0.7102307762520239,0.3771098973600434,0.2423999517960914,0.5808418412151098,-0.0335809398536181,1.0873697633494324,0.4958544734417703,-0.0200589293141337,-0.0351788932661929,0.0415464152901102,0.0144907319612041,0.1059247403094743,-0.0093582808811905,-0.0049442243465422,0.077849383401783,1
Zm00001d050307,0.0,III,0.67451,0.45,1.5095465702740911,0.5767942506146337,0.0736,0.2214,0.3326,52082.0,27703.0,23.4136,0.16,0.16499999999999998,0.085,0.0,0.595,0.31,0.005,0.64,0.6000000000000001,0.36,0.84955,0.51305,1.0,1.0,1.0,1.0,4880,0.5967500000000001,0.0695,1.0,1.0,0.0,0.0,1.0,0.0,-0.0076566265024161,-0.0280527722356522,-0.0470402896199556,0.0074887332797851,-0.0141262651922602,0.0172427812747603,-0.0937841677020302,-0.0169579931793226,0.25033925577022,0.367780458207974,0.5380201373751359,0.3918628127551302,0.7047236042144586,-0.0070610419208365,0.3884565191622786,0.6956709208200975,0.1101901919798868,-0.060967354108294,-0.0074799205432489,0.0887344943955018,0.2454746444855821,0.0119692771540429,-0.0652291018442437,0.0912714127342482,1
Zm00001d050293,0.0,III,0.463751,0.447059,0.957076939545988,0.575261242880825,0.0303,0.2002,0.1513,51680.0,484254.0,71.8303,0.18,0.03,0.01,0.005,0.74,0.745,0.01,0.87,0.79,0.37,0.31385,0.06645000000000001,1.0,1.0,1.0,1.0,2734,0.037000000000000005,0.16449999999999998,0.74,1.0,0.0,1.0,0.0,0.0,-0.1151170647193396,-0.1324600746659818,-0.1123310274673604,-0.0311351530671565,-0.1268610634007601,-0.0793795061643408,-0.1519648557523931,-0.110055135522099,0.7562064511081555,0.6506953872279053,0.5457526182306635,0.290692110734863,0.7447638420911179,-0.0449853168715531,0.4246111819248409,0.6210370429784475,-0.0281405025389445,-0.0843281075915894,-0.0347135456399298,-0.0051281940111005,0.0700000264365951,-0.0187024930698706,-0.0756389415253946,0.0019971397320567,1
Zm00001d050310,0.0,III,0.650794,0.46,3.43427016440804,0.4002999451835129,0.0259,0.2314,0.1118,8.0,123118.0,22.035,0.16,0.01,0.01,0.015,0.575,0.59,0.03,0.73,0.775,0.20500000000000002,0.10105,0.13885,1.0,1.0,1.0,1.0,961,0.13349999999999998,0.036750000000000005,1.0,1.0,0.0,1.0,0.0,0.0,-0.0053714255007349,-0.0409540149079232,-0.0687709308530751,-0.0333469506046624,0.0024268106590491,-0.0025087909103122,-0.0777499489432677,-0.0565219663427178,0.1035894019886584,0.4771171738503339,0.7291608216008257,0.3080191746099838,0.6732092048499795,-0.0300760788466572,0.7546281185120918,0.6491718899830012,0.0383655861288435,-0.071712575538948,-0.0498278600833147,0.0129674493448132,0.0497243352267576,-0.0233732631282932,-0.0741753930142524,0.0095482571207,1
Zm00001d050315,0.0,III,0.489893,0.59,3.572915311036208,0.2285442588047593,0.0227,0.1472,0.154,1326467.0,188116.0,22.035,0.16,0.035,0.015,0.0,0.745,0.5700000000000001,0.005,0.8999999999999999,0.745,0.6,0.375,0.13185000000000002,1.0,1.0,1.0,1.0,1725,0.5950000000000002,0.3725,1.0,1.0,0.0,0.0,1.0,0.0,-0.0527661728011932,-0.1247256114850855,-0.1138034219994819,-0.0708641583551544,-0.0171369718044806,-0.0665311886655918,-0.1462325207499432,-0.0756002479038164,0.0105589605600586,0.8526088773178675,0.4154184980425288,0.0673116779818405,0.3082224543462043,-0.0198064425091272,1.334867759467634,0.181058163666499,-0.0546677066789122,-0.0795383108840373,-0.053029627238914,-0.0212689905001808,-0.0139812498302211,-0.0510129184822228,-0.0710141798468902,-0.0050239496816458,1
Zm00001d050316,0.0,III,0.495707,0.6,3.3217758661099954,0.1710633784043577,0.0331,0.1506,0.2196,1227927.0,286936.0,22.035,0.16,0.05500000000000001,0.025,0.0,0.75,0.63,0.0,0.93,0.72,0.675,0.61115,0.27775,1.0,1.0,1.0,1.0,0,0.38140000000000013,0.30949999999999994,1.0,1.0,0.0,1.0,0.0,0.0,0.1205916231405442,-0.0108422941198972,-0.0538638357779727,-0.0270988178604451,0.0905019378722004,-0.0107918911667784,-0.0914689237000462,-0.013927999569368,-0.1141338562733018,0.9128907479373845,0.2625106052913497,0.0393246530222774,0.1352418566770407,-0.0388144106146211,1.3468427160403065,0.0357786787440617,-0.0312363791538716,-0.0782803089586346,-0.0573829944093089,-0.0588039692956368,-0.0120515810240268,-0.0232386399337188,-0.1051625820621872,-0.0420387608100475,1
Zm00001d050330,0.0,III,0.549923,0.329412,3.628949876811959,0.2775663448834425,0.0269,0.1622,0.1657,1436551.0,78665.0,17.2288,0.15,0.035,0.02,0.0,0.805,0.55,0.02,0.855,0.775,0.75,0.26134999999999997,0.2162,1.0,1.0,1.0,1.0,0,0.29050000000000004,0.8933500000000001,1.0,1.0,0.0,0.0,1.0,0.0,-0.0197566794304383,-0.0380239775851721,-0.0363656391928257,0.0148712115412847,-0.0427755212326782,-0.0356459711981662,-0.0545210850322739,-0.0282336159717452,0.0475811822548675,0.986635217501128,0.3939592889584432,0.2740191023464302,0.4724507168992135,0.0950657730988788,1.3924875487367,0.3601442714983517,-0.0993237488245825,-0.1159921643882359,-0.0675237769042641,0.0204312402462096,0.0086223277946539,-0.0405871958960779,-0.0991791800416395,-0.0140009469399346,1
Zm00001d050335,0.0,III,0.532572,0.55,1.4875487140567631,0.2910773767143407,0.0418,0.1297,0.3224,68.0,1518661.0,17.2288,0.15,0.01,0.0,0.0,0.75,0.005,0.005,0.94,0.21000000000000002,0.6399999999999999,0.17470000000000002,0.09905,1.0,0.1774,1.0,1.0,2186,0.537,0.0675,1.0,0.72,0.0,1.0,0.0,0.0,-0.0368652188819954,0.366905915439243,-0.0654814483233506,-0.0565528266522312,0.0690225375908703,-0.0328933751634306,0.5197145289406332,-0.0649873122049882,0.0319841328267508,0.5714639268006142,0.5615057667784743,0.1393744068499184,0.2281990734843136,0.0390506939432457,0.9663481104884626,0.2161309503760526,-0.0623534954133568,-0.0652859441718658,-0.0307442054263095,-0.0459993582648451,-0.0587746904981146,-0.0517231909056091,-0.0866548420259557,-0.0481260045503361,1
Zm00001d050339,0.0,III,0.519763,0.65,5.222114352326417,0.166330845035787,0.0063,0.1304,0.0482,171346.0,156.0,6.69714,0.15,0.015,0.08499999999999999,0.0,0.24,0.315,0.06,0.36,0.295,0.665,0.29164999999999996,0.57575,1.0,0.8743,1.0,1.0,7804,0.0,0.0,0.0,0.0,0.0,0.0,1.0,0.0,0.6756554881172383,0.2767461990375214,0.327374511346,0.4009766535458463,0.5856311930892717,0.3999958260679802,0.1814095802329344,0.4273482956199668,0.168742392701047,0.674515697023711,0.1970678054406822,0.0690427907180374,0.251544941246744,-0.0423199493963098,0.8707644396179536,0.2044278243892964,0.6381457261752594,0.1112000957602377,-0.0155561790522826,-0.0882997764149979,-0.0054741323388232,-0.0213886208748491,-0.1161932144683781,-0.0566615833784625,1
Zm00001d050347,0.0,III,0.56799,0.63,2.8880450795469272,0.4261789646015885,0.0628,0.1122,0.5597,227804.0,394262.0,6.69714,0.14,0.06,0.01,0.0,0.54,0.63,0.0,0.785,0.76,0.08,0.46835,0.15555000000000002,1.0,1.0,1.0,1.0,0,0.6424999999999997,0.0295,1.0,0.59,1.0,0.0,0.0,0.0,-0.0023998052263863,-0.056346043792969,-0.1010914345506261,-0.0471473611229865,-0.0419301171410922,-0.0365484763928633,-0.1241518779948885,-0.100739798154419,0.3166140250087185,0.5136874175670194,0.2482699751093152,0.021325014076448,0.2929756983970012,-0.0650846346986906,0.4894347817875463,0.0868319006274252,0.0821514104814282,-0.0356860436485375,-0.0230967658865161,-0.0027357484821214,0.0400874300987081,0.0032129267737768,-0.05534170374065,0.0462717692915358,1
Zm00001d050350,0.0,III,0.712644,0.46,0.4254544516436906,0.775096867819291,0.0773,0.4245,0.1821,1772.0,79171.0,6.69714,0.14,0.045,0.01,0.01,0.6599999999999999,0.785,0.475,0.75,0.89,0.63,0.56715,0.14645,1.0,1.0,1.0,1.0,0,0.522,0.0245,1.0,0.49,1.0,0.0,0.0,0.0,-0.046906000556418,-0.0477254578500985,-0.0459917436620301,-0.028179307750728,-0.0360087137865875,-0.0305478654415486,-0.0533101836901876,-0.0322427005988499,0.2175455792640714,-0.0107410590980121,0.1089460385994935,0.0232995923172791,0.0905827502615441,0.5993240615125545,-0.1344933256977157,0.1049954278038958,0.1035468033387009,-0.0749180098295046,-0.024019181651428,0.0084886533676146,0.0500411397287752,0.6557796431012057,-0.1030857951463473,0.0177681909151642,1
Zm00001d050355,0.0,III,0.699234,0.53,0.0724600309401076,0.9074192060688996,0.073,0.3387,0.2155,47713.0,47532.0,15.85,0.14,0.01,0.045,0.01,0.49,0.6799999999999999,0.0,0.5800000000000001,0.86,0.0,0.13245,0.4181,1.0,1.0,1.0,1.0,1543,0.087,0.29270000000000007,1.0,1.0,1.0,0.0,0.0,0.0,0.0140086072923137,-0.081007410474352,-0.0754749875330547,-0.0270641692428738,-0.0207733821583691,0.0061556146340628,-0.1000296034036577,-0.1018606374436129,0.1563370351860609,0.0827156837395645,0.3850425391670032,-0.0025931257573143,0.0693459625737615,0.0545874623328134,-0.0373390285655853,0.0188961107619829,0.1170258224483371,-0.0199139751396706,0.0351426465541028,-0.0115939491286625,0.0724181911473537,-0.0089206714848827,-0.0824020960827496,0.0251214835157769,1
Zm00001d050357,0.0,III,0.492593,0.58,5.0548959110672005,0.1830970161106953,0.011,0.1406,0.0782,106964.0,232858.0,10.072,0.14,0.035,0.02,0.0,0.635,0.755,0.005,0.77,0.825,0.5800000000000001,0.33340000000000003,0.18885000000000002,1.0,1.0,1.0,1.0,0,0.3335,0.16599999999999998,1.0,1.0,0.0,0.0,1.0,0.0,-0.0340161714886555,-0.0143918174652242,-0.0406740768336683,-0.0080127002298357,0.0272651609112766,-0.0222832343309304,-0.059129016859757,-0.028115327357755,-0.0585533122866408,0.8851990048944846,0.5523657835864294,0.2142275930756147,0.3703901207643025,-0.0394122717346312,1.5633448389897302,0.2185357715666425,-0.0195315530708209,-0.0683146479118642,-0.0289311746015434,0.015499570721004,0.0486599235267382,-0.0239687422879873,-0.052805121703443,0.0152962740495548,1
Zm00001d050368,0.0,III,0.755435,0.51,3.6391183987819473,0.4447845222126081,0.0505,1.2264,0.0412,7.0,286.0,14.3661,0.13,0.015,0.03,0.0,0.43,0.585,0.0,0.52,0.6699999999999999,0.0,0.26805,0.5,1.0,1.0,1.0,1.0,3553,0.06449999999999999,0.19450000000000003,1.0,1.0,0.0,0.0,1.0,0.0,0.0749458845843627,-0.0155058789755831,0.0811974340069294,0.0982465060603161,0.1701267318523476,0.0479156574458608,-0.0216943844110118,0.0294869036714134,0.2117162670765032,-0.0065465303637835,0.9157265445054272,0.3590559905658041,0.5326295485961002,0.0136063010655179,0.3275957593788495,0.458370262797465,-0.0041398820344459,-0.1328338989738011,-0.0988683376210847,-0.0339785418474532,0.1214431944742926,-0.0736573030006735,-0.1343299094802474,-0.0031587374123874,1
Zm00001d050375,0.0,III,0.486381,0.64,7.890739958484254,0.1170869088803152,0.0066,0.3331,0.0198,7.0,182105.0,9.55982,0.13,0.04,0.035,0.015,0.755,0.835,0.065,0.78,0.935,0.525,0.5357500000000001,0.39115,1.0,1.0,1.0,1.0,6656,0.06999999999999999,0.46950000000000003,0.99,1.0,0.0,0.0,1.0,0.0,-0.1010652662669185,-0.099393372307535,-0.0938548424093387,-0.0738426763554175,-0.0500402652108605,-0.0820011618270864,-0.1196944512297072,-0.1007462710507802,-0.0708476115108141,0.434779664543661,1.0042246864683038,0.4448463381549996,0.6387825353142179,-0.0286423672117208,1.1027234042058311,0.2608794130792725,-0.0641110206405636,-0.0844027170242282,0.0261581606693199,0.0240944654655014,-0.020053489637714,-0.0102948899032545,-0.0598634286316691,-0.0193204971102894,1
Zm00001d050380,0.0,III,0.601709,0.71,4.115427910283063,0.331050205225681,0.0359,0.1389,0.2587,5.0,123440.0,10.9912,0.13,0.02,0.015,0.005,0.6799999999999999,0.675,0.045,0.83,0.76,0.395,0.15585,0.15875,1.0,1.0,1.0,1.0,0,0.44199999999999995,0.506,1.0,1.0,1.0,0.0,0.0,0.0,-0.0351058140050968,-0.0470373721929302,-0.0293923201060709,-0.0125105028826697,-0.0130015030372547,-0.0073158132036556,-0.0606291753743531,-0.0261914684969332,0.6758554818305097,0.6796275954839902,0.5191445071862347,0.1106933715895957,0.4576296249677969,-0.0023652603065096,0.6215381887235758,0.4162002211267511,0.0376033297662032,-0.067919212167732,-0.0261836402542822,-0.0105172654518634,0.0199364047322113,-0.0153259778330072,-0.0752898393306448,-0.0070983625760773,1
Zm00001d050382,0.0,III,0.50597,0.35,2.701464427804064,0.4569551338028973,0.0469,0.1311,0.3579,111.0,20770.0,26.8412,0.13,0.035,0.08,0.0,0.405,0.63,0.04,0.51,0.86,0.47,0.5417,0.4931,1.0,1.0,1.0,1.0,13280,0.027000000000000003,0.679,0.54,1.0,1.0,0.0,0.0,0.0,-0.0143509548506583,-0.0080019436710419,-0.0126962126201651,-0.0142255173793644,-0.013348333532421,-0.0021293418368216,-0.0171135191691142,-0.0171135191691142,-0.0825793855564937,0.3493191016649307,1.0128034268056516,0.483144058090624,0.6885619126689301,0.0194319031194901,1.1449019060346683,0.3787548274714982,-0.0565588526659465,-0.1198282619063316,-0.0935611805395628,-0.0235885057461435,0.1051962261461928,-0.068424319110609,-0.1228724032658281,-0.0582826421999417,1
Zm00001d050383,0.0,III,0.585086,0.58,4.468689189889341,0.3769766608561342,0.0247,0.1491,0.1658,207.0,21825.0,44.1227,0.13,0.025,0.035,0.01,0.04,0.655,0.07500000000000001,0.25,0.76,0.7350000000000001,0.35675,0.3688,0.65235,1.0,1.0,1.0,0,0.064,0.4325,1.0,1.0,1.0,0.0,0.0,0.0,0.0648370937888416,-0.0287233868585593,-0.0334161074284003,-0.016085144990875,0.07035760292471,0.0176057763673965,-0.0504369824779717,-0.0035940103188746,0.0719415117005581,0.5741131822974119,0.645058682498995,0.0536306228650518,0.2361549299317594,-0.035965430538142,0.9581096831889516,0.2133951182646007,0.233618634451415,0.2912005027603699,1.208508631924904,0.3958915414899238,0.7889257246374916,-0.0222917200594735,1.16975300750912,0.7201846135798927,1
Zm00001d050388,0.0,III,0.401003,0.32,0.1150810991753094,0.8425081560255725,0.1254,0.0831,1.5094,45119.0,57877.0,23.4663,0.13,0.0,0.01,0.0,0.11,0.785,0.0,0.43999999999999995,0.9299999999999999,0.04,0.12085,0.14255,0.9286,1.0,1.0,1.0,0,0.018999999999999996,0.04909999999999999,0.38,0.97,0.0,0.0,1.0,0.0,-0.0569013199052743,0.7486134606877849,0.043833930630652,-0.0054068840699871,-0.0483616895894453,-0.0142912546216957,0.8798610705903457,-0.0645717736914452,0.0250171030576147,0.2713076170864151,-0.024423950893588,-0.0284480281231488,0.0299874644029513,0.0148531557714362,0.404094821856255,-0.0161090368651869,0.0319708147996632,0.2820837036064126,-0.0208630774063474,-0.0446993283784008,0.0296659321524778,-0.0117458856710627,0.1874797075596736,-0.028345247509874,1
Zm00001d050393,0.0,III,0.554865,0.541176,2.893480361046294,0.6319710211552222,0.0374,0.1703,0.2197,115109.0,311881.0,15.85,0.13,0.02,0.015,0.0,0.645,0.52,0.0,0.7150000000000001,0.725,0.505,0.1028,0.23275,1.0,1.0,1.0,1.0,862,0.575,0.024,1.0,0.93,0.0,1.0,0.0,0.0,0.1181685134655641,-0.0272045817713992,-0.0876958405373039,-0.0217944301095221,0.054045740635114,0.1900209572057614,-0.1015626924106326,-0.0573471332577183,0.238727800312396,0.5694966386531097,0.5157990187331642,0.2806518137783579,0.5572217355537434,-0.0166194146669803,0.7812892807218308,0.4226808278900936,-0.0093789707409636,-0.0485739762750659,-0.0139024878728742,-0.0367595090628823,-0.0035052516575083,-0.0164025175275224,-0.0479576812007549,-0.0058564736534143,1
Zm00001d050394,0.0,III,0.731357,0.57,1.0532564370264936,0.5375480311412051,0.0748,0.289,0.2589,20263.0,407274.0,15.85,0.13,0.025,0.015,0.01,0.49,0.7,0.0,0.535,0.9099999999999999,0.005,0.30725,0.1765,1.0,1.0,1.0,1.0,3763,0.1705,0.375,1.0,1.0,0.0,1.0,0.0,0.0,0.0419789626616954,-0.0513103854361359,-0.055483875929301,-0.0122403592631072,0.0047158011293942,0.7323144549036492,-0.0649608359265402,-0.0347909478154878,0.4381715067852988,0.0605564908274279,0.2090077992906599,0.0208948370020047,0.1245981054162871,0.7490070191193771,-0.0577722942096994,0.0470304099112336,0.3684910669058644,0.0023204850076763,0.0644209519969314,0.0588016219699759,0.1230715626567397,0.6690455495958268,-0.0550596463973279,0.0404113934398613,1
Zm00001d050395,0.0,III,0.532962,0.69,4.903379425098767,0.2442510760330422,0.0145,0.1149,0.1263,351.0,155930.0,37.3728,0.13,0.025,0.035,0.01,0.765,0.265,0.02,0.89,0.53,0.53,0.3333,0.31845,1.0,0.8661,1.0,1.0,1970,0.2065,0.4149999999999999,1.0,1.0,0.0,0.0,1.0,0.0,0.0642335716210624,-0.0931044118393204,-0.0993719299703162,-0.0707294679175784,0.0335776950641386,-0.0752666585867811,-0.1172480416565568,-0.0421962065467004,0.1054153635648932,0.6187235961204073,0.5481182711523455,0.2575510565998632,0.58368350644238,-0.0172603239667655,1.104815845244484,0.4237011782703638,-0.045594658581612,-0.0568073797450248,-0.0250659086688291,-0.0245090356829677,-0.0010451718213291,-0.0119074544471399,-0.0776040558031087,-0.0308016949228425,1
Zm00001d050400,0.0,III,0.544944,0.46,0.2189724002049174,0.9461390647566332,0.0601,0.1187,0.5064,24999.0,124402.0,13.3943,0.13,0.015,0.035,0.0,0.6950000000000001,0.765,0.005,0.8200000000000001,0.875,0.025,0.21665,0.25185,1.0,1.0,1.0,1.0,388,0.0,0.8370000000000001,0.0,1.0,0.0,0.0,1.0,0.0,-0.0049072715093127,-0.0169395760518942,-0.0049059398920339,0.0310611178276033,-0.0281734699493817,0.0373294767676723,-0.0281676322394645,0.0356595672136452,0.785634617332881,0.2855386231765232,0.5771987949371066,0.2051073559602841,0.6460959187332795,0.1323468524489611,-0.0484236861515499,0.507130847879268,0.0548002607654579,-0.0390015016383796,-0.0303406493853779,-0.0104141925237042,0.0056490123669609,0.0464265704991598,-0.1302532352683457,-0.0073556669927047,1
Zm00001d050401,0.0,III,0.483439,0.65,3.871205583295039,0.1185917043342242,0.0208,0.1347,0.1541,56.0,143.0,13.9065,0.13,0.015,0.055,0.0,0.88,0.49,0.0,0.9199999999999999,0.775,0.65,0.11075,0.3333,1.0,0.95835,1.0,1.0,0,0.068,0.517,1.0,1.0,0.0,1.0,0.0,0.0,-0.0159272071307646,-0.0351754959499285,-0.0249987193079564,-0.0203425123623955,-0.025810187514408,-0.0067415802566239,-0.0426589921211951,-0.0256420366435232,-0.0587068250252724,0.8525812081444484,0.3626832078183481,0.1176107225237993,0.3081683695751221,-0.0610962898801963,1.4406253157390856,0.1479880639698515,-0.0566848546341828,-0.0561515556322184,-0.0708396246743029,0.02120870280763,-0.0263028679580574,-0.0246336211520878,-0.0811544732938753,-0.0355149191164275,1
Zm00001d050403,0.0,III,0.67483,0.69,2.8099187657715703,0.74605484624491,0.0046,0.19,0.0243,114.0,13632.0,16.3096,0.12,0.015,0.01,0.0,0.5800000000000001,0.56,0.0,0.71,0.585,0.0,0.41664999999999996,0.11785,1.0,1.0,1.0,1.0,2161,0.027499999999999997,0.08,0.55,1.0,0.0,0.0,1.0,0.0,-0.0516827143036161,-0.0370715542548766,-0.0480436964981177,0.008767944742189,-0.0491230420139038,0.0724070517229883,-0.0784250624466652,-0.026979068472788,0.3007113727260011,0.0229634739088252,1.326039785001596,0.3523328522346957,0.4009992995891018,0.2493880689480842,0.1521215211146025,0.4180993397142896,0.0013670397869076,-0.0883637777681984,-0.1071274070578782,-0.0283537639217522,0.0425510441099106,0.0367339641529924,-0.1116081208977562,-0.0547065471493482,1
Zm00001d050406,0.0,III,0.556738,0.56,0.4654523159830668,0.9017263592245364,0.0464,0.2411,0.1925,66.0,111195.0,36.4011,0.12,0.03,0.01,0.015,0.815,0.54,0.62,0.89,0.845,0.7050000000000001,0.34895,0.13335,1.0,1.0,1.0,1.0,0,0.0,0.7345,0.0,1.0,0.0,0.0,1.0,0.0,0.0418762037471515,0.0336630814153191,-0.0571652100592404,-0.0485188196506973,0.0080358015866725,-0.0569594889215462,-0.0642509036190902,-0.0110839876657944,0.1680320189623009,1.0240296157745583,0.1610777665825805,0.1542366512424653,0.2078088869057758,-0.045433607067891,0.990053219861082,0.0876054278648946,-0.0201574134991774,-0.0370442491868193,-0.0121211745397254,0.0240680443678078,0.0047197131905802,0.021724012477571,-0.0803652341430333,0.0015570119952152,1
Zm00001d050409,0.0,III,0.524288,0.423529,5.138527972931848,0.2472616850293211,0.0322,0.1824,0.1764,885.0,715812.0,59.92,0.12,0.16,0.01,0.0,0.5,0.475,0.0,0.645,0.615,0.625,0.8049999999999999,0.127,1.0,1.0,1.0,1.0,2039,0.4115,0.0275,1.0,0.55,0.0,1.0,0.0,0.0,-0.0374230574988766,-0.0575433619965646,-0.0552037080773032,-0.0290530686862134,-0.0698177892294667,-0.0193223460333755,-0.0816597106985612,-0.0391403098787294,0.0874082700631155,0.55011317944643,0.5616748532563125,0.5106212456237456,0.7273064787039883,0.0306478556815304,0.9886358021073696,0.3765784924258779,0.0276947351710168,-0.0277153732502263,0.5775710319661959,0.3597425039553037,0.67099905822702,0.0090344393694507,0.2367146201047995,0.6195260208521399,1
Zm00001d050410,0.0,III,0.596859,0.49,0.00096896313428,1.0,0.0463,0.2564,0.1806,64978.0,651522.0,59.92,0.12,0.085,0.02,0.0,0.175,0.055,0.0,0.275,0.38,0.0,0.78645,0.2294,0.95,0.7431000000000001,1.0,1.0,5989,0.0,0.0,0.0,0.0,0.0,0.0,1.0,0.0,0.1038208371731667,0.3051634374881844,0.682848956120681,0.2973585361019881,0.5976267729734815,-0.0006922598850432,0.921588006045834,0.4841242780836431,0.8606486111440617,0.3754122953583311,0.5827838160840548,0.1289039647033121,0.3353968648148553,0.2494264539725181,-0.0541480134211992,0.4019446429789832,0.6450132459350003,0.1115017703576378,0.0015253783458819,0.0366015071512872,0.1516142163166841,0.1209399487050748,-0.0771546592492776,0.0907129975959733,1
Zm00001d050411,0.0,III,0.527778,0.46,5.266176113775248,0.1746139844753526,0.0,0.4055,0.0,647984.0,67691.0,59.92,0.12,0.034999999999999996,0.035,0.0,0.72,0.13,0.0,0.755,0.235,0.4,0.39725,0.2706,1.0,0.7431000000000001,1.0,1.0,2451,0.256,0.0,1.0,0.0,0.0,0.0,1.0,0.0,0.4748337274980705,0.1690332858063794,0.2430137753715862,0.0265218099041372,0.1557249634603509,0.1132984392989048,-0.0918519114915419,0.1839966957650183,-0.0092439536887869,0.4101686545770016,0.5689471246670408,0.243538897699323,0.5081589756417428,-0.037406699050479,1.0476313108818427,0.3544311865393471,0.1254075424499506,-0.0474883012148188,-0.0019430949343216,0.0036782425618793,0.0881597277061462,0.0028179131306899,-0.0397633701792591,0.0343024738620274,1
Zm00001d050440,0.0,III,0.411538,0.56,4.029389094982553,0.2357879323015331,0.0135,0.0926,0.1456,9.0,191809.0,9.10026,0.09,0.015,0.045,0.01,0.8,0.495,0.07500000000000001,0.885,0.705,0.585,0.10414999999999999,0.45985,1.0,1.0,1.0,1.0,597,0.4759999999999999,0.35735,1.0,1.0,0.0,1.0,0.0,0.0,0.038250779924904,-0.0446132637215441,-0.0583781964521926,-0.0530647959692921,0.0372698230416163,-0.0632689673994908,-0.1074295773812958,-0.0657996703597583,0.0112996097564595,0.5834378798850424,0.499260725707401,0.1746100290015522,0.3188667771361075,-0.0911860019640908,1.074704369365086,0.2272329760241651,-0.0531668687162487,-0.0697640943982616,-0.0256625581430918,-0.0053856983776481,0.029005606141133,-0.0444049280187925,-0.0410552378422815,0.0061934104704329,1
Zm00001d050433,0.0,III,0.589561,0.65,2.6404710511687965,0.3331110179822225,0.0585,0.1864,0.3138,339.0,184760.0,15.3378,0.1,0.03,0.0,0.0,0.8300000000000001,0.5249999999999999,0.0,0.875,0.75,0.12,0.22775,0.03515,1.0,1.0,1.0,1.0,2282,0.8075,0.172,1.0,1.0,0.0,0.0,1.0,0.0,-0.0123343588411525,0.1892223888454036,0.1184841323498014,0.0155604280836838,0.0608501313282469,-0.0349023209348911,0.2077740465185475,0.0231465369889489,0.2389501067482431,0.0307614746549919,1.5567356031967363,0.7502881959365955,1.1475577567041566,-0.0277347895638365,0.9013625626882072,1.2513994363275214,0.0213515896066205,-0.0194155253842423,0.1840767370433222,0.1839144188960907,0.2863853262750397,0.0219173958302788,0.0134715199551489,0.4140856703971531,1
Zm00001d050430,0.0,III,0.549923,0.65,5.1088171263360485,0.1243934005636749,0.0281,0.1467,0.1914,347.0,177622.0,48.8762,0.1,0.105,0.015,0.005,0.635,0.745,0.37,0.7549999999999999,0.89,0.73,0.75945,0.12495,1.0,1.0,1.0,1.0,2627,0.094,0.10350000000000001,1.0,1.0,0.0,0.0,1.0,0.0,-0.0437802132424254,-0.063569315589212,-0.0587241878780121,-0.001161886179509,-0.0542204516789447,-0.0509083498376161,-0.0798227845576481,-0.061046363827949,-0.0898725092545653,1.098595624726094,0.3133574098352272,0.1176765527146926,0.1788227836211954,-0.0140685408621432,1.275186376348114,0.0280996760122184,0.1602786866748413,-0.0480483681322582,-0.038962916406953,0.004324918617653,0.0891111127101824,0.0042352199881684,-0.0794454249963811,0.0249007854632206,1
Zm00001d050417,0.0,III,0.709707,0.52,0.4763583057348688,0.8953523037832191,0.0513,0.3405,0.1508,407030.0,307825.0,10.5316,0.11,0.135,0.01,0.005,0.5900000000000001,0.775,0.015,0.865,0.9199999999999999,0.04,0.39089999999999997,0.18055,1.0,1.0,1.0,1.0,0,0.6555000000000003,0.0,1.0,0.0,1.0,0.0,0.0,0.0,-0.0989652036880321,-0.1318405254286869,-0.0894899577859592,-0.0784128824312654,-0.1064479922541255,-0.0275121685911099,-0.1389628738705969,-0.0781822310765945,0.4982795941587546,-0.0131358823450349,0.0413138592937542,0.0270209976916184,0.0936878470696794,1.042678274278601,-0.0814458661597394,0.0218664276426183,0.1721005385402088,-0.0086595701853595,-0.0107431050307955,0.0349230525613486,0.0480775762227949,0.405003440031222,-0.0383925791390942,0.0054704098868659,1
Zm00001d050051,0.0,III,0.493884,0.46,4.297644015862296,0.2463834530110817,0.0103,0.0957,0.1079,87.0,636415.0,7.66892,0.38,0.02,0.015,0.035,0.815,0.76,0.33499999999999996,0.855,0.9,0.725,0.17704999999999999,0.1944,1.0,1.0,1.0,1.0,0,0.147,0.0,1.0,0.0,1.0,0.0,0.0,0.0,-0.025718756214409,-0.0188763721546604,-0.0184626936412369,-0.0058002918378575,-0.0225195393478892,-0.0157483059501945,-0.0189987553310613,-0.0104377574116047,0.0033839180269294,0.6369689636457379,0.1983393566633201,0.1779243587768311,0.3813168024129627,-0.0042003451419573,0.8388631504401122,0.2312010846261925,-0.0539297470855008,-0.0782527470484207,0.0065966939052127,0.0064907588067232,0.0082460838679015,-0.0129148376620727,-0.0700777556901915,-0.0098389334918646,1
Zm00001d050054,0.0,III,0.5199,0.55,5.080940856944403,0.2349427669943684,0.0299,0.104,0.2874,68274.0,557195.0,7.66892,0.37,0.08499999999999999,0.05,0.02,0.71,0.48,0.67,0.77,0.655,0.855,0.69505,0.39765,1.0,1.0,1.0,1.0,0,0.61,0.048499999999999995,1.0,0.95,0.0,0.0,1.0,0.0,-0.0361164028556982,-0.0284985993879214,-0.0257962239857075,-0.0152058984530338,-0.0289291313270333,0.0033571360242434,-0.0460915875263981,-0.0402581035994678,0.0128263554745041,1.1537818814457173,0.2274267549902943,0.0707084486383159,0.0856041622871164,0.0018574109891592,1.417266286982366,0.0746942342416855,0.1080967712722374,-0.0258234331657049,0.0297124503921994,0.0450969226953491,0.1115450532220314,-0.0216192123426345,-0.0079248700461229,0.0383742982411145,1
Zm00001d050056,0.0,III,0.420833,0.41,4.060800842107442,0.299130288430658,0.037,0.1514,0.2444,450301.0,194237.0,7.66892,0.38,0.03,0.01,0.0,0.765,0.5349999999999999,0.0,0.885,0.9,0.28500000000000003,0.3333,0.16110000000000002,1.0,1.0,1.0,1.0,0,0.7014999999999998,0.4405000000000001,1.0,1.0,1.0,0.0,0.0,0.0,-0.0480970181029559,0.8164404891687005,0.0326585539523437,0.0062294619510532,-0.0428253583341548,0.0038602305552392,1.0895848639212846,-0.0725709963671176,0.0802568906534591,0.442513136509123,0.8156261697037188,0.4928895460238215,0.7498140980786308,-0.0042103431444455,1.15711025928058,0.7218650750949259,-0.0098673647908173,-0.0172574552111278,0.0476385565394832,0.0540085764434111,0.1058934003003595,0.0369712003631444,0.0114831276670285,0.0925251634163349,1
Zm00001d050069,0.0,III,0.61566,0.52,0.147416780257838,0.7612281662620278,0.0906,0.2362,0.3836,314673.0,315900.0,8.6407,0.39,0.015,0.07,0.0,0.5549999999999999,0.26,0.0,0.675,0.51,0.0,0.44795,0.5278,1.0,0.94445,1.0,1.0,1682,0.0,0.183,0.0,1.0,1.0,0.0,0.0,0.0,-0.0550706068524296,-0.0804604667220475,-0.0179393992847038,-0.0266326091937527,-0.0459328917487092,-0.0490921973261851,-0.0912736737500403,-0.030124693992236,0.9741688680117204,0.1740663349310231,0.3301245556057837,0.4296169388656309,0.5872777016687647,0.298663856749408,-0.1211736307354816,0.3614912321005719,0.0427670657829378,-0.0405898192338939,-0.0334221659716545,0.0062535308333095,0.0559166941028854,0.0077162216754295,-0.0779948784479757,-0.017930701728716,1
Zm00001d050081,0.0,III,0.472032,0.54,0.950427610526504,0.4130140259565177,0.0764,0.1215,0.6284,109.0,52550.0,10.072,0.4,0.030000000000000002,0.02,0.015,0.7949999999999999,0.7949999999999999,0.13,0.9299999999999999,0.945,0.645,0.3,0.20829999999999999,1.0,1.0,1.0,1.0,0,0.14225,1.0,1.0,1.0,0.0,0.0,1.0,0.0,-0.0338655472032883,-0.0309407036442823,-0.0346999092199859,-0.029589817141925,-0.0275494679571133,-0.0159265954951244,-0.0356844640638474,-0.0378668072501206,0.0029670228728207,0.8100846764523455,0.3492268242520656,0.1696509407218218,0.3315671033792018,-0.0371884470690863,1.0705130283173756,0.2316804250599181,-0.0444116897995971,-0.0600821700797983,-0.002168529270331,0.0353189765543468,0.0739165873163318,0.0124847191614265,-0.0742137367870077,0.0960412339991796,1
Zm00001d050104,0.0,III,0.502212,0.664706,1.397042253057349,0.5869104824043271,0.093,0.1329,0.6995,172.0,78853.0,6.23758,0.4,0.04,0.035,0.0,0.745,0.56,0.18,0.835,0.795,0.665,0.7064,0.39745,1.0,1.0,1.0,1.0,1442,0.7200000000000003,0.7095,1.0,1.0,0.0,0.0,1.0,0.0,0.0056630590558528,-0.0710246403802085,-0.0812155840742465,-0.0568927408872408,0.0320320943806621,-0.0735536687412779,-0.1264169267470827,-0.0171340726529385,0.6030433791604609,1.0898387227524753,0.3317439685879922,0.035914025658884,0.2300027650593144,-0.0263655094941438,0.8248299983561898,0.1531700246248462,-0.0539448261108157,-0.0696808750254742,-0.0215999546757176,-0.0474251797497059,-0.0586685251216437,0.0099476155876207,-0.1046098048593124,-0.0553424683532383,1
Zm00001d050106,0.0,III,0.607143,0.56,3.385707444065368,0.4445687564990215,0.0672,0.3928,0.1711,109775.0,148058.0,11.5034,0.4,0.045,0.025,0.015,0.55,0.5700000000000001,0.54,0.595,0.8,0.7,0.31255,0.2549,1.0,1.0,1.0,1.0,0,0.201,0.237,1.0,1.0,0.0,0.0,1.0,0.0,-0.0446573934581236,-0.0399737241735368,-0.0494341210884551,-0.0319985252436549,0.0131192733706965,-0.0426612093242477,-0.0894701656513227,-0.0294037916450028,0.0632474568308366,0.3877733565888762,0.2256536478655136,0.0644663229589655,0.2008958194652675,-0.0454521397837078,0.4276232902820422,0.1771223111548151,0.2022047177954051,-0.0606481544778793,-0.0102345189856809,-0.0065495324095996,0.0706162953283351,-0.0054195188766657,-0.088759763461706,0.0341471449937368,1
Zm00001d050107,0.0,III,0.639167,0.358824,2.704118773913288,0.368239955281336,0.0164,0.2461,0.0668,193.0,346981.0,11.5034,0.4,0.07500000000000001,0.04,0.0,0.345,0.8,0.005,0.615,0.875,0.05,0.7113,0.4252,1.0,1.0,1.0,1.0,2242,0.10250000000000002,0.0,1.0,0.0,0.0,0.0,1.0,0.0,-0.0330020241131249,-0.0398000292516242,-0.0261210281605088,0.000118867088623,-0.0331762405719313,-0.013727743693528,-0.0445890750712437,-0.0160690231582156,0.3735184443476739,0.4609163695778879,0.6972563845019418,0.3909961141191139,0.8612389898132629,0.052482513051703,0.6432758393131341,0.7622126994635917,0.4699625265713888,0.069248973504936,0.5694594999433175,0.3354328540453167,0.75298233920514,-0.0120575958030269,0.0917709642923558,0.8015180672887536,1
Zm00001d050119,0.0,III,0.596987,0.59,1.9051747820279548,0.4387052876768622,0.029,0.1859,0.1558,603361.0,345775.0,32.1071,0.39,0.02,0.015,0.005,0.725,0.6399999999999999,0.04,0.77,0.815,0.24,0.15345,0.1508,1.0,1.0,1.0,1.0,448,0.0,0.4225,0.0,1.0,1.0,0.0,0.0,0.0,-0.0672466532305082,-0.106039126782992,-0.0863781679125437,-0.0594066256109814,-0.1019100315676331,-0.0564510693059746,-0.1046700910022081,-0.0648335458958604,0.2704884577755452,0.4895696467951795,0.6887498814671644,0.1508626200157974,0.5235069850342413,-0.0258003103524223,0.7204905747693822,0.5612440434204189,-0.0514188554977852,-0.0981428355677285,-0.0516455665210506,-0.0505156866614258,0.0274225011839887,-0.0492388776056243,-0.1005217477602812,-0.045151759272209,1
Zm00001d050489,0.0,III,0.478894,0.33,2.9536140224928444,0.2061636822774251,0.0488,0.1214,0.4018,30075.0,178.0,6.23758,0.03,0.015,0.05,0.01,0.49,0.155,0.5349999999999999,0.9299999999999999,0.335,0.785,0.1722,0.79525,1.0,0.85835,1.0,1.0,1742,0.6605,0.10149999999999998,1.0,1.0,1.0,0.0,0.0,0.0,0.2271986223561675,-0.0056667807045016,0.0454147249094779,0.0495192497638107,0.0919516017992814,0.0768826028843964,-0.0895586882493151,0.0370089603612252,-0.0624468591248706,0.785670523874821,0.0295962383535859,0.0369930340274088,0.0989401865565166,-0.0410627725781327,0.7918937031815062,-0.0264804247128208,-0.0219173289018083,0.6174317369974356,0.0265700338984493,-0.0122290918108395,-0.0309046359605425,-0.0054877151641501,0.7697608881002387,-0.0351525636632353,1
Zm00001d050475,0.0,III,0.603226,0.63,0.8362316203962209,0.644288090852033,0.0535,0.2672,0.2004,725.0,186392.0,7.66892,0.05,0.01,0.01,0.125,0.635,0.745,0.195,0.655,0.855,0.24,0.13145,0.14279999999999998,1.0,1.0,1.0,1.0,2284,0.347,0.0,1.0,0.0,0.0,0.0,1.0,0.0,-0.0069272264646394,-0.02443585932104,-0.0468161192355003,-0.0027765561421885,0.0217319419513097,-0.0211028926182972,-0.0544258543219863,-0.002742552932439,0.5779017342642261,0.1519061837890418,0.671085377473425,0.3505320096528749,0.8815737903943154,-0.0069955998552625,0.2309625043858848,0.7340091416412942,0.1053721396967135,-0.0726064759363879,0.1504191721297603,0.0200451816532441,0.1942661991280927,0.004102161322101,-0.0545707389328474,0.1704380815560501,1
Zm00001d050484,0.0,III,0.469989,0.54,0.0937555134512479,0.7233729099946342,0.0105,0.1265,0.0832,98968.0,218188.0,10.5316,0.04,0.045,0.045,0.015,0.725,0.795,0.1,0.855,0.86,0.53,0.6833499999999999,0.44975,1.0,1.0,1.0,1.0,6822,0.8775,0.0655,1.0,1.0,0.0,0.0,1.0,0.0,-0.0694294513338737,-0.0752152096480517,-0.0802429465177216,-0.0146816141445201,-0.070300345805953,-0.0558598996684513,-0.0988691758455562,-0.1015438717172035,0.1250590596297927,0.6211387179516092,0.3973199495952115,0.1138646679895833,0.3175884805593687,-0.0029581123868887,0.990455291904198,0.2143069550166914,0.0117792915982666,-0.0093948238680736,-0.0068819568213491,0.0070872333002904,0.0620928957325593,0.0038593459535847,-0.0306849657822719,0.0545267505338465,1
Zm00001d041921,0.0,III,0.398374,0.41,0.0047728074116594,1.0,0.1406,0.3451,0.4076,66923.0,93287.0,155.217,0.58,0.015,0.01,0.005,0.73,0.745,0.44999999999999996,0.895,0.815,0.665,0.208,0.10830000000000001,1.0,1.0,1.0,1.0,0,0.8690000000000001,0.10450000000000001,1.0,1.0,1.0,0.0,0.0,0.0,-0.0158266391453469,-0.0380828401171297,-0.0338810554573176,-0.0018955108975985,-0.0350291883317889,0.0140023695533732,-0.0495206706775213,-0.0232794388139964,-0.0469439182619895,-0.1419121374299921,-0.0956184377601346,-0.0591580492629259,-0.0766036714909064,-0.0629718414513877,-0.1653239676478729,-0.0905444975858467,-0.0350277893614619,-0.0767002344340452,-0.0987266137134297,-0.0473060211635701,-0.0681199622982832,-0.0318179691000941,-0.112265281259186,-0.0571349774813145,1
Zm00001d041918,0.0,III,0.49493,0.347059,2.781330192537729,0.3596898625203106,0.0256,0.1227,0.2085,24199.0,469498.0,155.217,0.58,0.045,0.01,0.0,0.675,0.055,0.135,0.87,0.305,0.59,0.37224999999999997,0.20295000000000002,1.0,0.58335,1.0,0.97915,1046,0.622,0.059000000000000004,1.0,1.0,0.0,0.0,1.0,0.0,-0.0150755969331364,0.464140904607097,0.0062304565619676,0.0026389881088563,0.1840298848783792,-0.0420262174283093,0.6074060314843109,0.059558191068847,-0.0434182252098,1.0248949149165312,0.2729669766093369,0.0221408501711885,0.2665888890854765,-0.0767421535068682,1.4815125945839047,0.0700889003917444,-0.0150825658927684,-0.0550967970575555,0.0026679033568939,0.0016365648796389,0.0432914582290517,-0.0091955029692033,-0.0402091739797411,0.0086117828143491,1
Zm00001d041912,0.0,III,0.465432,0.66,2.3145194107049294,0.3811651279922686,0.0383,0.1551,0.2473,233.0,73.0,69.4798,0.58,0.035,0.0,0.0,0.225,0.04,0.0,0.275,0.0,0.66,0.60275,0.00715,0.95835,0.58335,1.0,0.0,3343,0.20699999999999996,0.0,1.0,0.0,0.0,0.0,1.0,0.0,-0.0182998196014186,-0.0188074443815449,0.099915918319083,0.0164505697792355,0.0690994896814387,-0.0136992234333516,-0.0257742360642357,0.1315772769604599,0.2966437269284877,0.9079964316303084,0.4716262732561317,0.042260507742329,0.2031740657282908,-0.0220589889989913,1.2162212415601916,0.0863188298774921,0.0019124977810113,-0.1105402485105796,-0.048411275866109,-0.0810943944315852,0.0779813462579214,-0.0210758870787923,-0.1085670614426358,-0.0209192911603497,1
Zm00001d041911,0.0,III,0.431347,0.65,3.3233858158030745,0.2187534491840221,0.0174,0.1928,0.09,4128.0,448.0,23.0067,0.58,0.01,0.045,0.01,0.78,0.31,0.175,0.87,0.4,0.75,0.09584999999999999,0.5896,1.0,1.0,1.0,1.0,0,0.5115000000000001,0.207,1.0,1.0,0.0,1.0,0.0,0.0,0.2043100883176743,0.0866481003092321,0.6760922841416638,0.0684102454736234,0.2653658707443254,0.0261995572011086,0.3582585166953594,0.2170115317107824,-0.1654301703244838,1.0724413499358203,0.158662795740028,0.0081577429767427,0.2795857547883275,-0.085833867504746,1.4739759694989372,0.0452124586534794,-0.0459595033504174,-0.0515335807106251,-0.0374534225820661,-0.030928831669455,-0.0495629136633769,-0.0177527372249273,-0.0743290170317649,-0.0337278666985345,1
Zm00001d041877,0.0,III,0.452152,0.69,1.666166156776761,0.4522025306326816,0.0535,0.1165,0.4595,1504.0,191957.0,33.1314,0.62,0.095,0.12,0.0,0.145,0.51,0.005,0.175,0.605,0.5700000000000001,0.83335,0.61735,0.96665,1.0,1.0,1.0,3759,0.05000000000000002,0.314,1.0,1.0,1.0,0.0,0.0,0.0,0.0093308245934374,-0.0803019656274577,-0.0443135396147627,-0.0420784651173148,0.0237354052887795,-0.005883497529533,-0.1005940701053878,-0.0471177343985329,0.111698120095661,0.8105487413491508,0.2217887113697029,0.0906668562986879,0.3943906821154883,-0.0677245235050593,0.9979132084038694,0.1760050818705285,0.3500052260424397,-0.0504061526357341,0.8799286789518812,0.2489133793260017,0.6453332503841389,0.0153384445371958,0.4115393333862382,0.4684263912043024,1
Zm00001d041871,0.0,III,0.573383,0.48,3.974567822495565,0.28674390291597,0.0114,0.2842,0.04,10174.0,113388.0,15.7974,0.64,0.035,0.08,0.0,0.395,0.645,0.02,0.475,0.85,0.65,0.28995,0.67335,1.0,1.0,1.0,1.0,1057,0.24700000000000003,0.556,1.0,1.0,0.0,0.0,1.0,0.0,-0.0515173328495294,-0.0133610851340698,-0.0486572027203441,-0.0077181872236497,-0.0418844336071583,-0.0135648028563194,-0.067424509717007,-0.0305985893596164,0.0612357264662262,0.785109940846032,0.409136459972854,0.1402916035902457,0.3245780654567163,-0.0681970307214097,0.9567704398568162,0.2923925400516006,0.1305088899468476,-0.0698269419061045,0.4136549399689525,0.3210144108857229,0.6317590947458703,0.0094021415903026,0.2183090065874754,0.6146054834916976,1
Zm00001d041852,0.0,III,0.442945,0.38,5.862173608151521,0.1839047265838731,0.0074,0.1708,0.0436,32194.0,249.0,7.66892,0.67,0.04,0.01,0.005,0.64,0.655,0.015,0.77,0.8,0.59,0.4399,0.2222,1.0,1.0,1.0,1.0,3307,0.2925,0.095,1.0,1.0,0.0,0.0,1.0,0.0,-0.019520327152972,-0.0169774724973506,-0.0128412908301952,-0.0115836813141731,-0.0167520826694641,-0.0215795479092332,-0.0196245477815445,-0.0149003768813351,-0.1156958935638665,0.9192175634703308,0.4645053922337586,0.2062634751392849,0.3819515096004087,0.0013315615832871,1.5226751024638254,0.2125384348210667,-0.016624072522041,-0.0480053473877036,-0.0350837614013306,0.0322218329927038,0.1051137228765401,-0.0350536347336258,-0.0626373323257887,0.0227704715010739,1
Zm00001d041839,0.0,III,0.568462,0.52,3.6376281513479136,0.4104474353321867,0.0315,0.1473,0.2139,56815.0,292756.0,13.4469,0.67,0.01,0.02,0.02,0.805,0.765,0.305,0.88,0.89,0.81,0.045649999999999996,0.1905,1.0,1.0,1.0,1.0,0,0.0,0.26899999999999996,0.0,1.0,0.0,0.0,1.0,0.0,-0.0586859992917597,-0.0691385284264891,-0.0549652181799431,-0.000290951665494,-0.0597957651042654,-0.0283144119182118,-0.0756220307643383,-0.0480591011443868,0.0229854495478579,0.4261264201156122,0.4479596162542485,0.1146950203965106,0.27630852446042,0.0016799086199422,0.6230368403802803,0.3450337382796609,-0.031665783055938,0.0666975337974707,-0.0451313007040068,-0.0235136033399875,-0.069132265845752,-0.0508375417996731,-0.0245102115451763,-0.0450776284043489,1
Zm00001d041796,0.0,III,0.672316,0.46,0.0593922273674609,0.995848890262959,0.0656,0.2458,0.267,336209.0,95450.0,11.9629,0.65,0.04,0.07,0.10500000000000001,0.545,0.5449999999999999,0.21,0.72,0.775,0.33,0.23885,0.71715,1.0,1.0,1.0,1.0,0,0.0,0.54875,0.0,1.0,1.0,0.0,0.0,0.0,0.2002907742991161,-0.0410486603492524,-0.0519791262336828,-0.0120042829397681,0.0441809777273459,0.7161401280615042,-0.1154289422604555,-0.0141200918060638,0.5097123987360145,-0.0615220907610053,-0.0143146618716962,-0.0083176479703467,0.137882799639622,1.263825313507419,-0.1302662535105161,0.0020885691454296,0.2940926572997885,-0.0460649333306736,-0.0242821395208511,0.036951362316635,0.0414047708811052,0.6551420073355456,-0.055740184030888,-0.0119743027483076,1
Zm00001d041803,0.0,III,0.533261,0.688235,3.21822064917574,0.3559525696250237,0.0333,0.185,0.1798,168.0,197.0,28.7848,0.66,0.03,0.025,0.0,0.725,0.6799999999999999,0.01,0.835,0.73,0.835,0.3938,0.3186,1.0,1.0,1.0,1.0,1386,0.051000000000000004,0.10169999999999998,0.96,1.0,1.0,0.0,0.0,0.0,-0.0212334130622037,-0.042948339769722,-0.0523889548019223,0.0219172938520931,-0.020515820477471,-0.0026238648755218,-0.0536387257433065,-0.0368142312124368,-0.0613924614745724,0.9008893698124464,0.4001667852017239,0.1143357386699001,0.3210148576838127,-0.0548166917369654,1.3254611216023453,0.1355302077972819,0.1103104274357416,-0.0991930353614989,-0.060138497794246,-0.034069434429988,0.0689765926298397,-0.0117315043147164,-0.1009332040486834,0.020456904019343,1
Zm00001d041816,0.0,III,0.43865,0.52,2.2410881582707174,0.303894030831477,0.0575,0.141,0.4078,36841.0,48716.0,20.6036,0.67,0.065,0.015,0.005,0.76,0.47,0.51,0.845,0.715,0.8049999999999999,0.5667,0.22085,1.0,1.0,1.0,1.0,0,0.154,0.1325,1.0,1.0,1.0,0.0,0.0,0.0,-0.0684038721337586,-0.1109294161952732,-0.086131933901793,-0.0501730476272728,-0.1190019302983686,-0.0799338255470676,-0.1348734634431022,-0.075335387646837,-0.0130085695558983,1.2294721165932565,0.1410408619252638,0.0783596084765328,0.2037715551724747,-0.0492676252870846,1.426197707908949,0.0840639466683769,-0.0497825879924643,-0.0663310062585975,-0.0696358322621173,-0.0117476428362134,0.0353834911385137,-0.0271570424510915,-0.0881671895697234,0.0133454039281068,1
Zm00001d041819,0.0,III,0.657534,0.6,3.1623033332358474,0.7421431726035363,0.0211,0.4018,0.0525,112.0,318.0,20.6036,0.67,0.03,0.015,0.0,0.73,0.72,0.0,0.8600000000000001,0.915,0.0,0.39444999999999997,0.2232,1.0,1.0,1.0,1.0,5103,0.1015,0.863,1.0,1.0,1.0,0.0,0.0,0.0,-0.0414384946435212,-0.0357990245294485,-0.0395644445740258,0.0072055546693344,-0.0565648625458167,0.0393272417376411,-0.0702464594893473,-0.0414425753994061,0.3790874035990699,0.0315062137128276,0.9475410133338718,0.2783071233920596,0.3894395611757535,0.2226941242329894,0.2208602259159172,0.3468243050960369,-0.0362073483305699,-0.1413377549595933,-0.0678426301766461,-0.0780993115435481,-0.0200626487119293,0.0695460235139484,-0.1651714337096403,-0.056062711671948,1
Zm00001d041098,0.0,III,0.439375,0.323529,2.005786745833476,0.4753834683398507,0.0236,0.119,0.1981,136135.0,92962.0,9.10026,0.09,0.035,0.015,0.0,0.355,0.565,0.0,0.41000000000000003,0.645,0.645,0.533,0.41095000000000004,1.0,1.0,1.0,1.0,611,0.0375,0.08800000000000001,1.0,1.0,1.0,0.0,0.0,0.0,-0.0409411843677993,-0.0720134584376983,-0.0617595082274578,-0.0529915138682403,-0.0847466380380706,-0.0485137165465536,-0.0981106007085268,-0.0762206070879107,-0.0444923100720392,0.7936585366612906,0.4454699969292835,0.1376106186746347,0.3625845960028089,-0.0458444322706734,1.1949976648741862,0.3025915470596714,0.4298319538656293,-0.0463104965354072,0.0356979147683152,0.0039351194498002,0.14408008369928,0.0335383958450863,-0.0973582730915884,0.0832400782447158,1
Zm00001d041056,0.0,III,0.486785,0.63,3.734993534927992,0.3351474618529097,0.0501,0.1228,0.4078,76.0,103950.0,20.0915,0.07,0.08499999999999999,0.07,0.0,0.52,0.625,0.04,0.58,0.77,0.7150000000000001,0.7524,0.7841,1.0,1.0,1.0,1.0,441,0.7314999999999998,0.3484999999999999,1.0,1.0,0.0,1.0,0.0,0.0,0.0185318492228877,-0.0324929893447018,-0.024431436191359,-0.0010492044495519,0.0824337428732197,-0.0240273671029002,-0.0815434254610545,-0.0221495289734392,0.5280243516082697,0.7895616438184443,0.6394365262656366,0.2605420608244384,0.6328784181062161,-0.0208951719595395,1.079627214653725,0.5880682319300267,0.0835079160395126,-0.1038832950982262,-0.0945214980256453,-0.0220691496145098,0.1049881569181025,0.1095812357337574,-0.1272061463358581,-0.0402947719847745,1
Zm00001d041035,0.0,III,0.428363,0.276471,4.413500469190889,0.221121823874227,0.0157,0.1517,0.1036,557375.0,1116.0,5.2658,0.05,0.06,0.04,0.005,0.79,0.605,0.15,0.87,0.71,0.795,0.3362,0.37085,1.0,1.0,1.0,1.0,0,0.5294999999999995,0.149,1.0,1.0,0.0,1.0,0.0,0.0,-0.0369776901195413,-0.0458206323453025,-0.0454010385351553,0.0144257732224446,-0.0650485555907546,5.7811401618798605e-06,-0.0791348307282329,-0.0516148658354193,-0.26372774940331,1.5326468317652744,0.2626356287725656,-0.0972199874986275,0.0326735899852945,-0.0923466801620472,2.026140596773206,-0.0509363738024104,-0.0907836525631873,-0.1254170657285361,-0.0876074009212965,-0.0421105391912245,-0.0491683250843493,-0.0691149526611304,-0.1220190063083309,-0.0302053266401113,1
Zm00001d041212,0.0,III,0.392739,0.41,0.0,,0.0569,0.2113,0.2695,676060.0,13402.0,11.0438,0.16,0.015,0.03,0.0,0.1,0.495,0.015,0.185,0.815,0.0,0.18285,0.275,1.0,1.0,1.0,1.0,2687,0.0,0.22925000000000004,0.0,1.0,0.0,0.0,1.0,0.0,-0.0266613069319399,-0.0114120390280246,-0.0124062816712164,-0.0014944339940515,-0.0261516123945233,-0.0032104280260624,-0.0278295271427032,-0.0069195422000348,0.6098368559348617,0.3633892310619309,0.123040930279293,-0.0249668396084292,0.1154843287290389,-0.0064314476170264,-0.0552684152503949,0.0477295664228974,0.819396670871857,0.3451599600500215,0.1612309000413596,0.044947248472305,0.245608448668007,0.0044449482616919,-0.1163354046928481,0.1790661934637616,1
Zm00001d041183,0.0,III,0.459528,0.42,3.576849986754393,0.2811229440477172,0.0462,0.086,0.5368,369149.0,1180543.0,12.4752,0.13,0.055,0.01,0.005,0.87,0.8,0.14500000000000002,0.9199999999999999,0.89,0.73,0.57665,0.20829999999999999,1.0,1.0,1.0,1.0,0,0.06849999999999999,0.40549999999999997,1.0,1.0,1.0,0.0,0.0,0.0,-0.0468314902370055,-0.0716535430543391,-0.0558229383661259,0.0088292934632328,-0.0641684741250589,-0.0074941603935825,-0.0812476009352869,-0.0302885881862942,-0.1543325421101352,0.8854804107278188,0.1749169868983307,0.0192431826922454,0.1043048159084921,-0.0775688860227596,1.3002001626219606,0.0188193161786304,-0.0848400275232694,-0.1120812682039797,-0.0295050852158659,-0.0435720985125122,0.00730406019884,-0.0564668763180679,-0.1145287922679973,-0.0439432741700716,1
Zm00001d009837,0.0,III,0.539256,0.48,4.085099400426994,0.2103141824548487,0.0323,0.1449,0.2226,666478.0,110454.0,46.9326,0.16,0.065,0.045,0.01,0.53,0.645,0.385,0.62,0.755,0.8,0.3745,0.3255,1.0,1.0,1.0,1.0,0,0.4684999999999998,0.725,1.0,1.0,1.0,0.0,0.0,0.0,-0.0088471450693059,-0.0049942278874287,-0.0063650317235661,0.0055361619621263,-0.0129909915469899,-0.0053662492760107,-0.0083942752692953,0.0004341872909802,-0.1849246730593572,1.4356429183370096,0.1360270289326804,-0.0031135500569223,0.0435301595209514,-0.0654599243460454,1.6111761250410523,-0.0552992192097823,0.0273725587570073,-0.0778602457002771,0.1419134015815708,0.1011687390112125,0.2388366508245559,-0.0003391069531921,-0.0551467239651708,0.2569040546326634,1
Zm00001d009840,0.0,III,0.444712,0.36,4.321600138130695,0.2479680348827538,0.0252,0.1629,0.1546,86393.0,105538.0,7.66892,0.15,0.049999999999999996,0.05,0.005,0.8049999999999999,0.8,0.255,0.9099999999999999,0.925,0.775,0.39795,0.34025000000000005,1.0,1.0,1.0,1.0,0,0.9055000000000001,0.9415,1.0,1.0,0.0,1.0,0.0,0.0,-0.0581516441541176,-0.0602672024112038,-0.0474092030338495,-0.0316864373100939,-0.0553306732530636,-0.0269259664678316,-0.0640783776987679,-0.0260321226963586,-0.1816499921320009,1.5232681366408505,0.2485647706716935,-0.0125334085448733,0.020890449870636,-0.0719883981806196,1.77795263087122,-0.0630339987417686,-0.0458802909694057,-0.0424066800048864,-0.0236679348705942,-0.007241447143718,-0.0087088566706612,-0.0343215096949579,-0.0429046688112343,0.0080087495217842,1
Zm00001d009844,0.0,III,0.486726,0.482353,2.434825894587373,0.3073537130536151,0.0067,0.3078,0.0219,166156.0,35008.0,83.6879,0.15,0.03,0.02,0.0,0.76,0.6950000000000001,0.03,0.86,0.9199999999999999,0.595,0.6628499999999999,0.2375,1.0,0.97915,1.0,1.0,3176,0.20199999999999999,0.0,1.0,0.0,1.0,0.0,0.0,0.0,-0.0147640610860521,-0.0253648107778905,-0.0217135503203531,-0.006668234822852,-0.0288489114210307,-0.0038322051088731,-0.0323056370517333,-0.0162864766841263,-0.0431433421009174,0.4530615263111491,0.3486017678476736,0.1003493746597626,0.1639283660619649,-0.0244542679785171,0.6487351016329754,0.1381041079958931,-0.085234506469575,-0.0985177708850243,-0.0593573766397825,-0.0665668110392346,-0.0276818649587642,-0.041788755222963,-0.091360061263325,-0.0313957572293919,1
Zm00001d009848,0.0,III,0.546099,0.46,7.900000390605618,0.1848991389670717,0.0024,0.1977,0.0119,58.0,160.0,26.7886,0.15,0.025,0.08499999999999999,0.0,0.78,0.695,0.0,0.88,0.815,0.43,0.16144999999999998,0.46950000000000003,1.0,1.0,1.0,1.0,284,0.22050000000000003,0.8704999999999999,1.0,1.0,0.0,0.0,1.0,0.0,-0.0198520551027439,-0.0114994318726105,-0.0168893893903248,0.0234414563966127,-0.0189652265081486,0.0023640547317117,-0.0381437483315274,-0.0199366615232823,-0.0796012109782535,0.5230446099173617,1.0207289126140515,0.1858883388037646,0.3636061512721641,-0.0318099302455998,1.2659518800377187,0.1851598577202635,-0.0414129927852165,-0.0769412766755708,0.0220514436605266,0.0131892960881689,-0.0056745870916114,-0.0127118602588102,-0.0297383677889707,-0.0398761974847767,1
Zm00001d009850,0.0,III,0.507221,0.54,6.325795992435837,0.1459644385469938,0.0066,0.2371,0.0278,193.0,114666.0,10.9912,0.15,0.035,0.03,0.0,0.765,0.18,0.0,0.895,0.265,0.7,0.49069999999999997,0.375,1.0,1.0,1.0,1.0,1778,0.37750000000000006,0.057,1.0,1.0,0.0,0.0,1.0,0.0,0.1417576035713681,0.0625479159292808,-0.0363585541067809,0.047116663296181,0.1395558137517689,0.0202535725653696,-0.0400905125885228,-0.004932388397638,-0.0685817313043659,0.822199232024522,0.544721479651609,0.090610286480203,0.2397153572056951,-0.0313224173873383,1.3808205209624484,0.1812497272538539,0.0009848103858261,-0.0824458247350202,-0.0467033643882506,-0.0050865539186883,0.0017730195228582,0.021080950986454,-0.0913913119531197,0.0155392886964397,1
Zm00001d010835,0.0,III,0.466667,0.38,4.3078833883198575,0.2444457433078719,0.0225,0.1158,0.1946,381973.0,367358.0,18.2005,0.68,0.005,0.045,0.0,0.575,0.625,0.005,0.7,0.725,0.645,0.0406,0.56665,1.0,1.0,1.0,1.0,362,0.622,0.139,1.0,1.0,1.0,0.0,0.0,0.0,0.0209706026347581,0.0140021196556228,-0.0317296768756738,0.0369348705045417,0.0875118330211773,-0.0089272549467519,-0.0607859368468595,0.0141162529292371,0.0570287386365284,0.9219901138461772,0.4186623504339167,0.0792146033893614,0.3419215027314707,-0.0893899683999368,1.3786883472299345,0.2481150213211812,-0.0299968671778488,-0.0336847022828388,0.0190478041402355,-0.0181129654983646,0.0217116874218203,-0.0152010854661868,-0.0222925491525143,0.0579114352543354,1
Zm00001d010834,0.0,III,0.58399,0.47,3.4300419348141182,0.1952247439043318,0.0239,0.1677,0.1424,347108.0,406032.0,18.2005,0.7,0.025,0.015,0.0,0.87,0.71,0.005,0.9,0.865,0.51,0.3083,0.15355000000000002,1.0,1.0,1.0,1.0,3719,0.0,0.6093,0.0,1.0,0.0,0.0,1.0,0.0,-0.0290531506777481,-0.0345599362698776,-0.0186859837562661,0.0108018406220508,-0.041747189080515,-0.0166177666476878,-0.0483217425866152,-0.020975726927032,0.1803418490833229,0.4007359778835734,0.6212399466907906,0.0769777076615164,0.3503463352710582,-0.0411310797255528,0.5520697955305227,0.3305367278852203,-0.0763151752725333,-0.0792550998650149,-0.079720726203529,-0.0075797977859736,-0.033209041565457,-0.0595607745540242,-0.1101428399315348,-0.0636140115639133,1
Zm00001d009813,0.0,III,0.461972,0.38,3.5772737813657094,0.345546215589852,0.004,0.1451,0.0273,265208.0,249244.0,22.5472,0.28,0.055,0.025,0.015,0.75,0.595,0.08499999999999999,0.89,0.735,0.585,0.54895,0.25,1.0,1.0,1.0,1.0,141,0.0087,0.3888000000000001,0.54,1.0,1.0,0.0,0.0,0.0,-0.0179472775837041,-0.0247437046591276,-0.0141123592978715,0.014270845893628,-0.0356858739976755,0.0126600466762919,-0.0556996481841027,-0.0296814817994857,0.021562888143508,0.7182392426250084,0.521297028957113,0.2404636780114126,0.4837607326875807,-0.0318138380987065,1.2038123340147022,0.4083075342582071,-0.0951908400381847,-0.1358501947656204,-0.074594597501663,-0.0412561260870466,-0.0034786263870806,-0.0851694066422837,-0.1062109795288061,-0.0554816727124375,1
Zm00001d009811,0.0,III,0.430729,0.382353,1.9641729682701852,0.525439564881058,0.0628,0.1125,0.5584,122173.0,392219.0,9.55982,0.28,0.03,0.025,0.0,0.76,0.475,0.005,0.9,0.71,0.74,0.3903,0.41664999999999996,1.0,1.0,1.0,1.0,0,0.2955,0.4965,1.0,1.0,1.0,0.0,0.0,0.0,-0.0057344470685236,0.0040747197994518,0.0036919641236643,0.0218256093492182,-0.0049859010055902,0.0080573531222321,-0.0159314380776752,0.0137730035775882,0.4845590545974862,0.6167883060468715,0.3480686689780345,0.0470530645756449,0.322533242069717,-0.0666641797014801,0.5373544907809668,0.3466934886402832,-0.0342026874516788,-0.0835122390651729,-0.0610094081981086,0.0040418614282331,0.0188562952058462,-0.060100990768383,-0.1096501766950851,0.0517028340830436,1
Zm00001d009803,0.0,III,0.59,0.264706,1.4282195293079645,0.7492715584965409,0.0129,0.2722,0.0475,239714.0,212044.0,7.20936,0.29,0.01,0.025,0.02,0.75,0.69,0.54,0.895,0.815,0.595,0.0611,0.31999999999999995,1.0,1.0,1.0,1.0,0,0.2819999999999999,0.036000000000000004,1.0,0.72,1.0,0.0,0.0,0.0,-0.0061864198971034,-0.0459982906872369,-0.0915247698569299,-0.0034951798893874,0.0362988306217906,0.0263435904718367,-0.0853340542305723,-0.0224264251746588,0.0475775824474423,-0.1023385903828211,-0.1073500868632692,-0.0009888895311405,0.0107078199132269,-0.0259374195772249,-0.1261075263323181,-0.0314953339033521,-0.0234331499705284,-0.0371174300912147,-0.0240166298213547,0.0127381758797927,-0.0295075656367455,0.0168472420365635,-0.0518622170620477,-0.0159319965674846,1
Zm00001d009799,0.0,III,0.536446,0.54,1.9665071143846289,0.4484172517611869,0.0327,0.1691,0.1937,412852.0,39047.0,7.20936,0.3,0.08,0.025,0.005,0.305,0.27,0.005,0.46499999999999997,0.335,0.265,0.83125,0.38539999999999996,1.0,1.0,1.0,1.0,1074,0.3605,0.0,1.0,0.0,0.0,1.0,0.0,0.0,0.5945971150306628,0.1853081248253363,0.0269404652927883,0.0015195907645606,0.1301048197413593,0.0492177604526053,-0.0914878183453056,0.0857055503307687,0.4983330756053855,0.5329538329247068,0.5298165431958854,0.3463463237100427,0.7553766278704819,-0.0223108509736834,0.5695780460359464,0.7317040511302146,0.2594924706042637,-0.0119670917569104,-0.0178168379024836,0.0316297357473013,0.3111567305798779,0.0029173945138741,-0.0740254944226009,0.2133906761041142,1
Zm00001d009797,0.0,III,0.690476,0.49,2.600395964950516,0.6360625569382791,0.0939,0.4407,0.213,75313.0,93982.0,15.7974,0.3,0.03,0.065,0.0,0.09000000000000001,0.6799999999999999,0.0,0.175,0.85,0.02,0.30369999999999997,0.47304999999999997,0.73335,1.0,1.0,1.0,8145,0.2065,0.8244999999999999,1.0,1.0,1.0,0.0,0.0,0.0,0.0821100042855929,-0.0254739924055681,0.001085233512974,0.0170092487289346,0.0827328228743635,0.3090561295727541,-0.0548132723285751,-0.0021832516026276,0.3768404273163204,0.0325406645903149,0.0768472193909843,0.1016162667598777,0.1750428962815276,0.4714264789906823,-0.0384970623679066,0.0519312273491546,0.6650944530051585,0.0022157140896947,0.0865841052913933,0.0978429288186207,0.1985352366626595,0.6109443923027694,-0.0742897413470695,0.1514751243463488,1
Zm00001d009795,0.0,III,0.465613,0.64,3.686813660978739,0.4403106776868406,0.0063,0.1276,0.0497,78.0,1924.0,47.9571,0.3,0.03,0.045,0.005,0.755,0.56,0.045,0.855,0.67,0.735,0.27955,0.4008,1.0,1.0,1.0,1.0,843,0.0365,0.18525000000000003,0.73,1.0,0.0,1.0,0.0,0.0,0.3721546349430796,0.006407815659455,-0.0471870485254796,0.0667696415326339,0.2509847625089983,-0.0124066537374005,-0.0790344761886409,0.1634487230344795,0.001382352060539,0.8174354048833876,0.5456782695873146,0.2485091109585266,0.5036511519143022,0.0370922550272693,1.2482596037803029,0.2922940953771236,-0.0804962974396703,-0.1003459036156297,-0.1030288056454217,-0.0258542093434592,-0.0235873828068744,-0.0368892166413091,-0.1301583612106094,-0.0689375343644487,1
Zm00001d009960,0.0,III,0.717711,0.69,1.934388784643608,0.657853798507815,0.0397,0.9432,0.0421,26.0,771.0,26.8412,0.24,0.05,0.025,0.0,0.47,0.76,0.0,0.6799999999999999,0.71,0.0,0.5766,0.3198,1.0,1.0,1.0,1.0,745,0.0,0.787,0.0,1.0,0.0,0.0,1.0,0.0,-0.0392477887980796,-0.0411324276895525,-0.0519929516950029,-0.0348687076505091,-0.0436182502380038,-0.0399637420169942,-0.0540854251653382,-0.0390704866011228,0.0766251562783408,-0.0097918494449007,0.5267978702886024,0.1638992919858055,0.3010655394576868,-0.0172710804068983,0.0280639684865722,0.2486598202242521,0.1328349549524038,-0.0605446408448616,-0.0326295992633938,-0.0235636931248245,0.1109844179716468,-0.0322771040077635,-0.0691394427454624,-0.0002257478500084,1
Zm00001d009941,0.0,III,0.479233,0.64,5.37678768711863,0.131580767214849,0.0438,0.1422,0.3084,59.0,773246.0,7.20936,0.13,0.015,0.02,0.0,0.835,0.715,0.265,0.875,0.84,0.79,0.137,0.14579999999999999,1.0,1.0,1.0,1.0,0,0.11800000000000001,0.672,1.0,1.0,0.0,0.0,1.0,0.0,-0.0791154868838509,-0.0920074008509742,-0.1033449557733438,-0.0515843355199129,-0.0742781221577358,-0.0414871446651634,-0.0985638266160786,-0.0633974293519203,-0.1637494085204371,1.4012652783009494,0.2234941131867746,0.0442623009288178,0.0705466032530108,-0.0321655914569099,1.6358082706066757,0.0594327406984024,-0.0605644878928277,-0.0684002104564618,-0.0052252002990466,0.0142310376354465,-0.0093327795795455,-0.0259514090806857,-0.0764474766698447,0.0506933483401117,1
Zm00001d009939,0.0,III,0.632686,0.49,1.356281272755891,0.7790550089137167,0.0398,0.2684,0.1482,323648.0,459682.0,7.20936,0.11,0.04,0.05,0.01,0.585,0.59,0.015,0.76,0.81,0.09,0.41355,0.32265,1.0,1.0,1.0,1.0,802,0.272,0.7535,1.0,1.0,0.0,0.0,1.0,0.0,0.0090865141446085,-0.0647560941603517,-0.0625653884947397,-0.0185782062603405,-0.0131261100721324,-0.0259082898295882,-0.0845591480255938,-0.0445811641710588,0.4534325568605563,0.1645564657412443,0.5952714087394642,0.3793548824787253,0.5401492010337314,0.2351191312678889,-0.0967876563014194,0.4866917213292551,-0.0129481023551953,-0.0803399165654499,-0.0566978168773019,0.0202689638607047,0.075078983696061,0.0144760157796613,-0.1260874564000443,-0.0413407708555077,1
Zm00001d010358,0.0,III,0.661413,0.611765,0.3318717440215635,0.83427281604753,0.0211,0.5631,0.0374,115673.0,1347.0,14.3661,0.09,0.05,0.12,0.175,0.705,0.6,0.15,0.8799999999999999,0.85,0.325,0.5833,0.54165,1.0,1.0,1.0,1.0,112,0.2115,0.31615000000000004,1.0,1.0,0.0,1.0,0.0,0.0,0.1920139728928414,-0.0033935570613452,-0.0326483329993855,0.0512820443769033,0.1535554349674646,0.1518217539448827,-0.052271164036523,0.0563036092189518,0.5670634096957234,0.1358693037819328,0.3026660060796742,0.1094704909757511,0.2593016521168937,0.7574437274973425,-0.0879524423023995,0.1795938283208231,-0.0304483712244136,-0.0708006519615512,-0.0510917180258512,-0.0573841786663453,0.0086099482783919,0.1542506929730724,-0.125536765526208,-0.0399825948551516,1
Zm00001d010360,0.0,III,0.69869,0.59,0.1207892483288047,0.868885764256588,0.0699,0.3562,0.1962,74083.0,44264.0,12.0156,0.07,0.02,0.02,0.0,0.6200000000000001,0.685,0.0,0.85,0.88,0.0,0.2222,0.22915,1.0,1.0,1.0,1.0,0,0.18350000000000005,0.889,1.0,1.0,1.0,0.0,0.0,0.0,0.003328254988978,-0.0086320686085839,-0.0141989109377633,0.0002716842090916,0.0017511830214702,0.0042849562606238,-0.0159314806610638,-0.0082804952714825,0.3760829766604806,0.094107005658438,0.4553941312768694,0.1030627548915401,0.3985537085127694,-0.0020724415631616,-0.05845017480926,0.3299167764914706,0.1627451012806819,0.0117890638945496,0.0642722272133183,0.0778662230843784,0.1726501178951177,0.0206480542091112,-0.073564780466888,0.0677694637335428,1
Zm00001d010366,0.0,III,0.744681,0.59,0.1543791759580018,0.8691710577673509,0.044,0.3204,0.1373,174.0,88725.0,6.23758,0.02,0.03,0.025,0.0,0.455,0.54,0.005,0.51,0.725,0.0,0.2959,0.46665,1.0,1.0,1.0,1.0,2252,0.0,0.249,0.0,1.0,0.0,0.0,1.0,0.0,-0.1246099275661159,-0.1287380833812461,-0.0742249279570427,-0.0762347616112609,-0.1162771988655032,-0.0789544689455164,-0.1498603229946214,-0.0710671494716025,0.1013496501887489,0.0067145425459339,0.5658750916236855,0.0490486760220974,0.1009119075037412,0.0012985763730548,0.0326639867268046,0.1221498482633656,0.1627335330602957,-0.0690755628104646,0.0592498764148378,-0.0094488183423552,0.1471754531229752,0.0316055614799876,-0.0965552526863044,0.0388693557902191,1
Zm00001d010368,0.0,III,0.434426,0.59,4.046398778296959,0.2411981878351332,0.0902,0.2541,0.3549,257825.0,60979.0,17.741,-0.02,0.015,0.045,0.0,0.675,0.6799999999999999,0.20500000000000002,0.74,0.825,0.675,0.18314999999999998,0.58605,1.0,1.0,1.0,1.0,535,0.0,0.134,0.0,1.0,1.0,0.0,0.0,0.0,-0.0394893668283399,-0.0569563581691614,-0.0803266811580164,0.0090874868584342,0.0208032211679867,-0.0388143836492635,-0.1006513675529681,-0.0475543540412252,-0.0764069344483665,0.9988783608897942,0.2368952469049266,0.1331442051505397,0.3404107932911703,-0.1235493553748099,1.3569832833915854,0.1659029228408897,0.1559041304208921,-0.0782472889643309,-0.0553863061499482,-0.0075558461549336,0.0848014032797062,-0.0188966303164923,-0.0732593161319569,0.0050950098450951,1
Zm00001d010376,0.0,III,0.414286,0.64,0.0930468896726487,0.9052933159288412,0.2827,0.2619,1.0792,59095.0,143759.0,14.8256,-0.07,0.02,0.065,0.0,0.42,0.8,0.28,0.56,0.9199999999999999,0.585,0.17565,0.725,1.0,1.0,1.0,1.0,0,0.1005,0.035500000000000004,1.0,0.71,1.0,0.0,0.0,0.0,0.0922790110183767,0.0294507984778874,-0.0213399351550462,0.0605529552832235,0.0335263467021148,0.0110477301659753,-0.0417818511407723,0.0132505424325627,0.3973825177388083,0.0560916501577962,0.0762851533195007,-0.0538347800866004,0.0565120503020143,-0.1195754244271412,-0.1107182088788459,-0.0083887604821142,0.1098951370310434,-0.0791142465991363,0.1783889496107837,0.0567810404426187,0.2238795212294316,-0.064362581742093,-0.1007428523002448,0.2593509049725982,1
Zm00001d010000,0.0,III,0.557613,0.476471,2.267797402966718,0.467561199130244,0.0514,0.0887,0.5798,228056.0,621042.0,8.6407,0.29,0.04,0.01,0.01,0.785,0.725,0.375,0.9,0.8,0.785,0.49525,0.1,1.0,1.0,1.0,1.0,0,0.43,0.4665000000000001,1.0,1.0,0.0,1.0,0.0,0.0,-0.0669699134038771,-0.0900246138803367,-0.0771343931900663,-0.0435800792056032,-0.0566846990666748,-0.05217594758664,-0.1038622524861521,-0.0737353311337207,-0.0538146331696661,1.444002280915579,0.2833413044976021,0.0119518750527616,0.0930668512010897,-0.0020164619448098,1.554127253768996,0.0365073009197078,-0.0519968694772134,-0.0703843009383444,-0.0138063234224232,-0.0374772088334054,-0.0510082826075035,-0.0460122510694015,-0.0774452210001955,-0.049585497060128,1
Zm00001d010009,0.0,III,0.521807,0.51,5.949191487057724,0.2404167616152615,0.0431,0.2079,0.2071,249454.0,37947.0,22.4946,0.31,0.015,0.035,0.025,0.77,0.39,0.08499999999999999,0.91,0.505,0.225,0.1492,0.40225,0.9762,1.0,1.0,1.0,0,0.7630000000000001,0.027999999999999997,1.0,1.0,0.0,0.0,1.0,0.0,0.0518978529745193,-0.0702593710031907,-0.0746161913269729,-0.0237228438588078,0.1462037625342534,-0.0658115344369629,-0.1018377614870739,-0.0471300690235405,0.4069291168748769,0.4410163902067675,0.5689128005618765,0.2752347433415539,0.5527714313344593,0.0909729834762916,0.9135602157841312,0.2992169478116564,-0.033915244527604,-0.0684370912177397,-0.0494122309568203,-0.0474634736400134,-0.0606830433770594,0.0121808930426137,-0.0849964891214351,-0.048281982571974,1
Zm00001d010018,0.0,III,0.527113,0.56,0.575027269718784,0.7736047243759672,0.045,0.0923,0.4877,312984.0,42160.0,30.623,0.32,0.03,0.035,0.015,0.785,0.745,0.185,0.785,0.875,0.665,0.2111,0.27745,1.0,1.0,1.0,1.0,0,0.33995,0.544,1.0,1.0,0.0,1.0,0.0,0.0,-0.0109618304032313,0.0328027573540201,-0.0555436306210923,0.0046852322551458,-0.0103963760860105,-0.0627407449978884,-0.1099655875072809,-0.0534125253661898,0.4776704692617384,0.7521841602791216,0.3129984173058059,0.2339101818648684,0.6206737818976725,-0.0699182566305269,0.4880997703069837,0.4576048038301133,-0.0429954343766194,-0.0967994991123026,-0.0191468436392869,-0.0207515867035738,0.031792645002966,-0.0317370497960362,-0.1023925556409355,-0.0110706440552902,1
Zm00001d010020,0.0,III,0.485294,0.33,0.0720837095135835,0.8193363053473766,0.0143,0.1666,0.0859,135976.0,223180.0,30.623,0.32,0.01,0.01,0.0,0.6100000000000001,0.46499999999999997,0.0,0.87,0.615,0.015,0.0944,0.1466,1.0,1.0,1.0,1.0,2463,0.0895,0.3345,1.0,1.0,0.0,0.0,1.0,0.0,-0.0571151118377647,-0.0653052958571088,-0.0548783075457618,-0.0397625755941329,-0.0554552847908468,-0.0092142606179849,-0.1106829851636329,-0.0789376437177549,0.670672137740756,0.3098190078322983,0.0266040148335646,0.050316332565248,0.2621636324482492,0.0231733530436132,-0.1107950526006037,0.1603415417736653,-0.020857842479481,-0.0307357251487531,-0.1157454748913673,-0.0756161531208574,-0.0635631151493617,-0.0845919685046644,-0.1372354853577756,-0.0760245165383786,1
Zm00001d010416,0.0,III,0.607338,0.54,1.1554029784706252,0.6396791978564559,0.091,0.2666,0.3414,14842.0,2986.0,38.8042,-0.01,0.1,0.02,0.03,0.485,0.405,0.125,0.535,0.605,0.22499999999999998,0.73845,0.39444999999999997,1.0,1.0,1.0,1.0,4555,0.49950000000000006,0.024300000000000002,1.0,0.49,0.0,0.0,1.0,0.0,-0.0592668073886219,-0.0805262822891364,-0.0605591531827486,-0.0301224747413202,-0.0814568143027714,0.3944473185229146,-0.1089922965681295,-0.0669395580838538,0.8710673551190611,0.143591990947856,0.290345051264203,0.2193810930610717,0.3997126281023337,1.5656652700785916,-0.0338324896220088,0.2318541853589531,0.2415859463437695,-0.0889641007146118,-0.0497971625402082,-0.0311222539819003,0.0965494744478296,0.8277410173551247,-0.1280215605659135,-0.0697440547969706,1
Zm00001d010413,0.0,III,0.432817,0.62,5.061311279580559,0.192486144818074,0.0285,0.1152,0.2472,119753.0,304.0,8.12848,-0.05,0.045,0.035,0.0,0.835,0.18,0.01,0.855,0.365,0.775,0.38885000000000003,0.33485,1.0,0.96875,1.0,1.0,1212,0.418,0.102,1.0,1.0,0.0,0.0,1.0,0.0,0.5022741286097879,0.125910324775341,-0.0169324493801999,0.1595162023944782,0.4297250634674359,0.0345755479581932,-0.050509638612574,0.2314758347932864,-0.111880415280097,1.2524247868969884,0.3682777241473193,0.1820944267374151,0.3352871071537023,-0.0485876288261408,1.85687857578495,0.1620180776964963,0.0319212791314747,-0.0576341066665876,-0.0554943307002162,0.020715212010396,0.1096071964617571,-0.0469817811730338,-0.0631835846522712,0.0093210294751498,1
Zm00001d010411,0.0,III,0.566667,0.56,4.319575353096675,0.3264408514126503,0.0419,0.182,0.2301,34132.0,648.0,171.014,-0.07,0.025,0.015,0.015,0.665,0.445,0.045,0.785,0.45,0.19,0.26665,0.18655,1.0,1.0,1.0,1.0,1697,0.3370000000000001,0.36150000000000004,1.0,1.0,0.0,0.0,1.0,0.0,0.0098405501863171,-0.0800385791490147,-0.07774035026819,-0.0069432942254969,0.100674498933796,-0.0091005597989052,-0.0840797438310379,-0.0123266679403535,0.4256052760276027,0.4034212248519971,1.0332552907123245,0.4725332609972354,0.9945025495181504,0.0498052286119187,0.914858456109607,0.6031475658542996,-0.0195450286227206,-0.0671789699342938,-0.0487814860551848,0.0236896280925548,0.040014796898045,0.0005317133493237,-0.0647307280338876,-0.0248012285378,1
Zm00001d010410,0.0,III,0.67094,0.55,1.839209364689188,0.8049380666060911,0.044,0.2927,0.1502,97688.0,54571.0,31.5948,-0.08,0.02,0.02,0.01,0.48,0.735,0.0,0.61,0.915,0.05500000000000001,0.23954999999999999,0.1839,1.0,1.0,1.0,1.0,1541,0.34,0.079,1.0,1.0,0.0,0.0,1.0,0.0,0.0361128978609855,-0.0364005033444854,-0.0624719850814934,-0.0163706554890521,0.0101330092248538,0.0016158271223828,-0.0705500243389038,-0.0432332783769597,0.3689022425204057,0.1375084055994593,0.4877999757620491,0.0708363955002023,0.3056995914256707,-0.0486405710373636,0.0934118414619448,0.3339669286285986,0.2338100785696993,-0.0828189841987427,-0.0459196007409392,-0.019091782688303,0.0866155905621303,-0.0243035145156091,-0.091342014937036,-0.0099366306942071,1
Zm00001d010406,0.0,III,0.466981,0.59,3.4270410239966527,0.433843340707037,0.0106,0.1119,0.095,113.0,145484.0,14.8783,-0.1,0.065,0.035,0.005,0.435,0.62,0.0,0.685,0.8,0.43000000000000005,0.4908,0.3353,1.0,1.0,1.0,1.0,297,0.5029999999999998,0.143,1.0,1.0,1.0,0.0,0.0,0.0,0.0552845676279502,0.0165882149670672,-0.0710231236026289,-0.0382489555140393,0.0009090068021384,-0.0062035686451716,-0.1159297036483274,-0.0297943561349017,0.8854354209573829,0.7746209272977794,0.8873895574029002,0.0478455944700439,0.205035980610308,-0.0279346162941303,0.9663089766831258,0.1124788789065888,0.0199861007621802,-0.0910196364792368,-0.0566711744185237,-0.0326494888990906,0.0376925318498622,-0.0351053095806442,-0.086579687574259,-0.0343741522578792,1
Zm00001d010403,0.0,III,0.557143,0.447059,2.5019694207915437,0.2920054644915911,0.0039,0.1126,0.0349,145110.0,2291.0,26.329,-0.11,0.015,0.055,0.005,0.47,0.31,0.01,0.72,0.355,0.25,0.2385,0.6378999999999999,1.0,1.0,1.0,1.0,3281,0.686,0.0575,1.0,1.0,0.0,1.0,0.0,0.0,0.0635357103427179,0.1128010217626097,0.6370965277951608,0.1477089384325237,0.4061982715838145,-0.0249581440860023,0.4481228737901913,0.2541104309502774,-0.0213520512081076,0.6600770030162064,0.5054416207193373,0.3183953699921936,0.6695133622432149,-0.0330872855487183,1.1054018608234364,0.381999705956684,-0.0408236229307327,-0.107644257606708,-0.0294183582397908,-0.0539268727061898,-0.0129306168756697,-0.0530483405401257,-0.1188087633820256,-0.0718094328599973,1
Zm00001d010040,0.0,III,0.547009,0.45,1.6475149474751565,0.5359156421419878,0.1573,0.1884,0.8351,25648.0,192240.0,20.1441,0.37,0.06,0.01,0.0,0.75,0.455,0.01,0.855,0.7,0.5700000000000001,0.625,0.12955,1.0,1.0,1.0,1.0,2224,0.6239999999999999,0.129,1.0,1.0,0.0,0.0,1.0,0.0,-0.0801810367080168,-0.0864707208177484,-0.0962800893205422,-0.0207827249353254,-0.0789502663499671,-0.0299413603295552,-0.1043977254700577,-0.0721501226016749,0.2593147148878907,0.5054437274903096,0.4495823129063532,0.2193680808518777,0.5466250803042467,-0.025701725118893,0.6062919172442369,0.5614876766792845,-0.0217542022318076,-0.0523825655354697,0.0948895727020747,0.088892948559181,0.1700400894858463,-0.0069097035274433,-0.0504708538914218,0.2557274694470856,1
Zm00001d010512,0.0,III,0.447739,0.54,2.491306643948436,0.443413896909628,0.0233,0.1516,0.1539,731823.0,337333.0,18.2005,1.05,0.02,0.060000000000000005,0.005,0.065,0.515,0.03,0.5349999999999999,0.69,0.625,0.3243,0.59325,0.8645499999999999,1.0,1.0,1.0,0,0.27699999999999997,0.25850000000000006,1.0,1.0,1.0,0.0,0.0,0.0,0.1069078905575338,-0.0362416318361884,-0.0666709667993489,-0.0175428256752823,0.0781053230837223,-0.0544902907601933,-0.0828788670340775,-0.018279549457997,0.368632050980065,0.7706997337596428,0.1019470016770328,0.0436375075786938,0.2200784969953275,0.0220171680623786,0.8383618801519379,0.1204024232452518,0.3317977224765306,0.4482761959033874,0.7998310971873762,0.1241507369994981,0.2462673933669885,-0.0678005974603777,1.181904409541548,0.1922245633947558,1
Zm00001d010504,0.0,III,0.591592,0.55,5.131067837426153,0.2236904374937521,0.0347,0.3165,0.1097,12.0,1069103.0,18.2005,0.93,0.045,0.14500000000000002,0.01,0.78,0.63,0.07500000000000001,0.87,0.625,0.55,0.4306,0.76985,1.0,1.0,1.0,1.0,0,0.038,0.5055,0.76,1.0,0.0,0.0,1.0,0.0,0.0114745402162653,-0.028674878825936,-0.0153365221067693,0.0069374796967789,0.0196572690564433,-0.0008338611242996,-0.0398718731733729,-0.0157985994165172,-0.0142379817819785,0.5296080440586184,0.7823536642583258,0.2884468050472558,0.5844512748270229,-0.0709142863581712,1.1230367664959533,0.4867753909906434,-0.0412670658960228,-0.0779099320526003,-0.0042075546051381,0.0048376019928994,0.038558605672022,-0.0185789673368078,-0.0807898927777502,-0.0085778746052687,1
Zm00001d010500,0.0,III,0.45123,0.46,5.550403340230813,0.2560620197650209,0.0129,0.1023,0.1258,217973.0,83604.0,18.2005,0.89,0.065,0.035,0.0,0.8049999999999999,0.73,0.005,0.94,0.895,0.405,0.6894,0.2954,1.0,1.0,1.0,1.0,337,0.1465,0.2109,1.0,1.0,1.0,0.0,0.0,0.0,-0.0248375525492918,-0.0429216452977977,-0.0313563742236364,-0.0292443096531959,-0.0283704217315809,-0.0263706549145874,-0.044707603347598,-0.0268936100712678,0.060994965729284,0.5239347946917299,0.5521621934553684,0.304898703432662,0.4933389716782225,0.001046070743342,0.9980656728502112,0.4167168155522646,-0.0878060091292955,-0.0894592200784684,-0.0749797269050937,-0.0372773501341073,0.0145409630800947,-0.0395469290881776,-0.1075882186609211,-0.0222252500376134,1
Zm00001d009979,0.0,III,0.653167,0.452941,0.3454206525763257,0.8546018839077292,0.0383,0.2611,0.1466,110918.0,14398.0,10.072,0.27,0.045,0.045,0.0,0.28,0.685,0.0,0.375,0.855,0.0,0.54165,0.30455,0.94665,1.0,1.0,1.0,83,0.21299999999999997,0.0825,1.0,1.0,0.0,1.0,0.0,0.0,0.0538927354751831,-0.0509990140258889,-0.0324577208374062,-0.0344800064168515,-0.0385961507017183,0.0671502383896007,-0.0921366593099224,-0.0387792705154254,0.4622242723663669,0.24293720830853,0.6199766459818071,0.0429324337904601,0.2245389987919714,0.4096805010415105,-0.0702772690483957,0.177595154214827,0.4774350152327806,-0.0073189506812602,0.0366853646716325,0.0170339722756308,0.077413491366683,0.5128558142373575,-0.1034983890330094,-0.0481561263599011,1
Zm00001d009971,0.0,III,0.729097,0.52,0.3517608682740658,0.9274424598586668,0.0453,0.3761,0.1205,191.0,1613.0,14.8783,0.26,0.09000000000000001,0.06,0.0,0.71,0.2,0.0,0.78,0.34,0.0,0.5952500000000001,0.76515,1.0,1.0,1.0,1.0,2466,0.32349999999999995,0.0,1.0,0.0,0.0,0.0,1.0,0.0,-0.042531810151371,-0.0664896711690406,-0.0475483877890382,-0.0224513964035605,-0.0108717336459611,0.1302404411177785,-0.0756803955280002,-0.0665663066155483,0.1373278350817185,0.0335896549994329,0.3082538679938872,0.0297270435768889,0.0597902979092314,0.1164325933599899,-0.0031134516858089,0.06614711159097,0.261170387597181,0.0585947448439479,0.1999751760653924,0.1558821535250536,0.420782877560387,0.0729699947137207,-0.0502462896433381,0.4685015862080084,1
Zm00001d009965,0.0,III,0.63864,0.54,1.1558192459960994,0.6013567706061325,0.0387,0.2228,0.1738,332513.0,40942.0,5.72536,0.26,0.045,0.025,0.0,0.78,0.71,0.0,0.87,0.835,0.22999999999999998,0.6242000000000001,0.4119,1.0,1.0,1.0,1.0,908,0.07150000000000001,0.46440000000000015,1.0,1.0,1.0,0.0,0.0,0.0,-0.0810156095282347,-0.0953804716860229,-0.1051565594673583,-0.100792232269056,-0.0473806325686311,-0.095967263814327,-0.1494687896074936,-0.1520693431118149,0.1057597857950845,0.2587403238043793,0.4488782469583663,0.150279095526285,0.3447447407869783,-0.050406821796712,0.3421249613459851,0.2598105319314863,-0.0405672359678678,-0.0900998230221951,-0.0032039164883352,-0.0210182279097134,0.0257641755339869,-0.0236760307990596,-0.0678423441937004,0.0089465492621172,1
Zm00001d010461,0.0,III,0.52809,0.6,3.9567035527720766,0.2647285666281273,0.0,0.0773,0.0,33184.0,591664.0,23.9259,0.5,0.03,0.02,0.0,0.74,0.665,0.0,0.855,0.9,0.48000000000000004,0.49524999999999997,0.19879999999999998,1.0,1.0,1.0,1.0,5003,0.25549999999999995,0.0,1.0,0.0,0.0,0.0,1.0,0.0,-0.014708299544798,-0.0213041184357679,-0.0868435507569537,0.0629369004685754,-0.0036369948629791,0.0537075505184511,-0.0610668206214854,-0.0123188682666536,0.2133666875571388,0.3783108701538927,0.4352092448684079,0.271571550031855,0.5216843704697067,-0.0295389797498348,0.7050645070088566,0.4401351368996352,0.0378167147244679,-0.0734365290463318,0.0255798158031723,0.0123783272160816,0.114533125825233,-0.0088914566420147,-0.0735529286420326,0.0996339618866409,1
Zm00001d010462,0.0,III,0.494644,0.482353,1.8363220345680733,0.5466500202911826,0.0456,0.118,0.3867,17675.0,102834.0,17.741,0.51,0.035,0.04,0.01,0.785,0.55,0.55,0.875,0.7350000000000001,0.665,0.19165,0.3333,1.0,1.0,1.0,1.0,0,0.6345,0.5614999999999999,1.0,1.0,0.0,0.0,1.0,0.0,-0.0716683759910406,-0.0696378889756476,-0.0605464692741038,-0.0223895706969185,-0.069179917612958,-0.0256113963166832,-0.1116103356800376,-0.0739650925676868,-0.0360392337058165,0.638271189205447,0.2921802971718146,0.1124438869490099,0.2160627173271394,-0.0341644367451769,0.8473170502790219,0.1433520142325218,0.0021020434094645,-0.07947228342994,-0.0215088466143973,-0.0240720120106029,0.0114119749318047,-0.0428849701606328,-0.0845912816831053,-0.0335068480198599,1
Zm00001d010466,0.0,III,0.702819,0.44,0.8958635127324305,0.5488161154457714,0.0234,0.394,0.0594,199.0,1217.0,28.2725,0.54,0.07500000000000001,0.065,0.05,0.7150000000000001,0.25,0.225,0.85,0.375,0.41000000000000003,0.6004,0.4416,1.0,0.9,1.0,1.0,495,0.7755000000000001,0.11649999999999999,1.0,1.0,0.0,0.0,1.0,0.0,0.3915771250666257,0.0069181818025301,-0.0148854614144295,0.1072196106994871,0.2471454216342505,-0.0257430330517092,-0.0755898996683512,0.0672403674795641,0.342398063453153,0.332828790084254,0.6791594452515959,0.4519666626166042,0.9649923900228604,0.0074303497388685,0.3657180446937853,0.8908525471384718,-0.024665493496644,-0.0491649738911407,-0.0079765181734529,-0.0019640576068023,0.0218495675157568,-0.0190377902273909,-0.0310241293287793,0.0061494252844231,1
Zm00001d010470,0.0,III,0.478451,0.59,3.1430325141698976,0.2418796484101186,0.0151,0.0981,0.154,177003.0,797.0,13.9065,0.56,0.02,0.065,0.01,0.7849999999999999,0.19,0.195,0.94,0.3,0.815,0.128,0.4857,1.0,0.95835,1.0,1.0,463,0.9169999999999999,0.301,1.0,1.0,0.0,0.0,1.0,0.0,0.2787441007104203,0.0186058382131125,0.0187829836171246,0.0243883213953095,0.260463192229117,0.0064986029478186,-0.0602730705680642,0.1024471512233047,-0.2965722375562756,1.5932525602714271,0.2586013283159906,-0.0724290888679067,0.0718834019872352,-0.1004948787075204,2.0708890452541424,-0.1076903789566247,-0.0622831850449274,-0.0679159749055819,-0.0275427696247969,-0.0234504520601148,-0.0666212016231096,-0.0153688041674068,-0.0771441491866066,-0.0559686797935222,1
Zm00001d010476,0.0,III,0.482517,0.46,3.1688876912259,0.249938330953556,0.0067,0.1049,0.0638,148403.0,13690.0,6.23758,0.6,0.08,0.015,0.01,0.84,0.65,0.455,0.875,0.765,0.78,0.5610999999999999,0.17004999999999998,1.0,1.0,1.0,1.0,130,0.07300000000000001,0.365,0.95,1.0,1.0,0.0,0.0,0.0,-0.0567443870429183,-0.0991912598945889,-0.1083818495304102,-0.0715488347769108,-0.1125914990976745,-0.0755941761786138,-0.1324320533488458,-0.1181193730032682,-0.0859184306057609,1.640717340626941,0.2821680258355118,0.0911829821553069,0.0560872723560437,-0.0298018342341132,2.077878873354508,-0.0069448271698274,0.0159916190149704,-0.0602585192835849,-0.0047729158657368,0.0201279798616812,0.0448496884687862,-0.0220990982155186,-0.0743984823048653,0.0140949449714887,1
Zm00001d010478,0.0,III,0.480159,0.64,3.779552338667032,0.4232959826092942,0.0286,0.1076,0.2661,119.0,174321.0,6.23758,0.61,0.05,0.015,0.0,0.765,0.63,0.03,0.9,0.78,0.645,0.3552,0.2457,1.0,1.0,1.0,1.0,355,0.040999999999999995,0.10284999999999998,0.82,1.0,1.0,0.0,0.0,0.0,-0.0531894868363036,-0.0462249243161312,-0.0895808697657822,-0.0423578769870264,0.009047994216564,-0.0442338965795997,-0.080601371010485,-0.0571416439029148,0.0535188058176065,0.576595913522145,0.6722865343583319,0.2564858547311794,0.464803476053069,-0.0056814517814287,1.104643962711267,0.2442767002369184,-0.0424373123992187,-0.0984135653473307,-0.0677507180113958,-0.0286961768929196,0.0148726374534685,-0.0516081363521952,-0.1153123384408989,-0.036184675435378,1
Zm00001d010341,0.0,III,0.480035,0.55,3.8027762509318186,0.2469505991155849,0.0217,0.09,0.241,118307.0,531556.0,11.5034,0.22,0.055,0.035,0.005,0.775,0.52,0.19,0.88,0.69,0.7,0.4819,0.5008,1.0,1.0,1.0,1.0,0,0.252,0.030500000000000003,1.0,1.0,1.0,0.0,0.0,0.0,-0.0682587751819536,-0.1141607850225342,-0.1105740102688535,-0.0913116602377228,-0.0107866227020921,-0.0904060989217144,-0.1368993754876429,-0.0944916562512647,-0.2016265226638796,1.6365377980261393,0.2676752840541621,0.0479166787925683,0.2017943963755525,-0.0564038685722968,2.1755654535484825,0.0449953190448932,-0.0670365621816721,-0.0517195578840885,-0.0172079521589375,0.0006914839032247,0.0435350095774566,0.0066816692010226,-0.0625608870304912,0.0676454324652592,1
Zm00001d010324,0.0,III,0.458896,0.48,3.7984378910557353,0.2292788296021448,0.017,0.1122,0.1515,64472.0,132827.0,9.10026,0.31,0.14,0.015,0.0,0.665,0.545,0.19,0.75,0.6799999999999999,0.75,0.89445,0.1667,1.0,1.0,1.0,1.0,0,0.4304999999999999,0.1985,1.0,1.0,0.0,1.0,0.0,0.0,0.07900206368734,0.0089043166018869,-0.0323814408796997,0.0076027139073794,0.0591196241170235,0.0095803865716445,-0.0416509731650561,0.0225148668388411,-0.1709664562797767,1.7181047603468838,0.2560741046848928,0.0458301833659645,0.1074235469702313,-0.0619031765696214,2.1935100138641617,0.0137865527810047,-0.0206127412789087,-0.0580864819973981,0.05365975803731,-0.0220349277410366,0.0984617129937076,-0.0155145030643141,-0.082800947155497,0.118411264583213,1
Zm00001d010321,0.0,III,0.593539,0.66,7.341729494474268,0.4284759063036616,0.0582,0.3404,0.1709,170576.0,67836.0,10.5316,0.32,0.01,0.04,0.05,0.705,0.71,0.105,0.85,0.915,0.12000000000000001,0.14085,0.41795,1.0,1.0,1.0,1.0,0,0.0,0.8234999999999999,0.0,1.0,0.0,1.0,0.0,0.0,-0.0902912953671233,-0.0974301370968055,-0.0911430955373317,-0.0650339453019684,-0.085953187747417,-0.0792865854666611,-0.1137657105168948,-0.0609378681023657,1.1189518725397998,0.1317541672809645,0.0358513826256731,0.0301178107996156,0.3817498987135694,0.2969042443963565,-0.2384003951656553,0.1940380414247778,0.0955251956884885,-0.0379839968868032,0.035650085275422,-0.0022720179338008,0.0977492675408606,0.0396747058527872,-0.1053325490342729,0.0694763750307171,1
Zm00001d010315,0.0,III,0.474984,0.57,2.6762773628418564,0.2632999558298159,0.0193,0.1,0.1933,127.0,36921.0,6.69714,0.33,0.14,0.01,0.0,0.795,0.57,0.07,0.875,0.55,0.69,0.59615,0.07735,1.0,1.0,1.0,1.0,0,0.3295,0.0,1.0,0.0,0.0,1.0,0.0,0.0,-0.030248870706859,-0.0697004849328018,-0.0489660434386723,-0.0356274779870314,-0.0106591117457002,-0.0349735690295164,-0.0698231091020486,-0.0773546103982526,-0.0702108829582472,1.2227937180671389,0.2706034296146966,0.0365127878137077,0.2598335124397921,-0.0716600905593336,1.6176359219212462,0.0702384583744379,0.0168971803322838,-0.0348040582380247,0.0373279321065316,0.0347037140535656,0.1193981672579296,0.0292143344647525,-0.0187670394547623,0.1392306478850231,1
Zm00001d010314,0.0,III,0.556213,0.67,2.114048447159093,0.7434929988814242,0.0476,0.08,0.5951,46023.0,41443.0,11.9629,0.34,0.025,0.0,0.0,0.665,0.0,0.0,0.8200000000000001,0.065,0.04,0.24995,0.01785,1.0,0.0,1.0,0.8125,2420,0.196,0.0,1.0,0.0,0.0,0.0,1.0,0.0,0.6398765886101484,0.2449695408853999,0.0496349171599292,0.0914022207689348,0.2267278622702808,-0.0110710200770859,-0.089079860013206,0.076717975148285,0.4945140705709908,0.4452405334525101,0.4099990878741297,0.0876833696218548,0.2422476043128583,-0.0524021530998424,0.2541896870935528,0.1498478945200489,-0.0338196460590452,-0.0869683812170244,0.01551931097046,-0.065187194396602,-0.0009224162051942,-0.0032006459469023,-0.096531948329225,0.0025698467624135,1
Zm00001d010294,0.0,III,0.467397,0.67,2.561309358247857,0.2432067072834251,0.0352,0.1071,0.3289,699.0,413114.0,11.5034,0.42,0.04,0.03,0.0,0.64,0.275,0.005,0.88,0.345,0.775,0.2351,0.31865,1.0,1.0,1.0,1.0,7137,0.14350000000000002,0.31699999999999995,1.0,1.0,0.0,0.0,1.0,0.0,0.0003237999274005,-0.037310201576539,-0.011935658761655,-0.0095208164259761,0.0198897419156947,0.0042110266164103,-0.0535224808491356,-0.0050569934104244,-0.0538984236886324,0.8057170893033886,0.2111971502950812,0.0823892735155831,0.2194221598402212,-0.0628662769608792,1.1915283679196242,-0.0004508466529443,0.0424038057645923,-0.0201110527098889,0.3300950009508268,0.3429905333524585,0.4867687507277463,0.0376633708516504,0.0920016460758524,0.6227106524796165,1
Zm00001d010292,0.0,III,0.504918,0.39,2.412833386484611,0.355660998125709,0.2883,0.3486,0.8272,71508.0,443195.0,8.6407,0.44,0.04,0.005,0.005,0.72,0.54,0.225,0.85,0.905,0.79,0.36724999999999997,0.08035,1.0,1.0,1.0,1.0,3311,0.3534999999999999,0.0,1.0,0.0,0.0,0.0,1.0,0.0,-0.0553015357320393,0.6294836671982471,-0.0351034817661383,2.491355614490688e-05,-0.0648077231528952,0.0141543304639458,0.4236947695979228,-0.0578276934305139,0.0466764296075081,0.9758437677423852,0.2916714617928165,0.0993900997820191,0.1323807083143988,-0.0250746896259702,1.303056213110088,0.0851373340443779,-0.0545847558156222,-0.0694431751658792,-0.0376219059922251,0.0035970140397784,0.0728023882560909,-0.0377280003091587,-0.0633317035261061,0.0420921138148428,1
Zm00001d010290,0.0,III,0.60452,0.54,4.669578869369427,0.237466435162198,0.06,0.1096,0.5471,189275.0,326555.0,8.6407,0.45,0.065,0.02,0.035,0.775,0.69,0.04,0.9299999999999999,0.88,0.5900000000000001,0.38744999999999996,0.22915,1.0,1.0,1.0,1.0,0,0.909,0.085,1.0,0.96,0.0,1.0,0.0,0.0,-0.0462205901241629,-0.0373887972935103,-0.015506282572699,-0.0013991051403574,-0.0204315458711702,0.0016043773112271,-0.0569335310442786,-0.000107338379023,-0.0359395648839497,0.7090571097581612,0.2729615503545241,0.1575701007589351,0.2629546857231578,-0.0261309240404108,0.9534650400560316,0.2021797185733939,-0.0526125055429121,-0.0622182866552789,-0.0463558093590664,-0.017043407867353,-0.0109651239879552,-0.0199219109278927,-0.1007586588901707,-0.0460554000109262,1
Zm00001d010274,0.0,III,0.554433,0.46,4.243167241190477,0.1892987634467877,0.0351,0.1149,0.3057,194304.0,30372.0,11.5034,0.56,0.01,0.01,0.0,0.45499999999999996,0.665,0.0,0.82,0.74,0.44,0.14215,0.0532,1.0,1.0,1.0,1.0,1659,0.39599999999999985,0.0,1.0,0.0,0.0,0.0,1.0,0.0,0.0442211803907351,0.0489512682281204,-0.045855517277334,0.0298719880659986,0.1078389938827991,-0.0158969501936265,-0.0502103096972358,0.0153493660449642,0.2425364037696419,0.6378251516387313,0.2910313770366907,0.2160069737653411,0.5895004717394388,-0.0143953806192442,0.7430024252246088,0.3056002310268534,-0.0911433504881866,-0.1153773396590417,-0.0676923223844096,-0.0555676180841188,0.0036798050524574,-0.0435186143213074,-0.1226368432400017,-0.0604569913919486,1
Zm00001d010239,0.0,III,0.64988,0.5,0.2601821918702452,0.830731201045799,0.0548,0.1502,0.365,37385.0,169644.0,8.6407,0.77,0.095,0.015,0.0,0.475,0.195,0.0,0.775,0.475,0.0,0.4719,0.2595,1.0,1.0,1.0,1.0,0,0.8290000000000001,0.04300000000000001,1.0,0.86,1.0,0.0,0.0,0.0,0.4465346163996219,-0.0162748274534702,-0.0696192527660858,0.0199722898617473,0.0724189866422891,0.9861286163330302,-0.0930792476920651,0.0321725397990386,0.5893384155680783,0.1864004365036017,0.5243744851690925,0.1405259323934891,0.2939141345051562,1.034663927519375,-0.0599609071853584,0.2102467352282097,0.0755393793412269,-0.0032420148514463,0.0176611178923988,0.0162597008539452,0.0349436301815328,0.1573533285857242,-0.0224385622110464,0.0110793455130635,1
Zm00001d010241,0.0,III,0.516461,0.38,4.026776169345887,0.2269466544003573,0.0083,0.1098,0.0757,73233.0,86373.0,8.6407,0.77,0.025,0.015,0.01,0.375,0.46499999999999997,0.035,0.395,0.62,0.665,0.34255,0.20765,0.91665,1.0,1.0,1.0,0,0.1625,0.0,1.0,0.0,0.0,1.0,0.0,0.0,-0.0166510579469814,-0.0059986421925351,-0.0030952212012233,-0.0045284112464383,-0.0175705487511819,-0.0137789818088403,-0.0191073701731016,-0.0094500930033673,-0.0597564383766425,1.008415275168793,0.3394504108577131,0.1603581630209137,0.3299464374235685,-0.0880749881533849,1.4645905597303777,0.1690120430929015,0.0022395685297061,-0.0804450033386368,0.1989628366960127,0.0450105294707677,0.1744981985064749,-0.0416347808414023,-0.0437798110355741,0.190944099570441,1
Zm00001d010243,0.0,III,0.512402,0.54,4.807114702155061,0.178211518120467,0.0292,0.098,0.2976,45.0,160157.0,27.813,0.76,0.05,0.015,0.005,0.73,0.62,0.02,0.83,0.84,0.605,0.4861,0.2037,1.0,1.0,1.0,1.0,0,0.7205000000000001,0.1825,1.0,1.0,0.0,1.0,0.0,0.0,-0.0795072388501334,-0.0216085889618476,-0.0418161570939444,-0.0659521638096401,-0.0123453853976735,-0.0034455670864266,-0.0838869244858333,-0.0514963571818996,-0.0816049383182544,0.940259633184818,0.520152193930187,0.2682801449092221,0.4757075122364873,0.0164818082070487,1.3804045380215568,0.17794521935144,-0.0421639894360219,-0.0534124926120005,-0.0314904333986807,-0.0081304661848429,0.0231448463265733,0.0175446337875919,-0.0736538332384148,-0.0300271330965134,1
Zm00001d010236,0.0,III,0.551622,0.45,5.948662210668991,0.2416196571767832,0.0078,0.1906,0.0411,87586.0,119074.0,8.6407,0.77,0.06,0.08,0.005,0.79,0.24000000000000002,0.05,0.85,0.365,0.525,0.6369,0.48719999999999997,1.0,0.96425,1.0,1.0,2570,0.5775,0.0,1.0,0.0,0.0,0.0,1.0,0.0,0.3053526820651654,-0.0090299064816181,-0.0402418193373962,0.082270053270493,0.2427489086868256,-0.0568737912857746,-0.0929909042621168,0.1043804752875406,-0.0067018762581126,0.5340211790497055,0.7994005915169432,0.3481884266852003,0.5694389605429443,-0.0487186903332453,1.1635930449461491,0.3532044088196367,-0.0008809200149635,-0.0275838295744376,0.0202033918827557,0.0238059796780115,0.0334124442299332,0.0002486498636078,-0.0045977812075446,0.0409372060013274,1
Zm00001d010230,0.0,III,0.468491,0.64,3.599446198003276,0.2904031107297816,0.0121,0.1097,0.1101,61.0,4182.0,18.2005,0.74,0.025,0.06,0.0,0.8049999999999999,0.31,0.06,0.88,0.54,0.8,0.2847,0.57915,1.0,1.0,1.0,1.0,2897,0.1515,0.04245,1.0,0.85,0.0,0.0,1.0,0.0,0.2969406987967063,-0.0762410780001368,-0.0873079897740825,-0.0171696971581505,0.099082694214085,0.2183084297260772,-0.1077422056884038,0.0145389353410016,0.0376806888711714,0.7666483164925169,0.545611521792366,0.2877672449768876,0.4946190561715234,0.0160832045794028,1.2181634173414806,0.4308517994317218,-0.034351319300432,-0.0684247502949313,-0.0475777907123614,-0.0340818958002824,-0.0287222712420708,-0.0310818566145148,-0.0673660188907494,-0.0325225756526557,1
Zm00001d010227,0.0,III,0.44843,0.59,5.464696207583196,0.2033112238726618,0.0617,0.1728,0.357,80.0,97168.0,51.7388,0.73,0.055,0.065,0.015,0.79,0.49,0.045,0.875,0.52,0.47,0.35,0.26034999999999997,1.0,0.90175,1.0,1.0,0,0.0345,0.038000000000000006,0.69,1.0,1.0,0.0,0.0,0.0,0.0284385373465141,0.0083655807638711,0.0884683010373591,-0.0051498922958981,0.0374076529298944,0.064665628828753,-0.0533084696167023,0.0345826412080823,-0.0425183840170024,0.5193414647906162,0.7589361112403743,0.3341914506550816,0.5304996130696908,-0.0203911495126771,1.0697037226742938,0.2234261544243324,-0.0895725422347521,-0.1079731998034585,-0.1011268699931044,-0.0497700909522148,-0.0293176499362157,-0.0189277101907144,-0.1162376666552507,-0.0505205121043772,1
Zm00001d010213,0.0,III,0.446181,0.54,3.583561050428994,0.1801404712125693,0.0465,0.1331,0.3492,40.0,64781.0,66.1576,0.65,0.07500000000000001,0.05500000000000001,0.0,0.8049999999999999,0.8200000000000001,0.015,0.85,0.9450000000000001,0.39,0.70835,0.37384999999999996,1.0,1.0,1.0,1.0,9353,0.7675,0.8115000000000001,1.0,1.0,0.0,1.0,0.0,0.0,-0.0748155453517772,-0.0911501335546477,-0.0934046119944279,-0.022506322270931,-0.0964020065626603,-0.0475959160936344,-0.1113176743891671,-0.0652424033588501,0.0048669471256057,0.4325469622973127,0.7382605769675148,0.4053132024823934,0.6317958565839105,-0.0219561122119669,1.02188595575516,0.5358831330593923,-0.05590048239464,-0.0641361494118215,0.022012487054917,0.0030509926119349,0.0830030555019629,-0.038404235077103,-0.0496213469759722,0.0481146505126008,1
Zm00001d010211,0.0,III,0.712692,0.42,2.8332841694170803,0.4108976232925455,0.0235,0.2302,0.1021,56.0,230.0,77.5557,0.62,0.08,0.065,0.01,0.76,0.385,0.0,0.86,0.515,0.0,0.5565,0.2312,1.0,0.925,1.0,1.0,212,0.6809999999999996,0.14214999999999997,1.0,1.0,0.0,1.0,0.0,0.0,0.0281215281694673,-0.083284688097403,-0.0717107857677648,-0.0247959539185755,0.0830055232258316,-0.0490761551987444,-0.1270589532700712,-0.0051020640345763,0.296118907123053,0.0335263111909783,0.66989272500871,0.4740951735599187,0.9120680283717256,0.0106243518626933,-0.003774044310805,0.553545459740669,-0.0020963411341069,-0.0456794965299375,0.0086749285150574,-0.0068846820667179,0.0285041765799013,0.0212191677391119,-0.0495231582924328,0.0042168091005761,1
Zm00001d010207,0.0,III,0.466368,0.59,0.6288457106236506,0.4949526485699368,0.1941,0.1459,1.3308,100961.0,2588.0,15.3378,0.62,0.055,0.0,0.015,0.81,0.005,0.42500000000000004,0.895,0.045,0.76,0.49165000000000003,0.0625,1.0,0.0625,1.0,0.7,0,0.7991999999999999,0.0755,1.0,1.0,0.0,1.0,0.0,0.0,0.1418638330341663,0.1472930746412883,1.404317540937165,0.3563889796505574,0.7181736149193972,-0.041515876810117,1.0549501477329075,0.3471587481541713,0.08184910997571,1.1320410532299776,0.2839834835729318,0.0243305652665097,0.1793955407753972,-0.0663397751213252,1.2636840563020542,0.0658830303819066,-0.0379181814274572,-0.0588474312343743,-0.0073467498232437,-0.0004838438633935,-0.022764663919325,-0.0309354873347927,-0.0624603070990793,0.0105446762661954,1
Zm00001d010206,0.0,III,0.516975,0.55,2.801712688186122,0.3928938019524077,0.0139,0.1161,0.1201,76.0,110317.0,15.3378,0.62,0.035,0.015,0.0,0.655,0.41500000000000004,0.005,0.73,0.825,0.16499999999999998,0.3333,0.185,1.0,1.0,1.0,1.0,0,0.23399999999999996,0.1715,1.0,1.0,1.0,0.0,0.0,0.0,-0.0689490329754782,0.7910248354698917,0.0372829667270859,-0.0172787052913632,-0.0739886929959399,-0.0214125367683179,0.8265767937953623,-0.0872633379725677,0.1798247165301051,0.272114379910532,1.237645830437218,0.4398927003594339,0.9188387902029866,-0.0120470122277645,1.0531385497607308,0.5631692074862114,-0.1040298320930013,-0.1305519247205592,-0.0851866530353208,-0.0592290560712663,0.0233399246479876,-0.0708680289713916,-0.1255998226092955,-0.0719650693135483,1
Zm00001d010205,0.0,III,0.644444,0.44,0.0404484124955168,0.8162603516288207,0.2163,0.1255,1.7243,24929.0,48565.0,8.58804,0.64,0.015,0.01,0.005,0.575,0.78,0.7949999999999999,0.86,0.87,0.955,0.15,0.08024999999999999,1.0,1.0,1.0,1.0,25,0.965,0.09799999999999999,1.0,1.0,0.0,0.0,1.0,0.0,-0.0709676790161365,-0.0952598911982374,-0.07432400659311,-0.0406220871341102,-0.0814435697553975,-0.0742766648552667,-0.1217265940549879,-0.0888109842881534,-0.0282885258667331,-0.0342535103505355,-0.0385772094644122,0.0233764389841654,-0.0181190747246284,0.0293731314930859,-0.0560481968994071,-0.0100411708202596,-0.0241928068890332,-0.0724685124625812,-0.0551529737423675,-0.0386940502477654,-0.0321000987225688,-0.0148065862460316,-0.0769474406954116,-0.0269838194064478,1
Zm00001d010202,0.0,III,0.616872,0.65,1.988747555118435,0.4223268291777161,0.0136,0.2315,0.0587,489.0,21205.0,50.7671,0.66,0.07,0.01,0.0,0.775,0.5,0.025,0.845,0.67,0.9550000000000001,0.40275,0.2167,1.0,1.0,1.0,1.0,2383,0.445,0.064,1.0,1.0,0.0,0.0,1.0,0.0,-0.0345445750145499,-0.0374243851289906,-0.0285492212161383,-0.0085364748716629,-0.0339842558085431,-0.022145435147186,-0.057764748208319,-0.0280575468886284,0.1603337049042575,0.3751904853302409,0.5882926502605514,0.3205263094978113,0.5063184683259625,-0.0074208250790544,0.5190956572429879,0.45088369541017,-0.0122529905983715,-0.0426126830743436,-0.0197045252576599,0.0587821545832927,0.078562840728214,-0.008500185967747,-0.0411166583294471,0.0446570772767796,1
Zm00001d010199,0.0,III,0.464859,0.55,2.7407588537722045,0.2881495425936578,0.038,0.1215,0.3125,113813.0,195785.0,9.10026,0.7,0.09,0.005,0.0,0.765,0.03,0.015,0.875,0.6100000000000001,0.605,0.66945,0.07885,1.0,0.34025,1.0,1.0,2317,0.1391,0.0768,1.0,1.0,0.0,0.0,1.0,0.0,0.0289115262649253,0.4955204246757279,0.027945427007252,0.0305029380680628,0.1563644361032578,-0.0057453789842827,0.6873809693594234,0.0393284016552747,0.0501715186523277,0.7759179315073277,0.1835151231495356,0.1661329116891797,0.4794625894180432,-0.0879348855392843,1.1516324149526835,0.4042940826939158,-0.0030827092750742,-0.0418522734160744,0.0244964309671856,0.0803473513629837,0.1236987226432701,-0.0053268534253249,-0.0512139703765641,0.0497726954480508,1
Zm00001d010191,0.0,III,0.479501,0.45,2.702565215196048,0.2811597962876387,0.0348,0.1685,0.2068,10627.0,29974.0,7.66892,0.72,0.015,0.025,0.0,0.2,0.12,0.0,0.565,0.46499999999999997,0.01,0.38095,0.3583,1.0,0.8167,1.0,1.0,0,0.16099999999999998,0.23500000000000007,1.0,1.0,1.0,0.0,0.0,0.0,-0.0232917679332066,0.1785387193026177,-0.0964080179808921,-0.0695895823186465,0.0229048224513755,-0.0878808779514051,0.0888866666396076,-0.0342498764235968,-0.0229707374262379,0.2459440036555785,-0.0018646291178531,0.0316567896824042,0.1616993440245227,-0.0194684676518842,0.3576075196407932,-0.0296202724716084,0.0665942735453549,0.3666509607013631,0.9440624394193906,0.5040570911119274,0.8496260972437385,-0.0620695276025798,1.1816880516712855,0.7772044758282174,1
Zm00001d010189,0.0,III,0.571821,0.57,2.7648383702636896,0.3839788047958636,0.0329,0.2222,0.1481,55.0,38793.0,10.072,0.72,0.005,0.08,0.0,0.44,0.63,0.005,0.605,0.765,0.525,0.09614999999999999,0.5099,1.0,1.0,1.0,1.0,3336,0.0,0.6382,0.0,1.0,0.0,0.0,1.0,0.0,-0.0606238874392622,-0.0804872682906907,-0.0717418991027842,-0.0041286740015298,-0.0290974353283857,-0.0555373465074162,-0.105461850583533,-0.0654198716873097,0.1547689615362508,0.4909495043626484,0.8790382282389311,0.4733617015114489,0.8000918012112335,0.0339434739850351,0.9563671921367346,0.7733557669629234,0.1207746510135962,-0.1006014051613648,-0.0326180239390061,0.02338727732844,0.1434487741993754,0.0053901824440198,-0.0652448630652828,0.0429501378780376,1
Zm00001d010174,0.0,III,0.469697,0.65,3.2739669890036343,0.3947109540712395,0.0809,0.1719,0.471,51805.0,122287.0,10.072,0.63,0.07,0.025,0.005,0.525,0.775,0.16,0.52,0.955,0.675,0.45835000000000004,0.16845,1.0,1.0,1.0,1.0,0,0.5954999999999999,0.19700000000000004,1.0,1.0,1.0,0.0,0.0,0.0,-0.038137159074253,-0.1056676813639435,-0.0944957355311717,-0.050693150079709,-0.047596817871244,-0.0455940457066244,-0.0998682431649453,-0.0481080912083905,0.1646001233820948,0.886790388068144,0.2468126360673432,0.0835175831343425,0.3295538325842367,-0.052226269221023,0.977109620726228,0.1999873737273639,-0.0245213700034503,-0.1075742492198265,-0.0801265481401199,-0.078256987503445,0.0075650350783666,-0.0541103577547545,-0.1259894791843397,-0.057646739930382,1
Zm00001d010168,0.0,III,0.656821,0.658824,1.0154458632256411,0.4843786786943796,0.1193,0.2583,0.4618,313885.0,132231.0,13.4469,0.59,0.035,0.015,0.0,0.535,0.155,0.01,0.675,0.59,0.0,0.27325,0.24935000000000002,1.0,0.96875,1.0,1.0,0,0.5205,0.142,1.0,1.0,1.0,0.0,0.0,0.0,-0.0325815051002368,-0.0919969964474775,-0.0854023683198824,-0.0250585813245055,-0.0229591732148106,-0.0329979386513272,-0.1229132288389346,-0.0540887262908077,0.1911527858597677,0.1817326545864069,0.5800730984633102,0.1205986363432935,0.3670120349513219,0.0257059417088587,0.3107966248068149,0.3434378310724179,0.0346932506788337,-0.0549029610037569,0.1449926008744858,0.0609861127333618,0.2899648486634785,-0.0282746345694531,-0.0338509425953834,0.3116717987968592,1
Zm00001d010163,0.0,III,0.710027,0.58,0.0,,0.0657,0.3094,0.2122,76959.0,369978.0,8.6407,0.6,0.035,0.015,0.0,0.385,0.8200000000000001,0.92,0.745,0.94,0.94,0.43335,0.14579999999999999,0.975,1.0,1.0,1.0,106,0.19699999999999998,0.9919,1.0,1.0,0.0,0.0,1.0,0.0,-0.0077615180924789,-0.0182256444433965,-0.0228277198552791,-0.0080425266901114,-0.0128064995796416,-0.0066881505758971,-0.0209322582919936,-0.0106417242012633,0.0037371115001024,0.0108852649645551,-0.0045505814552654,-0.0045505814552654,-0.0045505814552654,0.0043339113077676,-0.0045505814552654,0.0030063719684193,-0.0279302514651063,-0.0308424151962031,-0.0169749039270226,0.031121087316204,0.0450221148938014,-0.0169810047498711,-0.0230507231825876,0.0813103938633426,1
Zm00001d010144,0.0,III,0.679577,0.51,0.0549581463714461,0.8985638295289288,0.1315,0.1282,1.0253,286678.0,476051.0,27.813,0.62,0.07,0.035,0.0,0.355,0.37,0.0,0.5800000000000001,0.42000000000000004,0.005,0.64445,0.32105,0.96875,1.0,1.0,1.0,4965,0.309,0.2505,1.0,1.0,0.0,0.0,1.0,0.0,-0.0328920972586084,-0.0530671265355831,-0.0513753995526366,0.0202249097117794,-0.0268386764299606,0.0958871467032848,-0.0815588589171011,-0.0410185600112839,0.2355053448523843,0.0856659813251783,0.2296268391960456,0.06224427657018,0.1156888593103946,0.6147482210330957,-0.026450521355763,0.095363807103011,0.3049615587000999,-0.0652859242494287,-0.0460460717104495,0.007150241934437,0.0753672948908214,0.7905715935226131,-0.1292884969184033,-0.0546090936284892,1
Zm00001d010141,0.0,III,0.492465,0.28,2.323411407486426,0.3867045383255116,0.0233,0.1113,0.2089,199497.0,557711.0,27.813,0.62,0.03,0.02,0.0,0.85,0.64,0.07500000000000001,0.925,0.675,0.55,0.25,0.3002,1.0,1.0,1.0,1.0,1996,0.0,0.1698,0.0,1.0,0.0,0.0,1.0,0.0,0.0058513954528477,0.0084904644448532,0.005442046929879,0.0115480422198162,0.0048643572179533,0.0025342208326979,0.0007737021218359,0.0074158729344767,0.0715325197966196,0.8888868493832064,0.3765620196463466,0.0988088029478375,0.3427483808759194,-0.0636015663117152,1.1835966622423502,0.2733240053404297,-0.0737751681839411,-0.0983229989349737,-0.0681571964065388,0.0031934357229375,-0.0614512873834726,-0.0445119027408659,-0.1081552300531546,-0.0190751905855154,1
Zm00001d010131,0.0,III,0.650633,0.65,0.2683420885791833,0.9124127404200284,0.107,0.097,1.1025,229957.0,239489.0,20.6036,0.62,0.035,0.045,0.065,0.75,0.75,0.13,0.9099999999999999,0.9,0.225,0.432,0.46430000000000005,1.0,1.0,1.0,1.0,2441,0.665,0.4895999999999999,1.0,1.0,0.0,0.0,1.0,0.0,0.0183909243178447,-0.0452924820881335,-0.0469544849561915,0.0070213933658653,-0.0088162302619599,0.1317974704272107,-0.0675974533047414,0.0062115220990269,0.7011392618695388,0.0892211675112512,0.283536336700161,0.0693769819475856,0.2793558387820719,0.4776277595890494,-0.1108596812975959,0.0832114540471347,0.0781701704811329,-0.0222066806348806,-0.0233731150115054,0.0655539142633292,0.1104127251186285,0.0750087412496948,-0.0997387882304103,-0.019043164250381,1
Zm00001d010127,0.0,III,0.472222,0.305882,0.0,,0.0487,0.1749,0.2784,14709.0,87821.0,4.80624,0.61,0.015,0.025,0.03,0.78,0.595,0.415,0.88,0.79,0.585,0.18745,0.1989,1.0,1.0,1.0,1.0,1539,0.8114999999999997,0.5145000000000001,1.0,1.0,0.0,0.0,1.0,0.0,-0.0271702783268364,-0.0422086734403669,-0.0389541858534919,-0.0059208254299227,-0.0340615204495172,0.0052225373784739,-0.0421772044983738,-0.0328291906766189,0.3688132485666721,0.0691523313873111,-0.043141112293555,0.0571647896287656,0.1830334502516085,0.0078733401818262,-0.1589150750705731,0.1178198789040096,-0.0217422699916983,-0.0446244988918562,-0.0043484777515253,0.021996243354085,-0.0192736136780832,-0.0050963688688571,-0.0586007145991465,0.0059526617103851,1
Zm00001d010082,0.0,III,0.545,0.66,3.4441498940019684,0.2433619354883137,0.0238,0.1635,0.1455,2.0,227.0,30.1634,0.53,0.025,0.06,0.005,0.615,0.785,0.01,0.785,0.9,0.48,0.29585,0.40105,1.0,1.0,1.0,1.0,706,0.6145,0.7275000000000003,1.0,1.0,0.0,0.0,1.0,0.0,-0.0637922969420782,-0.0630322941593102,-0.0581502665618966,-0.043313315787848,-0.0637504833947464,-0.0556639059625865,-0.0781472452854711,-0.0576079938536902,0.0840388196134658,0.5056058868605458,0.6802647966024242,0.4005145140238085,0.8047358016005003,-0.037037876440808,0.8861964527683999,0.5222787014063722,-0.0240596420264999,-0.0927130465925021,-0.0585991191315244,-0.0044976087638972,0.0651914739661864,-0.0598522854892311,-0.0962156452790369,-0.0302966983290887,1
Zm00001d010087,0.0,III,0.686111,0.65,0.0458524905932839,0.9174799677441248,0.0624,0.4684,0.1333,46905.0,120848.0,18.2005,0.54,0.01,0.14,0.03,0.565,0.22,0.745,0.7949999999999999,0.35,0.9299999999999999,0.1018,0.8187500000000001,1.0,0.96665,1.0,1.0,0,0.0,0.115,0.0,1.0,0.0,0.0,1.0,0.0,0.2646016372899251,-0.0191785388462598,0.2077410067356488,0.3722075519850952,0.9725650824156744,-0.0364387998673849,-0.0769434247314971,0.8100199872848624,-0.0356933140772783,-0.0322362720690036,-0.0091792636726595,0.012628344328076,0.0518556470935164,-0.0241855122208394,-0.0973446419587978,0.0436030842315194,0.021315445260719,-0.0756429027499709,0.1920632782790263,0.2213584022373214,0.4355774174202141,-0.062856717346657,-0.112324629848531,0.4402519332848753,1
Zm00001d010115,0.0,III,0.561573,0.57,1.8785640972975977,0.4723708672701023,0.0347,0.1501,0.2308,583653.0,268373.0,12.4752,0.59,0.060000000000000005,0.01,0.0,0.785,0.49,0.005,0.895,0.825,0.625,0.62915,0.1972,1.0,1.0,1.0,1.0,0,0.9209999999999999,0.1875,1.0,1.0,1.0,0.0,0.0,0.0,-0.0768645089418091,-0.0827707995208333,-0.1107192856886705,-0.058937981274651,-0.0143634332172547,-0.064475502902671,-0.117918106415548,-0.0363268573130107,0.3692635432778939,0.5955017158732306,0.3273296277234001,0.1733183130995513,0.3164522121948082,-0.0080349124032338,0.4734598848563885,0.2203294102731634,-0.0176948650364774,-0.0673292863359432,-0.0370354614767949,0.0161360291218866,0.0619828394040708,-0.0095237406789845,-0.0730284811903826,0.0106069425730642,1
Zm00001d010066,0.0,III,0.725543,0.51,2.1555112188197056,0.499937709504812,0.0508,0.4152,0.1224,16.0,960.0,13.4469,0.48,0.025,0.06,0.0,0.63,0.08499999999999999,0.0,0.625,0.14,0.0,0.52775,0.6354,1.0,0.4722,1.0,0.7566999999999999,605,0.10000000000000002,0.054000000000000006,1.0,1.0,1.0,0.0,0.0,0.0,0.6856421266060894,0.047395735297676,-0.0008365404935641,0.0553318576387024,0.2436867012531287,0.0125649446611865,-0.1130284940822767,0.100822609135875,0.3030907399507265,0.0171955106115485,0.6820312082258221,0.1112474716071927,0.2324228788140709,0.0445708014058775,0.0251894416208942,0.193109699556169,0.0381226315717065,-0.0155418609546269,0.0149179863003871,0.0353030301837078,0.0587605153738774,0.0083511298484528,-0.016164067989342,-0.0025170482569317,1
Zm00001d010063,0.0,III,0.492355,0.252941,0.0,,0.1,0.1329,0.7526,70548.0,612.0,27.7603,0.47,0.015,0.04,0.005,0.76,0.45499999999999996,0.305,0.88,0.6699999999999999,0.58,0.14584999999999998,0.45555,1.0,1.0,1.0,1.0,2473,0.036500000000000005,0.185,0.73,1.0,0.0,0.0,1.0,0.0,0.033712479364695,-0.0515249419835347,-0.0456857235073138,0.0145513393674795,0.0262855640574326,-0.0005158190549692,-0.0864905013421174,-0.0089867190812042,0.2018605843689096,0.1369348484349268,0.0064736473832429,0.0263008964359344,0.1636717169400016,-0.0107053158310429,-0.0735521918702248,0.0904667004550608,-0.0311465617875548,-0.0439352324940814,-0.0427104516338478,-0.016821634984868,-0.0415198257759248,-0.0492796390178849,-0.0595262369356128,-0.0404874704760579,1
Zm00001d010061,0.0,III,0.571776,0.51,2.4812250434865075,0.5812496095084585,0.0797,0.1195,0.6672,4723.0,92.0,27.3008,0.46,0.01,0.04,0.0,0.5449999999999999,0.5900000000000001,0.015,0.77,0.6950000000000001,0.135,0.0569,0.37685,1.0,1.0,1.0,1.0,741,0.19149999999999995,0.6509999999999999,1.0,1.0,1.0,0.0,0.0,0.0,-0.0445388380971199,-0.0388336894297031,-0.0291280742597023,-0.0230248101043673,-0.0494527249688929,-0.029235435518016,-0.0605732325422648,-0.0335798129719895,0.4683930381743586,0.3152580923832198,0.5677870128246643,0.2529270224433061,0.4925588619788483,0.0011007813768027,0.2872597245558631,0.2761422488193538,0.0497047936367788,-0.0308250551829942,0.0055569001573956,0.0688151465993177,0.100596188486948,0.0260515946740537,-0.0446035899011864,0.0203771537076111,1
Zm00001d010060,0.0,III,0.636469,0.66,0.8525038899301175,0.7090270134331107,0.0377,0.2773,0.1358,318.0,42495.0,17.741,0.43,0.02,0.025,0.0,0.75,0.595,0.02,0.875,0.72,0.4,0.2112,0.35645,1.0,1.0,1.0,1.0,5881,0.0,0.4765,0.0,1.0,0.0,0.0,1.0,0.0,0.2624642395170285,0.0138101218794383,-0.037570588755523,-0.0140109565429454,0.0304500441342585,0.752616825441944,-0.1217243549629655,-0.0245131310082845,0.7034951554496232,0.2268473792593825,0.4027146252023655,0.1322625039208617,0.1951616799527005,1.233133947985695,0.035821136705214,0.2169511397062253,0.032069657820448,-0.084321678320771,0.0548924687336183,-2.23729160300036e-05,0.0362248008000454,0.502920964048291,-0.1263893972695394,0.0304957684170036,1
Zm00001d010056,0.0,III,0.439532,0.57,6.063071245665424,0.2695421199741385,0.0316,0.285,0.1108,64537.0,6146.0,16.7692,0.43,0.02,0.08499999999999999,0.01,0.735,0.455,0.055,0.805,0.56,0.67,0.19144999999999998,0.7321500000000001,1.0,1.0,1.0,1.0,0,0.5619999999999998,0.0,1.0,0.0,0.0,1.0,0.0,0.0,-0.0441389517491144,-0.0197093186067584,-0.0269748466710412,-0.0228946323206158,-0.0295411212780417,0.025734662639494,-0.0398726668777103,-0.0353104588147446,0.1633091021364663,1.2106058134250903,0.4847997748126675,0.1455322793789929,0.3571672731182593,-0.0302635385826501,1.8473527540929653,0.1105990907210914,-0.0754285000687867,-0.0862504548885743,-0.0613493485849921,-0.0535002106220986,0.0042830187019089,-0.0412065686761308,-0.0759541906048039,-0.0189058626322836,1
Zm00001d010520,0.0,III,0.714763,0.66,0.7196081109961767,0.8875730615726998,0.0348,0.4313,0.0807,725894.0,344620.0,20.1441,1.14,0.02,0.025,0.0,0.6799999999999999,0.665,0.0,0.78,0.88,0.0,0.16665000000000002,0.25455,1.0,1.0,1.0,1.0,0,0.26850000000000007,0.895,1.0,1.0,1.0,0.0,0.0,0.0,-0.0891138796080664,-0.1057483610098683,-0.0588190159924464,-0.063796883602317,-0.0739712870820987,-0.0467591311716585,-0.1216839524802682,-0.0628208406281592,0.2585567073344693,0.1062886986939555,0.2682005685889583,0.0655639558018034,0.1117248827108024,0.2368176177814948,-0.0404494453213647,0.1208692621856972,0.1765919093507799,0.0028370326140739,0.0223216231484321,0.0263996298286531,0.0697620211442412,0.0771259441203065,-0.0887525803812948,-0.0098997684158561,1
Zm00001d010526,0.0,III,0.493197,0.56,0.8792179356167148,0.5871974802577494,0.0509,0.1793,0.284,1011164.0,44428.0,20.1441,1.18,0.0,0.035,0.005,0.005,0.62,0.33999999999999997,0.405,0.845,0.75,0.07205,0.28575,0.175,1.0,1.0,1.0,0,0.024,0.758,0.48,1.0,0.0,1.0,0.0,0.0,-0.0446833458067689,-0.0666008938365033,-0.0430424685924712,-0.0482967859583121,-0.0432936220294337,-0.0329367966757275,-0.0750742313745197,-0.0244669828021553,0.3122529640983075,1.321594738058065,0.1882317945336255,0.0430022064853913,0.4034172266136283,-0.0525034203089108,1.1298717779301746,0.2995943468527337,0.4300981328304217,0.3131817582097238,0.0139498836575633,-0.0277158875110258,0.094278007832955,-0.0474539371148683,0.3261163982076576,0.0641340059872556,1
Zm00001d010528,0.0,III,0.568452,0.49,8.25463452980368,0.1643904303173812,0.0164,0.0751,0.2187,36.0,84711.0,12.9347,1.18,0.075,0.07,0.0,0.495,0.7250000000000001,0.01,0.7749999999999999,0.825,0.03,0.39815,0.58655,0.9198999999999999,1.0,1.0,1.0,90,0.4749999999999999,0.7816500000000004,1.0,1.0,1.0,0.0,0.0,0.0,-0.0739792026769184,-0.0916378448764415,-0.105229753978961,-0.0389859915915931,-0.0854467209222754,-0.0163972227539497,-0.1160296159607133,-0.0638960373110593,0.0879290692384042,0.161267823296926,1.4195858400033583,0.2435844522561834,0.4898368987346352,-0.0334304775253951,1.1417689524832264,0.1937939844476791,0.1000797683615795,-0.0437078777611418,0.040323300376407,0.0262687041886168,0.167027589251649,-0.0105667433104661,-0.0370590389336113,0.0785969311906483,1
Zm00001d010530,0.0,III,0.447805,0.582353,4.515235000116337,0.2914918760613331,0.0223,0.1214,0.1836,7.0,134058.0,9.55982,1.18,0.0,0.04,0.0,0.0,0.78,0.0,0.0,0.865,0.56,0.0,0.31875,0.0,1.0,0.0,1.0,3592,0.1545,0.6664999999999996,1.0,1.0,0.0,0.0,1.0,0.0,-0.0755302290829696,-0.1137076554364432,-0.0902856863204975,-0.0791394829444712,-0.1095594080650732,-0.0722731289593365,-0.1347528236089055,-0.0978923120332177,-0.0464345933226606,0.8173332127462551,0.4790182853035055,0.154049352262483,0.3723604740290778,-0.0311632575470641,1.3477958012604994,0.2323511901109248,0.7168806827885832,0.2847275397139296,0.897028242557022,0.1792449876861984,0.5234960482679452,0.0424956810232553,0.3220537595748125,0.4790250319404266,1
Zm00001d010534,0.0,III,0.488796,0.36,7.298901694085084,0.2063627830599186,0.0405,0.1716,0.2361,28691.0,104299.0,36.4011,1.18,0.05500000000000001,0.035,0.0,0.74,0.6499999999999999,0.02,0.87,0.8300000000000001,0.615,0.7454000000000001,0.21945,1.0,1.0,1.0,1.0,0,0.5065,0.5755,1.0,1.0,0.0,0.0,1.0,0.0,-0.0649391055013156,-0.0622623838237158,-0.0548133336913446,-0.0225637798007217,-0.0425834155482843,0.0152680084543942,-0.0793108473133137,-0.0439650996696865,0.103319886332396,0.8727641469935088,0.479005618751983,0.229833084524321,0.4451745225291151,0.0281604998411155,1.2907817437827227,0.3611803445050573,-0.0809099464275963,-0.0845403782409322,0.0348633163540208,0.018205723586348,0.0856218938646636,-0.0076323602745394,-0.0560220114944867,0.0956587304956231,1
Zm00001d010537,0.0,III,0.467354,0.6,5.268104055269513,0.1892461825887861,0.0137,0.1093,0.1255,105.0,135793.0,17.741,1.18,0.125,0.01,0.0,0.365,0.1,0.0,0.525,0.2,0.045000000000000005,0.78135,0.2159,0.9722500000000001,1.0,1.0,1.0,9269,0.5365,0.12550000000000003,1.0,1.0,0.0,0.0,1.0,0.0,0.1799810227860584,-0.0177413697971691,-0.0061840468829269,-0.0079079341154145,0.1439430460935443,-0.0601642241352305,-0.0311254284156015,0.0844854032366305,0.1596852459315796,0.3926998755197998,0.8441967967639142,0.405919144997026,0.7646860176345399,-0.0076384358406521,1.0736858292511045,0.6255628183252324,0.0392415368982297,-0.1098430997313544,-0.0049555223323421,-0.0177221038073656,0.0359930334005882,-0.0603333954692423,-0.081822383181784,0.030808590192242,1
Zm00001d010538,0.0,III,0.486111,0.53,6.481109425673992,0.1952115379028071,0.0,0.1118,0.0,63.0,2961.0,8.12848,1.18,0.035,0.12000000000000001,0.0,0.445,0.365,0.0,0.625,0.56,0.515,0.42774999999999996,0.70415,0.96875,1.0,0.9773000000000001,1.0,2857,0.32,0.6174999999999996,1.0,1.0,0.0,0.0,1.0,0.0,0.0436428757833296,-0.0794605402528335,-0.092274963313545,-0.0343838714072648,0.0279790804971232,-0.0584359890791621,-0.0851165717568053,-0.0323850589210623,0.073584526236832,0.5762301870789212,0.5514319116000876,0.3438086726076258,0.6303703936227844,0.0140577406454352,1.121178375432212,0.3470957748828189,0.0702199406686763,-0.08114909115744,-0.0228916907658357,-0.0043871790279848,0.1436962994588916,-0.0421153291648141,-0.0943743310008183,0.0108530948110106,1
Zm00001d010546,0.0,III,0.438647,0.33,2.403949420647704,0.3377941215076878,0.0408,0.0964,0.4228,41536.0,2740.0,15.3378,1.13,0.04,0.0,0.0,0.785,0.0,0.045,0.92,0.0,0.745,0.425,0.03125,1.0,0.0,1.0,0.0,492,0.9958,0.0,1.0,0.0,0.0,0.0,1.0,0.0,0.3891526918994402,0.1144896970503179,0.1959484231900902,0.0324083411491978,0.1344876858418512,0.0499401062482385,-0.0628319479650686,0.1190638302260991,-0.1125629143112846,1.336145277214326,0.2526061739410004,0.0962387664679671,0.3923172595810598,-0.0316220747637095,1.844023972204279,0.1909676458548212,-0.0234671952799596,-0.0558131348288325,0.0214541709298511,0.0539231387342897,0.0622570708905254,-0.0269277406295302,-0.068222241885862,0.0326938982817038,1
Zm00001d010548,0.0,III,0.645833,0.59,0.0237056364814848,0.7829243012257021,0.0354,0.1994,0.1777,14433.0,44880.0,25.8694,1.12,0.075,0.01,0.2,0.735,0.755,0.395,0.86,0.89,0.5800000000000001,0.40285000000000004,0.08560000000000001,1.0,1.0,1.0,1.0,848,0.758,0.0355,1.0,0.71,1.0,0.0,0.0,0.0,-0.0681672076042552,-0.0772960691288897,-0.0643008329959901,-0.0324977115304278,-0.0564897976049056,-0.0408918487430518,-0.0909326772687214,-0.0612649909281865,0.4652448566719037,0.2011569197806395,0.4813425160213481,0.0741905271955827,0.2499131139569019,0.3803810282057383,-0.0771829961417751,0.1670763348859656,0.0892752533105507,-0.0575672862120556,-0.0405949903658469,-0.002927623927898,0.0209926740115717,0.117650479613556,-0.1162764362537764,-0.0453938613990222,1
Zm00001d010556,0.0,III,0.443547,0.43,2.899808984558861,0.3070321199966661,0.0861,0.1393,0.6184,109.0,138406.0,7.20936,1.1,0.035,0.02,0.0,0.7949999999999999,0.5900000000000001,0.01,0.9,0.755,0.675,0.2854,0.26485000000000003,1.0,1.0,1.0,1.0,0,0.04649999999999999,0.201,0.56,1.0,1.0,0.0,0.0,0.0,-0.086088549425192,-0.0950716365199777,-0.0922874287885394,-0.0760212639745009,-0.1017444533007477,-0.0428586974582062,-0.141097526711649,-0.0831975837598815,-0.1361642424918126,1.0148016979383012,0.4107183084061629,0.1200509207693759,0.2937662596693942,-0.0632943324345147,1.4618460762576508,0.1861281967826575,0.050725160622304,-0.0400383961206105,0.0096751666293421,0.0222525656818443,0.0534475040020714,-0.0003400846985583,-0.049146536441653,0.012628366609989,1
Zm00001d010574,0.0,III,0.558511,0.59,3.4823383991629853,0.2237205862400667,0.0234,0.1551,0.1509,11.0,16888.0,18.6601,0.94,0.035,0.0,0.005,0.725,0.11,0.08,0.69,0.215,0.815,0.322,0.08055000000000001,1.0,0.5774,1.0,1.0,0,0.1225,0.0965,1.0,1.0,1.0,0.0,0.0,0.0,-0.022392334745161,-0.0179613164133034,-0.0292733405761394,-0.0138691648638938,-0.0114113248217168,-0.0078124529956618,-0.0269868789873161,-0.0095152592279432,0.056283195243083,0.5013923502252873,0.98538726842042,0.2264395877449599,0.3903642934768888,0.0391883975646978,1.0790928349007345,0.2666553083122867,0.0119432094980225,-0.1030558935646843,-0.0404451783482241,-0.0602401234167459,0.0027372537568443,-0.0168549043145967,-0.1153440247722575,-0.020727689233633,1
Zm00001d010558,0.0,III,0.449341,0.7,0.2093598293534198,0.8427155954681144,0.0499,0.1272,0.3924,125802.0,15478.0,27.7603,1.06,0.03,0.02,0.005,0.45499999999999996,0.8500000000000001,0.245,0.5800000000000001,0.905,0.44999999999999996,0.19675,0.20834999999999998,1.0,1.0,1.0,1.0,1747,0.13215,0.0,1.0,0.0,0.0,0.0,1.0,0.0,-0.0418337068473586,-0.0589493235724825,-0.0712785754397663,-0.015854998125304,-0.0697515005398657,-0.0312034082249175,-0.0482166213351524,-0.033283183515468,0.551068531720187,0.5261081081592835,0.4182471832236839,0.1779685379136345,0.5614627503873986,-0.0193666217754344,0.0815832480359808,0.5026163641590398,0.2861585215104229,0.0306730803070953,0.1280061854732668,0.1770938969495062,0.4932346995581277,0.0316819744217298,-0.0664216358201904,0.3753565395097122,1
Zm00001d010584,0.0,III,0.687208,0.6,0.0585721744086486,0.9518940190108458,0.0629,0.3428,0.1836,100482.0,13297.0,19.1723,0.86,0.04,0.07500000000000001,0.0,0.675,0.405,0.0,0.745,0.59,0.0,0.55705,0.78335,1.0,1.0,1.0,1.0,4208,0.025999999999999995,0.06765,0.52,1.0,0.0,0.0,1.0,0.0,0.3619572382968375,-0.0226374218465927,-0.0580491060996198,-0.0208909795893897,0.0608047910537292,-0.0094630490623781,-0.1309707214423851,-0.0243017147648449,0.2759085552765153,0.0825845583032398,0.2393502240834805,0.0681317556045091,0.1081409908125879,0.0910914090186866,-0.017104813797018,0.0956476547072155,0.0830580229706093,-0.0588651843641866,-0.0464788977362603,-0.0264274907826304,0.0501856843118333,-0.0381356156427291,-0.1047148200942602,0.0087564962469043,1
Zm00001d010589,0.0,III,0.560194,0.694118,3.3395056676191133,0.251167854390092,0.0403,0.1146,0.3513,13731.0,1939.0,18.2005,0.87,0.04,0.05,0.0,0.74,0.055,0.0,0.89,0.07,0.79,0.3315,0.5548500000000001,1.0,0.7339500000000001,1.0,0.95,10896,0.5439500000000002,0.14300000000000002,1.0,1.0,0.0,0.0,1.0,0.0,0.4898211364606054,0.4624362392820185,0.0684236927935968,0.2849155999036086,0.6972182664402516,0.0327472139387356,0.4392025931521502,0.3723993237426194,0.0446503632521752,0.4875652948406607,0.7541068510821017,0.4238982133896287,0.6745494455998571,0.0550418189986382,1.0113946933061757,0.4293413124683733,-0.0561942757420646,-0.0717924898933351,0.1776029424178898,0.0404823247389644,0.1527384340526116,-0.0179858748346869,-0.0528804793578164,0.1323209252873965,1
Zm00001d010602,0.0,III,0.597788,0.65,3.804855130283489,0.2740715982053738,0.017,0.1526,0.1112,409.0,92671.0,49.3357,0.86,0.02,0.0,0.0,0.6799999999999999,0.0,0.0,0.73,0.27,0.31000000000000005,0.1965,0.0232,1.0,0.0625,1.0,1.0,1181,0.48450000000000004,0.0,1.0,0.0,0.0,0.0,1.0,0.0,-0.0204753895455169,0.5510858309341156,0.0105540115607411,-0.0266162228380534,0.0293722529089028,-0.0426474193938058,0.5659451051993764,-0.0373390184023473,0.1370759722128483,0.2638422626952734,1.0884245087204183,0.2733653810112437,0.4919547073850651,0.0319942031982955,0.6846984979911305,0.5267626607125211,-0.0052022143687462,-0.079072893102408,0.1360795417160884,0.0374617684542251,0.1792302152754838,0.0055087761464296,-0.0552825363516408,0.128907140117809,1
Zm00001d010611,0.0,III,0.454621,0.65,2.8748431988704906,0.4579765094975078,0.0139,0.1546,0.0899,27.0,14239.0,24.4381,0.83,0.060000000000000005,0.065,0.0,0.56,0.51,0.02,0.74,0.7050000000000001,0.435,0.6785000000000001,0.5054000000000001,1.0,1.0,1.0,1.0,128,0.6004999999999999,0.16849999999999998,1.0,1.0,0.0,0.0,1.0,0.0,0.2945146040365984,-0.0042268443314466,0.0061159413102755,0.0454433391039077,0.1428190843168688,0.0714382335897983,-0.0781331014312308,0.0326734558103362,0.8347394070010772,0.7731693363223853,0.7590822919793353,-0.0518382388259068,0.1270260524746292,-0.0361373871252647,1.0112278980788958,0.0826831036681596,0.1201562986010499,-0.0374821628842937,0.0003898914856515,-0.0242748273005964,0.0044033087058086,-0.0124256038576617,-0.073253153603911,-0.0301469201537729,1
Zm00001d010615,0.0,III,0.518622,0.44,2.408135206605553,0.427022217226592,0.1353,0.084,1.6117,182688.0,1033.0,40.1828,0.83,0.025,0.0,0.0,0.8300000000000001,0.005,0.015,0.905,0.195,0.535,0.41664999999999996,0.0,1.0,0.15835,1.0,1.0,0,1.0,0.022500000000000006,1.0,0.45,0.0,0.0,1.0,0.0,0.2439190852985625,0.0919293311750743,1.133649218676712,0.2394448833405709,0.5386744482492694,0.0159139842670937,0.8458943934488282,0.3856607465744149,0.0877182687091296,0.7779846114079371,0.5903213996993948,0.2863092633851998,0.581061585245827,-0.0132002049591263,1.2178722863387963,0.5354472971662028,0.0044593628305053,0.0002556605528925,0.064252721908919,0.0618575088110895,0.0689113353225341,0.0390214715500558,-0.0132283058364402,0.1055337645738759,1
Zm00001d010620,0.0,III,0.517878,0.61,1.2412806905745566,0.4532049198658814,0.0531,0.0916,0.5795,29886.0,6631.0,13.9065,0.78,0.03,0.060000000000000005,0.0,0.775,0.585,0.005,0.91,0.805,0.545,0.38839999999999997,0.41664999999999996,1.0,1.0,1.0,1.0,0,0.35000000000000014,0.7254999999999999,1.0,1.0,1.0,0.0,0.0,0.0,0.050299398820814,0.0783751950247387,-0.049254037700918,-0.014269113350655,0.0355024708096408,-0.0190714690116199,-0.0044886684349047,-0.013484362170157,0.468075626201858,0.7193922288378494,0.5292107923807561,0.1872160321575493,0.620725584798871,-0.0076856720681527,0.8112988252435096,0.5079803432744675,-0.0050084559477325,-0.0832106641331932,-0.0209708194593738,0.0076507637180253,-0.0022453779313741,-0.0172426705949111,-0.0970087893745307,0.0058625062150718,1
Zm00001d010621,0.0,III,0.626016,0.594118,0.6074819144014767,0.9146869615223304,0.0313,0.1711,0.1828,3513.0,157011.0,8.6407,0.72,0.060000000000000005,0.02,0.0,0.725,0.635,0.0,0.87,0.85,0.0,0.39225,0.17995,1.0,1.0,1.0,1.0,156,0.79,0.7794999999999999,1.0,1.0,0.0,1.0,0.0,0.0,-0.0520850432371898,-0.0436812490973087,-0.0349735999608251,-0.032682263129744,-0.0448213979497813,-0.0370234483807487,-0.0605100089767964,-0.0409245098914427,0.3543733594936982,0.0364658204704608,0.7884884331986732,0.4595991500809679,1.0527814105187483,-0.0443586176341283,0.1917070636706333,0.9530001946565418,0.0440741410369951,-0.0056685297479592,-0.0021869501940861,0.0229769571673118,0.1163914637279035,0.0105837935039042,-0.0443813811130329,0.0609632421034229,1
Zm00001d010622,0.0,III,0.498016,0.57,2.477991412066596,0.280716381818491,0.0373,0.1401,0.266,80272.0,76854.0,8.6407,0.63,0.13,0.025,0.01,0.46499999999999997,0.575,0.03,0.615,0.74,0.565,0.7321500000000001,0.27405,1.0,1.0,1.0,1.0,3784,0.5085000000000001,0.633,1.0,1.0,0.0,0.0,1.0,0.0,0.1239584661878764,-0.0337300436346251,-0.039241418197142,0.0751488241598598,0.11781671208936,-0.0061729131940909,-0.0839232050320103,0.0133307463317646,0.1471586528133188,0.5736605904208512,0.48328341644431,0.0652470718108422,0.3048046953822957,-0.0465024248578839,0.9035934385554584,0.212686370496463,0.1386794507541446,-0.1154931817827748,-0.0849165940789024,-0.0653038456664087,0.0220284940436498,-0.0587132775350767,-0.117136268194039,-0.0602106756655942,1
Zm00001d010623,0.0,III,0.661269,0.523529,0.0,,0.0659,0.2892,0.2279,33328.0,125571.0,6.69714,0.57,0.03,0.045,0.0,0.725,0.5349999999999999,0.0,0.825,0.765,0.0,0.51745,0.33025,1.0,1.0,1.0,1.0,552,0.10569999999999999,0.4200000000000001,1.0,1.0,0.0,1.0,0.0,0.0,0.1609142282747604,0.0338311689144779,-0.0074621796793898,-0.0107830158309021,-0.0002132314935903,0.1411518467958,-0.0941352028208187,-0.0230619728356703,0.644676429685058,0.2613715106787763,0.683579025240337,0.0985786728247254,0.275895162962554,0.4218769574310236,-0.054328933828627,0.2066213633667869,0.016133471829321,-0.1044553285692121,-0.0595796252680881,-0.0347318717642594,-0.0215204932221511,0.3110596759108207,-0.1488605909207791,-0.090927924921458,1
Zm00001d010625,0.0,III,0.453552,0.56,3.209139814943043,0.3327830710298376,0.0081,0.1399,0.058,150785.0,425.0,6.69714,0.54,0.08,0.06,0.01,0.575,0.45499999999999996,0.5349999999999999,0.605,0.7,0.815,0.89815,0.3333,1.0,0.9167000000000001,1.0,1.0,0,0.11349999999999999,0.0,1.0,0.0,0.0,0.0,1.0,0.0,-0.0336634220068844,-0.063500776098964,-0.067376756374361,-0.0363831900814743,-0.0536808013861584,-0.0376619751762752,-0.0951405837724241,-0.0390017178364996,0.020180334020663,0.6138309927428441,0.2866692097030157,0.0748935202398027,0.1809035157256198,-0.0629351939054847,0.8054108555178804,0.1214229365640685,0.1382116295381345,-0.0886512555301957,-0.0361332139402554,-0.0046114672142363,0.2089591061620062,0.011720462379573,-0.0787792284524412,0.0756363493605278,1
Zm00001d010630,0.0,III,0.661996,0.71,0.2384819202476915,0.8676720353334221,0.0457,0.8159,0.056,224.0,135720.0,16.7692,0.41,0.005,0.045,0.03,0.0,0.8,0.08,0.41000000000000003,0.895,0.26,0.085,0.4333,0.0278,1.0,1.0,1.0,4592,0.156,0.9076000000000001,1.0,1.0,0.0,0.0,1.0,0.0,-0.0069437480295246,-0.0483114085940086,-0.0159934720800955,-0.0040574616420473,-0.0192201566705412,0.0170522729267466,-0.0485793013762671,-0.0336015055194719,0.44045463184445,0.1632196999145179,0.429080521570216,0.1772061959880476,0.251727365067934,0.5781784419720065,-0.0729220804691924,0.115377325914639,0.0950786209572645,0.2971174752065544,0.0319174974533393,0.1651534989492749,0.4985300440112536,-0.0012253866791429,0.218019037745426,0.0970218277324881,1
Zm00001d010632,0.0,III,0.705674,0.47,3.363195282035069,0.3693688835145818,0.1066,0.1968,0.5417,273.0,712.0,13.9065,0.35,0.05,0.04,0.0,0.605,0.745,0.0,0.71,0.885,0.0,0.50595,0.36265000000000003,1.0,1.0,1.0,1.0,380,0.24449999999999997,0.0255,1.0,0.51,0.0,1.0,0.0,0.0,-0.0041344085969652,-0.0221642926491315,-0.0395493072669618,0.0159225463277991,-0.0016667431725177,0.0090870743170964,-0.0398832082596639,-0.0167343924080936,0.4272481076696392,0.0665851367504502,0.971968097248563,0.4962140710880094,0.8193211511596508,0.0823418163256718,0.0693874333652518,0.9614289389869396,0.0588573537184499,-0.1045077834308874,-0.0531096781561617,0.0099561018141883,0.0978312354341039,0.0204583961110596,-0.1157731633446079,0.0390572051485556,1
Zm00001d010634,0.0,III,0.429846,0.36,0.6800962555144047,0.7731292789993307,0.0258,0.1337,0.1928,27113.0,2963.0,17.741,0.33,0.0,0.07,0.0,0.0,0.33,0.09000000000000001,0.6,0.47,0.81,0.04045,0.63335,0.0857,0.95585,1.0,1.0,0,0.0,0.1637,0.0,1.0,0.0,0.0,1.0,0.0,0.2052169798207003,0.4179632193659223,0.2888162509779101,0.2092696300368497,0.3351286858736743,-0.001099868511462,0.1473851260352121,0.3041408070180657,0.4169680948095349,0.8387036618473349,0.0768593336592281,0.087351248870595,0.457021071199156,-0.0424685288240162,0.7637396041879658,0.3652148252637496,0.2697241983238165,0.5447900060393275,0.0379338601671651,-0.0269379399908201,0.1290024792579073,-0.0387534335730734,0.5594946284143723,0.0484795769390003,1
Zm00001d010635,0.0,III,0.601704,0.44,2.4139054037648906,0.3735057273690901,0.0642,0.4104,0.1564,1409.0,31401.0,13.8538,0.33,0.01,0.01,0.0,0.22,0.245,0.0,0.20500000000000002,0.475,0.0,0.1583,0.27625,1.0,1.0,1.0,1.0,5568,0.0,0.0,0.0,0.0,0.0,0.0,1.0,0.0,0.3220241390664042,0.1638450523577735,0.0532936410823934,0.1058997022648388,0.342668485091247,0.0265703348573212,-0.0037221867381996,0.2087442573814345,0.3486119902355773,0.1814517363347145,0.8820704109743186,0.8599944641820892,1.476869418540025,-0.0003979400533204,0.3240540608782113,1.8185955175741635,0.3755759351327037,0.0268836661510995,0.6099267829373065,0.8471284347215722,1.486471962920432,0.0235275071417679,0.244440276962178,1.1264706295009743,1
Zm00001d010639,0.0,III,0.437229,0.61,2.9107897687377444,0.4066556415292794,0.0212,0.1003,0.211,44.0,4949.0,40.6951,0.35,0.14500000000000002,0.015,0.0,0.625,0.085,0.005,0.735,0.4,0.485,0.9625,0.27715,1.0,0.76425,1.0,1.0,552,0.42480000000000007,0.1605,1.0,1.0,0.0,1.0,0.0,0.0,0.0973317668566351,0.561642509528156,0.4624564608446959,0.1737941272639081,0.4208742695655322,-0.0613802619806042,0.9861832140967008,0.1877997224821509,-0.0847248268029088,0.8122300212306113,0.4301897028109193,0.1969817489763431,0.3958967909709457,-0.0578682429613987,1.3064013025822636,0.2376999499710801,0.0491574548914217,-0.0720224338248249,0.0068351820584083,-0.0034842959988801,0.1513815986833307,-0.0143226106540887,-0.0752423192093107,0.0312688429380374,1
Zm00001d010646,0.0,III,0.452782,0.48,3.797718637607169,0.233382102135441,0.0399,0.1609,0.2481,99219.0,1911.0,25.8694,0.39,0.0,0.10500000000000001,0.0,0.375,0.11,0.01,0.915,0.25,0.8200000000000001,0.0494,0.95835,1.0,0.8535999999999999,1.0,1.0,1601,0.1455,0.14150000000000001,1.0,1.0,1.0,0.0,0.0,0.0,0.2232076048760339,0.2267771007449294,-0.0183595977947654,0.1054922891173223,0.3668411351861749,-0.0027572502858288,0.1316027542899817,0.0736555160623878,-0.0417308916093558,0.7387343684428807,0.0084451375412337,0.0497964835907299,0.1671093112327265,0.0083022073236311,0.9600943653766,0.0200209155500885,-0.0585167735272015,0.838362816226535,0.0399325481921961,-0.0316263678206696,0.0294556542072515,-0.0445012457118041,1.0991672281070497,-0.0712911410898541,1
Zm00001d010650,0.0,III,0.55848,0.54,7.781147567313542,0.1046674673328982,0.0,0.34,0.0,27707.0,75040.0,7.20936,0.44,0.02,0.035,0.0,0.195,0.39,0.0,0.5449999999999999,0.6599999999999999,0.97,0.31035,0.5582,1.0,1.0,1.0,1.0,4586,0.021500000000000005,0.061000000000000006,0.41,1.0,0.0,0.0,1.0,0.0,0.1293253723237417,0.0474467738761423,-0.1039210423786785,-0.0204601244365473,0.1166011863565984,-0.0325748136799082,-0.0501928196254963,-0.0386970056277237,-0.0318728339538966,0.5377919137522977,0.0279531142969871,0.0638365318546808,0.0512696425726667,-0.0285593408402903,0.5153157953783961,0.0251815947085661,0.1436029218925884,0.4450662536972145,1.0777857232871637,0.4192199256743712,0.738605002945192,0.0636872037943994,1.229714854779907,0.6286006120967529,1
Zm00001d010654,0.0,III,0.597765,0.61,4.366920642440964,0.2115637690771722,0.011,0.4051,0.0272,260.0,26334.0,54.6542,0.54,0.055,0.015,0.0,0.72,0.14,0.0,0.92,0.47,0.17,0.59895,0.3333,1.0,0.9722,1.0,1.0,382,0.8224999999999996,0.18950000000000006,1.0,1.0,0.0,0.0,1.0,0.0,0.0574449644246557,0.61575895388714,0.2248485469184368,0.1518701628750008,0.3063452559429717,0.0170655747755988,0.8041707728863992,0.0754884570966065,0.2431741610640546,0.0945237856439939,1.6408753565852492,0.4705806892975485,0.9495995423171856,0.0225170985618175,0.9536173546376916,0.8809480451083678,-0.0732958862573399,-0.1026480991422263,0.0144272851118904,0.003780041737378,0.0267612887050972,-0.0364704227791942,-0.0981547995662923,0.0944133200576875,1
Zm00001d010667,0.0,III,0.64548,0.51,0.4794786748670076,0.5973686946393207,0.0611,0.3142,0.1946,9612.0,341018.0,21.1158,0.99,0.01,0.03,0.0,0.01,0.745,0.0,0.065,0.855,0.0,0.23885,0.3479,0.225,1.0,0.85,1.0,10501,0.14950000000000002,0.3655,1.0,1.0,1.0,0.0,0.0,0.0,0.0448371185607339,-0.0076941618390464,-0.0385655883405119,0.0372689240275824,0.0131572713240953,-0.0094277841850051,-0.0787505667468395,-0.0370617344541402,0.4723396461614604,0.1612341997751212,0.655701827120403,0.1763706284173855,0.4314183889419111,0.076722908694366,-0.0041080872525566,0.4985776477457497,-0.0305607853955818,0.1424533534742175,0.0205844069671864,-0.0030050873177906,0.1298860756226454,0.0111442746282198,0.0252281751361477,-0.0507359018070369,1
Zm00001d010671,0.0,III,0.691847,0.61,0.404278522290973,0.9154402806839984,0.0561,0.0788,0.7122,155036.0,137797.0,7.20936,1.05,0.105,0.01,0.10500000000000001,0.36,0.5900000000000001,0.155,0.605,0.69,0.195,0.5125,0.0611,1.0,1.0,1.0,1.0,2303,0.48449999999999993,0.0,1.0,0.0,0.0,1.0,0.0,0.0,0.1309817516489795,0.2622022363052605,0.0315146491846834,0.0446332062415314,0.1852939699291892,-0.0255739272788987,0.2269649513647149,0.0288749453888862,0.6218123543983269,0.0999462060416456,0.0735844445386208,0.0195072763299213,0.1687632175965816,-0.0142985343642901,-0.0956570427161948,0.0341829255264167,0.2216565547235511,-0.0005071672976147,0.0031597068999437,0.0065404081403058,0.0960485016899577,-0.00070926856165,-0.0547996531556874,0.0499712991156359,1
Zm00001d010672,0.0,III,0.492674,0.347059,4.384960582424164,0.5123111862601457,0.0484,0.1248,0.388,133013.0,161055.0,7.20936,1.05,0.0,0.01,0.0,0.005,0.5800000000000001,0.0,0.205,0.665,0.56,0.01665,0.0708,0.02085,1.0,0.80355,1.0,0,0.113,0.0,1.0,0.0,1.0,0.0,0.0,0.0,-0.0317561631158205,-0.0194082800630406,-0.083759100835673,-0.0069480994604315,-0.0177414756050141,-0.0165813642261358,-0.09320030938091,-0.0581202856394688,0.2041574952091353,0.5872051322431163,0.2030439525764629,0.1314314865858753,0.3472310447628536,-0.0161689960491964,0.7271965320900866,0.1052205888317498,0.2828656987649381,0.1162643777337757,0.7283019876128876,0.161045083594624,0.4030408724359086,0.0346128396796252,0.3201185855341936,0.429015804849704,1
Zm00001d010693,0.0,III,0.710297,0.59,1.2502142227658335,0.5120723156309455,0.0325,0.2617,0.1242,72344.0,1361.0,7.66892,1.28,0.045,0.095,0.165,0.49,0.555,0.25,0.605,0.65,0.225,0.39345,0.7031000000000001,1.0,1.0,1.0,1.0,0,0.45000000000000007,0.43999999999999995,1.0,1.0,1.0,0.0,0.0,0.0,-0.0517694798471071,-0.0663763134574479,-0.0240632871666754,-0.0070678335905408,-0.0394442018094859,-0.0326122575538702,-0.0705401100195408,-0.0246918274995421,0.4491010189783953,0.1547550674297414,0.3237405960254371,0.0882600044950792,0.245720574660189,-0.006315952789901,-0.0298333777260434,0.176197841841292,0.0854994814700844,-0.0460849442339708,0.0380981056849911,-0.0081828404839459,0.1306471567877036,-0.0596799264110829,-0.0914825708165552,0.0833598920951052,1
Zm00001d010698,0.0,III,0.669919,0.64,2.171140984806771,0.6859469182035844,0.0195,0.5616,0.0348,6.0,154.0,27.813,1.32,0.19,0.01,0.065,0.29500000000000004,0.41000000000000003,0.19,0.31,0.56,0.37,0.7885,0.055650000000000005,1.0,0.94155,1.0,1.0,0,0.14150000000000001,0.0,1.0,0.0,0.0,1.0,0.0,0.0,0.2080318927498645,-0.0738028225600284,-0.042499000409497,0.0038144896870313,0.1347919352813715,0.0209642489183247,-0.0797791340772018,-0.0012804948537519,0.4839364514701153,0.3783044668506818,0.3819305772822942,0.1861351679014415,0.4847494000914721,0.0462443448609562,0.2952580980143001,0.3015183325125207,0.3039478045271332,-0.0052125515646132,0.0977267193803,0.1330589339251357,0.3379650891071886,0.050871172990263,-0.054389407832323,0.2480338644878855,1
Zm00001d010703,0.0,III,0.472464,0.58,4.096922224438196,0.4009323682664212,0.0136,0.0832,0.1632,23.0,124244.0,39.7759,1.34,0.01,0.04,0.0,0.81,0.21,0.185,0.91,0.48,0.645,0.08990000000000001,0.35275,1.0,0.95,1.0,1.0,799,0.18549999999999997,0.4695000000000002,1.0,1.0,0.0,1.0,0.0,0.0,0.0273012910689234,-0.0174228971427931,-0.0681768158487136,-0.0755677383425491,0.0083415513856311,-0.0132501205410445,-0.0740470794170894,-0.0669545821085215,-0.0049683270977889,1.0554558316237057,0.3057599469219204,0.0703856205731115,0.2183929824224909,-0.0207983014718492,1.4574458275276645,0.1112723198095819,-0.1044838165169161,-0.1212620676894359,-0.0683599257070403,-0.0617750122474065,-0.0890709691602677,-0.0036334162375338,-0.1427780735569822,-0.0666089309077434,1
Zm00001d010719,0.0,III,0.477506,0.55,4.29005625669799,0.251962201484506,0.0546,0.1352,0.4041,281573.0,92733.0,13.3943,1.38,0.1,0.060000000000000005,0.0,0.7050000000000001,0.69,0.03,0.755,0.825,0.705,0.69665,0.4481,1.0,1.0,1.0,1.0,812,0.693,0.21430000000000007,1.0,1.0,1.0,0.0,0.0,0.0,-0.0684043784603698,-0.0927234501236623,-0.0535882607696678,-0.0592726154789066,-0.0051895614143346,-0.027612387606548,-0.0864428316079467,-0.0585680741042992,-0.0945322752501111,1.2684203235541245,0.26723774246886,0.0668149716567512,0.3675599344443393,-0.0813987984279792,1.8284231211058952,0.1424494515495558,-0.0532852218808024,-0.0483754276510745,-0.0420687202601817,0.0262522770617459,0.0947562624769682,-0.0133873206030988,-0.0607705725808543,0.0217610445673352,1
Zm00001d010718,0.0,III,0.461538,0.48,0.0709709568967558,0.9188967706827436,0.0396,0.1614,0.2452,324441.0,60774.0,13.3943,1.38,0.035,0.0,0.0,0.545,0.005,0.0,0.665,0.02,0.04,0.5,0.01665,1.0,0.10414999999999999,1.0,0.29995,0,0.29400000000000015,0.088,1.0,1.0,1.0,0.0,0.0,0.0,0.8127317033910317,0.3759765552488728,0.2078812139105851,-0.0078520856743351,0.1352434911585635,0.0167722173109821,-0.1025305896897112,0.1318377845020129,0.9466327973767198,0.2412306154548483,0.0489298540646209,0.0199819465948654,0.1191133628886168,-0.0007064593435405,-0.0676368924808004,0.1175163574661169,0.1080128977498712,-0.0269882186553997,-0.0440058251226453,-0.0063853212554052,0.0641211865640141,0.0301871631846294,-0.0753147569783693,-0.0228172613054829,1
Zm00001d010716,0.0,III,0.463933,0.45,3.1426019803240988,0.2806660387454457,0.0492,0.1369,0.3596,331301.0,41711.0,13.3943,1.38,0.11,0.01,0.0,0.475,0.62,0.005,0.45999999999999996,0.78,0.665,0.7024,0.15275,1.0,1.0,1.0,1.0,0,0.0,0.2995,0.0,1.0,0.0,0.0,0.0,1.0,-0.0753106612315622,-0.0739217401712963,-0.0936700554070437,-0.0623631266639318,-0.0485811979605777,-0.0305348981012701,-0.1055916079861815,-0.0586123077237623,-0.1764117853902861,1.438527773461899,0.1845825795539948,0.0478762463946608,0.250509220990283,-0.0832999999316298,1.9300322129860668,0.0648481926202686,0.2965721351210032,-0.062383796132203,0.0151800303188066,0.004353754486408,0.150862720826765,-0.0082217904854738,-0.0802521291739503,0.100877027736299,1
Zm00001d010713,0.0,III,0.54918,0.45,2.4055607333432323,0.3193170146272399,0.0899,0.0871,1.0317,66.0,107.0,11.5034,1.37,0.045,0.005,0.0,0.48000000000000004,0.015,0.02,0.625,0.515,0.495,0.38125,0.1397,1.0,0.53335,1.0,1.0,0,0.6149999999999999,0.0,1.0,0.0,0.0,1.0,0.0,0.0,-0.0010136333834778,0.55933072917057,0.044578217544914,-0.0464757574722846,0.0005517486233572,-0.0233536560734563,0.91735242603831,-0.0458369665466276,0.471291152162953,0.6380838977241938,0.6543641623131353,0.4096961512920484,0.9492388517646664,0.0334643236181749,0.9648471654133866,0.899658441950885,0.0229746278484257,-0.0425662632042079,-0.0104958247866833,0.0064770364322062,0.1220305626062465,-0.0120812396726739,-0.0353130459251416,0.0837498060796392,1
Zm00001d010720,0.0,III,0.427887,0.41,4.72273313917458,0.2362070968366423,0.012,0.1117,0.1079,63.0,5363.0,28.7321,1.39,0.035,0.025,0.0,0.81,0.5700000000000001,0.01,0.905,0.7949999999999999,0.6950000000000001,0.31420000000000003,0.32835000000000003,1.0,1.0,1.0,1.0,0,0.809,0.41999999999999993,1.0,1.0,0.0,1.0,0.0,0.0,-0.0193306064067324,-0.0800094063143632,-0.0824065587910037,-0.0780084316932675,-0.0203705743816142,-0.0587230073934983,-0.1265745326177919,-0.0474339786489739,-0.1225537735732648,1.1783293954179446,0.3754242946186774,0.1229498005695762,0.2659875936451584,-0.0089520246635085,1.725047156821094,0.1043395655481719,-0.0088724289075629,-0.0547894016670811,-0.0700282557494135,-0.0148220227596335,-0.0301458786521281,-0.0043185983614416,-0.0579328781052004,-0.0281761797840697,1
Zm00001d010728,0.0,III,0.736364,0.65,4.6057101012644015,0.4181105122056117,0.0726,0.4172,0.1741,17.0,266.0,35.0223,1.39,0.065,0.03,0.0,0.8500000000000001,0.72,0.0,0.895,0.665,0.0,0.54165,0.6104,1.0,1.0,1.0,1.0,611,0.6730000000000003,0.4065,1.0,1.0,0.0,0.0,1.0,0.0,-0.0149457881427556,-0.0521504059520899,-0.0288599518766348,0.0064054452176128,-0.0263904338737593,0.0010454564196447,-0.0615415512649551,-0.0322039446078792,0.1874136386707179,0.0437359689044358,0.921618631828794,0.4579091652516545,0.7662566268019431,0.0304758104774014,0.162829865649571,0.7578922275971776,0.0141690189347009,-0.0071348535342411,0.0215297611242047,0.0673167658504056,0.1822285117928671,0.0364588258736116,-0.0403419943646176,0.1114408645876622,1
Zm00001d010732,0.0,III,0.599374,0.61,2.960270856509963,0.4342671913755429,0.0144,0.4473,0.0321,101.0,565931.0,14.3661,1.38,0.045,0.0,0.0,0.43,0.01,0.0,0.565,0.44500000000000006,0.0,0.42335,0.02145,0.9762,0.1875,1.0,1.0,1464,0.45150000000000007,0.0,1.0,0.0,0.0,0.0,1.0,0.0,0.0379666181314541,-0.0280813272851456,0.7462390139517193,0.5285129000167703,0.7860184846342937,-0.009984260466305,0.5399944831934406,0.6755613485646027,0.5823084444347318,0.2251256382909656,1.02606263605786,0.4153552112089664,0.8746104455556771,-0.0220360366630232,0.713178034027284,0.6472962410056147,0.1497884767329264,-0.0716946035785268,0.0130615285297045,0.0353516995499694,0.2176403741513428,-0.0071587927676296,-0.0498939669506484,0.1185338257046916,1
Zm00001d010743,0.0,III,0.626144,0.52,0.3193380354391384,0.886399702512314,0.0216,0.2629,0.0821,347445.0,219261.0,14.3661,1.36,0.025,0.02,0.0,0.12,0.33999999999999997,0.0,0.38,0.5,0.0,0.38749999999999996,0.30415000000000003,0.78335,1.0,1.0,1.0,2427,0.05800000000000001,0.083,1.0,1.0,0.0,1.0,0.0,0.0,0.2437411518945713,-0.0486747327625501,-0.0433001122930343,0.0121334802983379,0.1048302448704926,0.1144728945721887,-0.1150315933688002,-0.0339828108403685,0.3650002066190621,0.1072013326042941,0.5001919440201046,0.0621148238396924,0.1954944550753545,0.2798396294392515,-0.0603777206118341,0.2092001336200044,0.4607851707314815,-0.0413106618734583,0.0007281321047437,0.059933966111529,0.1265263039021009,0.1171835239931865,-0.0854004155214103,0.0590062813363235,1
Zm00001d010733,0.0,III,0.492212,0.42,7.1115246985648914,0.1015748101183962,0.0023,0.172,0.0131,562921.0,2496.0,14.3661,1.38,0.035,0.005,0.0,0.86,0.0,0.015,0.925,0.0,0.495,0.38095,0.03705,1.0,0.0,1.0,0.0,3859,0.2225,0.0,1.0,0.0,0.0,0.0,1.0,0.0,0.4869659272904275,0.217312340689592,0.7677863527241394,0.3275706721940096,0.7469982814084648,-0.0382194653221899,0.6302463278458822,0.458174665283449,0.0464453010043999,0.4046413181507119,0.7200881541265549,0.5045141446156063,0.7695545050567529,-0.0211904327677928,1.069672735067834,0.538377910681885,-0.0404810108043315,-0.0666383858730666,-0.0391933101728872,0.0621465741201244,0.0842425798248722,0.0087378546766177,-0.071951288722482,-0.0079255759623442,1
Zm00001d010752,0.0,III,0.482955,0.388235,0.9449483519377074,0.8941714367999569,0.0312,0.0779,0.4009,10926.0,25454.0,15.3378,1.32,0.05,0.035,0.0,0.06,0.44999999999999996,0.005,0.27,0.745,0.9,0.7298,0.2939,0.83335,1.0,1.0,1.0,2336,0.08450000000000003,0.1895,1.0,1.0,0.0,0.0,1.0,0.0,0.1744055549977619,0.15318774388931,0.4650862071095318,0.2186517106308119,0.4780544318520555,-0.0147474204426442,0.3214619522887488,0.4722666599460526,0.202423626236055,0.7339137762433148,0.0926877022311232,0.0023839089449072,0.123781669072705,0.0269081097716403,0.8509158771482778,0.0866041518387126,0.4021460507494875,0.5294816420431387,-0.0248461156122134,0.0892123993532857,0.3734056066463528,-0.0238723256445864,0.3738504437145982,0.2134635115520052,1
Zm00001d010755,0.0,III,0.527575,0.49,3.0078761079702923,0.3172929644853252,0.0109,0.1346,0.0808,52392.0,188158.0,6.23758,1.31,0.03,0.02,0.0,0.59,0.655,0.02,0.7849999999999999,0.85,0.125,0.3833,0.28205,1.0,1.0,1.0,1.0,0,0.5140000000000002,0.679,1.0,1.0,1.0,0.0,0.0,0.0,-0.0151051221403636,-0.0222514897672748,-0.0130919053024267,-0.026009790319579,-0.0203021295779239,-0.0144164259650731,-0.0285593022421087,-0.0140739174673765,1.1226151152827684,0.6378172516551486,0.3962097738108109,0.2106992477994008,0.5214875234270676,0.0552154634246563,0.0995472905556335,0.4285743468077852,0.1200707297895639,-0.0400249926736609,-0.0170271283564534,0.0196699343810991,0.0917830869185429,0.0514309770708963,-0.0679934522767985,0.0115699845430128,1
Zm00001d010758,0.0,III,0.42037,0.65,2.776831225281342,0.2952031550016639,0.0479,0.1129,0.4244,66.0,1314.0,53.1702,1.54,0.08,0.09,0.02,0.7,0.58,0.69,0.8400000000000001,0.53,0.855,0.46204999999999996,0.60335,1.0,1.0,1.0,0.9,0,0.7404999999999998,0.0,1.0,0.0,1.0,0.0,0.0,0.0,0.0445535271011343,-0.0275986839566612,0.0090324746965745,0.084111094309872,0.2000160946745681,0.0256880555538903,-0.0278470409485705,0.0955495796305603,-0.0802761712625629,1.5397772109998118,0.3103945039417883,0.1607432789941624,0.0629677787483576,-0.0565569786114222,1.9166021705263152,-0.0280842089739535,0.0463858151093963,-0.023864689527269,0.0011023430843696,-0.0097089119633548,0.0074803433580028,-0.0036533354849497,-0.0355350241259035,-0.0133311803031973,1
Zm00001d010783,0.0,III,0.57829,0.688235,2.250165500233499,0.2363540015375325,0.0594,0.177,0.3355,4.0,433551.0,9.10026,1.8,0.15500000000000003,0.01,0.0,0.595,0.52,0.015,0.865,0.775,0.685,0.58335,0.08055000000000001,1.0,1.0,1.0,1.0,0,0.5245000000000001,0.0,1.0,0.0,1.0,0.0,0.0,0.0,-0.089667870869752,0.0795148937548393,-0.126099491240946,-0.0425520951656077,-0.0569997259355155,-0.0706983671945952,0.0016429312022199,-0.0914568292542483,0.0267318717960151,0.3795284117956198,0.4375514924323199,0.0652212676736798,0.1635923774749944,-0.0404887368980496,0.652352075600399,0.2134312030819688,0.1279842978328645,-0.0346227711224726,-0.0546336065623134,0.0092091350244162,0.2126277249252868,-0.0327838557458815,-0.1085217061841536,0.0776928429661027,1
Zm00001d010785,0.0,III,0.709091,0.54,0.7000262571487618,0.7477753539301234,0.0711,0.3461,0.2054,66059.0,3182.0,37.8324,1.82,0.025,0.065,0.0,0.37,0.53,0.0,0.53,0.595,0.0,0.34185,0.47219999999999995,1.0,1.0,1.0,1.0,0,0.0785,0.7089999999999997,1.0,1.0,0.0,0.0,1.0,0.0,0.217567460229393,-0.0209246062557984,-0.0037861205386358,0.121286994413582,0.3727204746964138,0.0271891332023934,-0.0711710372250825,0.2745918216548632,0.2220076090642101,0.0239616512985253,0.794206675807539,0.4296015573288587,0.7468472211734285,0.0666847886301538,0.0403288045669443,0.7157359013698508,0.0784156524346769,-0.1400820752085227,-0.123904601038144,-0.0435681788436161,0.0697875741004983,-0.0753182122071251,-0.1691602707350328,-0.0490685051912547,1
Zm00001d010788,0.0,III,0.714097,0.47,0.6078857288868976,0.8672738739943575,0.083,0.4223,0.1965,2381.0,1344.0,21.1158,1.82,0.02,0.01,0.0,0.23500000000000001,0.02,0.0,0.365,0.03,0.0,0.31665,0.2632,0.89165,0.23215,1.0,0.37360000000000004,2116,0.04800000000000001,0.063,0.95,1.0,0.0,0.0,1.0,0.0,0.4376626728079927,0.1758567826215185,0.4811561869445387,0.1193033461912708,0.3656341368580337,-0.0235790130968616,0.035692297532303,0.3781717733090985,0.1322818832567658,0.0318613106569015,0.1018621645048485,0.0427554100533907,0.0502102754781596,0.0641910279904569,-0.0210219557122304,0.0686202801327414,0.5379519962739335,0.0422612824722716,0.0003469697206728,0.0169997970414431,0.0562149179923764,0.0732121879808607,-0.1044568070785403,0.0266481086365652,1
Zm00001d010790,0.0,III,0.407801,0.541176,3.42776851156505,0.2266870267851537,0.0463,0.1772,0.2611,26375.0,18091.0,21.1158,1.81,0.060000000000000005,0.02,0.0,0.78,0.77,0.12,0.935,0.88,0.55,0.5217499999999999,0.19999999999999998,1.0,1.0,1.0,1.0,0,0.6665000000000001,0.07150000000000001,1.0,1.0,0.0,0.0,1.0,0.0,0.0363328370501256,-0.0220736734626197,-0.037474741075223,0.0095865200762141,0.030565076403659,0.0062043152104469,-0.0354253000192571,0.0030243091112028,0.0153196303349111,0.9163742823776688,0.3180844312027392,-0.0384168094314509,0.1731394814152497,-0.0947981603905904,1.3777445941436943,0.0398092701387865,-0.0229045100526402,-0.0386500221432964,-0.018531374866877,-0.0207491431098336,-0.0094330024459052,-0.0247611083567345,-0.0449042356788521,0.0145383543278027,1
Zm00001d010795,0.0,III,0.722732,0.59,0.5043908225093244,0.6552432667697016,0.0687,0.405,0.1696,234.0,916.0,10.5316,1.76,0.035,0.04,0.0,0.64,0.63,0.0,0.69,0.72,0.0,0.26905,0.39165,1.0,1.0,1.0,1.0,1473,0.0395,0.302,0.79,1.0,0.0,1.0,0.0,0.0,0.1992618503436692,-0.0281936187376434,-0.013413178729723,0.165554079537201,0.3655945014245582,0.0225587950793643,-0.0612089136595425,0.2093942294657721,0.3860036824061833,0.0502971926756432,0.7567712469247587,0.4907863655008626,0.834191642747291,0.0311796923145687,0.0823957939925684,0.65136489788053,0.3766524978120088,0.025792724086406,0.027358994787864,0.1953106172367767,0.4850095859746299,0.0144921384666129,-0.0867323641941069,0.3683061359011929,1
Zm00001d010796,0.0,III,0.533987,0.65,3.456757208446128,0.4485488781002961,0.0271,0.1731,0.1563,303.0,145266.0,18.2005,1.76,0.025,0.085,0.005,0.58,0.625,0.07,0.615,0.87,0.375,0.25715,0.38885000000000003,1.0,1.0,1.0,1.0,996,0.3145,0.9732999999999998,1.0,1.0,0.0,0.0,1.0,0.0,-0.0108648726945345,-0.0051128941217602,-0.0087568620120154,0.0008939413151252,-0.0112075688501137,-0.0083881823142083,-0.0129527608745282,-0.0012301539849943,0.4345377099959125,0.8009735365140855,0.4551549262405646,0.1811117145261079,0.5172216173757859,-0.0498756396826499,0.8491041407762724,0.3817480998313531,0.1329354692914826,-0.0965009317837519,-0.0261774505847581,-0.0768759298033596,-0.0004098789940381,-0.0034056610933802,-0.0936933523207389,-0.0366968346017642,1
Zm00001d010798,0.0,III,0.675439,0.66,1.5742894393426372,0.7211114798558076,0.0639,0.1451,0.4405,4.0,415.0,21.0632,1.67,0.14500000000000002,0.0,0.0,0.31,0.01,0.02,0.43,0.28500000000000003,0.0,0.875,0.0,0.9875,0.16665,1.0,1.0,2105,0.4160000000000001,0.0995,1.0,1.0,1.0,0.0,0.0,0.0,0.0338425892216485,0.6583581859613146,0.50152113089561,0.1774222706658328,0.3131784091835295,-0.0489115756523317,1.241527470721736,0.1730644933402829,0.0818922555141501,-0.0311040040204593,1.0850942471938418,0.622471690388988,0.7470534063059663,-0.0299672654638525,0.0323647887891571,0.8338326876984112,0.2686482782795622,-0.0789558989876202,-0.023616403609287,0.1552542450942568,0.4523009496930418,-0.0327212232630729,-0.0921829874675313,0.1261405992842487,1
Zm00001d010805,0.0,III,0.636232,0.64,0.4653885156154956,0.9077344169964074,0.0659,0.1915,0.3442,56246.0,147698.0,12.9347,1.53,0.01,0.01,0.005,0.45999999999999996,0.7,0.07,0.6599999999999999,0.88,0.235,0.11345,0.0747,1.0,1.0,1.0,1.0,1944,0.083,0.0,1.0,0.0,0.0,0.0,1.0,0.0,-0.0540073103302753,-0.1498096453582774,-0.1436995544256706,-0.0571823770003705,-0.0824752022219588,0.0358555401324691,-0.1629742954186649,-0.1165654693260056,0.5533940291674898,0.1148012506978006,0.2892090818351031,0.0506621336129477,0.1523184255317775,0.5203466642743929,-0.0577427053627408,0.0036220298908273,0.1233194473025229,-0.068209187531459,0.0071516380945843,-0.031530523175895,0.0352660954666113,0.0456861101693766,-0.1193618915575077,-0.0588216370566297,1
Zm00001d010806,0.0,III,0.50365,0.48,3.1640429076536822,0.27299239695102,0.01,0.1313,0.0759,8.0,483.0,10.072,1.47,0.03,0.05,0.01,0.6599999999999999,0.195,0.01,0.765,0.255,0.4,0.2016,0.49334999999999996,1.0,1.0,1.0,1.0,0,0.3265,0.03699999999999999,1.0,0.93,1.0,0.0,0.0,0.0,0.1860288990437057,-0.0280119442250988,1.3590348431805512,0.2745294137742726,0.5862610097119705,-0.045931963709103,0.3715620754918359,0.3547749882971361,0.2040731401758925,0.7068668933797982,0.4264539271608784,0.0963121975872748,0.3889021943084672,-0.0139089068763815,0.9521392772244048,0.2214727764454282,-0.1253020913742419,-0.1508609151608618,-0.1002928276354497,-0.0939502871744264,-0.0747405332355866,-0.0940369372930914,-0.140790196951524,-0.0960806303988317,1
Zm00001d010808,0.0,III,0.526235,0.58,2.503355005125756,0.2722282658184769,0.0078,0.1905,0.0411,83.0,101314.0,57.0047,1.34,0.060000000000000005,0.01,0.0,0.8300000000000001,0.56,0.005,0.91,0.79,0.45999999999999996,0.73335,0.13335,1.0,1.0,1.0,1.0,1499,0.5499999999999998,0.309,1.0,1.0,1.0,0.0,0.0,0.0,-0.0378345517831144,-0.0327675866651318,-0.0296786296621827,-0.0075988007265294,0.0357320802657206,-0.0369032162939973,-0.0607625034395602,-0.0206737972573633,0.1438278003406656,0.5419477589963967,0.4845463714199735,0.233715429446739,0.5293230371086992,-0.0933227996519912,0.99289869471866,0.4164133172233923,-0.0885402366195929,-0.1325805766538318,-0.0682995339267024,-0.0754378613973373,-0.0653870261016788,-0.0479493476414797,-0.1348095225486337,-0.0797181842588448,1
Zm00001d010812,0.0,III,0.602963,0.71,0.7862438344378143,0.7785216606745821,0.0653,0.2613,0.2497,72866.0,15059.0,6.69714,1.24,0.07,0.025,0.005,0.11,0.345,0.0,0.18,0.41000000000000003,0.0,0.40140000000000003,0.29045,0.5,1.0,0.52085,1.0,1486,0.20650000000000002,0.312,1.0,1.0,0.0,0.0,1.0,0.0,-0.0201866274366611,0.0681847821665602,0.005825018794563,-0.0125775520055474,-0.0190138653673157,-0.0062459568289528,0.0731058775984949,-0.0147829484287095,0.5984563928944084,0.1831413764172447,0.4766088113972428,0.4702177784600755,0.8535718983294813,0.0889807194257199,0.0334161438125044,0.8088023164204607,0.1213951018184553,0.014308027608675,0.0090666818270926,0.085324445388914,0.2596530690643255,0.0183934317888157,-0.0790238025274499,0.1835065999670801,1
Zm00001d010811,0.0,III,0.537287,0.55,3.464743481019036,0.2995189003496124,0.0188,0.1242,0.1512,2976.0,70501.0,6.69714,1.23,0.095,0.025,0.04,0.32,0.665,0.51,0.535,0.77,0.72,0.43979999999999997,0.47859999999999997,1.0,1.0,1.0,1.0,0,0.0,0.279,0.0,1.0,0.0,0.0,1.0,0.0,0.227312978705665,-0.0597356751327202,-0.0747671402252597,-0.0251412393829971,0.0168704077310123,0.0342286401952124,-0.0825180342949235,-0.0258301964870492,0.1917398038827761,0.5968174572053242,0.2976142243716237,0.1793116949613937,0.3959000735941456,0.0145601952637239,0.6926891939313395,0.2597950680603706,0.3372998738717691,0.0173338852168698,0.0937523058309457,-0.0037795370556101,0.0983238025691347,0.0842247173361618,-0.0246068540410309,0.0736674188781019,1
Zm00001d010816,0.0,III,0.506322,0.61,1.285112124621948,0.5769545566912119,0.0347,0.1529,0.2267,250.0,279.0,36.4537,1.07,0.10500000000000001,0.015,0.0,0.6,0.015,0.015,0.66,0.145,0.51,0.80325,0.34804999999999997,1.0,0.32704999999999995,1.0,0.83335,0,0.29,0.28454999999999997,1.0,1.0,1.0,0.0,0.0,0.0,0.5497105928062453,0.1323110444729291,0.9230008595094936,0.0686702639154262,0.2028058570685739,-0.02469988606623,0.5125099667924975,0.2352358408594707,0.3081939143228914,0.648412683669768,0.6019900652356079,0.2463841647389397,0.5693340388838534,-0.0195304669974149,0.9940664283643242,0.3153522360882697,0.1410003686500618,-0.1013498274291759,-0.0067558194566245,-0.0222425284486533,0.1274549504804364,0.003563698453738,-0.1105322161634738,-0.0059488227292442,1
Zm00001d010822,0.0,III,0.662821,0.66,1.7173249918859697,0.7073171902566896,0.0572,0.2407,0.2377,307.0,139853.0,16.7692,1.0,0.09,0.025,0.0,0.33999999999999997,0.7,0.0,0.505,0.865,0.0,0.6359,0.3333,1.0,1.0,1.0,1.0,2818,0.0,0.955,0.0,1.0,0.0,0.0,1.0,0.0,-0.0222813002214701,-0.030768786739112,-0.0236876683633962,-0.019762434865462,-0.032344013039381,-0.0151144555667114,-0.0514622599332662,-0.020511527531942,0.4331484646838378,0.2421248819317478,0.7676461586398673,0.1120973759691973,0.2678323507277121,-0.022455859527595,0.6584350790367627,0.1908699021462421,0.3092506344698968,-0.087253775826178,-0.0450903912079869,-0.0328409945448546,0.0309780935254991,-0.0321848938307057,-0.099599266305122,0.0203499504959121,1
Zm00001d010823,0.0,III,0.493333,0.46,1.7906449254703316,0.3510656466311999,0.0603,0.1438,0.4194,109820.0,25984.0,16.7692,0.98,0.075,0.02,0.005,0.745,0.78,0.030000000000000002,0.8400000000000001,0.94,0.62,0.68885,0.15360000000000001,1.0,1.0,1.0,1.0,0,0.5255999999999996,0.7034999999999999,1.0,1.0,0.0,1.0,0.0,0.0,-0.0421244108734956,-0.0217768794370624,-0.0506423962477128,0.0059042829056895,-0.0126152943037066,-0.0210365716288916,-0.0635297840127227,-0.0103563428781223,-0.0006121426686768,0.9171066473483152,0.3309336517131805,0.2033607217183924,0.4282016425058092,0.0019096257328908,1.2945554731354685,0.3092287013652484,-0.0504325679250993,-0.0738632556140139,0.0254551688421429,0.0278384829761668,0.0540178851835835,-0.0482632054752036,-0.0590035517615069,0.0213328404385708,1
Zm00001d009409,0.0,III,0.50983,0.57,1.9233265314448236,0.3797881320272311,0.0308,0.1633,0.1888,198917.0,60421.0,8.6407,0.27,0.01,0.0,0.0,0.455,0.275,0.015,0.63,0.485,0.615,0.15275,0.04585,1.0,1.0,1.0,1.0,1950,0.0,0.0,0.0,0.0,0.0,0.0,1.0,0.0,0.0171996920213397,0.2233542252086557,-0.0218962045808729,0.0584117041776074,0.0182935368267498,-0.0357800763232395,-0.0408042705434331,0.0358628086633731,0.2759259102440213,0.6397600366548264,0.483403506404296,0.2543262227122316,0.6796542225493382,0.0099393710617343,0.7702952404817814,0.5082931120830044,0.1595078543416043,-0.0017543997925711,0.0493774551007942,0.0408501945197541,0.2571610892338766,0.0125979709430478,-0.0422538531624684,0.195974689188356,1
Zm00001d009410,0.0,III,0.660377,0.48,2.202623803526172,0.3750552840516242,0.0,0.301,0.0,45.0,99364.0,8.6407,0.27,0.02,0.0,0.0,0.815,0.0,0.02,0.925,0.76,0.045,0.24995,0.01665,1.0,0.06785,1.0,1.0,902,0.27875000000000005,0.0,1.0,0.0,0.0,1.0,0.0,0.0,0.2348236007260309,0.6382472389106596,0.0762169040607943,0.0682953003457902,0.3586646172785134,0.0055567057921165,0.5255228439100831,0.1904959261872908,0.3254770975685534,0.0574878509488275,0.9724156206492764,0.6065261905562025,1.2794866845787314,0.0326679035460147,0.2522331826210127,1.458782488645575,-0.0376493218226158,-0.0451621932425839,-0.043375739694202,0.0274283773102626,0.0334184713169955,0.0077882989723296,-0.0816925630974009,0.0293948905220749,1
Zm00001d009411,0.0,III,0.482473,0.56,2.0669993358810355,0.3014940346669125,0.0358,0.139,0.2578,2110.0,94947.0,8.6407,0.27,0.02,0.02,0.0,0.42000000000000004,0.755,0.005,0.48,0.885,0.49,0.24995,0.3333,1.0,1.0,1.0,1.0,3057,0.0,0.7746999999999999,0.0,1.0,0.0,1.0,0.0,0.0,-0.0444839972163989,-0.0599885817515087,-0.0702274935464476,-0.0136377741475074,-0.049622925818367,-0.0292133258525134,-0.0871792473012859,-0.0600376663360067,0.3217855937879941,0.7668038482699798,0.1093304692080326,0.1199814870955053,0.4522015075492659,-0.0107501527037504,0.7058585267724322,0.2736193690477285,0.3404067664181823,0.1244202133932949,1.0365549004412469,0.5378624312743894,1.3364301048180696,0.0050999242932876,0.3284519195778189,1.580241750247226,1
Zm00001d009413,0.0,III,0.585903,0.38,1.9884861609615687,0.4831079670395362,0.0401,0.2089,0.1918,26.0,961.0,18.2005,0.27,0.04,0.05,0.0,0.665,0.135,0.02,0.785,0.245,0.325,0.50695,0.31735,1.0,0.7066,1.0,0.89585,583,0.2415,0.26599999999999996,1.0,1.0,0.0,0.0,1.0,0.0,0.718991638765319,0.1999452870997863,0.1050440113903878,0.0667911403286692,0.3565931413323267,0.063783636780375,-0.0372648260397977,0.2163970200367065,0.4731020975338653,0.6121529512466509,0.8757370166199842,0.3490292896380754,0.9322449160154298,-0.0015307253321203,0.9358724364873676,0.6469451748399024,-0.0253464404103245,-0.0437165546388032,-0.0021079659457106,-0.0054592007299967,0.0563859286268543,-0.014744361584196,-0.0645273607859543,0.0794313903881663,1
Zm00001d009417,0.0,III,0.524775,0.61,7.34355762002895,0.2009253532039533,0.0175,0.3499,0.0499,16.0,231.0,19.6319,0.27,0.03,0.005,0.005,0.715,0.0,0.05500000000000001,0.9199999999999999,0.005,0.405,0.18055,0.026600000000000002,1.0,0.01785,1.0,0.04165,0,0.7637,0.07050000000000001,1.0,1.0,1.0,0.0,0.0,0.0,0.555911952281096,0.1657487612666806,0.0754266571923086,0.1038180132771951,0.2976698045377605,0.0258722473656397,-0.0500999085921294,0.2129288710531745,0.0729364882234165,0.3306128816517724,1.0854792817039665,0.1922807270621387,0.4031657221885537,-0.0199541100559383,0.9993073403259908,0.1541257542396917,-0.0320636276627325,-0.0528732451843243,0.0498105887815294,0.0113969070791368,-0.0180540611357952,-0.0160835519221711,-0.0382020135423839,-0.0348211346647244,1
Zm00001d009418,0.0,III,0.531763,0.68,3.1202711449004354,0.4085537535433058,0.0311,0.1213,0.2566,866.0,2137.0,15.2852,0.28,0.045,0.015,0.015,0.865,0.315,0.055,0.925,0.605,0.48,0.5537,0.14695,1.0,1.0,1.0,1.0,1056,0.0,0.4932000000000001,0.0,1.0,1.0,0.0,0.0,0.0,-0.0489908565287272,0.3858372290905473,-0.0442087576099669,-0.028215719186908,0.0829352947167552,-0.0698660003518404,0.371154691050547,-0.0124954995729053,0.2505297174575952,0.5502898225101052,1.296956410566858,0.8067440736236831,1.1694533787408834,0.0451217587871545,1.0719049435756018,0.7857550105944028,0.015325241885657,-0.0518082264435699,-0.0393991620900069,0.2788084276829412,0.6244246186107373,-0.0114490983285764,-0.0521403159365143,0.346167993140666,1
Zm00001d009424,0.0,III,0.458924,0.49,3.036623021413156,0.2284586989364125,0.043,0.1229,0.3501,361.0,205317.0,11.0438,0.28,0.07,0.0,0.015,0.745,0.015,0.515,0.815,0.005,0.855,0.5024,0.01785,1.0,0.2375,1.0,0.04165,0,0.5734999999999999,0.14729999999999996,1.0,1.0,0.0,1.0,0.0,0.0,0.2453094506775207,0.0298374934184351,0.1299991442417202,0.0221620335996373,0.0656652665509279,0.3643798675192823,-0.0729071271159882,-0.0001092176679014,-0.2047169686488317,1.5478050841166533,0.2592132192269327,0.12401743762022,0.0266152718515188,-0.0413466058283357,1.8084674357714263,0.0172252789852282,0.0570800580767569,-0.01714401499939,-0.0507113002550687,-0.0131626055056642,0.103650963256637,-0.029488455184094,-0.082083539184655,0.0295716498053343,1
Zm00001d009426,0.0,III,0.518219,0.34,1.9872789743197892,0.3514868843350935,0.0349,0.0661,0.5285,180274.0,47741.0,15.3378,0.28,0.005,0.02,0.01,0.825,0.55,0.05,0.925,0.7,0.585,0.0764,0.13885,1.0,1.0,1.0,1.0,1015,0.9520000000000004,0.6015,1.0,1.0,0.0,0.0,1.0,0.0,-0.0168159023988083,-0.0143419283509475,-0.0100558043730637,-0.0056324284588246,-0.0120141773174292,-0.0129759749001205,-0.0126808482972255,-0.0015151831896611,0.1514322974777608,0.6686774468871403,0.477066990139936,0.3515909330561531,0.6284287313721469,-0.0284115062272378,1.0274431164398308,0.5567606339049058,-0.0002824164260547,-0.0188816002710433,0.0883463209329728,0.0785733635601185,0.1467325061288862,0.0120599208251782,0.0185028628273911,0.1602973543167068,1
Zm00001d009430,0.0,III,0.453501,0.35,0.6653528515375596,0.6177648123850393,0.0227,0.114,0.1993,1639.0,4291.0,10.072,0.28,0.08,0.015,0.0,0.4,0.115,0.005,0.535,0.49,0.275,0.61195,0.241,1.0,0.9,1.0,1.0,0,0.0,0.18249999999999994,0.0,1.0,1.0,0.0,0.0,0.0,0.3350979840437804,0.3551073394708604,1.1394583248047832,0.26265579388823,0.5358209144334986,-0.0621877397937012,1.035839960667293,0.3893153642368607,0.7209257710268316,0.4658197610562756,0.1228338429142407,-0.009557664003245,0.1767205603601223,-0.0433870824888622,-0.04347668241515,0.1485848567274772,0.4035235168594717,0.0518837806356335,0.1111817914717575,0.0575309336974224,0.2673548886963582,0.0943718279395799,-0.0699487927028478,0.2543451588852223,1
Zm00001d009436,0.0,III,0.453294,0.64,3.13958726822452,0.3113375343494217,0.0204,0.1709,0.1194,153.0,318479.0,12.9347,0.28,0.135,0.08499999999999999,0.0,0.51,0.365,0.005,0.7,0.415,0.485,0.63125,0.6751,1.0,1.0,1.0,1.0,0,0.5630000000000002,0.433,1.0,1.0,1.0,0.0,0.0,0.0,0.1644125606021581,0.0386897327586903,-0.0458093806936834,0.0034867319293739,0.1210752427298232,0.0505382428091733,-0.0405005293294557,0.0362207235821822,0.1289410376029134,0.5165642233920311,0.5148081045610089,0.4152460046621688,0.7558543858248755,0.0117862954442868,0.9385215732687924,0.6084247471006325,0.0554977874824918,-0.0862961871718978,-0.110568584776712,-0.0332322576590826,0.1044961781315788,-0.0531475819282293,-0.1192081524566898,-0.0338007487398341,1
Zm00001d009439,0.0,III,0.433495,0.65,2.993777909568099,0.4237702313490358,0.0413,0.1216,0.3397,21.0,45015.0,166.72,0.29,0.025,0.025,0.0,0.655,0.345,0.0,0.28,0.5549999999999999,0.595,0.16094999999999998,0.42500000000000004,1.0,1.0,0.88895,1.0,6483,0.33099999999999996,0.2855,1.0,1.0,1.0,0.0,0.0,0.0,0.0538007061493165,0.4750871665323323,0.0415667517168308,0.061278042188826,0.2502771919613926,-0.0474935164791318,0.5442862446073331,0.0588027582672811,0.1866073844388868,0.7566487718771674,0.2140702094047276,0.1899108119200284,0.4861735693305191,-0.1086212828181841,1.000657097813645,0.2659669347464667,0.1946465306060601,-0.0242116855300843,-0.0305439164698804,0.0508161697130991,0.2019010902027823,0.0144148489835501,-0.0402266405901407,0.0551326587384009,1
Zm00001d009440,0.0,III,0.562706,0.49,3.1682957880323124,0.243091541434737,0.02,0.1529,0.1307,39954.0,7929.0,166.72,0.29,0.05,0.03,0.0,0.73,0.29500000000000004,0.01,0.885,0.475,0.42500000000000004,0.62465,0.5667,1.0,1.0,1.0,1.0,1422,0.33649999999999997,0.325,1.0,1.0,1.0,0.0,0.0,0.0,-0.0312235009317271,-0.0447124350279979,-0.0588306744850946,-0.0637283532599432,0.0232841147360772,-0.0594782958666664,-0.0733632992555221,-0.0372749755246811,0.0965691140245766,0.4256828210760287,0.5313753189269048,0.2443822203273738,0.6053681328180194,-0.0221869389833155,0.6970641037116256,0.5465002238445124,-0.067494485061022,-0.0912303787897184,-0.005885937816319,-0.0309281583108055,-0.0229659972176018,-0.0369464757106634,-0.103706966793202,-0.0096544979384278,1
Zm00001d009450,0.0,III,0.547967,0.635294,2.4903532844927105,0.3580641803816595,0.0356,0.098,0.3631,56.0,1623.0,13.9065,0.29,0.045,0.05,0.0,0.755,0.42,0.0,0.865,0.31999999999999995,0.42000000000000004,0.47140000000000004,0.3357,1.0,1.0,1.0,1.0,579,0.8725000000000002,0.0,1.0,0.0,1.0,0.0,0.0,0.0,0.2116743137237458,0.0567877678792803,0.7429536283968838,0.2724933910301893,0.5121480320618774,0.0299047392126583,0.1549354322832544,0.6570456262528594,0.0738005566968897,0.4544015236178828,0.5489035260566029,0.1772237258621611,0.3567394846499619,-0.036625559699153,1.0303720621298678,0.2716955260574932,-0.0473267201953901,-0.1000280607068017,-0.0449962359520742,-0.0319992746647695,-0.0341887149512659,-0.040450269638525,-0.1077456264053055,-0.0396183021664817,1
Zm00001d009452,0.0,III,0.488279,0.46,4.296311327592041,0.2355918416392925,0.0402,0.116,0.3466,267816.0,226349.0,13.9065,0.29,0.095,0.02,0.0,0.5,0.725,0.025,0.66,0.92,0.705,0.67485,0.26039999999999996,1.0,1.0,1.0,1.0,0,0.289,0.40949999999999975,1.0,1.0,1.0,0.0,0.0,0.0,-0.0342815675175256,-0.0254886676126454,-0.0482971940985947,-0.0230010695173022,-0.0355913737432592,-0.0184956991272595,-0.0527263155354715,-0.0161302448776171,-0.0783137111883029,1.1022420268438196,0.3858855304988522,0.1673305474848621,0.3311373694215646,-0.0294166934603684,1.5590988536272754,0.2156442517743647,0.3610768676449581,-0.0505843146828458,-0.0689989197069377,0.0035786238575223,0.1580823198234199,-0.0186641548560655,-0.1146541193681674,-0.0117524094020038,1
Zm00001d009458,0.0,III,0.655967,0.56,0.0015107673019976,1.0,0.2235,0.1792,1.2469,11984.0,243242.0,70.8585,0.29,0.065,0.07500000000000001,0.0,0.805,0.31,0.04,0.925,0.5249999999999999,0.0,0.5278,0.6494500000000001,1.0,0.92915,1.0,1.0,4519,0.7889999999999995,0.1309,1.0,1.0,0.0,0.0,1.0,0.0,-0.0071256002618948,-0.0717676404791968,-0.0325225906058748,-0.0200802247681777,-0.0421723524302123,-0.0437403602211698,-0.1159352295789658,-0.0636754140693542,0.1982280478966826,0.0738383998028098,0.5506006345567813,0.0149841778265887,0.0747375997137392,0.2409460569424163,-0.0658036873502919,0.0636551584998468,0.0676430402641926,0.0001472611601079,-0.0100467757663194,0.0387998095999729,0.0631430855048898,0.0876824628947921,-0.0748915072334798,-0.0375937825268462,1
Zm00001d009473,0.0,III,0.669417,0.62,0.3672398349274349,0.8201555509965605,0.0555,0.2755,0.2014,172863.0,111586.0,29.7039,0.3,0.07500000000000001,0.03,0.03,0.6950000000000001,0.6699999999999999,0.10500000000000001,0.8049999999999999,0.8200000000000001,0.16999999999999998,0.56065,0.1905,1.0,1.0,1.0,1.0,491,0.6635000000000001,0.1805,1.0,1.0,0.0,0.0,1.0,0.0,0.0,0.0,0.0,0.0,0.0,0.0,0.0,0.0,0.6925509301343743,0.2052427833839016,0.3769508647828338,0.0384285727957534,0.1934056239984721,0.2080532826352038,-0.0899239028117429,0.0853236759835177,-0.0154220315956633,-0.0557058186572261,-0.0286554962774167,-0.026124662220476,-0.0104286461385524,-0.0084717792078398,-0.0679006938519533,-0.0390597016149026,1
Zm00001d009475,0.0,III,0.758398,0.64,0.9227199624897572,0.7063775862876157,0.1264,0.0863,1.4641,18.0,3051.0,15.7974,0.3,0.055,0.04,0.0,0.41000000000000003,0.745,0.0,0.41,0.86,0.0,0.525,0.44445,1.0,0.95835,1.0,1.0,247,0.5632,0.8535000000000003,1.0,1.0,0.0,1.0,0.0,0.0,0.051236408553102,0.0174666366551667,0.0285756540117556,0.0217719882360605,0.0412449294682063,0.0107886271272652,-0.0037801687437042,0.0301937191146579,0.1095287791452785,0.0284435971046822,0.1774455122836501,0.0392437732946838,0.1709594865594836,-0.0043427071279344,-6.91426261952708e-05,0.0834981327553713,0.0382023465376215,-0.0441802245028086,-0.0307785652661081,-0.0123421339315049,0.0502232749421121,0.0593007755753832,-0.0453655013313184,-0.0045724931056156,1
Zm00001d009480,0.0,III,0.637811,0.55,6.7755592466536605,0.1779807857304458,0.0229,0.5059,0.0452,49.0,329.0,13.9065,0.3,0.025,0.0,0.0,0.7949999999999999,0.02,0.0,0.87,0.02,0.085,0.26615,0.02035,1.0,0.3224,1.0,0.2708,3833,0.8959999999999999,0.0,1.0,0.0,0.0,0.0,1.0,0.0,0.2762983164513108,-0.0087196508959187,-0.0547224533541645,0.0169435637703441,0.068565287120265,0.1925570395302673,-0.0863843842726996,-0.001544212656326,0.5031007773772578,0.2223696036279074,1.6659904842893376,0.3437408753066372,0.7290277183648961,0.0617582865821369,1.195091957429364,0.6141995700873297,-0.058734393821603,-0.0837502776181495,-0.0036849543897005,-0.0001890397401182,-0.0599557713809733,-0.0253176752143293,-0.078941787799253,-0.0509154800793951,1
Zm00001d009481,0.0,III,0.485651,0.63,1.6768152516294064,0.6651668707739197,0.0951,0.1628,0.5842,224.0,3774.0,20.1441,0.3,0.025,0.0,0.0,0.71,0.01,0.0,0.87,0.38,0.045,0.24995,0.0304,1.0,0.18330000000000002,1.0,1.0,0,0.2805,0.0,1.0,0.0,1.0,0.0,0.0,0.0,-0.0425519658409829,0.2369767051555434,0.8089871379198739,0.4344424164824788,0.7671637849533945,-0.0447459888748691,0.7311891480316759,0.8408928844688551,0.9186679150412528,0.4168784716182548,0.7276307143757617,0.3117285910531304,0.7601046721826367,-0.0152011793819708,0.3970450096995556,0.6782812946501284,0.0154505802535646,-0.0654375739652906,-0.0074682117074009,-0.013541367018262,0.0671597757379828,-0.016072450978025,-0.0796895997062187,0.0428591871985243,1
Zm00001d009488,0.0,III,0.556558,0.68,7.568787899486207,0.1531912426935177,0.0101,0.1195,0.0842,83.0,1551.0,68.508,0.3,0.03,0.115,0.0,0.74,0.195,0.0,0.825,0.245,0.7,0.5,0.6838,1.0,0.9375,1.0,1.0,0,0.019999999999999997,0.035,0.4,0.7,0.0,0.0,1.0,0.0,0.2068022628496368,0.0003133898023123,0.071457507352243,0.4781733991969545,0.9462975365129098,0.0801207464578875,-0.0197744439980633,0.5655732826763725,-0.0635482092616067,0.6103170612263178,0.558179726125117,0.3311978457955464,0.538931562309914,-0.0367497766271711,1.1321362963300727,0.1616231805563333,0.0062523178087491,-0.0350337026198103,-0.0217658614686361,-0.0042090992779379,0.0284751910999563,0.0207157661257733,-0.0568939274002801,0.0209561857103662,1
Zm00001d009490,0.0,III,0.713542,0.611765,0.0946460333095205,0.981572566165088,0.1604,0.5615,0.2856,50834.0,123933.0,68.508,0.3,0.035,0.11,0.0,0.75,0.585,0.0,0.935,0.665,0.0,0.28525,0.6125,1.0,1.0,1.0,1.0,0,0.5609999999999999,0.5815,1.0,1.0,0.0,0.0,1.0,0.0,0.2815821897968603,0.0084930340556175,0.0833677240244774,0.1555372687345534,0.4811024613773231,0.0749314383881348,-0.0540756205057113,0.3342548582655318,0.0679383123023851,0.0326776361134273,0.0520067637745929,-0.01034991211333,0.0463133755416738,0.0109290572325142,-0.0168670985642034,0.048913400381069,0.0863814546070511,0.0419478296944362,0.0549392360777079,0.0608668451825499,0.094344372363713,0.0962014226981747,-0.0380865036371381,0.0291671363411393,1
Zm00001d009493,0.0,III,0.542955,0.58,2.0635478131198988,0.4505664931112046,0.0197,0.2188,0.0899,130138.0,41484.0,22.4946,0.3,0.07,0.055,0.01,0.24,0.09,0.34,0.39,0.225,0.755,0.61115,0.5949500000000001,0.92855,1.0,1.0,1.0,3595,0.0,0.06949999999999999,0.0,1.0,1.0,0.0,0.0,0.0,0.5329389067043144,-0.0566278393839324,-0.1039103442916307,-0.0471364541931039,0.0749592951208382,0.1906347574098084,-0.115885185712108,0.0008710556524527,0.432762499281727,0.5049932080526599,0.3601544675790985,0.1056628502073784,0.3708516834207547,-0.0208475488782873,0.6018114338296481,0.3670737928232657,0.2352263394760221,0.1123444373406258,0.0801028090317559,0.0674466835326897,0.2154404236520551,0.0308940740201704,-0.0246932557341073,0.2322065330434246,1
Zm00001d009497,0.0,III,0.49269,0.688235,1.5785667361299125,0.6598149950904834,0.0099,0.0909,0.1085,132.0,106462.0,24.8977,0.3,0.03,0.05500000000000001,0.0,0.7,0.365,0.045,0.8200000000000001,0.45999999999999996,0.35,0.3708,0.42865,1.0,1.0,1.0,1.0,1857,0.5475,0.42849999999999994,1.0,1.0,0.0,0.0,1.0,0.0,-0.0020203057540826,-0.00106950728722,-0.0007228484325592,0.0134621453587887,-0.0014893664464973,-0.0009911764013528,-0.0045651544754578,-0.00262571236618,0.522879612835973,0.4442738405593927,0.532989649212966,0.3772749610229341,0.7609266228173129,-0.037035098918327,0.1923982277408997,0.5271193550995992,0.032490219505259,-0.0216189170777227,-0.0099460297293282,0.0564092286643133,0.1718886470397048,0.0331201640730517,-0.0455779473728404,0.0282658254615133,1
Zm00001d009500,0.0,III,0.529607,0.52,1.7654682903598038,0.4335975268846984,0.072,0.2828,0.2544,306.0,89731.0,28.2725,0.3,0.02,0.08,0.005,0.795,0.25,0.0,0.88,0.5549999999999999,0.385,0.22165,0.5788500000000001,1.0,1.0,1.0,1.0,3206,0.035,0.49950000000000006,0.7,1.0,0.0,0.0,0.0,1.0,0.1872764044328848,-0.0418422106489242,0.0323326007605336,-0.0143983868890594,0.0639145604860359,0.1941575631031405,-0.1032339502165333,-0.0263462340992872,0.3503526453153142,0.3003566785697351,0.900430454611646,0.3414301340759853,0.6301388525918972,0.0134659273420774,0.6080167653600332,0.631340201077462,0.0161059089797488,-0.0809378469846635,-0.0374054285092793,-0.0065027842859337,0.0409477032101349,0.0037317532151196,-0.082647073514097,0.0042165569030036,1
Zm00001d009504,0.0,III,0.460173,0.48,4.470223946838892,0.2041220538465931,0.0053,0.1148,0.0459,152112.0,104497.0,13.4469,0.3,0.035,0.06,0.0,0.755,0.15,0.14500000000000002,0.7949999999999999,0.155,0.78,0.18415,0.6762,1.0,0.9291499999999999,1.0,0.96425,0,0.654,0.30949999999999994,1.0,1.0,0.0,0.0,1.0,0.0,0.2911318773928203,0.1744038350403421,0.0252180281047004,0.0298947899404407,0.2285466748674258,-0.0458681289678798,0.0107934614031646,0.1304370724553168,-0.1147754610410946,1.2321932929744737,0.3708791541162807,0.0872498090888315,0.2119158825938817,-0.0257568538021629,1.6975741035142389,0.0873824799170485,0.038208924443589,-0.065045616894769,0.1329364017122414,0.0540840119855558,0.1953884769619263,-0.0414960181894803,-0.0233442550651145,0.2257906411194068,1
Zm00001d009508,0.0,III,0.715986,0.605882,2.889793664423461,0.3177541374502683,0.0722,0.2262,0.3191,546.0,1086.0,80.5236,0.3,0.13,0.015,0.0,0.56,0.675,0.0,0.7150000000000001,0.78,0.0,0.56945,0.09720000000000001,0.90835,1.0,0.9582999999999999,1.0,0,0.5265000000000001,0.14300000000000002,1.0,1.0,1.0,0.0,0.0,0.0,-0.009243119641697,-0.0200684496955043,-0.013488728362784,-0.0139536160068224,-0.019240729621323,-0.0191447530370887,-0.0206074440572043,-0.0175589678364851,0.2771563075594762,0.0249898592454175,0.7829435832504897,0.3894727089868818,0.8904696418551383,0.0398305944327445,0.2574179703053385,0.7778127639586574,0.0115325485799223,-0.0445044439698372,0.1188540855818054,0.0170766455986183,0.1306898185968283,0.0116048137951121,0.0038386309600799,0.1184985014245061,1
Zm00001d009520,0.0,III,0.479471,0.294118,4.547420547550321,0.2003039900019401,0.0322,0.1414,0.2276,5438.0,279004.0,6.69714,0.3,0.025,0.0,0.01,0.575,0.01,0.14500000000000002,0.865,0.535,0.5549999999999999,0.19815,0.04205,1.0,0.20829999999999999,1.0,1.0,3556,0.7645000000000003,0.0219,1.0,0.63,0.0,1.0,0.0,0.0,-0.0121531555624131,0.7866074401435011,0.0319870941507847,-0.0314545545883425,-0.0117862967004963,-0.0634172330103526,1.1745683700676492,-0.034765118743608,0.0754529837140906,0.9519025491735364,0.515897896387403,0.3091316626598338,0.557600618624903,0.0068458968647004,1.345425051979093,0.4201075693716191,-0.0264316838141812,-0.047391046543094,0.0832321089728683,0.0744858886739912,0.1274239314907484,-0.0036885522098127,0.0120429750832823,0.1267782758061298,1
Zm00001d009532,0.0,III,0.625296,0.58,2.340052295207607,0.4787895199847999,0.0498,0.1239,0.4017,62.0,67790.0,44.5295,0.3,0.065,0.03,0.0,0.5449999999999999,0.71,0.0,0.645,0.86,0.33999999999999997,0.4717,0.24305,0.96425,1.0,1.0,1.0,1785,0.20925000000000002,0.821,1.0,1.0,0.0,0.0,1.0,0.0,-0.0139882650261141,-0.0428286128852861,-0.0343171141722829,-0.0102078940379396,0.0831008717165669,-0.0149406368395244,-0.0598515899904309,0.0089389154329548,0.1869721414029003,0.6933958601328161,0.4597188041637123,0.1568475613721131,0.4860201116990049,0.0107312071424195,1.0146268563028666,0.1358638970983093,0.286813614609009,0.0314192647543156,0.1783861497787309,0.0919999852588072,0.3631389943418198,0.0315658305682439,-0.0388975117894269,0.2867962438795281,1
Zm00001d009539,0.0,III,0.473451,0.411765,2.4553343728254218,0.4363821280757329,0.0302,0.1413,0.2138,33.0,71725.0,12.9347,0.3,0.055,0.035,0.0,0.865,0.06,0.005,0.99,0.28500000000000003,0.615,0.35335,0.45455,1.0,0.525,1.0,1.0,1011,0.0745,0.0,1.0,0.0,0.0,0.0,1.0,0.0,0.0529033755590224,0.5609806713866546,0.0578491968244495,0.0179482004149988,0.2789587184788815,0.0490462356427496,0.4764593639709101,0.1094812319260511,0.0458553467488391,0.3972874068651174,0.3023901388369195,0.1914656000651189,0.3800792526887907,0.0001484017163367,0.6179651904855733,0.3494601488235044,-0.030422979924508,-0.0535930832981122,-0.000859789744708,0.0151777261189009,0.0516368717392492,-0.0397044030214261,-0.0511024975668577,0.0377177201659283,1
Zm00001d009541,0.0,III,0.437793,0.35,3.130478145548625,0.2726094881934455,0.0305,0.1181,0.2582,52109.0,5182.0,12.9347,0.3,0.01,0.045,0.005,0.735,0.08,0.32499999999999996,0.965,0.315,0.8049999999999999,0.1362,0.40275,1.0,0.55,1.0,1.0,0,0.6089999999999999,0.0,1.0,0.0,0.0,0.0,1.0,0.0,0.1789120365059395,0.108947626973891,0.0897085793059927,0.1195638877936294,0.2584184982911539,0.0058274198152739,0.0819572860645473,0.1259681088437384,-0.1222450495093917,1.48769908631862,0.0711436645601119,-0.0619729842315103,0.0766063959261559,-0.0219647524436002,1.6493205797154094,-0.0634923611281305,-0.0310157598874261,0.6090713790714657,0.0130615659447233,0.001268750829921,-0.0334751649171288,-0.0123212031575776,0.6248481560336178,-0.0132033271002893,1
Zm00001d009548,0.0,III,0.475265,0.405882,2.5733662677478595,0.321882145071287,0.0248,0.1791,0.1387,290424.0,3276.0,11.9629,0.32,0.03,0.0,0.0,0.625,0.01,0.0,0.71,0.0,0.54,0.34140000000000004,0.0,1.0,0.07145,1.0,0.0,4075,0.35400000000000004,0.0,1.0,0.0,0.0,0.0,1.0,0.0,0.0983641008369437,0.003023860041084,0.2495842867496765,0.1065523211146786,0.245994705280241,0.0205390204856742,-0.0300639051803,0.2343355786672497,0.1536945455930337,0.6237520924784401,0.6688656578842979,0.2709534122764156,0.5955099010867679,0.0028429873521677,1.1080733127443294,0.4443024673156199,-0.0422553033422296,-0.0824193544919805,-0.0369311893323501,-0.0163306599700693,0.0605469870072035,-0.0317971122184047,-0.0599278349467848,0.0208548221093391,1
Zm00001d009549,0.0,III,0.617239,0.61,1.6555154814473194,0.394714826077528,0.049,0.588,0.0833,92.0,291681.0,11.9629,0.32,0.060000000000000005,0.015,0.0,0.865,0.44499999999999995,0.0,0.9299999999999999,0.54,0.565,0.5952500000000001,0.13885,1.0,1.0,1.0,1.0,5332,0.9956,0.111,1.0,1.0,0.0,0.0,1.0,0.0,0.1763047617549999,0.1676229907835985,0.8649883810603841,0.3084413233100823,0.6835530255464406,0.0088708669654953,0.7492896562756246,0.6714812187627903,0.4416271979193031,0.5192739862501001,0.4522199933418785,0.2616291852721835,0.5586020621296275,0.0284180853121607,0.5070153420692085,0.3885153898484965,0.0102703633349355,-0.0398250904264102,-0.0276454512852353,0.0010148452993914,0.0112187391596802,-0.01025737244762,-0.0560452177545232,0.0144172618134402,1
Zm00001d009555,0.0,III,0.490758,0.729412,2.8369766378939123,0.4640570299193702,0.1106,0.1015,1.0897,129.0,358.0,55.626,0.34,0.0,0.01,0.0,0.0,0.025,0.0,0.45499999999999996,0.055,0.475,0.0506,0.16665,0.0,0.16665,1.0,0.5,1751,0.0,0.036000000000000004,0.0,0.72,1.0,0.0,0.0,0.0,0.059553469141225,-0.0669983830456824,0.4489661273172531,0.1200326108823165,0.3408829554201733,-0.0060163415749452,0.0957144802991476,0.4155586521381217,0.0131378902347927,0.3233570496387422,0.644560994162649,0.8009105839077014,1.054130020863432,0.0579336401224511,0.7183076091954551,0.4774284762827233,0.198039779177486,-0.0143877049509785,0.391731103380761,0.4275741522570704,0.7708623569547733,0.0439633511984499,0.1703355058589247,0.6035869647471298,1
Zm00001d009556,0.0,III,0.655303,0.61,2.721588276722698,0.4306519672479298,0.0233,0.3723,0.0626,44.0,147.0,29.7039,0.34,0.015,0.0,0.0,0.815,0.0,0.0,0.86,0.33999999999999997,0.0,0.24995,0.07085,1.0,0.06695000000000001,1.0,1.0,0,0.0,0.036,0.0,0.72,1.0,0.0,0.0,0.0,0.0371391976762697,0.2438315212379868,0.0594801245422633,0.3516606387656432,0.620996999293104,0.0267440137172392,0.2137440437639371,0.1619100427704442,0.1435665403012124,0.0078554283559696,1.042113461747582,0.4770288788108738,0.9697708218150224,0.0408218966217317,0.3158395675373908,1.0124188726712489,-0.0533831806517385,-0.1126950386015025,-0.0592818813525514,-0.0517135539944394,-0.0092180653465564,-0.0648538159801496,-0.103564102366896,-0.0053890065452639,1
Zm00001d009564,0.0,III,0.479048,0.65,2.6085072824952573,0.399074217206013,0.0325,0.1725,0.1885,172.0,325364.0,11.9629,0.36,0.045,0.02,0.0,0.685,0.55,0.005,0.81,0.735,0.75,0.5638,0.18869999999999998,1.0,1.0,1.0,1.0,0,0.5212,0.7865000000000001,1.0,1.0,1.0,0.0,0.0,0.0,0.0519384124407837,0.0113345053137097,-0.0706724960902243,-0.036795318996644,0.0051013532534012,-0.0207842783683292,-0.0792752495982237,-0.0224460702269939,0.5668083338080665,1.0019550156343624,0.2952250193189279,0.0123949532043223,0.2701584853595487,-0.0542220515616973,1.1647868971182531,0.1494453730951204,-0.0386588467602817,-0.0669401487457061,-0.010450316993155,-0.0372045939260628,-0.0279997954786451,-0.0135543255634764,-0.073889192496666,-0.0272191458968875,1
Zm00001d009570,0.0,III,0.53224,0.41,2.343227768265832,0.5079660031565548,0.0103,0.18,0.0572,86530.0,53641.0,10.5316,0.38,0.005,0.025,0.0,0.1,0.19,0.0,0.755,0.36,0.0,0.17915,0.27054999999999996,0.8333,1.0,1.0,1.0,0,0.0,0.02205,0.0,0.89,1.0,0.0,0.0,0.0,0.0016552631974743,-0.0178332502593479,-0.0120068536757093,0.0023063764955025,0.0075687503400384,0.0120832908694179,-0.0403535404702934,-0.005302043381827,0.7196950564543344,0.2744866180683153,0.3267321865016473,0.2528983534191206,0.5255281206624918,0.0649058702975801,0.0098868084742221,0.4691081067709014,0.6064719891724111,0.5380808757759202,0.3321995124917157,0.2580176557817472,0.5956977039394602,-0.0178244873613248,0.0275944126067202,0.6776211300533594,1
Zm00001d009571,0.0,III,0.42885,0.53,2.394353350192705,0.334400424557667,0.0553,0.1174,0.4708,2.0,255180.0,10.5316,0.39,0.05,0.065,0.0,0.6499999999999999,0.28,0.015,0.75,0.475,0.63,0.39035,0.45515,1.0,0.96665,1.0,1.0,0,0.6680000000000001,0.0,1.0,0.0,1.0,0.0,0.0,0.0,-0.1012389335619512,-0.136105792423814,-0.0849637776114392,-0.0512972741660652,-0.064395786231468,-0.0746480196959656,-0.1462853781491227,-0.0543476636793203,0.0367453590750268,0.8422401519667527,0.3918648517406683,0.2037696816215355,0.4308353107521031,-0.0209693678508402,1.262921502837155,0.3151538927614948,0.0144179301076419,-0.0324015153276251,-0.0201059359646003,0.0406115683811419,0.1497780371405178,-0.0236256497094483,-0.0671214206157388,0.0635980230088459,1
Zm00001d009572,0.0,III,0.631336,0.364706,4.247406866053463,0.2111382788862691,0.009,0.6138,0.0147,253051.0,6474.0,10.5316,0.39,0.065,0.005,0.0,0.855,0.01,0.005,0.9,0.41500000000000004,0.255,0.5013,0.11665,1.0,0.15555000000000002,1.0,1.0,0,0.9384999999999999,0.0,1.0,0.0,1.0,0.0,0.0,0.0,0.0320356228413634,0.4895074899426344,0.0263930844167015,0.0865094958190074,0.1804335628085976,-0.0318545536958026,0.4930115709285884,0.0248075074047444,0.0566576985846268,0.3254319567502369,0.95148348985521,0.4994961182332081,0.7164674742461721,0.0182203452564068,0.7818182265520736,0.5516187625261544,-0.070512951970047,-0.1136631913724315,-0.0946070621530168,-0.0424417963061909,-0.059582256620414,-0.0574468759925855,-0.1289350797395366,-0.0691706002831151,1
Zm00001d009573,0.0,III,0.679952,0.56,0.0082358236721078,1.0,0.0895,0.2034,0.4398,76870.0,183206.0,9.10026,0.39,0.0,0.015,0.12000000000000001,0.0,0.76,0.715,0.0,0.9299999999999999,0.85,0.0,0.14579999999999999,0.0,1.0,0.0,1.0,1276,0.0275,0.4709999999999999,0.55,1.0,0.0,0.0,1.0,0.0,-0.0474617551253965,-0.0729418551160676,-0.0719121093257363,-0.0401079968880266,-0.0301103273780007,-0.0029258627821802,-0.0861254670597803,-0.069202958996624,0.1849527019993877,0.026050407412043,0.2098166096642151,0.000228352087321,0.1460061059353385,0.1142996026315058,-0.0249405777581328,0.051942941232623,0.4975753146079446,0.1044893732182185,0.2251261860323874,0.0377186223300583,0.1926752974218343,0.3591915030885536,-0.0504069461080778,0.046398612385793,1
Zm00001d009583,0.0,III,0.739899,0.62,0.5991637877806543,0.8038224568522444,0.0644,0.3858,0.1669,266642.0,6870.0,16.7692,0.39,0.04,0.0,0.0,0.77,0.135,0.0,0.8049999999999999,0.39,0.0,0.5746,0.0343,1.0,0.7096,1.0,1.0,7549,0.306,0.0,1.0,0.0,0.0,0.0,1.0,0.0,0.1835100553001761,0.0044236560037612,0.2776926360347904,-0.0023109031391623,0.1702158807962435,-0.0241352089543221,0.0227137348542024,0.2061884994987393,0.0287381366339641,0.0087264351575996,0.0798190582106504,0.0048384589308017,0.0380925240731326,0.0186289414140382,0.0026881087865405,0.0303896250501452,0.1260309758269253,0.0020230405552659,0.0050072379463257,0.0070342667907294,0.0429508963877806,0.0280899757592888,-0.0535074609215001,-0.0256825205699944,1
Zm00001d009587,0.0,III,0.499136,0.5,1.0503208599794174,0.4094912851531742,0.0887,0.2533,0.3502,193916.0,75670.0,16.7692,0.39,0.045,0.08,0.01,0.775,0.4,0.05,0.89,0.74,0.51,0.56365,0.4514,1.0,1.0,1.0,1.0,1292,0.8234999999999999,0.3550000000000001,1.0,1.0,0.0,0.0,1.0,0.0,0.2639646142706701,0.0974886505765753,0.0199798649709844,0.0339358840892383,0.1403695158639846,0.0172557509924886,-0.0214999126717366,0.0789028994157472,0.2645349504806368,0.6364770430768475,0.5418475507504192,0.2691043323153994,0.6780535792713408,-0.0492179480624665,0.9305462879600268,0.5991697091299952,-0.0274785830735747,-0.0275256731130882,0.0011501589806275,0.0527481547651122,0.0700754063505113,-0.0048956482042952,-0.0323471531795981,0.0436743166932169,1
Zm00001d009589,0.0,III,0.694236,0.57,3.3530048374578967,0.7534357689924811,0.0087,1.0804,0.008,231.0,272879.0,9.61248,0.4,0.065,0.08,0.0,0.495,0.69,0.0,0.69,0.835,0.0,0.59375,0.56945,1.0,1.0,1.0,1.0,219,0.3883499999999999,0.7144999999999999,1.0,1.0,1.0,0.0,0.0,0.0,0.0326954616568671,0.005486005317185,0.1897250748618726,0.050001926798513,0.0692222750101629,0.0350100448900604,-0.0080071086645574,0.0442932017029346,0.0736593834000806,0.0196683897150773,0.7698963946311081,0.0622430569075275,0.1219035582514713,0.1056561547677223,-0.017977055901233,0.2852631959660329,0.0887509123664614,-0.0755782161963081,0.063760821735325,-0.0049376377407492,0.1873086739805509,-0.0230496544592724,-0.1018823909720392,0.084299534545732,1
Zm00001d009591,0.0,III,0.482906,0.41,3.946432503070076,0.198075374186015,0.0488,0.1392,0.3506,147292.0,22019.0,44.1227,0.4,0.08,0.045,0.02,0.865,0.6699999999999999,0.59,0.885,0.835,0.89,0.9514,0.3972,1.0,1.0,1.0,1.0,0,0.22599999999999995,0.0,1.0,0.0,0.0,0.0,1.0,0.0,-0.024689515250576,-0.0237339016186087,-0.0484981287434888,0.0016718661866019,-0.0335420933636478,-0.0042004530196192,-0.0428495908338029,0.0065015966878931,-0.1070285149378751,1.2805453091099936,0.2363405756184468,0.0630225458317951,-0.0225784470247503,-0.0426678174247929,1.600504362162992,0.002576744978577,-0.0534713388648879,-0.0755314872289732,-0.0245019936436118,0.0193317084482724,0.0359604342398529,-0.0439109387262917,-0.043340267834352,0.0429224773494193,1
Zm00001d009594,0.0,III,0.547799,0.69,6.477122602923434,0.2144066748441786,0.0265,0.1304,0.203,441.0,286616.0,44.1227,0.4,0.02,0.05500000000000001,0.0,0.7949999999999999,0.55,0.045,0.805,0.6699999999999999,0.495,0.1898,0.42315,1.0,1.0,1.0,1.0,610,0.3550000000000001,0.8942500000000001,1.0,1.0,1.0,0.0,0.0,0.0,-0.0370407707401214,-0.0524359848051554,-0.0332869612426828,-0.0394258137554026,-0.0484396667774373,-0.0372942303418916,-0.065678203662915,-0.0349377235353551,0.4245075655905439,0.7759176724801107,0.305213232065285,0.134081956856468,0.5245332520013463,-0.0137696242262486,0.7336133536380376,0.354930254815443,0.02761714386362,-0.0484894896442469,-0.0270354971457431,-0.0101605619173756,0.0079424973465995,0.0377545303757629,-0.0560674129642208,-0.0241475305071064,1
Zm00001d009595,0.0,III,0.676487,0.66,0.0159455759503163,0.9593095624752144,0.1313,0.0859,1.5275,72901.0,216254.0,44.1227,0.4,0.025,0.025,0.02,0.48,0.745,0.18,0.64,0.92,0.38,0.50465,0.3333,0.95835,1.0,1.0,1.0,1241,0.0,0.3395,0.0,1.0,0.0,0.0,1.0,0.0,-0.0117323552808381,-0.0242238010892335,-0.0068652938765662,0.0188857674197556,-0.0170840915472212,0.0058311416085443,-0.0386797928228347,-0.0119109562082821,0.4098577862933428,0.0657644436035039,0.2518678233359344,0.0320280098482973,0.1468085266618219,0.3615493585222565,-0.0880492447391409,0.0585420905953057,0.220260696337855,-0.0433562902036115,0.0308738815456763,0.0128719848262172,0.0776288411824985,0.584356470206968,-0.106876486390432,0.0175605672006513,1
Zm00001d009597,0.0,III,0.483676,0.58,3.3397652565903595,0.2922376139161254,0.0278,0.1377,0.2016,3.0,97323.0,28.2199,0.4,0.045,0.0,0.025,0.10500000000000001,0.0,0.02,0.54,0.085,0.63,0.47085,0.0568,0.9365,0.03125,1.0,0.8,3277,0.17999999999999997,0.0,1.0,0.0,1.0,0.0,0.0,0.0,0.846252157499421,0.4503042657317794,0.0643185942044299,-0.0094261305582872,0.1917317250967024,-0.0452598476348898,-0.0993432690909717,0.1753920831026483,0.0562775697318635,0.9623758143836112,0.4629776202320127,0.1304571709516125,0.3468623861135545,-0.024900201455865,1.374192524717457,0.2294118511917252,0.1549755758857733,0.4557738628566644,0.8157468877443194,0.2160687052541866,0.4545903721686619,0.0171300916364168,1.0798517317173784,0.5019226820564324,1
Zm00001d009599,0.0,III,0.545455,0.482353,0.9372634538491432,0.8295352041937385,0.0297,0.1367,0.2174,9101.0,93620.0,28.2199,0.4,0.03,0.034999999999999996,0.0,0.03,0.44499999999999995,0.005,0.16,0.745,0.0,0.71385,0.20715,0.76075,1.0,0.9,1.0,0,0.0,0.4386999999999999,0.0,1.0,1.0,0.0,0.0,0.0,-0.0273391892206747,-0.0040106438697234,-0.0292673068837867,0.0098992698948126,-0.0375686693945048,-0.0033828266311904,-0.0510512965033944,-0.0096584030406976,0.8383972432737943,0.4727196979821864,0.0963678315355021,0.0348093814187238,0.2560258669028454,0.0115588191757039,-0.0522352052890312,0.2122894230215772,0.8839335175207392,0.4609168190167355,0.2765162628365831,0.11920138330743,0.4300940147568053,-0.0138789266139012,-0.0812473384493616,0.4644681512060338,1
Zm00001d009613,0.0,III,0.580808,0.63,1.7453541130740835,0.6053136509230869,0.0257,0.1588,0.1619,5069.0,6012.0,6.69714,0.4,0.060000000000000005,0.01,0.0,0.78,0.015,0.2,0.9,0.035,0.54,0.56545,0.1111,1.0,0.16665,1.0,0.33335,0,0.586,0.0,1.0,0.0,0.0,0.0,1.0,0.0,0.7326026188929408,0.1497632940910359,0.1772513940335363,0.0688859773593771,0.1852245828117007,0.3548064185932575,-0.0286828308934557,0.1180710031995424,0.2076484376842908,0.4700488965152255,0.2284847549040873,0.0323618655093365,0.1640654435980484,-0.0118154792683003,0.4115551721733402,0.1108408256963547,-0.0425612975667876,-0.0681224299154911,-0.0004658096458998,-0.0294214853025064,-0.0405972482078856,-0.0445302545736677,-0.0654774534764599,0.0069654019642321,1
Zm00001d009617,0.0,III,0.477187,0.576471,2.485851745599537,0.3280640909843833,0.0488,0.1478,0.33,115719.0,192621.0,25.8694,0.39,0.025,0.055,0.0,0.825,0.30500000000000005,0.03,0.92,0.45,0.635,0.1381,0.55205,1.0,1.0,1.0,1.0,1484,0.6365,0.15699999999999997,1.0,1.0,0.0,0.0,1.0,0.0,0.4754556473556042,0.1677397039113046,0.1882709183481945,0.1403191452354527,0.4819781102382433,0.0166836514247303,-0.0467765103436663,0.4461234995266839,0.0320470731615026,1.0017666170794182,0.1180350240825327,0.040403110111347,0.3195899645734955,-0.0789997503211893,1.219830722885325,0.1580058329804436,-0.0538416833292751,-0.0655108834508822,-0.052318355203143,-0.0277057693902786,-0.0343025156641232,-0.0441975786683711,-0.0638337384181654,-0.0417152942774838,1
Zm00001d009628,0.0,III,0.748327,0.4,0.1915373382024773,0.7495027171093251,0.0187,0.303,0.0616,94669.0,26321.0,10.5316,0.38,0.01,0.035,0.0,0.685,0.565,0.0,0.77,0.715,0.0,0.09,0.36235,1.0,1.0,1.0,1.0,1124,0.1366,0.488,1.0,1.0,0.0,0.0,1.0,0.0,0.0467537588299175,-0.031084133103625,0.1113777029288425,0.0854576271957002,0.1901014899320073,-0.0205560963054797,-0.0315555942816143,0.1869536528563089,0.0597313910799251,-0.0015642879345036,0.4324093306094408,0.1095196428513305,0.2535927899361724,0.0059975070154909,0.0048159404334088,0.4159213035041135,-0.0140874156431679,-0.1249914266850689,0.043393177188808,-0.0489880896102968,0.0149067290411991,-0.0867065638274402,-0.1393150866291956,0.0279543716881641,1
Zm00001d009638,0.0,III,0.565068,0.65,7.455230166559578,0.2102499181974055,0.0127,0.175,0.0726,93.0,16386.0,35.4292,0.38,0.06,0.12,0.0,0.76,0.505,0.01,0.8200000000000001,0.44499999999999995,0.525,0.58335,0.5354,1.0,0.96665,1.0,1.0,169,0.5098,0.2862,1.0,1.0,1.0,0.0,0.0,0.0,0.4247572625551694,0.0847041189315878,0.0711285198964564,0.0256338348621733,0.1724867228409254,0.1766513987324345,-0.0551923908505431,0.0729475575342098,0.1127885826582236,0.508486175238441,0.7010717423389118,0.5017092705839324,0.7619949701296111,0.0505229278884317,0.9778799586442732,0.4069838900787136,0.0124891308560295,-0.1124346125038464,-0.0953182198696308,0.048040073014614,0.1866285466433279,-0.0306885786636396,-0.1357439069848602,0.0423560162128253,1
Zm00001d009640,0.0,III,0.576332,0.44,6.410392768014716,0.1812916017073653,0.0181,0.1324,0.1366,112774.0,3906.0,19.1723,0.38,0.015,0.07,0.0,0.745,0.43,0.0,0.88,0.48,0.71,0.1439,0.49585,1.0,1.0,1.0,1.0,4003,0.027999999999999997,0.36499999999999994,0.56,1.0,0.0,0.0,1.0,0.0,0.2373722811658642,-0.0503250835687341,-0.031944883347954,-0.017077855521706,0.0238511700930428,0.1800978299258396,-0.0733803873765152,-0.0266559629812697,0.0257362972755971,0.7125701338459169,0.5897454234072395,0.2809984684697412,0.5572932707184093,0.0025155063609263,1.3050359990059712,0.3617320587464767,-0.0422718234573035,-0.122338224470768,-0.0199502060180375,-0.0385372360769362,0.0270226777834663,-0.0612849556382861,-0.1197618464813711,-0.0020806309589821,1
Zm00001d009649,0.0,III,0.459555,0.46,0.6013561264517967,0.8662254751039566,0.111,0.1149,0.9663,108645.0,156849.0,7.66892,0.36,0.025,0.0,0.01,0.5700000000000001,0.005,0.69,0.8300000000000001,0.0,0.865,0.30555,0.0238,1.0,0.1,1.0,0.0,0,0.9044999999999999,0.0,1.0,0.0,0.0,0.0,1.0,0.0,0.2490381877543069,0.0253058864471185,0.3977230602463951,0.2577676685805017,0.4077430727292791,0.0877218230975927,0.0693142023707154,0.51372254121267,-0.09402588628963,-0.160606494705417,-0.1106578773271939,-0.0061999218348867,-0.0917623797893829,-0.0717453356163817,-0.2794503501591884,-0.0735687964786224,0.0253930011908531,-0.009997214278449,-0.0110843884770463,0.0096666487549965,0.0163197547133412,-0.0065738814191646,-0.0262693843571429,-0.0022890159084016,1
Zm00001d009668,0.0,III,0.718327,0.61,0.265968460304278,0.9981542377242744,0.1445,0.1941,0.7445,3828.0,236.0,6.69714,0.34,0.1,0.08,0.16499999999999998,0.44499999999999995,0.405,0.43,0.625,0.46499999999999997,0.94,0.5879,0.5933999999999999,1.0,1.0,1.0,1.0,3237,0.014399999999999998,0.35950000000000004,0.71,1.0,0.0,0.0,1.0,0.0,0.2558754819242487,-0.095185067929221,-0.052191980358048,0.0124106687487587,0.1089244583830517,0.0455188483493749,-0.0838551330761753,-0.0097848386824348,0.214657241164338,0.0093500175408837,0.0492652966200745,-0.0204960794346636,-0.0163686161096679,0.2996429344843179,-0.0717045803717968,0.0075810503998212,0.7335005906746991,0.1074901366345363,0.0654439045994149,0.0493126817567227,0.1221191434093695,0.9742714601215724,-0.0574461611070781,0.0840421956471293,1
Zm00001d009683,0.0,III,0.474961,0.57,4.267880927698257,0.1468212982959284,0.0478,0.1296,0.369,85229.0,127832.0,18.7127,0.35,0.05,0.10500000000000001,0.0,0.7849999999999999,0.675,0.07,0.875,0.81,0.735,0.5,0.5139,1.0,1.0,1.0,1.0,0,0.28915,0.684,1.0,1.0,1.0,0.0,0.0,0.0,0.3254187028148187,-0.0288536555113455,0.145263875223171,0.0091307498742178,0.1786554445988541,0.0476650816168112,-0.094897143830019,0.0371567381485561,-0.0820527710739909,1.2261267931054942,0.2760871294892738,0.0928011777431785,0.2853648338647527,-0.0489577459794982,1.6844549327536362,0.0820528215636064,0.013349008203098,-0.0765331791644162,-0.0073230931921074,-0.0414456223959638,0.0280560314358881,-0.0511732859079575,-0.0919600501215972,-0.0330843790623706,1
Zm00001d009686,0.0,III,0.707317,0.54,0.6191166242129468,0.839619484611733,0.0596,0.2241,0.2658,35914.0,185688.0,11.9629,0.35,0.035,0.015,0.005,0.33499999999999996,0.725,0.01,0.315,0.8049999999999999,0.01,0.30825,0.21425,1.0,1.0,1.0,1.0,1846,0.0148,0.163,0.72,1.0,0.0,0.0,1.0,0.0,-0.0096544118410443,-0.0884023800999694,-0.0590878181769689,-0.0437886798246321,-0.0772233378555509,-0.0548241773700924,-0.1170605650690619,-0.0266953830622744,0.3551714031415828,0.09340540800818,0.321954706644263,0.0191507732265129,0.1331206768884366,0.0381689051012629,-0.0633673691784321,0.1456651199032495,0.506201982606917,0.1683283774415767,0.0658169421999579,0.0154304505885922,0.244622117757638,-0.0019073818382171,-0.0936913830872219,0.1491780897154436,1
Zm00001d009688,0.0,III,0.449438,0.29,0.040652899506495,0.9952750465122802,0.0531,0.1311,0.4054,168657.0,19453.0,20.1441,0.35,0.01,0.03,0.015,0.63,0.6599999999999999,0.41000000000000003,0.895,0.77,0.665,0.06445000000000001,0.25145,1.0,1.0,1.0,1.0,4094,0.401,0.6789999999999999,1.0,1.0,1.0,0.0,0.0,0.0,0.1184810101046286,0.0265994284548259,-0.0082008813384334,-0.0254749646473154,0.0404917672711867,-0.0339871647092497,-0.0953298553654157,-0.0200618439457431,0.4815396318909547,0.3927556682651362,0.1154326366398196,0.0566884888094777,0.4330885506589377,-0.0456117028342223,-0.084813718184301,0.4326383180531586,-0.0629945042187453,-0.0565988773957696,-0.0894799334900075,-0.0307091093720976,-0.0493746525989459,-0.030593474853307,-0.0935674146735037,-0.0469225483536752,1
Zm00001d009693,0.0,III,0.477069,0.441176,3.137315537170028,0.5359310354760484,0.0176,0.1049,0.1678,225.0,7472.0,6.69714,0.35,0.030000000000000002,0.035,0.0,0.825,0.1,0.015,0.89,0.15000000000000002,0.73,0.42979999999999996,0.5399499999999999,1.0,0.9143,1.0,0.9722500000000001,956,0.821,0.08950000000000001,1.0,1.0,0.0,1.0,0.0,0.0,0.225900817981002,-0.0204487212034603,0.0038094924653342,0.0113858334207094,0.0772612775168419,-0.0086416329535415,-0.0621545650637386,0.0061347747405665,0.022106957544857,0.7480591843967124,0.4644363649193538,0.0910524122079072,0.2251652848306917,-0.0103195292632689,1.12558118849345,0.1484528840532428,-0.0115043869457789,-0.0446210810833923,-0.0615451398241927,0.0167658234216737,0.0315813580032914,0.0046806651302126,-0.0701215701141928,-0.0104137264051675,1
Zm00001d009695,0.0,III,0.576959,0.61,4.4115725851945,0.1807679626831753,0.0734,0.373,0.1967,120.0,12066.0,28.2725,0.35,0.0,0.11,0.0,0.0,0.255,0.005,0.005,0.445,0.495,0.00415,0.6547000000000001,0.0,0.9167000000000001,0.03125,1.0,1654,0.0,0.3939999999999999,0.0,1.0,0.0,1.0,0.0,0.0,0.7559039000852711,0.3206843229625344,0.1012628909891747,-0.0157501187515683,0.0940788528914047,0.0204971109383397,-0.0976899826332389,0.0951423994904284,0.0829076072535209,0.4535092197725967,0.675742602932452,0.3456661793121079,0.6504508711762932,-0.0497464937861117,1.0156289132189706,0.3368443047709897,0.0773306915603309,-0.0086668130382663,0.2849813272524831,0.1140658325797983,0.2474317891901457,0.023725792427024,0.0180642371278735,0.265108388063287,1
Zm00001d009711,0.0,III,0.453608,0.31,0.0,,0.0901,0.1711,0.5267,77156.0,159561.0,91.1079,0.36,0.01,0.005,0.005,0.725,0.7,0.8049999999999999,0.89,0.9,0.8799999999999999,0.07775,0.0442,1.0,1.0,1.0,1.0,0,0.5758999999999999,0.8220000000000001,1.0,1.0,0.0,0.0,1.0,0.0,-0.0692923798186027,-0.0824039770554334,-0.0724391418226517,-0.0353833789749826,-0.0723055881739226,-0.0477757321197858,-0.1178381822582895,-0.0653236884338387,-0.0418864299772801,-0.0690319057760967,-0.0464377257348217,0.0037319150490858,-0.0565025568463081,-0.0125121538853366,-0.0695763732019075,-0.0754930557799266,-0.1460666920411872,-0.1154906776606835,-0.1054095442903851,-0.058517069442596,-0.1139839362879539,-0.0551525159493104,-0.1404925169231192,-0.0753433209274778,1
Zm00001d009719,0.0,III,0.547431,0.48,3.8422928755125167,0.2628437208660869,0.0468,0.1789,0.2618,63345.0,188773.0,7.66892,0.36,0.03,0.035,0.01,0.81,0.155,0.37,0.91,0.22499999999999998,0.815,0.48885,0.26345,1.0,0.79975,1.0,1.0,0,0.0,0.24150000000000002,0.0,1.0,0.0,0.0,1.0,0.0,0.1091976416803864,-0.0365585077931809,-0.0409377178564728,-0.0100842895855552,0.0413549972274332,-0.0039441204591796,-0.0499142519406712,-0.0160504111368567,-0.0646995740396118,1.0220046964986251,0.281290140232831,0.0649236344234627,0.2641651679146837,-0.0284201729869157,1.334776891175388,0.1755953919224336,-0.0746076530752015,-0.0855845851045244,-0.0275233001442081,0.0167203091866687,0.0335640432981363,-0.023601516553619,-0.1093017883031399,-0.0410436537427526,1
Zm00001d009731,0.0,III,0.462644,0.42,1.067498310107769,0.5739854692494085,0.0988,0.1016,0.972,245358.0,98796.0,9.10026,0.36,0.015,0.0,0.0,0.35,0.015,0.185,0.64,0.69,0.815,0.127,0.07239999999999999,1.0,0.2,1.0,1.0,531,0.9069999999999999,0.12100000000000001,1.0,1.0,0.0,0.0,1.0,0.0,0.5158402156514857,0.407981490053199,0.0353970865193305,0.0647858677204593,0.3427378820700293,-0.0326772666786493,0.2129631886115336,0.1742332162333322,0.323536699614202,0.8460034244727899,0.482885759044148,0.1173214383672548,0.2906693151276706,0.00178810574131,1.3947282151831124,0.306035607976196,0.0416986797601995,-0.0255100135276907,0.2741370757719475,0.0494486581180757,0.1866984116976553,-0.0107811377183639,0.093538697291945,0.141062991383977,1
Zm00001d009743,0.0,III,0.621916,0.58,3.290490639758508,0.45269492448903,0.0248,0.1929,0.1287,106.0,28095.0,5.2658,0.35,0.025,0.02,0.0,0.72,0.425,0.0,0.745,0.585,0.35,0.3333,0.23085,1.0,1.0,1.0,1.0,1007,0.0555,0.48059999999999986,1.0,1.0,0.0,0.0,1.0,0.0,-0.0399969842031714,-0.0617078228928693,-0.0413261278178205,-0.034854115766437,-0.055429000659545,-0.0470347768954363,-0.0883893832427815,-0.0606813218872914,0.2824808342181623,0.2352132035376189,0.696885458622775,0.1325423326414559,0.357259078221733,0.0457191942354804,0.4644982282671431,0.3882854683575411,0.0284407383599415,-0.0675759643189201,-0.0034609188209624,0.0269742672310434,0.0616843305738005,0.0178235630896339,-0.0899887609464253,0.0420026989147038,1
Zm00001d009747,0.0,III,0.637579,0.71,1.8063580666736003,0.3546310433126691,0.0534,0.1964,0.2718,184.0,6484.0,15.7974,0.35,0.055,0.055,0.005,0.585,0.105,0.015,0.7250000000000001,0.125,0.11499999999999999,0.5046,0.49119999999999997,1.0,0.8726,1.0,0.7035499999999999,1030,0.4015000000000001,0.08950000000000001,1.0,1.0,0.0,1.0,0.0,0.0,0.7269351744192012,0.4349361102699081,0.0543684877553246,0.019855335887406,0.0996245134332292,-0.038944021810233,-0.0682198730636143,0.1151012885656798,0.1656874439951932,0.3467802112129546,0.6335670629881275,0.3131908106618737,0.5261690977483715,0.0284836307886864,0.7833130419808436,0.2835915377183465,0.0210768627087607,-0.098546917723614,-0.0724119079282487,-0.0256729383816419,0.1463100102075752,-0.0212154868072524,-0.091072671404653,0.0085813537606493,1
Zm00001d009756,0.0,III,0.488095,0.51,4.0281417378958135,0.1970879264335176,0.0159,0.1336,0.119,233802.0,162442.0,15.3378,0.34,0.02,0.0,0.0,0.675,0.0,0.035,0.8,0.005,0.645,0.09970000000000001,0.0,1.0,0.0,1.0,0.03125,3518,0.0,0.0,0.0,0.0,1.0,0.0,0.0,0.0,0.280494143981716,0.1347016125299162,0.4448349685764565,0.1158397347511091,0.2690208338747822,0.3850877522611932,-0.0257869896993991,0.3371138200624444,0.0803790703274549,0.8291170852205016,0.5076078297486876,0.2040348532765176,0.4685279257198306,-0.0017425373827567,1.2695736060003615,0.325996232043634,-0.0608827399572461,-0.0781825529693616,0.0375695593897657,0.0197832219442046,0.028649075385948,-0.0060590127044131,-0.0671005389098811,0.0739325115357742,1
Zm00001d009760,0.0,III,0.543764,0.55,1.9624310115183616,0.3416847241007261,0.0782,0.1272,0.615,226.0,397309.0,77.5557,0.34,0.0,0.035,0.005,0.0,0.42500000000000004,0.005,0.5700000000000001,0.545,0.655,0.04725,0.3571,0.0143,1.0,1.0,1.0,13283,0.0,0.048,0.0,0.94,0.0,0.0,1.0,0.0,0.338168938096986,0.1336339453241541,0.3907520810215509,0.0606914891037162,0.2029196958969685,0.0811487587856727,-0.0076804966870021,0.176872518382431,0.069080838888402,0.649286184675947,0.497166446389467,0.0695353182316697,0.3497050773777443,-0.0323825545223267,0.856056658437583,0.3566749658663093,-0.0194227089413665,0.3167589480277939,1.3701912927478792,0.349173166746236,0.6109281919000951,0.019323572841551,1.4973474663032444,0.3604326994521917,1
Zm00001d009773,0.0,III,0.538624,0.58,4.541382779216962,0.2231168154704153,0.0299,0.1412,0.2119,178.0,219.0,35.8888,0.33,0.045,0.0,0.0,0.3,0.0,0.0,0.45,0.355,0.07500000000000001,0.23605,0.09165000000000001,1.0,0.05,1.0,0.94445,807,0.3509999999999999,0.04100000000000001,1.0,0.82,1.0,0.0,0.0,0.0,0.0791672994407119,0.0003017940584387,0.8727117632370677,0.5666401662480547,0.9785386855493308,-0.0244032720106753,0.489110783448175,0.7705830661654385,0.4553410928748685,0.2950860623964647,0.834854621386968,0.3265143235232456,0.8141942726939719,0.0167301662410576,0.7153376322485058,0.5726810653820327,0.228626518351684,0.0139166090219182,-0.0041807762192178,0.0391120294989873,0.1532280143616447,0.0407697904847038,-0.0439441031027586,0.0945959128320788,1
Zm00001d009774,0.0,III,0.542538,0.61,5.59861661558936,0.2222251310280004,0.0238,0.0926,0.2572,134.0,97.0,26.7886,0.33,0.125,0.0,0.0,0.7849999999999999,0.0,0.0,0.7949999999999999,0.07,0.325,0.83075,0.02085,1.0,0.1,1.0,0.85,829,0.9461999999999999,0.0,1.0,0.0,0.0,0.0,1.0,0.0,0.3379138147359367,0.3326316480630111,0.2396620147001419,0.2072872469301057,0.5505486358642705,0.0022234850244331,0.4243065170142991,0.2785600850116325,0.10805524013352,0.2994158528423581,0.5825283716820983,0.4455672908040239,0.8541834828750952,-0.0231715165553513,0.7304920368167288,0.5681908696479605,-0.0368883053118214,-0.0671943460433302,0.01515095139339,0.0087595947096242,0.0927221929688739,-0.0296679191540911,-0.0548430645607571,0.0391478575133011,1
Zm00001d009775,0.0,III,0.657286,0.5,0.259204744999657,0.8683786928236475,0.0952,0.5451,0.1746,40765.0,252190.0,46.9326,0.33,0.05,0.02,0.025,0.6000000000000001,0.24,0.0,0.8,0.54,0.0,0.6247,0.21725,1.0,1.0,1.0,1.0,0,0.6595,0.14850000000000002,1.0,1.0,0.0,0.0,1.0,0.0,-0.0063484920239368,-0.1280592395498475,0.0297404248399697,0.0746670787625123,0.1366743064512082,-0.0592667619155324,-0.0757472295314559,0.1062372689463789,0.4047520891804803,0.2301412329874964,0.8794663805729244,0.1358196224172211,0.3431245345446497,0.3179606010929371,-0.063410421427995,0.4967210397594385,0.2199404743645113,0.0315746361147799,0.0472092189202887,-0.0073682410347371,0.0503775989700081,0.0320065660782135,-0.0908208472457446,0.0237716053603741,1
Zm00001d009777,0.0,III,0.664216,0.52,0.3061423102400191,0.9273482236648304,0.0997,0.0661,1.5097,51941.0,241389.0,46.9326,0.33,0.01,0.02,0.0,0.49,0.435,0.0,0.645,0.72,0.0,0.12895,0.37265,1.0,1.0,1.0,1.0,0,0.051500000000000004,0.11399999999999999,0.98,1.0,0.0,0.0,1.0,0.0,-0.0538227279252728,-0.0810317515209622,-0.0365499797324088,-0.0180038938725352,-0.0628271171975806,-0.0339225739003356,-0.1129585083859,-0.0848843834906999,0.4397329812265531,0.1884540550496075,0.5973042807529624,0.0370468305503846,0.1609683944334592,0.2189282851973852,-0.0304695448618381,0.1399009303188429,0.1275706675932859,-0.0349186978523005,0.0506116842466597,-0.0344947194969585,0.0186893543742809,-0.0008934524300063,-0.0904067919512243,-0.0433966050299983,1
Zm00001d035887,0.0,III,0.451878,0.5,1.8966218627318332,0.4396302201158583,0.0461,0.1063,0.4339,192940.0,38033.0,13.4469,-0.03,0.03,0.005,0.0,0.77,0.305,0.03,0.87,0.475,0.81,0.3875,0.12390000000000001,1.0,1.0,1.0,1.0,0,0.19599999999999998,0.0,1.0,0.0,0.0,0.0,1.0,0.0,-0.0301549768868852,-0.0091222072575897,-0.0743377510844037,-0.058908715839957,-0.0640722681129134,-0.0246692852505158,-0.0782848272958729,-0.0324312644453995,-0.0185225119145939,1.2730301840801228,0.2788183575541623,0.0344551943018508,0.3451871386216919,-0.0682078092963903,1.7264232932839316,0.2102322814144327,-0.0407897226276176,-0.0615957077785321,-0.0004869321717929,0.0406918550861343,0.0516185108378942,-0.0100688317274778,-0.0743054006676003,0.0295561931115889,1
Zm00001d035901,0.0,III,0.584642,0.56,0.641416308813262,0.7500469617449946,0.0078,1.161,0.0068,18.0,109040.0,8.6407,-0.02,0.05500000000000001,0.015,0.005,0.775,0.71,0.07,0.945,0.915,0.065,0.41664999999999996,0.0926,1.0,1.0,1.0,1.0,229,0.38,0.213,1.0,1.0,0.0,1.0,0.0,0.0,-0.0452641451043847,-0.053727728191937,-0.033771177261375,0.0264432548887894,-0.0330002419082063,0.0128881788597261,-0.0826068101019898,-0.0365877912269848,0.1362574501386912,0.1493407173686836,1.1471507846101483,0.1862438800375775,0.4979572461375819,0.0241277879955803,0.924636625693696,0.3529448384069598,0.0314583398536199,-0.021674445470078,-0.0456876081343937,-0.0216874333570368,0.053860787209923,-0.003523300748328,-0.0384294932523777,0.0136356125059509,1
Zm00001d035913,0.0,III,0.522707,0.48,1.866493435197505,0.265330967432021,0.0385,0.1761,0.2187,494856.0,234477.0,27.2482,-0.01,0.065,0.015,0.01,0.815,0.8,0.095,0.945,0.88,0.655,0.625,0.2222,1.0,1.0,1.0,1.0,2636,0.8569999999999999,0.32799999999999996,1.0,1.0,1.0,0.0,0.0,0.0,-0.0929537726778168,-0.0781168882861386,-0.0848131389452157,-0.0420129548153452,-0.0892105028113199,-0.0654780643186436,-0.0970687558562948,-0.0561042568978302,0.0213977498821252,0.6690052080925772,0.3320289536335638,0.0192684519047094,0.2234852981270165,-0.0567053248547096,0.9535363943926568,0.1703463271604845,-0.0783257928543901,-0.0701377150571245,-0.0319222915674683,-0.0241281435517884,-0.0757477632657469,-0.0648618564068726,-0.0839004143884201,-0.0785680095161675,1
Zm00001d035918,0.0,III,0.686924,0.5,0.1809413306074762,0.9379479191386308,0.0399,0.4892,0.0816,138.0,127291.0,5.2658,0.01,0.02,0.03,0.0,0.625,0.095,0.025,0.815,0.2,0.0,0.16665,0.46209999999999996,1.0,0.76665,1.0,0.9732000000000001,15005,0.20200000000000004,0.024,1.0,0.48,0.0,0.0,1.0,0.0,0.420824494167361,-0.0561593083870799,-0.0301774001695774,-0.0220758742727504,0.0440736252058985,1.1425228418314917,-0.1052752530709842,-0.0018668641479471,0.1153381165852858,0.0834169831475633,0.2380318297443152,0.0197543614840917,0.0583578969420528,0.6873353872625715,-0.0271031179254691,0.0079486241140737,0.0481838480569077,-0.0467459831085383,0.0143526733208916,-0.0166322966670777,0.0077447935998739,1.040239417801646,-0.0837000245290549,-0.0117297084758214,1
Zm00001d035920,0.0,III,0.557157,0.34,3.4789064067921927,0.2097565352703167,0.0282,0.2126,0.1328,16622.0,404.0,14.3661,0.01,0.02,0.04,0.0,0.7050000000000001,0.05,0.015,0.845,0.43000000000000005,0.575,0.19569999999999999,0.30225,1.0,0.29164999999999996,1.0,1.0,4802,0.6204999999999997,0.12300000000000001,1.0,1.0,0.0,0.0,1.0,0.0,0.4923624362981615,0.2772723994077046,0.0487285468617073,-0.045456217231603,0.1112447965795154,-0.0233331012783584,-0.0626854354615753,0.0644775635507638,0.1613809809176237,0.6635583268971155,0.6680576669082231,0.4032595372260533,0.6574284562588947,0.0498820562508089,1.104261935309052,0.7133807573858846,-0.0068645182991263,-0.032770264412583,0.051717766024198,0.0266277729532099,0.034771859188786,0.0144222916549232,-0.0387762812071316,0.0311519275435484,1
Zm00001d035962,0.0,III,0.463742,0.47,0.4291012161158634,0.7490825306173499,0.0791,0.1757,0.45,469882.0,1790.0,9.55982,0.02,0.06999999999999999,0.0,0.0,0.20500000000000002,0.0,0.0,0.405,0.005,0.25,0.58175,0.0,0.8056000000000001,0.02085,1.0,0.05,2593,0.0,0.026000000000000002,0.0,0.52,0.0,1.0,0.0,0.0,0.3125658255973251,-0.1297760669671372,-0.1060615078874742,-0.0657684752428513,0.0197213422762308,-0.0604990008442352,-0.1367351492579311,-0.0802854210838865,0.9752530394390186,0.6642713592833702,0.2519255964396694,0.084137376762726,0.2353162542922938,-0.0078161309136219,-0.0168107203328681,0.2829770551866833,0.6528425595498047,0.2515225236564612,0.3756151767330731,0.1274885478260579,0.4742272672397932,-0.0434172143647274,-0.118825114572532,0.5749293632066257,1
Zm00001d035963,0.0,III,0.712551,0.54,2.4088058869584947,0.4974204582688202,0.0609,0.3812,0.1599,308.0,473805.0,9.55982,0.02,0.05,0.0,0.0,0.05,0.0,0.0,0.16,0.14500000000000002,0.0,0.5284,0.0,0.9375,0.0278,0.93815,0.95,6516,0.0,0.026000000000000002,0.0,0.52,0.0,1.0,0.0,0.0,0.8226002541273811,0.4002646667158591,0.6304763830890667,0.0098375929100978,0.1484716749053655,-0.0500634426356369,0.0130134077669307,0.1169045271955368,0.1280730893966155,0.0551139004158452,0.5872197156968915,0.0021289348700967,0.0512410833617997,0.0327473416671146,0.0156983112929965,0.1363418287752282,0.295174931781402,-0.1189866872573596,-0.0488941826047099,-0.0819504646532526,-0.0048196717509034,-0.0553612432684094,-0.1193468931446397,-0.0546505479212217,1
Zm00001d035965,0.0,III,0.688482,0.43,1.3728915635791883,0.6750408830946867,0.0445,0.4512,0.0986,33.0,342.0,14.8783,0.02,0.08,0.0,0.0,0.785,0.0,0.0,0.8400000000000001,0.245,0.0,0.7578,0.0119,1.0,0.057249999999999995,1.0,1.0,5210,0.073,0.0,1.0,0.0,0.0,0.0,1.0,0.0,0.0617669743308798,0.129032533340724,-0.0005169306500925,0.0718180751360804,0.2560739088539755,0.039412560400042,0.0515250095130789,0.1199680819911283,0.3621084777706079,0.2355791083272513,0.7801571365632708,0.2129399225642208,0.5619200506489693,-0.0007334208085932,0.3800313922471443,0.5851921138813847,0.0835099700037345,-0.0763519881728101,-0.0414874891819136,0.0197350434267653,0.1451265299886839,-0.0345202705676147,-0.1029359763116022,0.0143874136322044,1
Zm00001d035988,0.0,III,0.651741,0.46,0.0136398725326785,0.9788823965405236,0.1665,0.1942,0.8574,26168.0,135352.0,23.519,0.01,0.015,0.045,0.0,0.7,0.64,0.025,0.875,0.895,0.15500000000000003,0.25395,0.43595,1.0,1.0,1.0,1.0,9,0.0,0.7566499999999999,0.0,1.0,0.0,1.0,0.0,0.0,-0.0216500533321081,-0.0202446317612728,-0.0251399470956946,-0.0093288926330415,-0.0300262006425187,-0.0009145890799634,-0.0456936385097173,-0.010553133834613,0.6854180057461327,0.1887911250604206,0.3338878966608228,0.0480891076473594,0.2748961468619177,0.6406130639041254,-0.0437196168288541,0.0743621990615217,0.0375571348200878,0.0067657248173666,0.0410723935106797,0.0252068524115965,0.0644032028554183,0.1504298625175726,-0.0156686281801901,0.0281410128661404,1
Zm00001d035990,0.0,III,0.478446,0.74,4.154959917317311,0.2857576037948869,0.0452,0.1393,0.3245,49.0,7646.0,44.07,0.01,0.025,0.0,0.02,0.72,0.0,0.115,0.87,0.0,0.65,0.15245,0.06665,1.0,0.0,1.0,0.09029999999999999,3409,0.9774499999999999,0.0,1.0,0.0,0.0,0.0,1.0,0.0,0.706649461781881,0.3366564451883181,0.4108316757605282,0.1810541561103857,0.4110165750485447,-0.002820013108076,0.0409193228448043,0.2743758573132594,0.0137404572599889,1.045277059096598,0.326801597177028,0.103077320318122,0.3654836089160039,-0.1011406230945378,1.4888614146062558,0.2123837809969667,-0.052384888840827,-0.089871141057256,-0.1151399515208371,-0.0285641754724767,-0.0341339558527535,-0.0177278737098364,-0.1154328469078056,-0.0571593640410813,1
Zm00001d035999,0.0,III,0.711882,0.58,1.544361001643236,0.783727324468084,0.0346,0.3991,0.0867,18421.0,92865.0,11.5034,0.01,0.125,0.05500000000000001,0.0,0.315,0.73,0.02,0.41000000000000003,0.86,0.0,0.66605,0.6801,1.0,1.0,1.0,1.0,723,0.616,0.8507499999999999,1.0,1.0,0.0,0.0,1.0,0.0,-0.0222638464974046,-0.0298123815277005,-0.0313177769956422,-0.000145617905438,-0.0350641693096326,-0.008423681924418,-0.0437772897317282,-0.0178477584055052,0.1761017901462391,0.0032359208592339,0.9362805270886538,0.3402763033523073,0.5624503402374177,0.0214414805502879,0.1790025792543245,0.5776987673923359,0.2341709595923465,-0.0111666563119156,0.0762406314217337,0.0684233148028961,0.1041906130212648,0.039215360690039,-0.0154234324047396,0.0703375510825946,1
Zm00001d036013,0.0,III,0.493308,0.64,5.392184189401832,0.2555708224421987,0.0099,0.1223,0.0809,72.0,347628.0,19.6319,0.0,0.12000000000000001,0.025,0.0,0.6799999999999999,0.63,0.005,0.885,0.71,0.56,0.83335,0.23759999999999998,0.9762,1.0,1.0,1.0,348,0.7709999999999999,0.49250000000000005,1.0,1.0,0.0,0.0,1.0,0.0,-0.0759379617022541,-0.0656276547657971,-0.0601035627696252,-0.0455100903604012,-0.0792468309609964,-0.0301364692470516,-0.105874041325175,-0.0615496049130014,-0.1155541112713217,0.7004845696417669,0.5342839824338521,0.1977728264980915,0.3926180329522318,-0.0099769650552881,1.3345594588075418,0.2817643336600359,0.012369020836539,-0.0304146436236017,-0.0237087045413856,-0.0036329378866537,0.0022468430824123,-0.0072298562225818,-0.0316830215098519,0.0036924546151833,1
Zm00001d036014,0.0,III,0.730081,0.37,0.4958215500696301,0.901169194600178,0.0725,0.3408,0.2127,174621.0,172603.0,15.7974,0.0,0.045,0.035,0.015,0.5549999999999999,0.76,0.035,0.7749999999999999,0.94,0.07,0.2833,0.4767,1.0,1.0,1.0,1.0,0,0.6335000000000001,0.1232,1.0,1.0,0.0,1.0,0.0,0.0,-0.0093920753881648,-0.0140540453404601,-0.0289853811452957,-0.0139992365345813,-0.0170062644736133,-0.0208630924982759,-0.0247060826850089,-0.0267903534485207,0.5899267405980315,-0.0576850823855932,0.0164137758186159,0.0497310812654899,0.1715038645469259,0.8016361111029526,-0.137375850282411,0.0321632249563951,0.1569022768968773,-0.0409451092246718,-0.0082121461853386,-0.0133267160055521,0.0054625227188285,0.5449325973816341,-0.0508047494752008,-0.0125072778920396,1
Zm00001d036020,0.0,III,0.44381,0.55,2.109258913517892,0.4850009943140275,0.0097,0.1116,0.0872,95.0,53960.0,13.9065,0.0,0.10500000000000001,0.025,0.0,0.755,0.21500000000000002,0.0,0.8300000000000001,0.42500000000000004,0.53,0.9405,0.4155,1.0,0.8875,1.0,1.0,10753,0.15549999999999997,0.14350000000000002,1.0,1.0,0.0,0.0,1.0,0.0,0.3153400431983519,0.151223927283104,-0.0114169283104229,0.0359290116698102,0.0539304205770966,-0.0086303093124148,-0.086599776235713,0.052227582586214,0.2684434153993496,0.8954056363896316,0.2555762404777427,0.0811973616543882,0.3858950795209947,-0.0391062296695102,1.0561549402240795,0.3098857544091849,0.0746077918725497,-0.0480443586730686,0.0347309735248387,0.0317515214892845,0.1666136275424854,0.0324195326377393,-0.0543315084876619,0.0850197405348661,1
Zm00001d036022,0.0,III,0.436275,0.49,0.0468107092120336,0.8716720283352039,0.1362,0.186,0.7322,63933.0,5176.0,8.6407,0.0,0.03,0.045,0.0,0.675,0.115,0.005,0.86,0.5800000000000001,0.07500000000000001,0.28925,0.8182,1.0,0.93335,1.0,1.0,0,0.6644999999999999,0.11405,1.0,1.0,1.0,0.0,0.0,0.0,0.328687316813279,0.4072548799423349,0.0953114432464291,0.0507077676655327,0.2235781056840776,-0.0243938957398125,0.058424944696694,0.2355445351556528,0.581357933001991,0.3654220915079352,0.1847872835385035,0.0705558435447439,0.4629246028891963,-0.0136809067661494,0.038597388670428,0.3764700398616466,0.0541862784433577,0.015635053861222,-0.0934830213259231,-0.0486437528518631,0.0869625125052443,-0.0588481947517681,-0.1210357864691988,0.112324738962458,1
Zm00001d036025,0.0,III,0.644068,0.376471,2.6029077124926703,0.3642270301022594,0.0596,0.296,0.2013,173827.0,140489.0,24.4381,0.0,0.065,0.045,0.0,0.77,0.685,0.02,0.86,0.845,0.505,0.55795,0.53485,1.0,1.0,1.0,1.0,0,0.8624999999999996,0.102,1.0,1.0,1.0,0.0,0.0,0.0,-0.0439012011090691,-0.0767324117146176,-0.0663502510721908,-0.0431665636313991,-0.0798848275961706,-0.0437482529056407,-0.0891122401973354,-0.0601865446522542,0.2052954985629703,0.5515116048423979,0.3611548208343065,0.1853681875237849,0.4364467759097157,0.0240994885421556,0.5788733868724418,0.3975242021335954,-0.0468016710983757,-0.0916960068410703,-0.0311373028763177,-0.017300628384311,0.0525723958756279,-0.0547608638777671,-0.0952859243402641,-0.0288869603298856,1
Zm00001d036031,0.0,III,0.452948,0.64,6.3842046215046215,0.1814928738204875,0.0037,0.2224,0.0168,80.0,70.0,19.1723,0.0,0.07,0.02,0.0,0.89,0.73,0.005,0.935,0.855,0.8200000000000001,0.5,0.20829999999999999,1.0,1.0,1.0,1.0,0,0.9194999999999999,0.0,1.0,0.0,1.0,0.0,0.0,0.0,-0.0147563914064405,-0.0054926568141493,-0.0101203404660007,0.0219390437818245,-0.0097869844931598,0.0118561571256066,-0.0211029283505458,-0.0185651307584368,-0.1363295341583578,0.9720380771427468,0.5039109396027279,0.028991708245083,0.1504683090921668,-0.0219669160277736,1.624595866618152,0.0408900008331507,-0.0414170687623719,-0.0860161404811753,-0.0667464337587908,-0.028884571008569,-0.028223530877972,-0.0312969983954054,-0.0934899339641654,-0.0219351497838287,1
Zm00001d036050,0.0,III,0.678442,0.52,0.5407112423718944,0.8472703163955697,0.0502,0.6277,0.0799,545914.0,49864.0,10.072,-0.01,0.05,0.07500000000000001,0.0,0.525,0.46499999999999997,0.0,0.685,0.7849999999999999,0.0,0.27905,0.5808,1.0,1.0,1.0,1.0,1669,0.6600000000000001,0.7125000000000001,1.0,1.0,0.0,0.0,1.0,0.0,0.0095277201564497,-0.0654131791489134,-0.0758711700924942,0.0003999979349701,0.01433640965207,0.0796939982327673,-0.0980676939929432,-0.0476367276908873,0.5263413386087289,0.1141143620045649,0.3011173289456804,0.0461157762238393,0.1409542323403273,0.9341233320901235,-0.1015617433829588,-0.0005364091558231,0.1405871800927524,0.009317243256558,0.0270417227241295,0.0336081856711824,0.0720251407731765,0.2218973675599453,-0.068158671104971,-0.0064785072939329,1
Zm00001d036066,0.0,III,0.648649,0.65,0.3043139269219577,0.9641184890410316,0.1292,0.3053,0.4232,803005.0,164612.0,16.3096,-0.01,0.035,0.01,0.05,0.845,0.735,0.16,0.925,0.865,0.32499999999999996,0.24475,0.10569999999999999,1.0,1.0,1.0,1.0,614,0.884,0.67975,1.0,1.0,0.0,0.0,1.0,0.0,0.0589134638479968,-0.0296506527784075,-0.0379795684731016,0.0044911894658901,0.0440296228020888,0.3062271230790511,-0.0705091030008977,-0.0241849222873751,0.5577452351982499,0.168813913584386,0.4449237206284755,0.0656171447732523,0.2330632161725168,0.6452346642076395,-0.0510721375392633,0.0902379743745264,-0.0343257942351225,-0.0407277739502906,-0.0455053875174085,-0.0082271862913637,-0.0141854672286538,0.0775469655916242,-0.0501533645891254,-0.0349936722919275,1
Zm00001d036069,0.0,III,0.655063,0.39,0.1756837155523448,0.9882636938264008,0.0925,0.3462,0.2674,484885.0,483399.0,249.7,-0.01,0.015,0.03,0.045,0.505,0.745,0.07,0.75,0.9299999999999999,0.315,0.13540000000000002,0.41664999999999996,0.95835,1.0,1.0,1.0,409,0.5109999999999999,0.848,1.0,1.0,0.0,0.0,1.0,0.0,-0.0479332699829586,-0.04968268088253,-0.038137683794835,-0.0375918989611033,-0.054080457319219,-0.0248510859516176,-0.0552547102336105,-0.0412067173223845,0.4013114649587644,0.1509772871428578,0.666413031599706,-0.0021792112383607,0.1767160283800041,0.7729755049413524,-0.081184432067891,0.1114346287138871,0.1122315343494621,-0.0232041885085042,0.0016006876578289,0.038900656097304,0.0057747106344821,0.4616416364940472,-0.0942470559577475,-0.0218734876705869,1
Zm00001d036090,0.0,III,0.451803,0.66,3.510597989885362,0.2938412497487194,0.0202,0.1359,0.1486,229.0,51328.0,196.424,-0.02,0.07,0.02,0.0,0.765,0.575,0.035,0.855,0.74,0.72,0.5135,0.22405,1.0,1.0,1.0,1.0,0,0.6045,0.4100000000000001,1.0,1.0,0.0,1.0,0.0,0.0,-0.0709002942059536,-0.0612502156409871,-0.0554955294908966,-0.0545008237711849,-0.0831222895624408,-0.0383199227662885,-0.101706750245314,-0.0469908776811646,-0.1267818188283971,1.3156157012999468,0.3661282465938664,-0.0567975679632055,0.2016795777298949,-0.1329701469500331,1.8859241383523384,-0.0022869698276874,-0.0171871171856333,-0.0835667883652237,-0.0380031844653328,-0.0471907180289863,0.0279153893593912,-0.0289708123173876,-0.091605875269131,0.0521148502431745,1
Zm00001d036103,0.0,III,0.715405,0.52,0.9709564750656368,0.6525852438345694,0.0384,0.3998,0.096,97.0,24431.0,8.6407,-0.03,0.02,0.035,0.0,0.6950000000000001,0.53,0.0,0.705,0.775,0.0,0.16845,0.28175,1.0,1.0,1.0,1.0,758,0.06599999999999999,0.3895,1.0,1.0,1.0,0.0,0.0,0.0,0.0134943211960579,-0.0118186595549203,0.0368197953554706,0.016956333853689,0.1426835465261486,-0.0365212420647505,-0.0227024069330053,0.0460303830018461,0.0371313715156109,0.0058448578121081,0.5234047137956866,0.1060967052957866,0.3042701528311847,0.0016466518111653,0.0587073227303851,0.3346679717264239,-0.0021989825943595,-0.0819327916976355,-0.0323815305732666,-0.0229818701002767,0.0144795474593999,-0.020872277313745,-0.1011165473708118,-0.0039243842866076,1
Zm00001d036107,0.0,III,0.683333,0.59,0.5309325035927407,0.6818616764338488,0.0377,0.2374,0.159,258.0,432189.0,11.5034,-0.04,0.035,0.0,0.0,0.7,0.0,0.0,0.865,0.405,0.0,0.3463,0.0278,1.0,0.0,1.0,1.0,8425,0.706,0.0,1.0,0.0,0.0,0.0,1.0,0.0,-0.0176000589490694,0.3344356921111054,0.7098834647435552,0.405966489751481,0.6312229176090633,0.0073177763878657,0.9162212596715604,0.6222181172543266,0.1631506614177184,0.0545062931853806,0.2327952361839215,0.1556532946757558,0.3810422678583169,0.0149398094894128,0.0340499696410207,0.2308368348283909,-0.0341396273212271,-0.0677680514898977,-0.014558695755609,0.0240436504116514,0.0580150837473513,-0.0301239483056016,-0.081443828259178,0.0028066964678848,1
Zm00001d036108,0.0,III,0.516734,0.4,6.169264505588892,0.1424148008500199,0.0142,0.1049,0.1353,428541.0,2020.0,11.5034,-0.04,0.05,0.06,0.0,0.755,0.21500000000000002,0.0,0.89,0.36,0.355,0.49495,0.4125,1.0,1.0,1.0,1.0,6686,0.29350000000000004,0.0,1.0,0.0,0.0,0.0,1.0,0.0,0.1434289040334194,0.0509769581492082,0.2329555325491968,0.1491377933116753,0.3972795341769211,0.0161191633303503,0.0342667300615968,0.2171458541283581,-0.0333884458201742,0.6165658227784458,0.4423462588458312,0.2644177302896453,0.5126720608016375,-0.0188696835969668,1.1486998958365402,0.3385790160525764,-0.0653538903896615,-0.0746311285295209,0.009546211037928,0.0323271242367862,0.034888793853262,-0.0214796899248341,-0.0842285865848731,0.0376967321952893,1
Zm00001d036135,0.0,III,0.461988,0.44,3.475721121292977,0.2857209406514513,0.0262,0.135,0.1945,61595.0,262592.0,17.741,-0.04,0.015,0.025,0.005,0.74,0.4,0.31,0.85,0.505,0.825,0.12775,0.20829999999999999,1.0,1.0,1.0,1.0,0,0.24359999999999998,0.4965,1.0,1.0,0.0,0.0,1.0,0.0,-0.0029897156981831,-0.0021187172929262,-0.0128483069359428,-0.0033458748098543,-0.0032629410068656,-0.0028429325726718,-0.0120663068848674,0.0009392487715027,-0.0370952205636986,0.6600858390978694,0.1764186733246536,0.0542509996685818,0.0934898012170471,-0.0484901752228942,0.837136555423274,0.0512511638723419,-0.0858217042426698,-0.0677581542811694,0.0090419793285892,0.0140152794762391,0.0206555831276918,-0.0459030349484706,-0.0712807960310469,1.268815681015334e-05,1
Zm00001d036137,0.0,III,0.528148,0.51,3.9177094860315305,0.2869084467340658,0.0351,0.2689,0.1304,89.0,67.0,40.1828,-0.03,0.03,0.015,0.0,0.5900000000000001,0.7250000000000001,0.005,0.745,0.87,0.68,0.1753,0.1194,1.0,1.0,1.0,1.0,0,0.2865,0.3345,1.0,1.0,1.0,0.0,0.0,0.0,-0.0573533870591103,-0.0904489433043614,-0.0698185967859456,-0.017729502267235,-0.0812657798406709,-0.0339863316755011,-0.1250101399242255,-0.070617171353333,0.2445229140184976,0.6378392467800555,0.9865902184979378,0.2110315877292433,0.5074455574990316,-0.0157509609370812,1.21668588415466,0.3121272432657228,0.0362231154835455,-0.057015280159014,0.0099322162625509,0.0069582142428165,0.0257054247643888,0.0024418586566327,-0.038495719554207,-0.0385068693079608,1
Zm00001d036145,0.0,III,0.540802,0.42,3.0301184873657045,0.5479094119674098,0.0443,0.1493,0.2968,245260.0,122279.0,31.1352,-0.02,0.035,0.015,0.005,0.655,0.71,0.04,0.6,0.84,0.525,0.37229999999999996,0.13885,1.0,1.0,1.0,1.0,1894,0.0,0.26249999999999996,0.0,1.0,1.0,0.0,0.0,0.0,-0.0953084024196659,-0.1109474989352403,-0.1239518480796808,-0.0605113000760476,-0.1075798380455225,-0.0418090251744244,-0.1400761625830509,-0.0855587278339855,0.0310683531635786,0.6185339287482996,0.2855192360551472,0.1198924174671488,0.3316506583723899,-0.0246325946198243,0.8246669042352174,0.2124331511321749,-0.0567909087446205,-0.0719198009633786,-0.0368658186893919,-0.0115147563149921,-0.0087275040243808,-0.0203428229890455,-0.0743732705359211,0.027991376133376,1
Zm00001d036176,0.0,III,0.418535,0.41,0.2254277925468984,0.7673272281284412,0.1397,0.1831,0.763,23.0,6520.0,25.8694,-0.02,0.0,0.015,0.005,0.01,0.21,0.005,0.605,0.405,0.44499999999999995,0.09720000000000001,0.09335,0.22915,0.6389,1.0,0.9167000000000001,0,0.20200000000000004,0.32999999999999974,1.0,1.0,1.0,0.0,0.0,0.0,0.5612738549158712,0.1238827252773685,-0.0217777587427132,0.0151286978785714,0.0436664376853565,0.2742192472361794,-0.0334794929090655,0.0073286279095886,0.8735457879678726,0.7728862319174208,0.4517790529168108,0.0738846068873452,0.3829039208756021,-0.00539397188296,0.9113296120774054,0.3669742084687162,0.0109781882495699,0.5430619298991542,0.0953717482580991,0.0325630558155997,0.094117282469923,-0.0018308809808498,0.7955655559932079,0.0361326720594677,1
Zm00001d036177,0.0,III,0.459239,0.5,2.304252368759278,0.4874151339413053,0.06,0.1975,0.3039,167.0,148344.0,14.8783,-0.02,0.0,0.03,0.0,0.005,0.79,0.04,0.595,0.9199999999999999,0.6000000000000001,0.09165000000000001,0.21245000000000003,0.1514,1.0,1.0,1.0,0,0.3939999999999999,0.8659,1.0,1.0,1.0,0.0,0.0,0.0,-0.0155046797033569,-0.0102163234480645,0.0044803597697444,-0.0182853429397124,-0.0182702751078764,0.0158327398726982,-0.0195595494247323,-0.011778059979016,0.4656823041981831,0.7138276016816453,0.3081258805514337,0.0548428128225573,0.3175440207818293,-0.0447233655862039,0.860323006616623,0.3015296825595929,0.0078185173307058,0.4569794163015454,0.5931086939394279,0.3874972934575462,0.6632131979736068,-0.0468863202509633,0.9913709379908052,0.6706988893971911,1
Zm00001d036202,0.0,III,0.658537,0.46,0.0762012790160293,0.7552569091672716,0.0628,0.1903,0.3302,399525.0,185004.0,15.3378,0.01,0.015,0.060000000000000005,0.0,0.735,0.265,0.0,0.895,0.765,0.0,0.19225,0.40075,1.0,0.9582999999999999,1.0,1.0,1575,0.6769999999999999,0.0,1.0,0.0,0.0,0.0,1.0,0.0,0.0915389998200954,0.3275350842386486,0.5838096518729338,0.1934792817852322,0.4606364881219144,0.0084514656832079,0.750871450451573,0.4368740876688509,0.1111854219743405,0.065846282113261,0.2236812156120317,0.016474125826505,0.1526076709118037,-0.0084331847399765,-0.0046935425611981,0.1435561511520133,0.2042499811642533,-0.0076501494542978,0.0855743794974751,0.0170111598482935,0.0534884347317084,0.0679227363039883,-0.0850386973794388,0.0574302005615455,1
Zm00001d036198,0.0,III,0.468085,0.41,0.0,,0.0555,0.0666,0.8334,135056.0,450504.0,15.3378,0.01,0.01,0.015,0.0,0.6,0.03,0.005,0.755,0.23500000000000001,0.045,0.09820000000000001,0.275,1.0,0.3958,1.0,0.825,0,0.32899999999999996,0.0,1.0,0.0,1.0,0.0,0.0,0.0,0.7570820762047612,0.3983705903926474,0.1131418730828507,0.0260708473476864,0.1525075921627063,-0.0021293767173695,-0.0888211032831132,0.1131312041284699,0.4316691265066504,0.1285154628012886,-0.0015623505306678,0.0052946840017685,0.2755541349381861,-0.046489215982147,-0.1128677518835807,0.0340934895628611,0.1916853850848288,0.0854713586667134,0.0016374171065183,-0.0059559154295258,0.0465920022160993,-0.0090777167270604,-0.0499079720838091,0.0088073335945157,1
Zm00001d036195,0.0,III,0.460648,0.39,4.185707302182254,0.2217903989160325,0.0063,0.098,0.0644,335138.0,9449.0,15.3378,0.0,0.03,0.04,0.02,0.5900000000000001,0.11499999999999999,0.755,0.91,0.395,0.87,0.29164999999999996,0.40915,1.0,0.9257,1.0,1.0,0,0.0365,0.09684999999999999,0.91,1.0,0.0,1.0,0.0,0.0,-0.0038768776774566,0.7224993638057036,0.2028841461240249,0.0655091199298312,0.1539390817125205,-0.0237318699896444,1.1181258372453793,0.0452924047954431,-0.1163035456517355,1.0545001700047978,0.0109298339250376,0.0232361583636025,-0.0748184008018603,-0.0314383860099459,1.1445695278996657,-0.0828236097472347,-0.0814532725058327,0.7851952496585604,0.048790441369047,-0.0111330616755399,-0.1182936923895866,-0.0471139294809913,1.1183749317249805,-0.0876998528951335,1
Zm00001d036206,0.0,III,0.509343,0.63,0.3303324697712168,0.7772539436629016,0.016,0.1532,0.1043,235863.0,340446.0,6.69714,0.02,0.025,0.01,0.01,0.7450000000000001,0.8200000000000001,0.49,0.855,0.915,0.5549999999999999,0.23714999999999997,0.119,1.0,1.0,1.0,1.0,1788,0.06764999999999997,0.13049999999999998,0.83,1.0,0.0,0.0,1.0,0.0,-0.0788141728758038,-0.09375769503959,-0.1056962465859967,-0.0388844900802393,-0.0820302280298177,-0.0671769892870655,-0.1111145487273137,-0.0454954420235012,0.5305616121933647,0.0447644901769248,0.0268525649161243,0.0007917334451773,0.1663092042335744,0.1972023882535182,-0.1892052382746888,0.1213806135324566,-0.0298297220392315,-0.0810533273450414,-0.0258744167823519,0.0037916833666695,0.0222131930500683,0.0181952298483389,-0.1088932800280624,-0.0440262235763337,1
Zm00001d036214,0.0,III,0.508183,0.69,1.707554135766433,0.461546215851875,0.039,0.0794,0.4915,263.0,184430.0,6.69714,0.02,0.09,0.03,0.0,0.76,0.7,0.005,0.9,0.86,0.6699999999999999,0.84375,0.38375,1.0,1.0,1.0,1.0,226,0.6204999999999999,0.773,1.0,1.0,0.0,0.0,1.0,0.0,-0.0608164074210934,-0.061065480134705,-0.0623715469274618,-0.0371276944970223,-0.0376145437711823,-0.0413163303142239,-0.0785948107088728,-0.053845977872554,0.1508547453074104,0.7299935558094015,0.2974556653487861,0.133104877072084,0.3555532032110465,-0.023069230160102,0.7112543241158243,0.2426231659239788,-0.0468778831607875,-0.0672096165499818,0.0313533795559502,-0.0169204781892979,0.0366580548724369,0.0027729763879875,-0.0653937759208813,0.0782466810095167,1
Zm00001d036222,0.0,III,0.517504,0.68,1.4558193591587798,0.4122599486359035,0.0299,0.0924,0.3232,129.0,225692.0,13.4469,0.03,0.02,0.02,0.01,0.655,0.71,0.165,0.755,0.85,0.63,0.24619999999999997,0.1424,1.0,1.0,1.0,1.0,0,0.061000000000000006,0.27845,1.0,1.0,0.0,1.0,0.0,0.0,-0.065947436401413,-0.0874383908763356,-0.0804267161872517,-0.0266166722060602,-0.0630711720956548,-0.0336741857210637,-0.1110672879329446,-0.05276557250016,0.0739764972390522,0.9295851592229604,0.1919956915426425,0.036528385954512,0.264300260080983,-0.0542400460152263,1.014553720395951,0.1407155175487616,0.2470585257856959,-0.0407547367985914,-0.000832279129271,0.0454643764899258,0.089251367478776,0.003862728034598,-0.0616691915312164,0.0441009975656523,1
Zm00001d036215,0.0,III,0.492063,0.382353,3.6318841057328903,0.2572229809753338,0.0104,0.1123,0.0924,910.0,3022.0,6.23758,0.03,0.02,0.06,0.0,0.745,0.27,0.005,0.805,0.36,0.64,0.1977,0.57145,1.0,1.0,1.0,1.0,8283,0.05800000000000001,0.19249999999999998,1.0,1.0,0.0,0.0,1.0,0.0,0.0949102921475928,-0.0474743762284223,0.1283452833046498,0.0146176076894025,0.0900510362438886,0.0075704024920921,-0.0270122395337443,0.0612104117258521,0.1033141810377121,0.774108577901142,0.4636534441960057,0.1581548998101453,0.4231303695019348,-0.0389418769569365,1.212947528002658,0.258530862795189,-0.0750918059113986,-0.1391402210865228,-0.0861514567743404,-0.0836910386297462,-0.0653860076926557,-0.0681910913275067,-0.1325598051996895,-0.0746804650461218,1
Zm00001d036228,0.0,III,0.578042,0.68,0.782883553147595,0.5529023628682821,0.075,0.1491,0.503,7040.0,275825.0,14.8783,0.04,0.01,0.01,0.045,0.81,0.325,0.585,0.885,0.75,0.6399999999999999,0.05355,0.12625,1.0,1.0,1.0,1.0,0,0.0,0.4733,0.0,1.0,0.0,0.0,1.0,0.0,-0.0215416763884063,-0.0205103025640242,-0.0206342484878366,-0.0166790205853269,-0.0227444995300087,-0.0181900937574589,-0.0274881366586668,-0.0165134214548481,0.2253848226720554,0.1200171820207608,0.2829173254446938,0.1244570920141699,0.2731276299773887,0.0092857515559551,0.0164497729613706,0.3045300611237267,-0.0349287463812046,-0.0453190051252744,-0.0398152210751012,-0.0090816897812093,-0.0422917904154428,-0.0004556578607985,-0.0693304210630759,-0.0261422182631407,1
Zm00001d036237,0.0,III,0.682234,0.51,0.699195587437563,0.9098276864646428,0.0452,0.932,0.0485,10263.0,589.0,14.8256,0.04,0.07,0.11,0.0,0.69,0.16499999999999998,0.0,0.775,0.44999999999999996,0.0,0.8538,0.83335,1.0,0.8452500000000001,1.0,0.9028,1151,0.04249999999999999,0.0,0.85,0.0,1.0,0.0,0.0,0.0,0.1508037988462426,0.0183902705607237,0.080076666373993,0.0194193368108019,0.0671836739909149,0.2852170330682172,-0.0545827354812332,0.0526976995851769,0.3019749347927175,0.1345538976710081,0.3499491402238613,0.1366589194327217,0.2170750909805794,0.1217112396708305,-0.0543760155420092,0.2105955579908056,0.2144739748623957,0.0033281547413516,0.0054200425179049,0.0403020785931054,0.0849077863516065,0.0894476005147434,-0.073274845530749,0.0152062677451718,1
Zm00001d036240,0.0,III,0.547619,0.41,2.8532859686392755,0.2886726760411394,0.0115,0.1794,0.0639,152590.0,523.0,22.035,0.05,0.060000000000000005,0.0,0.0,0.815,0.0,0.005,0.895,0.030000000000000002,0.625,0.75,0.0,1.0,0.0,1.0,0.2833,156,0.9044999999999999,0.0,1.0,0.0,0.0,0.0,1.0,0.0,0.1309191516433769,0.0218230571723944,0.7084313803593172,0.3092831756519122,0.489047968689274,0.0543990859943847,-0.0578108967018056,0.6605657367815929,-0.0709653659802379,0.8019195333128113,0.1829361356661056,0.2034290039800607,0.4867682203642525,-0.0759559599588196,1.149445776357099,0.1271800637582433,-0.067209547379873,-0.0779425667628095,-0.0641172635308499,-0.0542147356015756,0.0019671025664223,-0.0469982039252114,-0.0866023197246807,-0.0487240458641572,1
Zm00001d036244,0.0,III,0.692098,0.51,0.0442953798163536,0.9815062122035312,0.1668,0.1083,1.5398,44848.0,82383.0,24.8977,0.06,0.015,0.02,0.0,0.435,0.5249999999999999,0.0,0.62,0.72,0.0,0.26039999999999996,0.21889999999999998,1.0,1.0,1.0,1.0,0,0.4760000000000001,0.5375,1.0,1.0,0.0,0.0,1.0,0.0,-0.0366378554567519,-0.027662462442289,-0.0258155560574629,-0.0071611454049333,-0.0335911869884108,0.008469488205187,-0.0432997032713703,-0.0226377658144182,0.3120428862901073,0.1084758152214582,0.3189872745320009,0.0414113395192934,0.0914175249864516,0.6433693324267878,-0.0260374960856176,0.0717127143405465,0.2041219576845238,0.0146770050096238,0.0245348408076533,0.0193148687307426,0.1005380264219371,0.6988563719634968,-0.0572878213959744,-0.0110934853165918,1
Zm00001d036245,0.0,III,0.461589,0.33,2.865083602206541,0.2507879540011741,0.1055,0.1987,0.5311,24.0,91305.0,7.20936,0.06,0.025,0.15500000000000003,0.005,0.375,0.645,0.065,0.525,0.825,0.565,0.27745,0.4732,1.0,1.0,1.0,1.0,122,0.2745,0.9165000000000001,1.0,1.0,0.0,0.0,1.0,0.0,0.0,0.0,0.0,0.0,0.0,0.0,0.0,0.0,0.1638753600502766,0.8013681262081643,0.4143183967476926,0.0670829223337506,0.2306178344099563,-0.0393195489769066,1.070097512375091,0.1446588568249953,0.015352271166801,-0.1548617556961357,-0.1331984356658768,-0.0782708830683314,0.0538184432490154,-0.0950807227175067,-0.1625616647895252,-0.0310608711763749,1
Zm00001d036279,0.0,III,0.421569,0.3,0.0,,0.0838,0.0899,0.9325,191572.0,357871.0,12.9347,0.07,0.015,0.02,0.0,0.75,0.685,0.01,0.835,0.9,0.025,0.27775,0.2569,1.0,1.0,1.0,1.0,244,0.9065000000000001,0.08850000000000001,1.0,1.0,0.0,0.0,1.0,0.0,0.005874723193167,-0.0370325172721273,-0.0386296758279205,0.035752438506294,0.0079590107011772,0.0064006625079471,-0.0812975150652214,0.0209350422344233,0.2376662159355159,-0.0935725545301999,-0.0850856164221745,-0.0585789996028128,0.1310770701837249,-0.0389491271599382,-0.120435668227437,0.0146707173671295,0.0114389026222128,-0.0100578547276099,-0.0078406447486921,-0.0053703177629036,0.0076396896645351,0.0277177342250782,-0.0190193316352911,0.0134922351429125,1
Zm00001d036283,0.0,III,0.652083,0.68,4.473525316951548,0.4282022850639105,0.0183,0.3171,0.0579,119.0,322.0,22.4946,0.07,0.015,0.03,0.025,0.29000000000000004,0.785,0.045,0.28,0.88,0.055,0.18255,0.5205500000000001,1.0,1.0,1.0,1.0,3883,0.0,0.065,0.0,1.0,1.0,0.0,0.0,0.0,-0.0261779486726081,-0.0361780766557469,-0.0248906549193336,0.013191802265235,-0.0233140406792298,-0.0151061171093896,-0.0681206104812189,-0.0191904464970795,0.4432498597065092,0.2078695235939558,0.7756651328082165,0.4710530623767327,0.9014129406062144,0.0411526848926901,0.314964865836021,0.7309356619964088,0.4462212758688904,-0.0931415480354746,-0.0670142609054959,0.1132986104723577,0.3249254272683842,0.0267055608203933,-0.0833475328547353,0.1672328403969566,1
Zm00001d036285,0.0,III,0.492308,0.4,4.212278597619081,0.1979335917758266,0.0209,0.314,0.0664,366201.0,1555.0,21.0632,0.07,0.04,0.03,0.005,0.76,0.385,0.005,0.92,0.46,0.5900000000000001,0.45230000000000004,0.38335,1.0,1.0,1.0,1.0,0,1.0,0.0715,1.0,1.0,1.0,0.0,0.0,0.0,0.2292065648392627,0.0789109895530935,-0.0517453128651748,0.0489241841005325,0.2530576200300322,0.0529675862751269,-0.0149909935023958,0.0854349808407244,-0.0786877430791786,0.6128864823327362,0.3449885227411317,0.105240842440342,0.2699041094963228,-0.0893196663994953,1.0550541781589209,0.1753345661831383,-0.0612566234607114,-0.1018374463583633,0.0032303984819539,0.0135138151341052,0.0128754735436143,-0.0651677261479815,-0.0851395774753347,0.0330111654464061,1
Zm00001d036293,0.0,III,0.652778,0.58,5.203677567599932,0.4456059686399167,0.0095,1.0176,0.0094,125.0,194.0,109.256,0.07,0.025,0.025,0.0,0.78,0.6000000000000001,0.0,0.81,0.6499999999999999,0.005,0.29405000000000003,0.28065,1.0,1.0,1.0,1.0,0,0.0,0.3715,0.0,1.0,1.0,0.0,0.0,0.0,-0.0776583626923813,-0.058887353436282,-0.0519722210360244,-0.034586983005821,-0.0690781401226086,-0.0377255054932465,-0.0769081260017058,-0.0626255028034862,0.1127346741492629,-0.0761545717891947,1.55589197789933,0.6074234721097098,0.9112753874456188,0.0193456968994356,0.4687679546823858,1.0116415870564657,-0.0275666929570985,-0.0599269112309216,-0.0011620236971309,0.0864858066405363,0.2180814627706533,0.0222661665077341,-0.0555127809133609,0.0696069677048544,1
Zm00001d036300,0.0,III,0.449234,0.61,3.2537065045734903,0.2301057358114097,0.029,0.1335,0.2176,627.0,334049.0,9.10026,0.07,0.06,0.02,0.0,0.72,0.6799999999999999,0.0,0.8200000000000001,0.805,0.61,0.53125,0.20835,1.0,1.0,1.0,1.0,0,0.34650000000000003,0.0216,1.0,0.88,1.0,0.0,0.0,0.0,-0.0977437580606581,-0.0891110166612179,-0.0857356296612127,-0.0569778961702652,-0.0890944522117348,-0.0888194902586645,-0.1203932030549523,-0.0601225501470505,0.112666280829408,0.5531814888352138,0.3543187456449467,0.1543810000707782,0.383194332676163,0.0227256282851894,0.7414222968314019,0.1611076098366508,0.0757654687445372,-0.0550382147365375,0.4796443687842232,0.2094099356348642,0.485615109545458,-0.0115113757497003,0.1343418528343404,0.5803695749386988,1
Zm00001d036301,0.0,III,0.447824,0.41,4.562009412339673,0.2286443571823526,0.0032,0.1042,0.0305,184054.0,136674.0,9.10026,0.07,0.03,0.01,0.01,0.69,0.65,0.21000000000000002,0.87,0.74,0.7150000000000001,0.20834999999999998,0.1393,1.0,1.0,1.0,1.0,0,0.2805000000000001,0.544,1.0,1.0,1.0,0.0,0.0,0.0,0.000248435008893,-0.0135616150262279,-0.0483504594673589,-0.0159819559357267,0.0360162447184559,-0.0324678644297735,-0.0434535001266463,0.0008408342415822,0.0639438590221803,1.1566378502522832,0.2422610397285644,0.0833991992673279,0.2983034147379456,-0.0497308922740743,1.46440367393464,0.1204438910639305,-0.0747703935540546,-0.1117887738905393,-0.0686506084606621,-0.0358577523120505,-0.0671397964943853,-0.0678237407824503,-0.1288385024511404,-0.0627075315336003,1
Zm00001d036305,0.0,III,0.46674,0.42,3.974726489283245,0.2176406083522782,0.0128,0.1434,0.0895,199881.0,703.0,8.12848,0.06,0.045,0.0,0.005,0.77,0.01,0.015,0.88,0.0,0.765,0.37275,0.0128,1.0,0.20829999999999999,1.0,0.0,2704,0.5469999999999999,0.0,1.0,0.0,0.0,0.0,1.0,0.0,0.1601943342903034,-0.0526195472493347,0.3144640734894776,0.0967162302026216,0.3651507144466629,-0.0406118784493615,-0.0265707802315978,0.3880158224152339,-0.1048791313164723,1.2013577961269728,0.3812923121508141,0.0694497824106988,0.2382675758897536,-0.0916727347269107,1.833025105783611,0.1179884637712838,-0.0544896857268374,-0.0860656977902918,-0.0164685549489054,0.011887541205828,-0.0052887698166132,0.010282829119261,-0.0781751939582809,0.0259660432304654,1
Zm00001d036322,0.0,III,0.454657,0.417647,2.748710190195927,0.393674817608283,0.0099,0.1323,0.0745,250.0,243281.0,10.072,0.04,0.04,0.04,0.005,0.78,0.855,0.025,0.94,0.875,0.66,0.44045,0.23085,1.0,1.0,1.0,1.0,0,0.4392999999999999,0.07450000000000001,1.0,1.0,0.0,0.0,1.0,0.0,-0.0611333778949112,-0.0466111369292873,-0.0838581183042257,-0.0474426337349057,-0.0836144105592272,-0.0553336870871441,-0.0873443778616463,-0.067957243804565,0.2870341601570186,0.7213951428373704,0.4277749366337639,-0.0005283300287025,0.2658119337050922,-0.054940078662771,1.0902418047737068,0.2163819738743155,-0.0521583978395746,-0.0477564885355983,-0.0357008094122434,-0.0029171912097481,0.0143247375815309,-0.0190753472897865,-0.0756513817420002,0.0123372750319196,1
Zm00001d035818,0.0,III,0.517104,0.61,2.3914026130000576,0.2462919615422655,0.0609,0.131,0.4645,530919.0,588716.0,8.12848,-0.06,0.035,0.065,0.0,0.56,0.5,0.005,0.79,0.7,0.67,0.5,0.52725,1.0,1.0,1.0,1.0,883,0.534,0.45899999999999996,1.0,1.0,0.0,0.0,1.0,0.0,-0.0004067349775814,-0.0028195847463095,-0.0045505814552654,-0.0045505814552654,-0.0045505814552654,-0.0045505814552654,-0.0045505814552654,0.001217388785759,0.1618405273899846,0.7435169173465482,0.3360616753727886,0.0437047321146444,0.2932728959186889,-0.0216164430205544,0.6664622210165931,0.3367991997755707,-0.0158381191538052,-0.0458239164057261,-0.0338483970008915,0.0081901901740785,0.0045331533226446,0.0159750199031014,-0.0589335978011494,0.022988814844615,1
Zm00001d035838,0.0,III,0.60274,0.42,4.755701248688715,0.2661377510435717,0.0342,0.474,0.0722,24311.0,305069.0,15.85,-0.06,0.01,0.03,0.0,0.45999999999999996,0.615,0.0,0.645,0.775,0.0,0.05295,0.24855,0.9357,1.0,1.0,1.0,0,0.10550000000000002,0.6984999999999999,1.0,1.0,1.0,0.0,0.0,0.0,-0.0476346284055767,-0.051510853427403,-0.0604651617942194,0.0050781080250407,-0.05566872029809,-0.0210692392530646,-0.0799534945481438,-0.0279868862734724,0.4099407776213307,0.0778214816705203,1.4079115727244311,0.3314433836709901,0.8793355163185821,0.0201418500168743,0.8844479280594735,0.9232827302086676,-0.0512969885718844,-0.0801400267855712,0.0112478207442347,-0.0364089151524063,0.0047203878633793,-0.0443497494108442,-0.0505671340870777,0.0083390144987881,1
Zm00001d035845,0.0,III,0.477037,0.53,0.0765820874062644,0.7460020781289974,0.1156,0.0704,1.6412,129955.0,144870.0,15.7974,-0.06,0.105,0.0,0.0,0.76,0.0,0.0,0.86,0.17,0.015,0.94445,0.03335,1.0,0.04165,1.0,0.8611,1917,0.8854999999999998,0.0,1.0,0.0,1.0,0.0,0.0,0.0,0.7386046288235886,0.2332765413992548,0.1162677406950427,0.0649920808256193,0.1647993680372436,0.1492832496931752,-0.0446010418484417,0.0480931856635341,0.6043419487817719,0.2976067224430051,0.4692247525658409,0.2304829228573623,0.5488667172027326,-0.026612538766023,0.1510175605588321,0.571949072336374,0.0192413479872437,-0.0142478783231021,0.0453668472710096,0.033272851476225,0.0698626679058831,-0.0034002842974569,-0.0303319803732886,0.1187819553028304,1
Zm00001d036598,0.0,III,0.455048,0.43,2.4847810471796725,0.3313045282309217,0.046,0.0868,0.5301,52452.0,1341.0,16.7692,0.79,0.035,0.01,0.0,0.72,0.42000000000000004,0.0,0.88,0.57,0.35,0.7595000000000001,0.06875,1.0,1.0,1.0,1.0,2284,0.26330000000000003,0.0455,1.0,0.97,0.0,0.0,1.0,0.0,0.1251229664849188,-0.0188517874957331,0.6972109220304422,0.3398100109750129,0.7840275810280536,-0.0119687941891364,0.2827143522827632,0.975768263278933,0.2039751447901266,0.6059861745650836,0.4109535854169378,0.3700357865638289,0.7986065371242204,0.0100754046726692,0.815409859771495,0.7069472570901773,-0.0418713390305198,-0.1046658817204337,-0.0701500793719446,-0.0299001765685312,-0.0237042892539729,-0.0773137811458253,-0.1188386461965929,-0.0791446816187103,1
Zm00001d036597,0.0,III,0.641873,0.5,2.2485748360260405,0.335695364353505,0.0385,0.3048,0.1265,81.0,57361.0,16.7692,0.79,0.01,0.0,0.005,0.6599999999999999,0.0,0.0,0.745,0.325,0.0,0.13165,0.0291,1.0,0.0,1.0,1.0,1024,0.5665000000000001,0.0,1.0,0.0,0.0,0.0,1.0,0.0,0.1267217962977652,0.5776176835034308,0.2562285583126332,0.2388709729390078,0.534993642725753,-0.0054881446238276,0.7906755723585731,0.4384103603773556,0.2451568829482965,0.0180162563582771,1.2148049170098734,0.5807844991753532,1.247046803329471,0.0348565629442077,0.4525244305412286,1.5706615230068022,-0.039936818190589,-0.0752398660729782,-0.0201371799048034,-0.0036471729396496,0.0006226312156113,-0.0298136186415647,-0.0868806068264697,0.0399990962157997,1
Zm00001d036594,0.0,III,0.564815,0.347059,1.96227611704224,0.1796320279553777,0.0273,0.2349,0.116,86442.0,1071.0,19.1723,0.78,0.02,0.0,0.015,0.785,0.0,0.175,0.91,0.08,0.725,0.14,0.00895,1.0,0.0,1.0,0.5,2317,0.11889999999999999,0.0,0.98,0.0,1.0,0.0,0.0,0.0,0.3082816995312107,0.1623134715507495,0.1412021514246773,0.2814186508561674,0.7362778740149626,0.0483655922667736,0.0409769490295998,0.6233404650698344,0.0040574590663181,0.9771295376152278,0.2965067128241177,0.083248069921454,0.3046230481139355,-0.0447019515257554,1.2433979378148703,0.2147823454745516,-0.1116535492767257,-0.1366179263479095,-0.1149878178577,-0.0456946013416116,-0.0260480432823536,-0.0392699322922171,-0.1504992557914512,-0.0445580304800579,1
Zm00001d036593,0.0,III,0.511967,0.494118,1.804106225806676,0.5763126494080395,0.0236,0.1483,0.1588,106.0,483.0,33.5384,0.78,0.05,0.005,0.04,0.825,0.0,0.08,0.8500000000000001,0.075,0.39,0.75205,0.04165,1.0,0.0,1.0,0.5,0,0.172,0.0,1.0,0.0,0.0,1.0,0.0,0.0,-0.0157616437521262,0.638893656738398,-0.0272794678017163,-0.0596015531800396,0.0487570630464472,-0.0591485882783003,0.7600966487516352,-0.0558618180204112,0.3622770791982565,0.730930855096194,0.6605137718947324,0.3547578918845342,0.845209447795812,0.0132234721828273,0.9581528931821164,0.5862526002326026,-0.0770180295281886,-0.0828152882836249,-0.0742068603120823,-0.0463168024475693,-0.0215163819774596,-0.0531795897511839,-0.1021794279170869,-0.0701565118033778,1
Zm00001d036577,0.0,III,0.651042,0.61,0.0,,0.1533,0.1309,1.1709,202079.0,17651.0,6.23758,0.72,0.065,0.015,0.0,0.525,0.505,0.04,0.885,0.82,0.025,0.55165,0.2229,1.0,1.0,1.0,1.0,0,0.496,0.09099999999999998,1.0,1.0,1.0,0.0,0.0,0.0,-0.0437103858836997,-0.0767164679158824,-0.0789296101435224,-0.0436130410596733,-0.023245754333706,-0.0341221547465407,-0.089848171690917,-0.0244053641026588,0.3809987843892916,0.1468953517492224,0.5654168131992933,0.0447988177676431,0.2213169798478554,0.2855751173184485,-0.0832125633263621,0.214047737305994,0.0148512876911846,-0.058617942047006,0.023781743979145,-0.0120358075295824,0.0393356212455924,0.0173643922172827,-0.0829209497138369,-0.0114516566936705,1
Zm00001d036573,0.0,III,0.492625,0.59,1.896341981737918,0.5668303660680021,0.0414,0.1218,0.34,5.0,217313.0,15.7974,0.69,0.075,0.08,0.0,0.765,0.6950000000000001,0.0,0.9,0.635,0.5700000000000001,0.6667000000000001,0.4537,1.0,1.0,1.0,1.0,1659,0.7330000000000002,0.353,1.0,1.0,0.0,0.0,1.0,0.0,-0.0170981023527878,-0.0371152152185102,-0.0078348488140829,-0.0113284721706919,-0.0090328181794948,-0.0099088079330566,-0.0592692431312274,-0.0160912758099808,-0.0033097291503786,0.6550884220349672,0.4207506456247133,0.1611051077825292,0.4374683061629213,-0.0682059389936211,1.0191899673829876,0.2456148894918269,-0.0418436139564954,-0.040688894285233,-0.0100777283859072,0.0130981330211412,0.0377417137385353,-0.0042514872735628,-0.070397632704407,0.0051450419473153,1
Zm00001d036571,0.0,III,0.541998,0.74,3.311987417203241,0.3988885591015617,0.0329,0.1314,0.2503,80.0,7319.0,12.4752,0.66,0.045,0.03,0.005,0.72,0.6,0.235,0.905,0.86,0.6599999999999999,0.6667,0.2554,1.0,1.0,1.0,1.0,0,0.5375000000000001,0.095,1.0,1.0,0.0,1.0,0.0,0.0,-0.0795703361011302,-0.0577789981158686,-0.0508535022586315,-0.0493731078443809,-0.0926029814525206,-0.0625412915285482,-0.1137412178417457,-0.0719982108071701,-0.0516098558185281,0.9360222388596842,0.2364274858409669,0.0427571007663322,0.2468915023525029,-0.0510531510698905,1.0753913592448967,0.2186945886321377,-0.0584627202464851,-0.0451999977672247,-0.0452290288995204,0.0080458384575559,-0.0140739455496529,-0.0046610143993892,-0.0564749926150302,-0.0375617395170266,1
Zm00001d036567,0.0,III,0.540707,0.56,7.8573124162058035,0.1620010813448749,0.0549,0.1718,0.3193,129.0,138861.0,12.4225,0.61,0.065,0.02,0.005,0.8049999999999999,0.625,0.025,0.9099999999999999,0.8200000000000001,0.35,0.83055,0.25,1.0,1.0,1.0,1.0,1692,0.8200000000000003,0.032,1.0,0.65,1.0,0.0,0.0,0.0,-0.0763185087205487,-0.0889569147932324,-0.0669125466862598,-0.0237347325061132,-0.0467854431604033,-0.0841194471427744,-0.1211081403962536,-0.0811712951247863,0.0307732306194351,0.2867596334301667,0.8339340744358678,0.1275932111929411,0.4002737834765969,-0.0362888636740156,0.8929029075383369,0.2153215407071669,-0.0220217969223159,-0.0343277166690761,0.0569974882938904,0.0440766438910222,0.0457115766877298,-0.0156519179581043,0.0213814060215283,0.0307154369186941,1
Zm00001d036564,0.0,III,0.474926,0.54,2.0671446280019725,0.3744455328968296,0.0379,0.1481,0.2557,1139.0,509.0,27.7603,0.56,0.05,0.0,0.0,0.655,0.07,0.0,0.79,0.12000000000000001,0.88,0.4861,0.00595,1.0,0.91665,1.0,1.0,156,0.4989999999999999,0.0,1.0,0.0,0.0,1.0,0.0,0.0,0.1408640251736713,0.0394886620737986,1.2283100431107,0.4020471680613149,0.8099995656004386,-0.0712328709793284,0.4859065898636408,0.5096681801070593,-0.0002075174598203,0.561008521695343,0.1350590525554507,0.0646834373860179,0.1362423932597994,-0.0259414755250712,0.6889644425641549,0.0288242455001078,0.0976194800545736,0.1142363698836476,0.8270910423210058,0.3735632636102245,0.7696131070128542,0.0012415682350411,0.4744923465504249,0.9734310612097838,1
Zm00001d036560,0.0,III,0.463696,0.37,4.127508495915353,0.204786084706971,0.0386,0.1258,0.3069,65.0,145741.0,12.4752,0.52,0.045,0.0,0.0,0.56,0.03,0.005,0.575,0.9450000000000001,0.685,0.5198,0.02085,1.0,0.27775,1.0,1.0,1541,0.1675,0.051000000000000004,1.0,0.96,1.0,0.0,0.0,0.0,-0.1089316744497879,0.6424790809917065,-0.0256290460289224,-0.0714138321015687,-0.044586771869109,-0.0524144393515551,0.934988887376172,-0.0553327640691237,-0.1215727335824414,0.7672348160865904,0.6558256067624557,0.0824997195490596,0.1935995938102486,-0.1203958859736975,1.5898310971553646,0.1351829707491339,0.0027837390226527,-0.062837877373216,0.0139298846188385,0.0212312826061618,0.1696390971819926,-0.0287902250248289,-0.0346540139637291,0.0791654318677778,1
Zm00001d036550,0.0,III,0.626932,0.52,3.2744065281662422,0.3931114198482387,0.1615,0.1919,0.8417,172139.0,67198.0,23.0067,0.39,0.065,0.03,0.0,0.4,0.315,0.0,0.48,0.365,0.0,0.8382000000000001,0.54515,1.0,1.0,1.0,1.0,221,0.0585,0.03565,1.0,0.75,1.0,0.0,0.0,0.0,0.5471475219942161,0.1859202687701789,0.2035067561265934,0.1085329548256256,0.3390945204736012,-0.0400005843407808,-0.01883232172409,0.1570817419048811,0.3544359628291018,0.0785502086598641,0.8820370746585677,0.2170703651064162,0.5681159681046293,-0.0325840324218048,0.1144153415302143,0.6706737626498701,0.2657145922971119,-0.0588059617068657,0.0185971553909132,0.0405138814402804,0.2708561737181579,0.0197297230412537,-0.0651056023852713,0.0648280157434642,1
Zm00001d036546,0.0,III,0.523981,0.65,3.565648065509436,0.3338883667950391,0.0143,0.113,0.1261,4925.0,187.0,11.9629,0.37,0.02,0.18,0.005,0.52,0.41500000000000004,0.03,0.6799999999999999,0.565,0.475,0.3478,0.75,1.0,1.0,1.0,1.0,4092,0.0,0.0735,0.0,1.0,1.0,0.0,0.0,0.0,0.1781386259142192,-0.0115372279968217,0.0505083009700248,0.0421482479687231,0.082882466776229,0.1018732402141544,-0.0533562546827949,0.0309659096423241,0.1884506621238301,0.7260354006876842,0.4417371423981818,0.2291124521286296,0.5354679689979056,0.026679714871756,1.0635496937187523,0.3176879751240576,0.1288419875667624,0.0305967177138333,-0.0433519493905052,-0.0173357672018826,0.0617536626108377,0.0024620018085,-0.0512262746611625,0.0205596860650659,1
Zm00001d036543,0.0,III,0.635965,0.63,4.336123734944231,0.3978551465369647,0.026,0.2609,0.0998,24.0,471.0,10.5316,0.36,0.065,0.09,0.0,0.765,0.505,0.025,0.8999999999999999,0.79,0.81,0.3333,0.61425,1.0,0.975,1.0,1.0,0,0.8714999999999997,0.0,1.0,0.0,1.0,0.0,0.0,0.0,0.3059358333073081,-0.0124027511341,-0.0374699424592788,0.0397215456887485,0.1028051313984926,0.1513303659979145,-0.0710736863045147,0.0409245646043642,-0.041297653278546,0.4930483667465221,0.5995940823497118,0.2291552332020817,0.4359343060422298,-0.0089307755015344,0.8417512342350092,0.2511398849736272,0.0025560615430554,-0.0239403461701924,-0.0155096257727398,-0.0056922213953886,0.0654557898213699,0.0012182392486411,-0.0367720897805078,0.0241114470509666,1
Zm00001d036534,0.0,III,0.457457,0.594118,0.6745265371661705,0.6147343312160416,0.0392,0.1241,0.316,497.0,1821.0,19.6319,0.26,0.01,0.02,0.005,0.28500000000000003,0.15000000000000002,0.005,0.37,0.64,0.25,0.09225,0.40725,1.0,0.875,1.0,1.0,6053,0.0,0.07400000000000001,0.0,1.0,0.0,1.0,0.0,0.0,0.1590525522300429,0.5124768176191823,0.4283235018442551,0.1496646889406076,0.4215874110781782,0.0030067196156698,0.6749490860222145,0.4771499018184413,0.6766365213700867,0.5070181094040327,0.3862637834507724,0.3170136846795028,0.8137918658979849,0.0380142782113413,0.4732375500931923,0.5996679030422362,0.1261976458456775,-0.080865688824706,-0.033449300598754,-0.0552011964395138,0.0274318738900406,0.0788545455170348,-0.0886376063515432,-0.0257226247551343,1
Zm00001d036533,0.0,III,0.498186,0.717647,3.385042466741829,0.3103505280978761,0.054,0.2273,0.2374,23.0,395.0,23.0067,0.25,0.175,0.015,0.0,0.43999999999999995,0.13,0.005,0.545,0.8,0.485,0.91875,0.36929999999999996,1.0,0.7041999999999999,1.0,1.0,14337,0.1575,0.07400000000000001,1.0,1.0,0.0,1.0,0.0,0.0,0.1833034927338975,0.8109122132728341,0.1251350362410036,0.0794028362738365,0.3176881049456613,-0.0064500555876561,0.8371972006829923,0.1896827743028875,0.2997575993277223,0.5736750310538835,0.7325441510640631,0.2080317781525356,0.5827404216029556,0.0310231489901226,0.8986592966270239,0.4142489364496494,0.034838494522078,-0.0291297743161133,0.0128441506881988,0.022086942068839,0.1462591499605658,0.0335637998356951,-0.0363349472681198,0.1086905498835538,1
Zm00001d036531,0.0,III,0.506903,0.59,0.84787855735819,0.6217566462917542,0.0902,0.1167,0.7725,7711.0,2763.0,22.5472,0.24,0.08,0.03,0.005,0.165,0.515,0.235,0.48,0.755,0.495,0.65155,0.2351,0.93335,1.0,1.0,1.0,985,0.109,0.14665,1.0,1.0,1.0,0.0,0.0,0.0,0.2482136637817741,0.3016191201173207,-0.0218195611526278,0.099911925121443,0.3636864958879787,0.0451642437522897,0.0841436383827049,0.2624041559650857,0.5865894424996734,0.9634995495695848,0.386694260699514,-0.0572041379153819,0.0756901980231526,0.0290370197292152,0.9926421644600828,0.0828451541664292,0.0905110572508971,0.0317595690430232,0.0179092007056126,-0.0062663180351985,0.0560188902429926,0.0489683942801899,0.0072694225124168,0.0269725360028192,1
Zm00001d036529,0.0,III,0.45406,0.54,1.929414121299164,0.3539045858084394,0.0217,0.2256,0.0964,3457.0,1913.0,12.9347,0.23,0.05,0.0,0.0,0.26,0.005,0.04,0.45,0.025,0.94,0.76965,0.0243,1.0,0.0833,1.0,0.55,3398,0.07150000000000001,0.0,1.0,0.0,1.0,0.0,0.0,0.0,0.3233672300936364,0.2290834260103839,0.0169907257632557,0.1213878586999627,0.5021159708136013,-0.027367790727968,0.2552251360229476,0.1947574623905135,0.0374737884702672,0.3465080062119103,0.0912610537447411,0.0424768659239543,0.1715159947712032,0.0045555035562242,0.5899952694752735,0.0300219499478247,0.2506519241019356,0.0278813379559459,0.5720514295545909,0.163825365590857,0.4438083310376162,-0.0105361055856706,0.4026840955306744,0.3416953709307234,1
Zm00001d036524,0.0,III,0.519282,0.59,3.1415627177038807,0.3216006733666544,0.0172,0.1555,0.1108,431.0,85899.0,28.7321,0.19,0.005,0.035,0.0,0.02,0.73,0.02,0.46499999999999997,0.905,0.655,0.07145,0.38855,0.20240000000000002,1.0,1.0,1.0,8307,0.0495,0.2825,1.0,1.0,0.0,0.0,1.0,0.0,-0.0512130982765747,-0.0466660499771033,-0.0422080908321283,-0.0017027770438066,-0.0547510878411419,-0.0152039258426285,-0.0789250475798237,-0.0355752458137735,-0.0176335581359572,0.9888396047296628,0.431408598638667,0.1425000651784349,0.3862929668745991,-0.0193480176711992,1.3986702023725512,0.2670967905032658,0.3765774248452586,0.2206432616379955,0.3969211515667505,0.0178040721694494,0.1403314513243155,-0.0203093331494539,0.1209202752852269,0.1915162297614908,1
Zm00001d036522,0.0,III,0.492366,0.51,0.1594020422236621,0.9241358254748496,0.1075,0.1125,0.9559,159.0,1877.0,18.2005,0.19,0.03,0.005,0.0,0.665,0.02,0.045,0.81,0.3,0.445,0.41664999999999996,0.06925,1.0,0.2066,1.0,0.9642999999999999,16829,0.624,0.0635,1.0,1.0,0.0,0.0,1.0,0.0,0.0256218657003918,0.379578732712213,0.9129670682398956,0.2343508295621875,0.4766266261011661,-0.0129867884703274,0.9356128198642942,0.5463419009341093,0.6484248665619687,0.4441519444448336,0.4483800119115974,0.2280734582774585,0.6179818125294546,0.0234469760778243,0.1716371232245331,0.5857727722570018,0.0599040886555564,0.0211248428083068,0.0024814326114185,0.0151613302575126,0.1083358926445593,0.0103994469136995,-0.0243923437330504,0.0657120368012713,1
Zm00001d036517,0.0,III,0.607407,0.44,0.0,,0.0811,0.4658,0.174,401422.0,30027.0,23.4663,0.13,0.01,0.015,0.015,0.6799999999999999,0.54,0.605,0.885,0.79,0.86,0.0855,0.1628,1.0,1.0,1.0,1.0,0,0.6680000000000003,0.9861000000000001,1.0,1.0,1.0,0.0,0.0,0.0,0.265800928708702,-0.0099496275136325,0.1054281752454843,-0.0605678865088723,0.1258944276203601,0.1805790438366687,-0.1761084991275915,-0.0589574286483611,-0.0563326323825328,-0.0665827447256505,-0.1157445464022218,0.1976502274770722,-0.1184222931063035,0.05143932102739,-0.1647192016122176,-0.0978494671940619,-0.1351162109011426,-0.1189746449431079,-0.0808646169624525,-0.0577163506232007,-0.1430594623808351,-0.082545744543707,-0.1898700735418125,-0.1004470858059394,1
