location,GC_genic,GC_prom,avg_expression,tau,Ka,Ks,O,acr_Lup,acr_Ldown,acr_S,recomb,CHH_up_avg,CHH_down_avg,CHH_body_avg,CHG_up_avg,CHG_down_avg,CHG_body_avg,CG_up_avg,CG_down_avg,CG_body_avg,CHH_up_max,CHH_down_max,CHG_up_max,CHG_down_max,CG_up_max,CG_down_max,TEdist,TEdenseAvgUp,TEdenseAvgDown,TEdenseMaxUp,TEdenseMaxDown,TE1,TE2,TE3,TE4,H2AZ_down,H3K4me1_down,H3K4me3_down,H3K9ac_down,H3K27ac_down,H3K27me3_down,H3K36me3_down,H3K56ac_down,H2AZ_genebody,H3K4me1_genebody,H3K4me3_genebody,H3K9ac_genebody,H3K27ac_genebody,H3K27me3_genebody,H3K36me3_genebody,H3K56ac_genebody,H2AZ_up,H3K4me1_up,H3K4me3_up,H3K9ac_up,H3K27ac_up,H3K27me3_up,H3K36me3_up,H3K56ac_up,WGD
0.0,0.439782,0.735294,3.798447925371702,0.321073738394209,0.1676,0.1969,0.8515,1345488.0,947155.0,9.10026,0.1,0.015,0.04,0.01,0.91,0.72,0.56,0.935,0.8400000000000001,0.85,0.24995,0.4022,1.0,1.0,1.0,1.0,0,0.3185,0.474,1.0,1.0,1.0,0.0,0.0,0.0,-0.0517935342345555,-0.0651223288889085,-0.0101034770701337,-0.0297559565149232,-0.0681090721459123,-0.0143156010478656,-0.0794940117196889,-0.0493847819004396,-0.2586226631185305,1.7455632755025252,0.0956208337390218,0.0154579412780102,-0.229560466851131,-0.0410056930342458,1.920951011887693,-0.1870476545110426,-0.060137405856333,0.7342406559062697,0.029232117048211,0.0195516642289816,-0.0673529226375659,0.0121253152251946,0.9821566604531146,-0.0359760006747449,0
0.0,0.611879,0.71,1.3590361437456862,0.4224888773286852,0.0216,0.1932,0.1117,247.0,103586.0,10.0194,-0.03,0.015,0.025,0.0,0.5549999999999999,0.69,0.0,0.865,0.8200000000000001,0.0,0.20829999999999999,0.36575,0.94445,1.0,1.0,1.0,0,0.5941000000000001,0.9675,1.0,1.0,1.0,0.0,0.0,0.0,-0.0040651555541831,-0.0044355884362845,-0.0017751708220584,-0.0035582769546117,-0.0027906995677853,-0.0010402389161792,-0.011545443493314,-0.0038530878200422,0.3005807304665027,0.2596590754573052,0.8785439350881088,0.2366098359753715,0.5620491220582283,0.0354226462538564,0.4345019422940244,0.6269662959604763,0.0057200566043387,-0.060679458545988,0.0435725507683621,0.0182718980281833,0.1381110193551071,-0.0123398081869209,-0.0451169143741445,0.1679110184266212,0
0.0,0.44729,0.58,2.873610499064332,0.2383221186956577,0.0333,0.1491,0.2236,85.0,201949.0,10.5316,0.12,0.125,0.035,0.0,0.585,0.81,0.01,0.785,0.9199999999999999,0.725,0.7222500000000001,0.28335,1.0,1.0,1.0,1.0,6644,0.40519999999999995,0.1705,1.0,1.0,1.0,0.0,0.0,0.0,-0.0899660609484198,-0.115034500766296,-0.115469554825304,-0.0759207110439564,-0.1056274290365918,-0.0703033900316048,-0.1215521788120063,-0.1226320585569601,-0.1899260710987377,1.4208814536605203,0.2178019069930548,-0.0119284504690736,0.1661748566138254,-0.0327343642512053,1.9407627411209096,-0.0418999076971544,0.3702085269357504,0.0876782079233581,0.2723852864033046,0.0641764857448371,0.1450491209705091,0.2733784187365222,-0.0937808795762588,0.0608120137621157,0
0.0,0.640039,0.51,0.3846481277059386,0.9886184971174772,0.1581,1.4985,0.1055,391741.0,24076.0,11.5034,0.18,0.05,0.045,0.105,0.6,0.66,0.235,0.87,0.715,0.25,0.3486,0.5373,1.0,1.0,1.0,1.0,0,0.6555,0.06699999999999999,1.0,1.0,0.0,0.0,1.0,0.0,-0.1199815667697249,-0.127399456589243,-0.119843043573248,-0.0717739522907464,-0.1321505336340834,-0.0428177812235291,-0.1519308133991226,-0.0919448721074187,0.6064789719726186,0.0675911199535683,0.058804412221706,0.113908963253361,0.1437369227957859,0.9015826224590004,-0.0818585087263884,0.0795745645706931,0.1791531222631519,0.0206579030176479,0.0026010028590761,0.0178940105658894,0.040404040749777,0.6391173265265894,-0.0391602301498437,0.0089540428434843,0
0.0,0.457351,0.39,3.888008371779941,0.1368977432053371,0.0377,0.1267,0.2972,46.0,1099223.0,7.66892,0.18,0.04,0.005,0.01,0.765,0.52,0.345,0.84,0.725,0.805,0.29164999999999996,0.14545,1.0,0.95455,1.0,1.0,1027,0.1735000000000001,0.0,1.0,0.0,0.0,0.0,1.0,0.0,-0.0271536405069554,-0.0672109579731857,-0.0622656929572144,-0.0118788837609821,-0.0726343486798128,-0.0354178288032584,-0.0986462601990245,-0.0519309515889945,-0.2123649773236924,1.6368532656312147,0.3535082898621685,0.0678656685230191,0.0171377225402201,-0.0293368555897359,2.0647599674243304,-0.0150050811863029,-0.0690257638496191,-0.073943796496876,-0.0125281604859963,-0.0105298277889674,-0.0007379496646406,-0.0247923646688909,-0.0850997890422232,-0.0296431159495943,0
0.0,0.643827,0.53,2.0038652148852822,0.5750758881345633,0.0435,0.4494,0.0969,99633.0,125788.0,13.9065,0.22,0.06,0.01,0.045,0.605,0.69,0.235,0.8049999999999999,0.865,0.23,0.5301499999999999,0.1111,1.0,1.0,1.0,1.0,0,0.7668,0.256,1.0,1.0,0.0,1.0,0.0,0.0,-0.0784590737421677,-0.0944227788490374,-0.0888111805981735,-0.0126898979229686,-0.077097401896467,0.0896123963120212,-0.1216798140751126,-0.0801249856887587,0.6485740362739183,0.0603671879960713,0.0990277017617638,0.0366649376967074,0.1619078134130437,0.780270841272869,-0.1203280543288763,0.0492837046894934,0.0488303952858119,-0.0928435749941666,-0.0745372933850293,-0.0611196854006566,-0.0273947099054305,0.050636900558694,-0.1274754709301168,-0.0774718373750527,0
0.0,0.482759,0.62,5.830407279410708,0.137512601460314,0.0442,0.1064,0.4157,121.0,135834.0,24.3855,0.25,0.05,0.01,0.0,0.5349999999999999,0.87,0.05,0.7150000000000001,0.95,0.435,0.39235,0.1597,1.0,1.0,1.0,1.0,229,0.262,0.8665,1.0,1.0,0.0,0.0,1.0,0.0,-0.0430345702463573,0.7290098935469012,0.0418977287477248,0.0132364940753934,-0.0566479814274157,-0.0220538944978577,0.7946135529113248,-0.0488160141977173,0.01161794398947,0.4062292609692936,0.9002174239029657,0.3140524438310024,0.6241367947213085,0.0076226019758388,1.175045876933977,0.5619521224849737,0.2568279260960679,0.0312817704929595,0.0583286528962646,-0.0036966440637589,-0.0147782333063721,0.4141856267070093,-0.087677948425502,0.0036758591984363,0
0.0,0.47813,0.57,4.740505851853858,0.2094691915398353,0.0164,0.0724,0.2261,260.0,348362.0,6.69714,0.26,0.09,0.015,0.0,0.78,0.795,0.0,0.915,0.86,0.495,0.62915,0.1252,1.0,1.0,1.0,1.0,49,0.993,0.0,1.0,0.0,0.0,0.0,1.0,0.0,-0.1272695996320961,-0.1146799153529803,-0.1049553165035157,-0.0884998704770004,-0.096182429308217,-0.0486751901702246,-0.1291518544283322,-0.0942053414236454,-0.0553103089974644,0.6154470173382843,0.4934617176426972,0.2466277629981703,0.4299267918114622,-0.0250190067972151,1.1829864200011555,0.3244030062656803,-0.0228933357473439,-0.0284784891352898,-0.0162700840565614,-0.0232082536336001,-0.006790198143544,-0.0130199127104977,-0.0256822077576886,-0.0191350823280791,0
0.0,0.494048,0.47,3.001369846726519,0.2107629623598351,0.0254,0.1611,0.1579,237496.0,705191.0,8.6407,0.27,0.04,0.03,0.01,0.71,0.5800000000000001,0.03,0.85,0.71,0.765,0.5198499999999999,0.283,1.0,1.0,1.0,1.0,0,0.17350000000000002,0.5140000000000002,1.0,1.0,1.0,0.0,0.0,0.0,-0.045039952314959,-0.0771779215970633,-0.0889532112927388,-0.0537180963906425,0.0168190101891451,-0.0525806523832072,-0.0920957428352117,-0.0530649171483028,-0.0306317394471008,1.0114007239942275,0.2795279153134447,0.0193454586235986,0.159900575191057,-0.030027571023987,1.4840776207860191,0.0151457419687835,-0.0361762330912541,-0.092829571286609,-0.0650620862228038,-0.0510392166942929,0.0078654206409016,-0.0405793029565552,-0.0991601761299753,-0.0370753722481354,0
0.0,0.438861,0.58,5.080544979727256,0.2247309092685069,0.045,0.1097,0.4098,15.0,198340.0,29.2444,0.28,0.06,0.0,0.0,0.31,0.04,0.0,0.42000000000000004,0.38,0.605,0.56575,0.0761,0.95835,0.525,1.0,1.0,2055,0.0046,0.0,0.38,0.0,0.0,0.0,1.0,0.0,0.3304570292929197,0.436086505332374,0.1544703999113486,0.1494122497682705,0.4147037333340791,-0.0018896153929273,0.519872851160486,0.1717700861668553,-0.0804350069645016,0.7161417982220757,0.6747321668965461,0.4117943837151465,0.670887204090267,-0.0242096415736196,1.371883324062734,0.3119323337680995,0.3884327284595706,-0.03580759380561,-0.0027735441294107,0.0963797728106534,0.203791837636959,0.2683899298554822,-0.0848967034043589,0.066361988592965,0
0.0,0.458237,0.61,1.8317358122900285,0.5264139968812025,0.0432,0.1331,0.325,134.0,196656.0,16.3096,0.29,0.015,0.035,0.01,0.6950000000000001,0.46499999999999997,0.0,0.7649999999999999,0.565,0.56,0.22085,0.3333,1.0,1.0,1.0,1.0,848,0.418,0.4863,1.0,1.0,1.0,0.0,0.0,0.0,-0.0458064920334713,-0.0768013174620775,-0.0818449706297534,-0.0581060860577687,-0.0619616082378462,-0.0197121023083415,-0.0955252810773144,-0.087800118066883,0.0412431884475695,0.7942276179244314,0.630347878557519,0.3381096957585657,0.6504523295846443,0.0358037988312232,1.241550400522739,0.3359392835318048,0.0641347805889115,-0.0983435291804187,-0.0892729686439229,0.0259980328575624,0.1599602954051165,-0.043538446349398,-0.1126367510759089,-0.0103618202564446,0
0.0,0.667549,0.62,2.2994730118318425,0.6417684752252136,0.0622,0.2599,0.2391,271854.0,153171.0,10.9912,0.3,0.015,0.02,0.01,0.32999999999999996,0.65,0.01,0.49,0.735,0.02,0.15275,0.16455,1.0,1.0,1.0,1.0,0,0.039999999999999994,0.16190000000000002,0.8,1.0,1.0,0.0,0.0,0.0,0.1431611520823606,0.0179317340946865,0.11959581174608,-0.0442141288813867,-0.0126156837246304,-0.0593927702854166,-0.091337180109588,-0.0362919203535707,0.5936730463953476,0.0460949537262264,1.085273263543288,0.0754520382091609,0.2450631493665673,0.0125170079471394,0.1322869158700554,0.1764568679036397,0.6113186965819896,0.2048245336311385,0.3805609431016986,0.0885555610929454,0.4379704378634196,0.0429650767105824,-0.0370039263724582,0.3308263258165284,0
0.0,0.5256,0.65,3.2732695117524497,0.4309143119577004,0.0407,0.157,0.2593,425.0,1582.0,9.10026,0.31,0.01,0.07500000000000001,0.0,0.705,0.185,0.01,0.785,0.375,0.41500000000000004,0.19445,0.35205,1.0,0.76835,1.0,1.0,7352,0.13099999999999998,0.16799999999999998,1.0,1.0,0.0,0.0,1.0,0.0,0.2870113715626994,-0.0572737508975085,-0.0986511480515574,0.0622498208595572,0.2139456594091962,-0.0034045105782447,-0.1412462645753814,0.0356319410921439,0.23273216345649,0.5051133887483592,0.8120552834415173,0.4399223371080069,0.8667303170913924,-0.0053397628498846,0.8039155554262007,0.5822622034363779,-0.0054872146229377,-0.084285507417041,-0.0905673720403029,-0.0212828245913954,0.01748484742744,-0.0156527982453723,-0.1119394641713361,-0.0553298904665447,0
0.0,0.601449,0.56,4.472776965725979,0.2246478925938639,0.0278,0.2388,0.1166,164.0,134217.0,14.8256,0.34,0.015,0.025,0.0,0.13,0.41000000000000003,0.0,0.165,0.66,0.0,0.3229,0.32715,0.9375,1.0,1.0,1.0,1596,0.088,0.09649999999999997,1.0,1.0,1.0,0.0,0.0,0.0,0.06548502518827,0.2995823212046637,-0.0567656257344298,-0.1001028722939652,-0.0289946246071695,-0.1290368326775294,0.1447676698406638,-0.0623144798883299,0.4268134994514819,0.1381538757461239,0.8562549820609778,0.4851697736920115,1.16561666960822,-0.0299178678299306,0.5153392772043816,1.4155018063766325,0.2194723918538727,0.1917324218130847,0.8302767821179939,0.4982448944430621,0.9173079732346564,0.0636015739288297,0.7930734834505218,0.7982830620015102,0
0.0,0.345912,0.317647,0.0,,0.0987,0.2401,0.4113,827939.0,167918.0,17.741,0.57,0.02,0.01,0.0,0.585,0.095,0.0,0.87,0.335,0.365,0.26425,0.14579999999999999,1.0,1.0,1.0,1.0,0,0.5965,0.0016499999999999998,1.0,0.21,1.0,0.0,0.0,0.0,0.3761500407417736,-0.0264240408315419,-0.1200254880872584,-0.0320650888478334,0.1179299127279348,0.0766897151067072,-0.1434733739398256,0.0374500473593478,0.3167841325711281,-0.0071850126641478,-0.1213580539400719,-0.0165794390709068,0.0412900181432523,0.1735725327284466,-0.1115540464651017,-0.0492086297572728,0.000405405183717,-0.0538703555950997,-0.0591719092586305,-0.0373414910868366,-0.0131323035658427,0.0365176671143375,-0.0875681135091711,-0.0384358686628585,0
0.0,0.452529,0.35,3.5761474901105785,0.266923083991693,0.027,0.1118,0.2417,407732.0,184.0,12.4752,0.57,0.035,0.025,0.005,0.785,0.3,0.26,0.84,0.505,0.83,0.30785,0.24569999999999997,1.0,1.0,1.0,1.0,0,0.0315,0.0,0.63,0.0,0.0,1.0,0.0,0.0,-0.0328650351696147,-0.0682803912247338,-0.0509319986434826,-0.0528957441852682,-0.0440668154687538,-0.0107463599995309,-0.1097634102232819,-0.041945232284363,-0.2053975714766898,1.7858701003234472,0.2171913495582599,0.058228715253976,0.2340586986455321,-0.0753939768854271,2.1756952498763407,0.0503769301053201,-0.0267610710165228,-0.0692860190502287,-0.0014687073524186,-0.0026478861597812,0.0441826083160897,-0.0415774645651928,-0.0935726841533758,0.0146955824189233,0
0.0,0.568702,0.541176,2.846959936332335,0.1999202616610297,0.0219,0.0912,0.24,27.0,9786.0,9.10026,0.55,0.02,0.0,0.0,0.15,0.01,0.05,0.475,0.19,0.58,0.24275000000000002,0.0161,0.8896,0.2611,1.0,1.0,0,0.0375,0.113,0.75,1.0,0.0,1.0,0.0,0.0,0.1505859461753567,0.1835451598397519,-0.0527048743950128,-0.0161626277966366,0.1466234536930281,-0.0355518509586921,0.0699174824377068,0.0326109894987196,-0.1378993721923184,1.1752885765791734,0.1942479391337824,0.0879785436437547,0.224862572780902,-0.1014056540262754,1.627330488256872,0.0474692994747558,0.4283181799538786,-0.036297809532577,-0.0483257282077344,0.0055422259306369,0.0619626314755601,0.0041851284019972,-0.0877164983129373,0.0232842154512088,0
0.0,0.554857,0.63,2.217914982467659,0.2529824283998433,0.0354,0.1679,0.2109,499.0,115752.0,27.7603,0.55,0.0,0.03,0.0,0.015,0.425,0.0,0.125,0.6950000000000001,0.43,0.07735,0.27205,0.2891,1.0,0.79165,1.0,2042,0.024000000000000004,0.379,0.93,1.0,0.0,0.0,1.0,0.0,-0.0725055334356969,-0.0521774513303976,-0.0995353265902611,-0.1018024167620866,-0.0104581194287083,-0.0839891650794713,-0.0852016996739047,-0.064397298595085,0.1537692844144966,0.5515436299642145,0.571890016489754,0.2903484113062761,0.5925202656234918,-0.0027507304799354,0.7518647379828116,0.6328878842670377,0.3242375076295953,0.4843415735123706,0.2784934752436679,0.0463667707328473,0.2084513248504894,-0.0653430083672711,0.4955256171929323,0.0950572222430353,0
0.0,0.519641,0.53,4.440981154612679,0.2589780982609397,0.0308,0.0911,0.338,154.0,106662.0,11.0438,0.53,0.065,0.04,0.0,0.745,0.785,0.005,0.88,0.81,0.535,0.52625,0.36135,1.0,1.0,1.0,1.0,231,0.2505,0.0,1.0,0.0,0.0,0.0,1.0,0.0,-0.0282358888257036,-0.0447760211471404,-0.0469716094825765,0.0055968039846181,0.0180223784512207,-0.0091304022739632,-0.0626955431649471,-0.0511512543027331,-0.0205103908777975,0.699186063075559,0.3475963273308788,0.3547974122044274,0.6277049356569833,-0.059108282842846,1.1226705234479293,0.3001059198083489,0.0216256338985797,-0.0818203000537132,-0.1026090099669362,0.0037331712989419,-2.566375014453684e-05,-0.0418151226752775,-0.1072180559781833,-0.0347831069983863,0
0.0,0.480547,0.33,3.3549388883323856,0.2966865568883837,0.0236,0.1793,0.1315,33897.0,330097.0,31.1352,0.54,0.02,0.02,0.0,0.675,0.605,0.005,0.725,0.755,0.595,0.3095,0.24530000000000002,1.0,1.0,1.0,1.0,596,0.2415,0.7184999999999999,1.0,1.0,0.0,0.0,1.0,0.0,-0.0085539727236527,-0.0132152410225926,-0.0184490925238076,0.003975479118303,-0.018253128079043,0.0057176050746798,-0.0280078231853619,-0.0177642777957683,0.0465569738232629,0.5635684734374323,0.4180759158979955,0.1524915155416289,0.3819755204533765,-0.0509578095088653,0.7789085534541822,0.3090417668767936,-0.0928167474695002,-0.12993015682339,-0.0573047804311337,-0.0534200937405041,0.0196423622766102,-0.0517644868620306,-0.1225986825560799,-0.0189070158683685,0
0.0,0.463794,0.61,2.417923105459437,0.402023809730687,0.0663,0.0918,0.7216,76.0,220647.0,31.1352,0.54,0.015,0.005,0.0,0.025,0.475,0.01,0.12,0.595,0.775,0.2585,0.0662,0.58335,1.0,0.73335,1.0,0,0.035,0.064,0.7,1.0,0.0,0.0,0.0,1.0,0.164473468948041,-0.003394627674487,-0.0689623217618634,0.0202668877646928,0.0721889356146366,-0.0120388277317281,-0.0477867967577358,-1.7246655238792664e-05,-0.0360520757255404,0.9731934795278684,0.2215155611742487,0.1088616080357819,0.3435371183180953,-0.0564144751209009,1.2797839585112487,0.1322221165775705,0.3858606352848774,0.1007772445185002,-0.0230562396476907,0.0224064058220448,0.0708904172196322,-0.014389703400038,-0.0675024775220604,0.0502857672853488,0
0.0,0.540373,0.411765,4.440178244127509,0.1655895889228318,0.0618,0.0815,0.7579,96971.0,92134.0,94.3249,0.56,0.025,0.03,0.0,0.76,0.605,0.005,0.83,0.86,0.26,0.1394,0.43174999999999997,1.0,1.0,1.0,1.0,862,0.6495000000000001,0.305,1.0,1.0,0.0,0.0,1.0,0.0,-0.1011789581284895,-0.1252543758555954,-0.106002929717868,-0.0604873010727014,-0.0905768884737527,-0.070865276288357,-0.1294813928309141,-0.1018026209622774,0.046806814983988,0.3219792330266119,0.5487453300485212,0.3880155610387945,0.7526647806551476,-0.0286175360542597,0.6168612481691189,0.6206300306486026,-0.0773634363221182,-0.0972292503398725,-0.0216523077892191,0.0005271128605134,0.0244020790521486,-0.0440360157878557,-0.0970273818519532,0.0046275698183601,0
0.0,0.74808,0.66,0.8031428134390225,0.749533339456178,0.0314,0.1553,0.2023,41.0,462.0,13.4469,0.57,0.115,0.02,0.0,0.765,0.69,0.0,0.8200000000000001,0.785,0.0,0.6416499999999999,0.14584999999999998,1.0,1.0,1.0,1.0,1272,0.39599999999999996,0.0,1.0,0.0,0.0,0.0,1.0,0.0,0.0265690847101375,-0.0544407198200373,-0.053231247075889,0.0402691427474314,0.0039315178338624,0.007683758298603,-0.06560338533015,-0.0034043184292203,0.2629580365695086,0.0127028381426273,0.1413935479704938,0.1481540117748898,0.1473752213769757,0.0990733861669804,-0.0265465046748705,0.1029534908462196,0.1524302851909522,-0.043939903538912,-0.0298244774988073,0.1005046304264222,0.2228347060626993,0.0228036950790958,-0.05218317536021,0.144417657647283,0
0.0,0.701534,0.58,4.510395309058769,0.3195174848424253,0.0333,0.8675,0.0383,122.0,56992.0,21.5754,0.73,0.095,0.075,0.0,0.305,0.505,0.0,0.4,0.72,0.0,0.7939,0.6939500000000001,1.0,1.0,1.0,1.0,599,0.18,0.2605,1.0,1.0,1.0,0.0,0.0,0.0,0.0568694539251953,-0.0387023652113654,0.0664602824863992,0.1074961583836592,0.2250971478494293,0.0128861801522371,-0.0219281912261469,0.0324069519706095,0.0843236527159492,-0.0282397615104096,1.0203509508691564,0.591778768490039,0.6570882817095336,0.0087399439807374,0.3342043064275256,0.671297694970122,0.2619954463009168,-0.0949272132335251,-0.0359575675368107,0.127952184727473,0.4671275375394111,-0.0252952651560361,-0.0984949207002524,0.1905811958341567,0
0.0,0.612745,0.71,2.2821436921705267,0.5967255252251071,0.0102,0.2551,0.0398,26.0,267293.0,22.5472,0.75,0.05,0.02,0.005,0.36,0.72,0.2,0.54,0.905,0.6699999999999999,0.4222,0.32289999999999996,1.0,1.0,1.0,1.0,180,0.0629,0.8859999999999999,1.0,1.0,0.0,0.0,1.0,0.0,0.025428346859119,0.0002061262912483,-0.0067371756532713,0.0035844691886638,0.0180337341941145,-0.0069576581855887,-0.0403516086478272,0.0035135010758872,0.2077529434118791,0.8693955068929753,0.4069048698081657,0.1613420181813643,0.3105211441340637,0.0156844045911691,0.5734891220576399,0.2782210424438581,0.1757527848368453,-0.1142771996244853,-0.0943199918319081,-0.063949643053041,0.0675026141403775,-0.0133060536922161,-0.1316374941523384,-0.0726593473531153,0
0.0,0.792035,0.72,1.7187573251837125,0.7079541956264054,0.1207,0.1579,0.7642,161369.0,56639.0,28.2725,0.8,0.1,0.06,0.0,0.41000000000000003,0.735,0.0,0.61,0.815,0.0,0.7903,0.5505,1.0,1.0,1.0,1.0,621,0.252,0.6053000000000001,1.0,1.0,0.0,0.0,1.0,0.0,-0.0658141203350014,-0.0886213839525834,-0.0682408049144113,-0.0392569323636686,-0.0830930959221874,-0.0505670265194944,-0.099458658456289,-0.0701858230303759,0.0901183035731162,0.0048819451264744,0.2390232446448724,0.0212149641605526,0.0860788469971772,0.0214089535519648,-0.0194528865953159,0.0644729698696014,0.1429528734915437,-0.042607549370246,-0.0201278140709552,0.014254210647567,0.1015071774819004,0.301173926543122,-0.0826177500062212,0.0218053826883231,0
0.0,0.520833,0.55,3.579912220262868,0.2161824080332332,0.0385,0.126,0.3057,34.0,7905.0,7.20936,0.84,0.045,0.035,0.0,0.43,0.53,0.16,0.63,0.795,0.61,0.3486,0.28995,1.0,1.0,1.0,1.0,0,0.6835,0.41050000000000003,1.0,1.0,1.0,0.0,0.0,0.0,0.0194898783931621,-0.0427860541155146,-0.0416414098659782,-0.0121048720959955,-0.0077413628889725,0.0243962494491883,-0.100973297113909,-0.0710699618242626,0.0774033187842482,0.8870882851927435,0.2832740428328518,0.0782666218323357,0.3078343385526797,-0.052242426231186,1.1849864033545845,0.1418664629559715,-0.0519653149032981,-0.0963232088788639,-0.0802541673096069,-0.0062983634004679,-0.0483668432440866,0.079302469428249,-0.1214765524547541,-0.0605849218353909,0
0.0,0.683426,0.7,1.975638579938404,0.6029035117311373,0.0297,0.2953,0.1006,76.0,115555.0,10.5316,0.43,0.065,0.05,0.0,0.44999999999999996,0.49,0.0,0.56,0.735,0.1,0.75915,0.3323,1.0,1.0,1.0,1.0,1359,0.251,0.49099999999999994,1.0,1.0,1.0,0.0,0.0,0.0,-0.0221274183064712,-0.0442441543428285,-0.025906538108841,-0.0361180044425688,-0.0536611828386779,-0.0170466722256115,-0.0685688815696845,-0.0592438912362963,0.1659044815071192,0.234666458657138,1.0069859567906765,0.2765329111090276,0.6095387903954247,-0.0158516479123531,0.7468631569899156,0.5202438237300135,0.1197693064563548,-0.1071941435560953,0.009045475836616,-0.0210498683959085,0.1198725390400102,-0.0393432875439614,-0.0906060872199159,-0.0257006109304416,0
0.0,0.663962,0.46,0.4719617794205906,0.7783757823052774,0.0777,0.2905,0.2676,343.0,3.0,24.8977,0.43,0.035,0.015,0.0,0.73,0.6699999999999999,0.0,0.8500000000000001,0.78,0.0,0.34585,0.24995,1.0,1.0,1.0,1.0,790,0.4650000000000001,0.542,1.0,1.0,0.0,1.0,0.0,0.0,0.0121528600698927,-0.0026193643344418,0.0094626855308214,0.0049635258302047,0.0002915816156882,0.0015793801035105,-0.0052854418892784,0.0034790050125129,0.3935141069317223,0.0853484633239101,0.7093361730804816,0.1339811005613495,0.2312567358793088,0.1477315045269961,0.0175483023481011,0.2620492910076563,0.0221477792206097,-0.0239115819610826,-0.0140244449864963,0.0068789928325733,0.0467086678744131,0.0314199790542936,-0.0456726927275428,0.0310853523191336,0
0.0,0.54878,0.48,3.4784874858903923,0.3353697126753595,0.0776,0.0696,1.1153,239391.0,12509.0,8.6407,0.37,0.02,0.01,0.0,0.725,0.645,0.015,0.84,0.905,0.665,0.17859999999999998,0.21665,1.0,1.0,1.0,1.0,2740,0.0495,0.483,0.98,1.0,0.0,0.0,1.0,0.0,-0.0547521672512509,0.8176556591947055,0.04801876050528,0.0093048077785476,-0.051840087005454,-0.0292382589926808,0.678365479500608,-0.0571598518311582,0.1506128890329304,0.4638998251892985,0.7431221046503864,0.292368171501409,0.6187738962082304,-0.0657224441022044,0.999878905391662,0.6524574594907939,-0.0097298010762703,-0.0586043292240503,0.044802717615644,0.0999828240153963,0.1503416671475745,-0.0068339685692926,-0.0595524937421794,0.1159498171622352,0
0.0,0.494203,0.69,1.8988676937276452,0.4612684727682679,0.0249,0.1401,0.1778,113508.0,129399.0,11.5034,0.36,0.025,0.045,0.01,0.84,0.735,0.39,0.93,0.915,0.74,0.3792,0.37135,1.0,1.0,1.0,1.0,2736,0.0,0.87745,0.0,1.0,1.0,0.0,0.0,0.0,0.0145296788771528,-0.0206284598886454,-0.0424957322997306,-0.0129208196766502,0.006671625805468,-0.0096843870520148,-0.0641827411495564,-0.0306491895714953,0.3131517603122463,1.3089368782045527,0.3686372352618735,0.0776340397763426,0.258758339057681,-0.02193188343591,1.4701588557053795,0.2684118466289222,-0.0589912350395065,-0.0907931854651861,-0.0598830917171855,0.0144065646206307,0.077245418859553,-0.009387647972295,-0.0785282229574162,-0.0448559682978279,0
0.0,0.564815,0.62,2.635374675411274,0.5599416547614542,0.0146,0.2114,0.0692,190333.0,237968.0,24.8977,0.34,0.01,0.0,0.0,0.75,0.08499999999999999,0.01,0.9099999999999999,0.355,0.865,0.1111,0.03835,1.0,0.9167000000000001,1.0,1.0,3119,0.05550000000000001,0.0745,1.0,1.0,1.0,0.0,0.0,0.0,0.2171036454616569,0.0284647829320415,-0.1097980980882647,-0.0736994661411466,0.0420282186901381,-0.0348482719300779,-0.1471281162478202,-0.0839152523166674,0.1286737619939658,0.6167014479899023,0.6189672858610978,0.24839619802885,0.4329017033711303,0.0464191096879148,1.181893095347652,0.5080872988601625,0.0166814931508267,-0.036890415181182,-0.0010992441295802,0.0455508848908727,0.0828468498413739,0.0284103776513963,-0.0477921989081697,0.0711170549378976,0
0.0,0.504653,0.59,3.0865926885303594,0.2515688813508824,0.0148,0.1199,0.1238,55.0,423887.0,15.3378,0.34,0.065,0.08,0.0,0.365,0.37,0.0,0.44999999999999996,0.505,0.72,0.2778,0.4832,0.83335,1.0,0.9,1.0,0,0.9309999999999999,0.26549999999999996,1.0,1.0,1.0,0.0,0.0,0.0,0.0735695768134041,-0.0489451741468446,-0.103201519657622,-0.0643362443756101,0.064265311794688,-0.0251811048075033,-0.1111889476184539,-0.0772734280894472,-0.0593388366752898,0.9969780960305806,0.2695068598602042,-0.0141674254578424,0.1595681795018491,-0.041840521274264,1.4421369120681733,0.0997661528054616,0.0049818346757133,-0.016510206403755,0.0099377438749659,0.0059117982843515,0.0463470441092647,0.0128609306316051,-0.0163939856028653,0.0434762418619471,0
0.0,0.457413,0.62,5.371673705150523,0.2512775920154883,0.021,0.096,0.2183,42.0,82635.0,14.8783,0.32,0.065,0.01,0.005,0.735,0.395,0.005,0.8799999999999999,0.63,0.595,0.45,0.16144999999999998,1.0,1.0,1.0,1.0,2200,0.0,0.47875,0.0,1.0,0.0,0.0,1.0,0.0,-0.0747823178082351,-0.0755676069076708,-0.0653902382525631,-0.0451840136218185,-0.0858028448373807,-0.016985868048922,-0.1069556272881991,-0.0655181753190495,0.0399365692128265,0.6836582984415027,0.3112044311726168,0.1044950331280852,0.3452866295568618,-0.0262279598787633,0.9971016534627738,0.209545745669649,-0.035254073128133,-0.0856510270785335,-0.0390557642246063,-0.0353582587364283,-0.0135653277172784,-0.0173294655770151,-0.1033989318547054,-0.0053862043313051,0
0.0,0.703704,0.51,2.81772818447131,0.5613799685083832,0.0139,0.1862,0.0745,38813.0,83.0,9.10026,0.3,0.025,0.05,0.0,0.6950000000000001,0.38,0.0,0.845,0.5549999999999999,0.0,0.40164999999999995,0.43335,1.0,1.0,1.0,1.0,7588,0.5089999999999999,0.0,1.0,0.0,0.0,0.0,1.0,0.0,0.063757362947013,-0.0661441138758077,-0.0564148475023241,-0.0108776696515684,-0.0158080442713596,0.1567811463682565,-0.1346316793041301,-0.0550340615626641,0.3589098443106739,0.036602969489357,0.2328828511574043,0.0212384159090436,0.0551438880832277,0.2801095888535146,-0.0899811671914376,0.043194628681288,0.003590068713252,-0.0560300117473872,-0.0547088842601875,-0.0373397364516511,-0.0265993584090116,0.036099225582108,-0.0945308077756797,-0.0501470187878764,0
0.0,0.566023,0.49,4.464559233359947,0.3687294554288686,0.0517,0.1572,0.3291,254.0,595.0,89.1644,0.29,0.02,0.03,0.0,0.73,0.65,0.0,0.8300000000000001,0.7,0.05500000000000001,0.13885,0.44999999999999996,1.0,1.0,1.0,1.0,1193,0.0,0.05399999999999999,0.0,0.99,0.0,0.0,1.0,0.0,0.0173997647345151,-0.029481634136171,-0.0423745705850092,0.0348581817835377,0.0889794384779551,0.0384105898425027,-0.0524392567799631,0.0166680280313556,0.2780898370703161,0.1827485547222289,1.4978989588283071,0.9245644319156144,1.2280986902149815,0.0814088583175783,0.8790923243223038,1.049624459496585,-0.0779012869415846,-0.1396002148643294,-0.0759805272779778,0.0063054477205594,0.068366853213478,-0.0859856958141343,-0.1285520669844501,-0.0387869988652691,0
0.0,0.607089,0.55,1.943677153917007,0.1824849527355931,0.0506,0.1454,0.348,88.0,72107.0,12.9347,0.29,0.035,0.03,0.0,0.25,0.645,0.005,0.595,0.69,0.565,0.54745,0.2737,1.0,1.0,1.0,1.0,736,0.025000000000000005,0.6085,0.5,1.0,0.0,0.0,1.0,0.0,-0.0275358464776352,-0.0361831122284711,-0.0625916146566286,-0.0026114512447285,0.022527988349896,-0.0260112429083911,-0.0682947781545182,-0.0168327258240954,-0.0225616052036423,0.8240940817090656,0.3418809777854295,0.2479544714628367,0.5578158047925511,-0.0481040762313744,1.0957516675612775,0.2077014729092537,0.1914517886812119,0.0791924209997155,-0.0606727612051017,-0.0344832903852928,0.057502663681044,-0.044479347159691,-0.0627985129751335,-0.059924349747371,0
0.0,0.686869,0.48,0.2940710267754886,0.8362757744807361,0.0167,0.2862,0.0584,8357.0,70714.0,10.072,0.28,0.025,0.03,0.0,0.105,0.43,0.0,0.15000000000000002,0.66,0.0,0.5621,0.3547,0.875,1.0,1.0,1.0,3652,0.07400000000000001,0.2115,1.0,1.0,1.0,0.0,0.0,0.0,0.0471694666633624,-0.1320676428404347,-0.0722411491217937,-0.1126576612799711,-0.0509409904821604,-0.0366585849414073,-0.1614253546767351,-0.1075486649157674,0.4143579803596422,0.1322180468066844,0.1777744029540399,0.0445072580860273,0.1529909083765538,0.1717443192671743,-0.0574950611529966,0.1290235875563499,0.237670769358972,-0.0800851894275889,-0.1198676189851694,-0.0835150274719497,0.0463003253848204,-0.0148591340210041,-0.121123474708347,-0.0193016540564658,0
0.0,0.480349,0.4,4.077080088962362,0.1742433749621568,0.0454,0.1049,0.4329,772.0,186530.0,9.10026,0.27,0.1,0.015,0.0,0.645,0.005,0.02,0.79,0.095,0.535,0.6258,0.3648,0.97915,0.08135,1.0,0.872,0,0.2005,0.0,1.0,0.0,1.0,0.0,0.0,0.0,0.4112127679554692,0.4890475997377517,0.0699125316765093,0.0032028792797222,0.0595364753445171,-0.0303723937516788,0.0445236126839568,0.0731237074732698,0.1239369925855747,0.9352447927039916,0.3345755873698899,0.2041612519200604,0.5509592834742838,-0.0643483550716775,1.435321466902847,0.3124912513490365,0.2616844378982891,0.0045671747926505,0.0183219576603524,0.1323114776398287,0.4230634647009685,-0.0356652342597793,-0.0778762682281241,0.2747378854397257,0
0.0,0.634058,0.52,1.5237271980241955,0.4953669490953283,0.05,0.2021,0.2472,132551.0,259684.0,53.2229,0.27,0.0,0.0,0.0,0.005,0.0,0.0,0.29000000000000004,0.5599999999999999,0.0,0.04095,0.0353,0.0833,0.0,1.0,1.0,3484,0.0,0.0,0.0,0.0,1.0,0.0,0.0,0.0,0.1319375141271247,-0.0014077415136964,0.6867674294494164,0.2513503050003231,0.520554460255797,0.0021380375417919,0.0934375875344702,0.7365636867015908,0.3731453359970722,0.2263009900166191,0.2634710969401342,0.2944246285437432,0.6230052306014032,-0.0115834878574579,0.0942148617342628,0.6315128478179806,0.5868419726748019,0.2294118976542288,0.0483171951035604,0.1905871486341646,0.707090150791527,0.0247345101353595,0.1066541891781422,0.4261465981747477,0
0.0,0.682908,0.629412,1.0831333375317624,0.6527739202519308,0.0211,0.3788,0.0556,45.0,414558.0,21.1158,0.26,0.065,0.12,0.025,0.8200000000000001,0.81,0.035,0.8600000000000001,0.905,0.03,0.7135,0.58335,1.0,1.0,1.0,1.0,78,0.0,0.9989,0.0,1.0,0.0,0.0,1.0,0.0,-0.0275407617393722,-0.0173310214426315,0.0009314857838786,0.0192285275799307,-0.0567210294228532,0.0137332454053957,-0.0576807353934874,0.0021897983263996,0.2583136734143365,0.100721703208917,0.517440761764681,0.6742389389971392,0.7298897059169024,0.0737302537404586,-0.0082374745972586,0.4588597077102935,0.0449899768001204,-0.0595573783845009,-0.0430127932937762,0.1668679704837677,0.3074559779887161,-0.0088242669424312,-0.0806537864902204,0.1194238534665996,0
0.0,0.62775,0.57,2.4336905784371714,0.747864575245892,0.0492,0.2125,0.2317,210.0,230340.0,17.2288,0.23,0.095,0.03,0.01,0.615,0.745,0.075,0.765,0.915,0.135,0.5972,0.3378,1.0,1.0,1.0,1.0,1997,0.5505000000000001,0.8976999999999999,1.0,1.0,0.0,0.0,1.0,0.0,-0.0022541117110984,-0.0558280403581183,-0.0504664002065131,-0.0350397817429664,-0.0490226976029234,-0.0171560163019858,-0.0922126355660516,-0.0235352857304994,0.530879039993707,0.1711654155719044,0.932894978937704,0.2601981096324674,0.492892631471345,0.1885314899994371,0.3514814982745672,0.5322423046863469,0.0534426604832973,-0.0980095838226951,-0.0365980673094264,-0.0389573206979161,0.0433605423916367,-0.0312137319180338,-0.0866262437347703,0.0473964404165738,0
0.0,0.59572,0.458824,2.1310272989475627,0.5861754632398999,0.0608,0.2462,0.2469,69760.0,60421.0,10.072,0.21,0.035,0.02,0.005,0.485,0.75,0.0,0.555,0.86,0.005,0.39815,0.26055,1.0,1.0,1.0,1.0,2449,0.4355,0.107,1.0,1.0,0.0,0.0,1.0,0.0,0.0709905625713189,-0.0408212403120489,-0.054346485338889,-0.0126268107905126,0.0009990660101171,-0.0225964070929748,-0.098278455149865,-0.0264163079685113,0.8356644289322659,0.3430483531353473,0.7861170775330353,0.1950963376736694,0.5315793916600927,0.0433215431648857,-0.0292862164684955,0.4333948923165949,0.2343197796865071,-0.081591434481218,-0.0729963357501905,0.0113717424958621,0.1283453918507646,-0.0008288162242697,-0.1224406420690964,-0.0107726628545913,0
0.0,0.680968,0.51,0.6680758395128854,0.6653318451014757,0.0278,0.2109,0.1316,54532.0,366876.0,10.072,0.2,0.02,0.04,0.0,0.615,0.6200000000000001,0.0,0.845,0.8500000000000001,0.0,0.21284999999999998,0.4357,0.95835,1.0,1.0,1.0,3026,0.0,0.645,0.0,1.0,0.0,0.0,1.0,0.0,-0.0029809788512085,-0.0569091328272322,-0.0338062477794975,0.0063799192665829,0.067708838596058,0.0077919715823769,-0.0759813740362546,-0.0325539283611439,0.3675473963711494,0.0795130182643195,0.4015665927584315,0.0923475817595284,0.2919831815271229,0.0614837410600607,-0.0347256832845936,0.2618530191169276,0.1109725733870316,-0.0127015269614445,-0.0392013606911192,0.0560101710026914,0.1124135540020253,0.0284563528694087,-0.0746634512394013,0.011962926964489,0
0.0,0.481081,0.323529,3.182843777528293,0.1433658595682887,0.1581,0.1194,1.3243,97953.0,506584.0,33.0788,0.22,0.05,0.01,0.015,0.875,0.75,0.53,0.9199999999999999,0.83,0.72,0.5207999999999999,0.0449,1.0,1.0,1.0,1.0,0,0.0,0.207,0.0,1.0,1.0,0.0,0.0,0.0,-0.0040734810840414,-0.0453600816114089,-0.0289221238248553,-0.009726665819745,0.0455975552417543,-0.0220124064324879,-0.0848058595993133,-0.0193891461718288,-0.0720708347315945,1.449071499395482,0.278189195025447,0.108654919389421,0.1367234048747093,-0.0049351488392241,1.532440362414461,0.0797699008466268,-0.0767319766101984,-0.1169302159703432,-0.0885198828002166,-0.0453177652439972,-0.0186850954704346,-0.0608639223770119,-0.1214710481059431,-0.0359298533480193,0
0.0,0.458143,0.66,4.224673759783638,0.2362115121306768,0.0063,0.1462,0.0433,37.0,283.0,5.2658,0.24,0.025,0.01,0.0,0.72,0.6,0.0,0.84,0.8300000000000001,0.44,0.2389,0.11665,1.0,1.0,1.0,1.0,0,0.09549999999999999,0.25830000000000003,1.0,1.0,1.0,0.0,0.0,0.0,-0.0379482048476179,-0.0458190310912656,-0.0874081980073444,0.0514403462718163,0.1022438098591006,-0.0378248844118955,-0.0802359929858468,0.0164391881981755,-0.0092913457458263,0.7179611496998073,0.5099522542251329,0.3080640816432156,0.6868306124956643,-0.0151551563484491,1.2255738872132718,0.3757840063981905,-0.0560348991715929,-0.1091170426512269,-0.0338987775921067,-0.0217734760830159,0.0233486335826354,-0.0209111011525911,-0.0999976798622139,-0.0312107271557118,0
0.0,0.685369,0.65,1.191414024835434,0.8713213865241412,0.053,0.2172,0.244,288281.0,122927.0,80.5236,0.24,0.07,0.025,0.01,0.7,0.595,0.005,0.83,0.765,0.0,0.325,0.29115,1.0,0.9792000000000001,1.0,1.0,2121,0.4649999999999997,0.0725,1.0,1.0,0.0,0.0,1.0,0.0,0.0207532291175476,-0.0740372593884901,-0.0461225849787607,0.0068387965934468,-0.0059906212902032,-0.031884905470809,-0.0935265359115392,-0.0331375471134887,0.3261692380083109,0.1035976736895386,0.5137330190355384,0.2230886517147487,0.3658971054648333,0.0551950824577675,-0.0520737745238079,0.4238565575627497,0.1069888585021092,-0.0263108016236355,0.007233339080976,0.0663433692261629,0.1850361826530497,-0.0022827484380064,-0.0585199055291806,0.0663504302732211,0
0.0,0.592075,0.66,0.0595758707716751,0.8922839034074982,0.0841,0.2113,0.398,69831.0,305937.0,13.9065,0.18,0.14,0.04,0.15000000000000002,0.225,0.355,0.46499999999999997,0.275,0.63,0.665,0.6385000000000001,0.42035,0.86965,1.0,0.925,1.0,1718,0.16849999999999998,0.22899999999999998,1.0,1.0,0.0,0.0,1.0,0.0,0.4204715777732908,-0.0686800389557444,-0.0032221015338313,0.0188082844735395,0.086479067693769,0.7371587289111943,-0.0873404325329773,0.0260537449333629,0.443073535183926,0.0568763407243526,0.1411713710867816,0.0406033219980704,0.1213986597945611,0.935910834932436,-0.1031965320325922,0.0448690409131071,0.5290558183900169,0.0541677350953538,0.0177001064276003,0.0625736354197706,0.1449916868418602,0.441089980351627,-0.0768391518622718,0.0375000473913708,0
0.0,0.502564,0.51,1.2651487103435837,0.6430485228030012,0.0206,0.1605,0.1281,280.0,9866.0,11.5034,0.17,0.065,0.005,0.015,0.435,0.03,0.02,0.53,0.6599999999999999,0.325,0.51735,0.07289999999999999,1.0,0.4515,1.0,1.0,2382,0.38050000000000006,0.318,1.0,1.0,0.0,1.0,0.0,0.0,0.0253549479358164,0.5343507269204506,-0.0173261592235198,0.0173418500878327,0.171936143273346,-0.0340274816357975,0.5534431861094428,0.0121860202634462,0.6194647852757316,0.588034704583642,0.7663922635507111,0.3841998274609872,0.8854100113420689,-0.0135698277003497,0.8264912013199972,0.5617008197208382,0.4146343335948527,-0.0250840464291521,-0.0300747222303694,0.0635932256767875,0.1554057860370992,0.2422546051135113,-0.0501839749644657,0.106739369158179,0
0.0,0.598109,0.67,3.2096208611422106,0.3990993111633237,0.0729,0.0901,0.8087,575672.0,472798.0,13.9065,0.16,0.015,0.03,0.0,0.635,0.745,0.0,0.8200000000000001,0.835,0.0,0.1144,0.2653,1.0,1.0,1.0,1.0,2526,0.06000000000000001,0.5784999999999999,0.8,1.0,0.0,0.0,1.0,0.0,0.014694313515717,-0.0018765890887656,0.0016140417873508,0.0157965990355085,-0.0001814302834662,0.0480492433523567,-0.0139754701421116,-0.011581909049051,0.0941363072967172,0.1253110096694944,0.9496028599463616,0.3610462318052126,0.6311819326009563,-0.0234661743555945,0.7543018329376159,0.5653028519383361,-0.0316541544490642,-0.0460266776539119,-0.0181618443008591,0.0326420955810187,0.0045579543316562,0.035179453754024,-0.062253392835277,0.0113757007131364,0
0.0,0.639443,0.523529,1.6571342948033885,0.8082099681513257,0.0062,0.3302,0.0187,69433.0,7533.0,14.3661,0.24,0.035,0.0,0.0,0.6599999999999999,0.0,0.0,0.81,0.385,0.015,0.48524999999999996,0.0245,1.0,0.05605,1.0,1.0,12936,0.206,0.09809999999999999,1.0,1.0,0.0,0.0,1.0,0.0,-0.0321422644636213,0.7875298151643997,0.0319938380573237,-0.0012075162282829,0.0703594784401162,-0.0428015341556173,0.9830097906908511,0.0052527600688907,0.8598187499393924,0.3157320319648156,0.392260682499286,0.1954390001121819,0.5026879395496422,0.0955134865124587,-0.0318360459218755,0.4920259582544778,0.0575481838012186,-0.0511724815390588,-0.0646561143091092,-0.0174727404325326,-0.0199702841397531,-0.0123491907639609,-0.1122327413625116,-0.0484244102976777,0
0.0,0.625595,0.647059,0.2782625489654229,0.8087282203453422,0.1031,0.4317,0.2387,11303.0,120842.0,44.9891,0.25,0.060000000000000005,0.01,0.0,0.655,0.715,0.0,0.72,0.75,0.0,0.5986,0.10485,1.0,1.0,1.0,1.0,0,0.3335,0.44299999999999995,1.0,1.0,0.0,0.0,1.0,0.0,-0.0536664960471073,-0.0453312190056059,-0.0393183131606277,0.0133644727169166,-0.0422639427097686,-0.0288118952650497,-0.0624586533273123,-0.0317923105960818,0.9875043040024484,0.3691842970783062,0.9005299429064013,0.1874663621075674,0.4735468534592303,0.1404548234339862,-0.0816440164175008,0.5148442553967054,0.1988380400339937,0.0077643002128327,0.0247829280184892,0.0013053886976355,0.1071552590875574,-0.0211587306469072,-0.0930909047460213,0.1295496863438435,0
0.0,0.452183,0.46,0.6192796180851926,0.6171120587909851,0.0797,0.0698,1.1418,283515.0,6072.0,6.69714,0.28,0.13,0.025,0.01,0.74,0.8049999999999999,0.63,0.745,0.9099999999999999,0.795,0.7262,0.1666,1.0,1.0,1.0,1.0,0,0.98065,1.0,1.0,1.0,0.0,0.0,1.0,0.0,-0.0118998768641911,-0.0204923415728516,-0.0074418539854138,-0.0090286910950524,-0.0117093505040906,-0.0075011487869423,-0.0143241320629589,-0.0153587579038465,-0.055633475737182,-0.0950325189807755,-0.0719272684194405,-0.0474589031108871,-0.052708435734729,0.0519794232383239,-0.195248041667575,-0.0328598392901909,-0.0035902468439919,-0.0007142016319054,-0.0028906904445754,-0.0016015950994036,0.0151051574806681,0.0492975849460929,-0.0059618111369101,0.0022155982213713,0
0.0,0.631075,0.47,0.0059285156483171,0.9811383389832418,0.0409,0.4177,0.0979,43265.0,17074.0,16.3096,0.33,0.01,0.02,0.0,0.685,0.62,0.0,0.855,0.795,0.0,0.0868,0.2736,1.0,1.0,1.0,1.0,0,0.0,0.24300000000000005,0.0,1.0,0.0,0.0,1.0,0.0,0.0507889295404599,-0.0735050487671796,-0.0290943809687468,-0.0312809716461279,0.0238166970462633,-0.0127758190392663,-0.1275773772076473,-0.0757047756583959,0.7171771569747566,0.1747571559063592,0.6393259659191822,0.1346596318410809,0.3605491403769375,0.1991923370678584,-0.0655786312716588,0.1966667743820332,0.0665401934114518,-0.0667962202003061,-0.0425821133080661,-0.0039405660925849,0.0508288020054894,0.009529124708781,-0.105437808543216,-0.0476981265700453,0
0.0,0.463372,0.52,3.591382734442387,0.1886821371491167,0.0118,0.1419,0.0834,137826.0,189906.0,48.8762,0.38,0.04,0.04,0.0,0.665,0.245,0.0,0.88,0.31000000000000005,0.69,0.28735,0.34604999999999997,1.0,1.0,1.0,1.0,3390,0.36394999999999994,0.10249999999999998,1.0,1.0,1.0,0.0,0.0,0.0,0.3827655176715975,-0.0144637734319463,0.0200048616040627,-0.0210732744147668,0.0845992217711,0.0156669133883798,-0.1111808656267895,0.0023540997605052,-0.0186842295917172,0.8906965467003147,0.4506780786818886,0.3500190396368669,0.5432454184344653,-0.032779574909052,1.369709788215001,0.4290163077532704,-0.0324285513928553,-0.0497266930856365,-0.07970460153339,0.0285989615630296,0.0143761808627328,-0.0255842219636154,-0.0891231871570368,-0.0181084371237989,0
0.0,0.725086,0.46,0.2255360327394018,0.9127727717771472,0.0686,0.3826,0.1792,5462.0,1913.0,23.4663,0.54,0.025,0.135,0.0,0.5449999999999999,0.385,0.0,0.595,0.495,0.0,0.2656,0.659,1.0,1.0,1.0,1.0,6097,0.0,0.5255000000000001,0.0,1.0,0.0,0.0,1.0,0.0,0.2831436964011742,-0.063003139966736,-0.0913244981844761,-0.0493629377047002,0.0271394718399564,-0.0239312228148651,-0.106431830509304,-0.0355734827120102,0.1708161183584651,-0.004477658390638,0.2672732055404398,0.0032564669359725,0.1404986987375195,-0.0266372498069062,-0.0979723920017026,0.2143769214350225,0.3782558982023459,0.0071680164613171,0.0043101609417003,0.0234195683719612,0.1453807535755266,0.0332019525853063,-0.1086861737919476,0.0169263490981324,0
0.0,0.752451,0.417647,1.3562178495235937,0.6539902744364813,0.1223,0.379,0.3228,16992.0,4493.0,14.8783,0.55,0.07,0.095,0.0,0.765,0.595,0.0,0.87,0.7,0.0,0.58,0.47145000000000004,1.0,1.0,1.0,1.0,1800,0.3320000000000001,0.36,1.0,1.0,0.0,1.0,0.0,0.0,-0.0499282016463783,-0.1095758159838737,-0.0681855141135249,-0.0406548636677074,-0.0539077376969922,-0.0249647754025625,-0.1224778242161909,-0.0804632866806663,0.3170620787123648,0.0267643285253103,0.6539988479775893,0.2845790227622046,0.6013395586122339,0.0367294555816617,0.0147836624968064,0.5652757199147163,-0.0477353813122436,-0.1041852017054453,-0.0623529633160779,-0.029640856704333,0.0229073797020094,-0.0754809150574559,-0.1242804269553193,-0.0498236941635322,0
0.0,0.683109,0.48,1.6726178479674587,0.7921289009636483,0.1116,0.1116,1.0003,162.0,204.0,9.10026,0.65,0.035,0.05,0.0,0.405,0.595,0.0,0.54,0.6699999999999999,0.0,0.3788,0.5355,1.0,1.0,1.0,1.0,2918,0.18600000000000003,0.7745000000000003,1.0,1.0,1.0,0.0,0.0,0.0,-0.0245218142293448,-0.0445891800289045,0.1599745197507754,0.0115457693513466,0.0340721846681779,-0.0041864173808894,-0.0728116005085201,0.0124246927280924,0.1548733785306372,-0.0192128368943065,1.3412950931570364,0.1788601053908317,0.2903044924758841,0.0037933474917369,-0.0512952551455475,0.7540054970795979,0.1647606464336654,-0.0711029580853616,-0.0129885556525776,0.0370525982921696,0.2200094288817447,-0.0045215032214251,-0.0778974646145423,0.0984707881916439,0
0.0,0.466153,0.68,3.497824394903853,0.2527135665077765,0.0639,0.1027,0.6222,49.0,6163.0,12.4752,0.71,0.09,0.01,0.015,0.32499999999999996,0.5700000000000001,0.05500000000000001,0.43,0.765,0.43999999999999995,0.7917000000000001,0.05835,1.0,1.0,1.0,1.0,0,0.312,0.0,1.0,0.0,0.0,0.0,0.0,1.0,0.2445061820493563,-0.0066278542280584,0.0737673615348908,0.0153789739931841,0.1339163182384881,0.0120751752677324,-0.1165312946560588,0.1098255858649004,0.2907362305307542,0.7132240789781515,0.5035253652409026,0.3129070707139357,0.575040729846006,-0.0701341694965449,0.8604311591683251,0.3769414564463832,0.2892920960872843,-0.1033239380265765,-0.0418519471209155,0.0280622991967818,0.2346103842646897,0.0283101872167746,-0.1052641573636658,0.0656876563556406,0
0.0,0.665145,0.68,2.0439325359355087,0.7490823061068107,0.1042,0.2994,0.3481,65.0,1018.0,42.6386,0.72,0.09,0.07,0.0,0.6799999999999999,0.245,0.0,0.79,0.345,0.0,0.675,0.7564500000000001,1.0,0.9582999999999999,1.0,1.0,3354,0.0,0.0,0.0,0.0,0.0,0.0,1.0,0.0,0.0111934349595793,-0.1022496618468169,-0.0949630924719093,0.3428773839382201,0.6633581764956671,-0.0003789430870635,-0.1148555107460753,0.6297018206771501,0.0740623126790011,-0.0542955647356685,1.1120556970996736,1.3313619707742712,1.3947885336327202,0.0561950518278598,-0.0963853260880836,1.3063560824437848,0.0824608377308353,-0.0680568680275812,-0.0425520287324247,0.4311848258801206,0.6193981254427519,0.0690929321891048,-0.0776785017494175,0.69901315873492,0
0.0,0.629108,0.61,1.4583401200610806,0.4991090476062794,0.0382,0.1911,0.2,360.0,16536.0,9.10026,0.77,0.025,0.05,0.0,0.33,0.45,0.0,0.24,0.745,0.29,0.27265,0.40845,1.0,1.0,1.0,1.0,0,0.0,0.6994999999999999,0.0,1.0,0.0,0.0,1.0,0.0,0.0106706742726275,0.0024052509572131,0.0119004117823185,0.0066339243009769,0.0111050209203862,0.00062238643571,-0.0013130522518158,0.003744002409359,0.2088240710507364,0.1102860200808218,0.7632039136460017,0.3924603655964996,0.7269381922510287,0.0384159062844863,0.3284688115783409,0.7674577719509263,0.4090102861227543,-0.0336532472451037,0.1458850528170555,0.0940619571443111,0.2295230270543423,0.015386124556805,-0.0576027976554519,0.1810403592688883,0
0.0,0.460565,0.68,3.1708300957804814,0.3744328035946416,0.0519,0.122,0.4254,134.0,15676.0,25.8694,0.78,0.055,0.15000000000000002,0.0,0.73,0.635,0.005,0.85,0.73,0.45999999999999996,0.3015,0.60975,1.0,1.0,1.0,1.0,0,0.72125,0.479,1.0,1.0,0.0,0.0,1.0,0.0,0.1285568677278229,-0.009764700383186,-0.0372067589732597,0.0191361338150831,0.2165547510930716,-0.0058704408654698,-0.0469141565595105,0.0681585584173458,0.0857294973899255,0.5597357243566264,0.5182725924825208,0.3896983870282001,0.7541129867264612,-0.0409264082752646,1.044559926650369,0.5386839067447499,-0.0557972680915533,-0.1037643090656077,-0.0735859156001061,-0.0375116928214656,-0.0033750225970566,-0.0484150971366962,-0.1079471380312293,-0.0205109788251213,0
0.0,0.702991,0.6,2.065969538656463,0.5131570160048525,0.0444,0.316,0.1404,117.0,94694.0,12.9347,0.84,0.11,0.0,0.0,0.32499999999999996,0.495,0.0,0.435,0.545,0.0,0.60865,0.0882,0.9582999999999999,1.0,1.0,1.0,0,0.2245,0.0,1.0,0.0,1.0,0.0,0.0,0.0,-0.051136093711262,-0.0984950382186244,-0.0781359292303456,-0.0125131596054171,-0.0464847460804293,-0.0150698553187679,-0.1135692613668751,-0.0655252800034947,0.1985740028034649,0.0132690670624672,1.110553711484242,0.3057828187123009,0.538618290631384,-8.322533894515489e-05,0.1882627877661948,0.5934320164907889,0.1790879019857471,-0.0771749016024085,0.0669745710337776,0.0580615646277121,0.2920514501946091,0.019203296892209,-0.0557434726134395,0.1430759024328804,0
0.0,0.564948,0.66,1.1324421497199022,0.8075468849757136,0.0994,0.0547,1.815,106.0,47771.0,42.6386,0.98,0.155,0.075,0.05,0.43,0.37,0.11499999999999999,0.47000000000000003,0.59,0.375,0.95835,0.4916,1.0,1.0,1.0,1.0,0,0.0,0.5288999999999999,0.0,1.0,1.0,0.0,0.0,0.0,-0.0034873919184461,-0.0958908402004395,-0.0843973142120312,-0.053908614506329,-0.0522130684301855,-0.0541110792828231,-0.1154060653624574,-0.0407112163706109,0.6015197974400723,0.682389478636865,0.8262385948249573,0.2643231437870803,0.6245941822252332,-0.0251891492658602,0.823918773906196,0.476380715285899,0.2090722705829306,-0.0613456171669303,-0.0379648001520275,0.0258973666470605,0.1431334909564992,0.0339673257211108,-0.0721013247575027,0.1786695553853736,0
0.0,0.608575,0.56,1.5005438154441189,0.5057080701693091,0.0353,0.289,0.1223,1888.0,591.0,16.7692,1.07,0.07,0.07,0.005,0.1,0.51,0.01,0.20500000000000002,0.67,0.015,0.5963499999999999,0.925,0.83125,1.0,1.0,1.0,3261,0.0,0.43799999999999994,0.0,1.0,1.0,0.0,0.0,0.0,0.1408460151039663,-0.0668722821409666,-0.0695868257117969,0.103799624011979,0.3040689899945812,-0.0241784461940058,-0.0952075403703863,0.0299028657083636,0.3588367073009673,0.3439055928945083,0.7449387985462252,0.6376081370155716,1.092345982843855,-0.0409221956484721,0.388077412056188,0.8149615120156325,0.6185003664942463,-0.027068745779234,-0.0623618284368652,0.1415133229919339,0.2733737919347866,0.083221982937274,-0.0814579406469761,0.0751535272496947,0
0.0,0.432727,0.311765,2.5635936400983144,0.2763493479791751,0.0522,0.126,0.4139,379113.0,109425.0,10.5316,0.79,0.025,0.05,0.01,0.75,0.585,0.47,0.88,0.7150000000000001,0.775,0.24405,0.5547500000000001,1.0,1.0,1.0,1.0,0,0.028499999999999998,0.595,0.57,1.0,0.0,1.0,0.0,0.0,0.146182880192589,-0.0181716584463629,-0.0378322536717473,0.005612813777207,0.1546948870110534,-0.0523130574111233,-0.0833668954481683,0.0195953143518361,-0.1346960561856181,1.4623748548264113,0.2649672222775557,0.0718699950804454,0.0723071387068112,-0.0616644626902918,1.7157370823573914,-0.019213099903493,-0.122679661660808,-0.1296984639549876,-0.0613704347055749,-0.0432985478226793,-0.0216861070805572,-0.0926307795925892,-0.1216937373112703,-0.0319185878705709,0
0.0,0.500818,0.42,3.2059836814207308,0.2284592872358523,0.0176,0.1163,0.1513,107632.0,387692.0,9.10026,0.73,0.015,0.02,0.0,0.59,0.5349999999999999,0.225,0.665,0.7250000000000001,0.66,0.1898,0.21875,1.0,1.0,1.0,1.0,2186,0.31,0.19640000000000007,1.0,1.0,0.0,0.0,1.0,0.0,0.0291690669347573,-0.0838111151949098,-0.0723735000929383,-0.0190829078365038,0.113775508918944,-0.02158593127052,-0.0932946275383607,0.0057429620932194,0.1144655169827718,0.8935627066766495,0.2658863476739417,0.2104734407005849,0.5336489714261821,-0.0158802670341959,0.9090675157100688,0.4392342621360734,0.1342832628472013,-0.0920105853005973,0.0345883505128223,0.0297818259059947,0.1155701187976663,-0.0051143016218696,-0.0618621817016259,0.0898900202628523,0
0.0,0.594672,0.547059,2.145812566591004,0.7178670824679919,0.0379,0.3767,0.1006,203.0,505.0,16.3096,0.71,0.015,0.075,0.005,0.6,0.33,0.0,0.7,0.44499999999999995,0.0,0.14875,0.46225000000000005,1.0,0.95835,1.0,1.0,0,0.0,0.0,0.0,0.0,1.0,0.0,0.0,0.0,0.2010541346740822,-0.0214847563361262,-0.0787275724422704,0.2589543079582203,0.7750886307965901,-0.0355570528736372,-0.0788785243472894,0.3690864024616833,0.5346368995678398,0.1504533128907023,1.280347817118501,0.9182722920306756,1.4295049901609356,0.0526239419558783,0.4700285952990526,1.1479539037794892,0.0444120480552116,-0.0932307496804462,-0.0783516703830571,0.0583396330261282,0.2107653667543262,-0.0426866084717105,-0.1234997615892964,0.0782482471072333,0
0.0,0.604924,0.66,1.3216879055476558,0.3593308085791051,0.0385,0.1576,0.2442,515.0,96898.0,29.1917,0.63,0.23500000000000001,0.01,0.005,0.47,0.78,0.35,0.655,0.8500000000000001,0.64,0.8807499999999999,0.0889,1.0,1.0,1.0,1.0,696,0.25799999999999995,0.0,1.0,0.0,0.0,1.0,0.0,0.0,0.005719311295202,-0.0012553619345455,-0.0010676869540083,0.0194404104272558,0.0021521673103835,0.0123555462230951,-0.0094025079163677,0.009282689231036,0.021517064682227,0.2698141574549819,0.2111539517368492,0.1707964784131599,0.3750055478208282,0.0057291534870959,0.4687225783296001,0.1221932809440708,0.1276802138190205,-0.0919501035336107,0.007567576939562,0.0407307967786719,0.3167905965539838,-0.0471183762613898,-0.1001115470645319,0.1342916640261421,0
0.0,0.418496,0.4,1.8210423501041435,0.3854007168375721,0.0269,0.0841,0.3198,130669.0,17849.0,11.5034,0.61,0.07500000000000001,0.015,0.01,0.85,0.645,0.295,0.845,0.915,0.795,0.5096,0.13735,1.0,1.0,1.0,1.0,1967,0.6135,0.46760000000000007,1.0,1.0,0.0,0.0,1.0,0.0,-0.1046008632558992,-0.133963268832606,-0.1054230271567726,-0.0858981718946418,-0.0085737581129672,-0.1074377217821546,-0.1539218936971249,-0.1141437902230787,-0.0534320482115477,1.5707781895105044,0.1310282907315296,0.0344810894112606,0.2445888360722437,-0.1069618747708233,1.9829182983323903,0.0077717396840755,-0.0665693197514306,-0.0865973387368549,-0.0569251751987458,0.0238858515050748,0.0026781266288926,-0.0229963763315217,-0.1023063290605593,0.0114792768700949,0
0.0,0.68326,0.482353,3.2078503656077544,0.4179961963580144,0.0463,0.262,0.1766,114.0,945.0,29.7039,0.52,0.195,0.02,0.0,0.33499999999999996,0.05,0.0,0.56,0.14500000000000002,0.0,0.9410000000000001,0.27505,0.875,0.7535499999999999,1.0,1.0,1764,0.10649999999999998,0.0,1.0,0.0,0.0,1.0,0.0,0.0,0.2565673059688501,-0.133650620026036,-0.0665937350438445,0.1498278125853163,0.3696128378964327,-0.0260790424769883,-0.1273573219733375,0.1468055005373094,0.1740293636746688,0.0311829945158232,1.1489746906915046,0.839637905897446,1.168785155594669,0.0540007769429199,0.375489728555875,1.1095504599296446,0.3341976445236743,-0.0770888127330026,-0.0258488124938159,0.1670001958720263,0.5045178469342655,0.0186930427585172,-0.0916241536030751,0.3292532183425415,0
0.0,0.465409,0.49,1.93195830906713,0.5770524233155757,0.0099,0.1086,0.091,221.0,390.0,15.85,0.46,0.060000000000000005,0.015,0.0,0.625,0.6499999999999999,0.015,0.56,0.8300000000000001,0.4,0.41664999999999996,0.15275,1.0,1.0,1.0,1.0,1123,0.1465,0.0585,1.0,1.0,0.0,1.0,0.0,0.0,0.0331374096455426,-0.0202977194844964,-0.0654646147263742,-0.0311196352418998,0.0591128375548772,-0.0145134521933738,-0.0850534870583692,-0.0050789455185019,0.4601862711192639,0.8119749489756858,0.528821311246405,0.1955601567957677,0.570047129418162,-0.0673061487040908,1.086226301646672,0.3881578681004055,-0.0317273296014727,-0.1059345376461786,-0.0668536730320786,-0.0405428820232708,0.0161572891506335,0.0868195572102009,-0.1026208353836051,-0.0292968033337609,0
0.0,0.534364,0.329412,5.036340177963865,0.2588370056067577,0.0189,0.1337,0.1414,588172.0,132069.0,41.2073,0.39,0.025,0.035,0.0,0.81,0.755,0.015,0.89,0.88,0.6000000000000001,0.2222,0.28975,1.0,1.0,1.0,1.0,5043,0.19499999999999995,0.2766,1.0,1.0,0.0,0.0,1.0,0.0,-0.0712749017304377,-0.0663065446678811,-0.0718299321243439,-0.0462811453600186,-0.0763288424355712,-0.02266676812329,-0.0896074323958957,-0.0675922574908832,0.1104164692411185,0.3474700951025452,0.2227124174995187,0.0830408400544361,0.3626659467992239,-0.0342331267006962,0.4394103823353756,0.2477142632328821,-0.056354054381776,-0.1177826022908891,-0.0777608974397123,-0.0431932292277211,-0.0369321071934846,-0.0765825855690801,-0.1274193819661364,-0.07675309129993,0
0.0,0.627397,0.65,1.2312738344605572,0.7265501377558669,0.0251,0.3399,0.0738,40.0,130.0,17.741,0.38,0.19,0.06,0.015,0.685,0.5,0.195,0.665,0.5349999999999999,0.305,0.59895,0.45,1.0,1.0,1.0,1.0,826,0.4750000000000001,0.215,1.0,1.0,1.0,0.0,0.0,0.0,-0.0289256312590141,-0.0446505117054967,-0.0365589575725509,0.0270277145119775,-0.0019967941990202,-0.0026961142724579,-0.0551483474032291,-0.018686214857046,0.3472772755222371,0.4063696385126684,0.3947533237030408,0.184974772570464,0.5154462747019448,0.0469979667143485,0.3314580650937285,0.276293550091372,0.0286953202303072,-0.0525122764608847,-0.0007232008282981,0.0211122536438788,0.0504653251446453,0.0742708805602014,-0.0618377532037656,0.0630643980599967,0
0.0,0.62533,0.61,3.0648418569543856,0.2964265237606168,0.0557,0.2266,0.2458,241.0,2339.0,21.0632,0.38,0.015,0.0,0.0,0.59,0.01,0.0,0.79,0.095,0.05,0.1263,0.022850000000000002,1.0,0.29164999999999996,1.0,1.0,3278,0.0965,0.0,1.0,0.0,0.0,0.0,1.0,0.0,0.3744097122212065,0.0414246920378612,0.1572962445902333,0.4600116992165247,0.4816622081903373,0.3268024500935591,-0.0421997875442756,0.3750344391869645,0.2262898429884959,0.0767146989766187,1.303366320332702,0.5399568660198717,0.9181122559729435,-0.0117697821831729,0.6970439520015188,0.976321449148271,-0.0375876785951516,-0.0745913589350946,-0.0577814909010957,-0.0168363485291527,-0.0303314402079925,0.0102364275113849,-0.0950194567215114,-0.0520607371897483,0
0.0,0.6593,0.59,0.6581235778134839,0.7600649377423407,0.0137,0.2262,0.0607,70030.0,46299.0,10.5316,0.38,0.045,0.025,0.0,0.49,0.59,0.005,0.62,0.83,0.0,0.303,0.2903,1.0,1.0,1.0,1.0,1585,0.5345,0.33049999999999996,1.0,1.0,0.0,0.0,1.0,0.0,0.0509967098737062,-0.1221070681061095,-0.1311786598199264,-0.0324752881101092,0.0322418187747598,0.0347259568568788,-0.1371635118407377,-0.034283888392735,0.546771391792461,0.0596266181226723,0.0501570099897404,0.1084876448086361,0.1382807488130439,0.5320228924514511,-0.0527871853559317,0.060809289313819,0.1516289618516744,-0.0477488535621487,-0.0443719384308727,0.0249491604087564,0.045239732737735,0.1779445083709331,-0.073060987104571,-0.0160562720937629,0
0.0,0.511317,0.32,4.727086174827765,0.181762599192173,0.0299,0.1426,0.2095,52755.0,131268.0,23.4663,0.45,0.02,0.02,0.0,0.605,0.42,0.035,0.715,0.615,0.6799999999999999,0.1755,0.4143,1.0,1.0,1.0,1.0,0,0.0,0.064,0.0,1.0,1.0,0.0,0.0,0.0,-0.0472454779294802,-0.0801897814767842,-0.0698955564735246,-0.0503719362141349,-0.0537951422258346,-0.0315607877919441,-0.0886767580828366,-0.0550870120430384,-0.1228112143575668,0.943689695751782,0.3786631005800778,0.1599247355444666,0.3470529333775373,-0.0295159272702805,1.4441994878037978,0.137400932168758,-0.0561738669959892,-0.1227516884071744,-0.0678049788736745,-0.0616353370215246,-0.0019821090099806,-0.0618138176155256,-0.1054330043956062,-0.0408961368034571,0
0.0,0.565992,0.45,1.6518696195956444,0.4166449913013489,0.0333,0.1637,0.2037,82551.0,5548.0,7.66892,0.41,0.11,0.045,0.0,0.69,0.125,0.0,0.7949999999999999,0.22999999999999998,0.66,0.88395,0.7473000000000001,1.0,0.91665,1.0,1.0,18,0.8112000000000005,0.0,1.0,0.0,1.0,0.0,0.0,0.0,0.6047493974621423,0.0962877862162675,0.0329739589693635,0.3286299601531439,0.82441276475015,-0.0285016113630563,-0.110381324916227,0.5546005697416838,0.095915421136887,0.553691706512599,0.6711234319426707,0.5345328094809687,1.03276714925138,0.0179932125425674,0.9780693506712592,0.7173991425646595,-0.1055745000427484,-0.1204691204461074,-0.0880016635254591,-0.0514784498915206,0.0367393199871209,-0.0422941560325431,-0.129901299085525,-0.0609431549469187,0
0.0,0.52349,0.54,2.7046787060137008,0.3641308088777298,0.0519,0.3076,0.1686,1213.0,9731.0,65.6454,0.4,0.01,0.015,0.0,0.18,0.685,0.0,0.35,0.885,0.32,0.1181,0.1384,1.0,1.0,1.0,1.0,11096,0.1125,0.4605000000000002,1.0,1.0,0.0,0.0,1.0,0.0,-0.0331440650209313,-0.0879788864139292,-0.1124281156677429,-0.0841355907585419,-0.0158559954078722,-0.0811686976114229,-0.1000661879291948,-0.0660855149750616,0.3140134845471877,0.5128352688548388,0.2271926185053184,0.1225086253252911,0.4254871266025337,-0.0059917916621202,0.589325592823355,0.2895452962346833,0.2758415011475153,0.0160810905215315,1.0017045057248422,0.4051088920734743,0.7591648380632687,-0.0201168467369045,0.5087399830436852,0.7856528258917689,0
0.0,0.445915,0.66,5.170724773076264,0.2768431986547592,0.0218,0.1144,0.1903,50.0,534.0,23.0067,0.4,0.02,0.04,0.0,0.655,0.715,0.015,0.74,0.73,0.72,0.23465,0.67915,1.0,1.0,1.0,1.0,683,0.09499999999999999,0.1885,1.0,1.0,0.0,1.0,0.0,0.0,-0.0403880122090475,-0.0709873561184197,-0.0802353344129568,-0.0241835102500633,-0.0208344080707491,-0.0145002173015359,-0.0832515508371966,-0.0214874518511091,-0.1483952644076043,1.1505394322724527,0.3885116674567813,-0.025657924623678,0.2088210809289913,-0.0774979795629497,1.7402737628168548,0.0056152118582417,0.0446197207281185,-0.0998986581257967,-0.0719286860074222,-0.0261458134733355,0.1275627532765591,-0.0443908273836026,-0.1199463197791348,-0.0139107943853623,0
0.0,0.456033,0.62,0.9296640687320388,0.7030109421156832,0.0247,0.1906,0.1297,86228.0,88478.0,10.072,0.46,0.035,0.025,0.0,0.7250000000000001,0.705,0.28,0.825,0.825,0.71,0.41664999999999996,0.25415,1.0,1.0,1.0,1.0,0,0.44099999999999995,0.056999999999999995,1.0,1.0,1.0,0.0,0.0,0.0,-0.033958758917876,-0.0482896197021338,-0.0891828621031785,-0.0401443079872699,-0.0226455536539991,-0.0179937597367509,-0.1127760129001788,-0.0490251567845379,0.4139565231624186,1.2591485228517303,0.1929459059070535,-0.0144727326142148,0.2520293954254181,-0.0675375496119543,0.9328273870341006,0.2135654752784945,-0.0641256193078345,-0.1148289547039598,-0.0374902117111698,-0.0583707787348469,-0.0235524282924948,-0.0590282506052156,-0.1216179136591163,-0.043984588540384,0
0.0,0.495987,0.53,3.1513516110029705,0.2589661177610782,0.0336,0.0955,0.3515,48.0,792.0,13.8538,0.51,0.025,0.02,0.01,0.63,0.06,0.02,0.7,0.45,0.65,0.20750000000000002,0.43455,1.0,0.7764,1.0,1.0,405,0.17750000000000005,0.10399999999999998,1.0,1.0,1.0,0.0,0.0,0.0,-0.0833384263292288,0.6454253305065304,0.0169831051601777,-0.0766917426053453,0.0174161220881697,-0.0689600423280842,0.666252382781892,-0.060490172810606,0.0259544445036384,0.7130771145020689,0.4073289325508971,0.2654556510439875,0.4521567878575142,-0.0093554712186773,1.1438170797727865,0.2914057354541365,0.0016700840767205,-0.1117272116733249,-0.0951537801419592,-0.0874901806506431,0.0192433620541354,-0.0725099491357021,-0.1218836839889911,-0.0714420110834274,0
0.0,0.520541,0.53,2.709348975302907,0.299812175112748,0.0329,0.1663,0.1978,63784.0,3147.0,18.7127,0.51,0.02,0.0,0.0,0.7150000000000001,0.015,0.005,0.81,0.655,0.5650000000000001,0.25775000000000003,0.036250000000000004,1.0,0.3531,1.0,1.0,0,0.11905000000000002,0.09050000000000002,1.0,0.94,1.0,0.0,0.0,0.0,-0.0737645623559806,0.6570789204291072,0.0030854754692911,-0.0693109766539627,0.0154323251193574,-0.0648695304563397,0.6625714432888846,-0.0505923182335353,0.1927808188832466,0.5650786115308943,0.7842012450729305,0.3981414997496251,0.8142172953720295,0.0267202874800939,0.9442511670880778,0.8105873632784057,0.0382094625528306,-0.0679581453299027,0.1017695781637308,0.1227462751870184,0.2386401031492613,-0.0252206952434663,-0.0364714983952022,0.2115867580789961,0
0.0,0.469058,0.58,4.217492015570678,0.4484926897392028,0.0148,0.1324,0.1114,99.0,279.0,12.4752,0.52,0.025,0.05,0.0,0.59,0.165,0.005,0.83,0.5,0.35,0.2037,0.50505,1.0,1.0,1.0,1.0,901,0.6399999999999998,0.22899999999999998,1.0,1.0,0.0,1.0,0.0,0.0,-0.0544715439634712,0.916631281118782,0.0529066473391578,0.0224956714903376,-0.033241595322636,-0.0020416760555365,0.9679669930166336,-0.0407066908248573,0.2052296841122424,0.6917567908139899,0.703122881121198,0.145409929432188,0.3874995883590051,-0.0367293396041353,1.3917019053899675,0.2164337427394027,-0.0747008818871838,-0.1027172582118906,-0.0683163623057077,-0.0590160656377132,-0.0325081568281998,-0.0816306471407027,-0.1004526358068336,-0.0610230112092008,0
0.0,0.588076,0.39,5.560442741700334,0.1367745305795586,0.0,0.1974,0.0,131891.0,946.0,9.10026,0.52,0.060000000000000005,0.05,0.01,0.705,0.135,0.29000000000000004,0.89,0.27,0.685,0.37065,0.43915,1.0,1.0,1.0,1.0,0,0.2728999999999999,0.22899999999999993,1.0,1.0,0.0,1.0,0.0,0.0,0.022405154066569,0.1265935858588635,-0.0416944476148741,0.0114907137840968,0.1837318172262619,-0.0084373981568197,0.11490742853977,0.0259529823579174,-0.0445327392098503,0.8949638208189329,0.4567383695857954,0.2656521465760123,0.3457323698677967,0.0178423301650922,1.1854759165629651,0.3281124900274555,-0.0631200034325159,-0.0679350159359559,0.0543320420907341,0.0184214009125358,0.014262499988448,0.0070170951864042,-0.06255383053124,0.0522790101806358,0
0.0,0.521723,0.64,1.6879567844197558,0.3788972512985346,0.0864,0.0986,0.8762,459429.0,91915.0,10.072,0.53,0.07,0.015,0.0,0.7949999999999999,0.43999999999999995,0.0,0.8500000000000001,0.645,0.36,0.45685000000000003,0.16945,1.0,1.0,1.0,1.0,2792,0.46099999999999997,0.0855,1.0,1.0,0.0,0.0,1.0,0.0,-0.0418225605248273,-0.0419347092258807,-0.052322741404379,0.0113710492008868,-0.0570802998577394,-0.0009319514651068,-0.0825189706605911,-0.0244703939488461,0.1604692964742433,0.5173520010762507,0.6252603871378528,0.191715723362079,0.451720748400379,0.0053030972015385,0.849258431134421,0.320732919887533,-0.0304563021436616,-0.0645651874524797,-0.0520570062891821,-0.02416801797002,0.05155980033775,-0.0353243434197381,-0.0729202735144184,0.0158891121713657,0
0.0,0.606383,0.52,1.1674324980826476,0.7263548102483197,0.0765,0.2318,0.3299,528728.0,24227.0,10.072,0.53,0.025,0.025,0.0,0.575,0.54,0.0,0.665,0.7,0.0,0.33809999999999996,0.29779999999999995,1.0,1.0,1.0,1.0,727,0.5435,0.46049999999999996,1.0,1.0,1.0,0.0,0.0,0.0,-0.0548271676738555,-0.0518345060680401,-0.06402701550907,-0.013505443997352,-0.0617094633837936,-0.0240051407167573,-0.0745081103037158,-0.0435279425564696,0.2611175012882954,0.1035579946743599,0.4342506568211869,0.0031330924337733,0.1595753178561557,0.1494010344036636,-0.0686532218990303,0.1282537129795978,0.1378377461194293,-0.0078815636417477,0.0144742498410206,0.0145111440272703,0.1186246851118995,0.0254538855451798,-0.0560616743769279,0.0327172939842187,0
0.0,0.59736,0.54,4.520881364509385,0.2660865416891831,0.0146,0.1594,0.0916,241299.0,141115.0,10.072,0.53,0.1,0.035,0.0,0.56,0.6950000000000001,0.025,0.635,0.8300000000000001,0.575,0.5465,0.29910000000000003,1.0,1.0,1.0,1.0,464,0.7909999999999999,0.048,1.0,0.96,0.0,0.0,1.0,0.0,-0.0668981546794163,-0.0838475106394938,-0.0926240667099352,-0.0709901360323428,-0.0054393648352469,-0.044363445270972,-0.1125957033023754,-0.0819310538765855,-0.1316911039603357,0.8608991351327088,0.3964233236391931,0.0981624205595957,0.3181905205548506,-0.0574963778280113,1.3008802967438853,0.1151638701660134,0.0507206834819806,-0.0291891345172033,0.0366302982668712,0.0345704077912994,0.092707201600305,0.0212865277979739,-0.0091209447722711,0.0738933733053648,0
0.0,0.566489,0.51,2.228589628212726,0.6133902873821502,0.0127,0.1234,0.1029,32229.0,62603.0,32.6192,0.53,0.045,0.02,0.0,0.5800000000000001,0.735,0.01,0.675,0.85,0.21,0.45094999999999996,0.35760000000000003,1.0,1.0,1.0,1.0,199,0.2950000000000001,0.049499999999999995,1.0,1.0,1.0,0.0,0.0,0.0,-0.0297909300205314,-0.0191776060738183,-0.0051012411996556,0.0172884115118725,-0.0331606110546355,0.0008544854272975,-0.0349644141697955,-0.0238128785345369,0.3005372318940887,0.4472049629353614,0.7246918539956748,0.2492788545222663,0.6762101471217894,-0.0169282330734103,0.7051576496405654,0.3386277238813233,0.0125789460230494,-0.1473967771010745,-0.0747954814765589,-0.0613369964135165,0.0134509323635452,-0.0904265403061892,-0.139025790792649,-0.0162055121911818,0
0.0,0.597975,0.53,0.3074641037902884,0.8214318925758965,0.1049,0.1305,0.8039,30654.0,1639.0,19.1723,0.53,0.07500000000000001,0.005,0.025,0.41000000000000003,0.08499999999999999,0.16,0.505,0.75,0.16,0.57115,0.14550000000000002,1.0,0.875,1.0,1.0,0,0.0993,0.0,1.0,0.0,1.0,0.0,0.0,0.0,0.0527611624365459,0.4662460654326071,-0.0168975159075896,-0.0080150373453051,0.0517566015707351,-0.0390500733402947,0.4250209260618566,-0.0193600794648603,0.8507785242855542,0.1724450775120843,0.3370755618933124,0.036567255137832,0.1498709649781535,0.8301762201526828,-0.0612135382838167,0.1012142198803911,0.6201460978424158,0.0158305707093734,0.0094247334009791,0.0352913647892987,0.1256220959552206,0.7293483957190869,-0.0592796821464665,0.0330461380540629,0
0.0,0.613095,0.641176,3.2982075687714083,0.6207675589709748,0.1186,0.5947,0.1994,109882.0,109560.0,10.072,0.53,0.05,0.015,0.0,0.68,0.4,0.0,0.8600000000000001,0.75,0.0,0.33155,0.2037,1.0,0.9375,1.0,1.0,2810,0.36550000000000005,0.0695,1.0,1.0,0.0,0.0,1.0,0.0,0.0460586526001971,-0.0641492046632104,-0.0455541670546914,-0.0299977312831289,0.0046476860845204,1.165290747321114,-0.0799332481385142,-0.0258224955929515,0.7764167186579797,0.2682976416355963,0.3030735454747705,0.1220852583713506,0.2318417497034909,1.3462012193726454,-0.055660502289993,0.073932072270516,0.3899199522567975,0.0269299977248675,-0.0209296167557834,0.0608354864912301,0.0760765354019295,1.0927089477750729,-0.0617804074945756,0.0170448550205382,0
0.0,0.617702,0.49,2.4643815042756745,0.4141031257131499,0.0879,0.4451,0.1976,4214.0,75141.0,9.55982,0.52,0.06,0.065,0.005,0.6950000000000001,0.355,0.0,0.785,0.65,0.0,0.4226,0.46495000000000003,1.0,0.9167000000000001,1.0,1.0,4570,0.17300000000000001,0.1365,1.0,1.0,1.0,0.0,0.0,0.0,0.2039589103971408,0.0155412697408657,-0.0588143054156169,-0.0435714563501612,0.0278542299995913,0.019984148687435,-0.102900523922482,-0.0590588588038425,0.3485979657233401,0.0978356820904153,0.7665974215562701,0.3849381870587219,0.89670752353599,0.0151551936365878,0.2206235703112,0.9480720556524128,0.0647308624721231,-0.0031543528364728,0.1026727212053853,0.131162668328181,0.3334837796317722,0.028267079262328,0.0017072047332115,0.2977590820866068,0
0.0,0.535559,0.61,1.4320225232107016,0.4394085251348545,0.0985,0.1795,0.5491,409032.0,7173.0,8.6407,0.51,0.045,0.045,0.0,0.7050000000000001,0.85,0.0,0.79,0.905,0.01,0.29164999999999996,0.741,1.0,1.0,1.0,1.0,0,0.43099999999999994,0.9575,1.0,1.0,0.0,0.0,1.0,0.0,-0.0114319755478411,-0.0009658488060394,-0.0393676450897864,-0.0009728589701075,-0.029126299532673,-0.0269971303456895,-0.0566003348676198,-0.0321452269787626,0.8040606783710297,0.3566120152022619,1.1831474838151208,0.1604150852441475,0.6172507419387866,-0.0234469426256962,0.7027485377083837,0.5581115221455137,0.0046532628493855,-0.047459877098579,-0.0367643655749618,0.0142469382789695,0.0264378102514085,-0.0173658230306514,-0.0607489582108326,-0.0011173110257451,0
0.0,0.703704,0.32,3.145947260199218,0.5842851095738754,0.0453,0.3705,0.1222,169880.0,247072.0,9.10026,0.5,0.015,0.015,0.0,0.76,0.46,0.025,0.8200000000000001,0.595,0.545,0.1627,0.15625,1.0,1.0,1.0,1.0,580,0.06350000000000001,0.1,0.64,1.0,1.0,0.0,0.0,0.0,0.223945486543018,-0.0022107199439803,-0.0715843899808838,-0.024856912370424,0.1525424451813293,0.0057655498449362,-0.0841745140875676,0.0046561192673934,0.206109509642079,0.3571259490701968,0.6449530170962232,0.1344833990631991,0.4606519947792402,-0.041425738012743,0.6663841758737167,0.2835929996518562,-0.0649541605574967,-0.0848843537743604,-0.0325820392251523,-0.0609250901937045,-0.0506291847831464,-0.041478634169673,-0.1086694045263436,-0.0858937461251871,0
0.0,0.526486,0.58,3.2382703312083394,0.3348372647646546,0.0474,0.1173,0.4045,107.0,14.0,11.9629,0.49,0.09,0.035,0.005,0.5549999999999999,0.48,0.05500000000000001,0.705,0.635,0.72,0.3782,0.55625,1.0,1.0,1.0,1.0,2626,0.0,0.09450000000000001,0.0,1.0,1.0,0.0,0.0,0.0,0.0995872339705747,-0.0987829351933627,-0.0986239681879395,0.0211312772744334,0.2275247298234166,-0.0392762934010255,-0.1110745796495991,0.017313031174681,-0.1608869222870351,1.0848186880725543,0.3458348687503838,0.0428596168222065,0.2925988721931994,-0.0710215250787034,1.5572592439764137,0.0735844516809781,0.038622554580718,-0.0715664018374377,0.2162549415989834,0.0637979106526766,0.2197252035480933,-0.0198202091739236,-0.0395713110509793,0.208865067523301,0
0.0,0.507976,0.58,3.9838631774836792,0.2781943622969603,0.0238,0.1103,0.216,168496.0,2249.0,9.10026,0.45,0.025,0.035,0.0,0.715,0.59,0.11499999999999999,0.78,0.815,0.665,0.24165,0.3679,1.0,1.0,1.0,1.0,730,0.7935,0.10999999999999999,1.0,1.0,0.0,0.0,1.0,0.0,-0.0212496462478037,-0.0673679187884182,-0.0587616155236297,-0.0523729314814654,0.0096177477380198,-0.0504375237543367,-0.0704338970161716,-0.056595695659614,0.1158950343714422,1.0727749026014182,0.1251298188377326,-0.0384666445788564,0.1894568726817894,-0.0940058526026345,1.19206919562831,0.0560708428278479,-0.0173998505967405,-0.052664588256253,-0.0788886563778863,-0.0388454461280481,-0.0182157825012943,-0.047027265273854,-0.0695572684917156,-0.0072404476478185,0
0.0,0.558257,0.52,3.574241983912989,0.3597421264446632,0.0354,0.213,0.1663,1542.0,12971.0,7.66892,0.48,0.155,0.24,0.0,0.46499999999999997,0.38,0.0,0.625,0.43000000000000005,0.215,0.8869,0.84165,1.0,0.9722,1.0,1.0,0,0.22150000000000003,0.0,1.0,0.0,0.0,0.0,1.0,0.0,0.2451458640116776,-0.0473424463656771,-0.0185266074106958,-0.030080600699729,0.0856432962706147,-0.0114355139375445,-0.099376006310777,0.0410771961541122,0.8220675285888491,0.411664501130336,0.3702316151513674,0.2222873009334761,0.5654770485754033,-0.0429228734305071,0.1194948059402725,0.553561763089373,0.2814194810005291,0.0480986839680572,0.1176043966408482,0.1265695325782039,0.410062747522386,0.0382070582902945,-0.0527544424571346,0.3180959151129254,0
0.0,0.461977,0.46,6.070264754639844,0.2370923358229828,0.0122,0.1459,0.0835,32.0,110316.0,9.10026,0.54,0.060000000000000005,0.015,0.0,0.6950000000000001,0.675,0.095,0.9,0.825,0.6799999999999999,0.34445000000000003,0.13455,1.0,1.0,1.0,1.0,0,0.7695000000000001,0.42550000000000004,1.0,1.0,1.0,0.0,0.0,0.0,-0.018637669299633,-0.0323820047668775,-0.033637982571593,-0.0180528467188206,-0.0346864506973888,-0.001778858231681,-0.0575066711800589,-0.0275428125823921,0.0451362717623827,0.9396429296171048,0.4618208584849801,0.1370996920059931,0.3588444806841598,-0.0295478276741873,1.5092601191099055,0.1487892324268338,-0.0846118481532664,-0.083878267724213,-0.0550921758421781,-0.0815788062358541,-0.0819111589125198,-0.0309808065139188,-0.1061758271386939,-0.0787520195681834,0
0.0,0.458843,0.53,5.344097575882974,0.373256773856753,0.0122,0.1492,0.082,181.0,431601.0,16.7692,0.53,0.10500000000000001,0.025,0.005,0.72,0.31,0.01,0.875,0.495,0.7,0.72645,0.2071,1.0,0.95835,1.0,1.0,3436,0.28350000000000003,0.0812,1.0,1.0,0.0,0.0,1.0,0.0,0.2233577182776924,0.0746870178650959,0.0644471011653541,0.108011344673058,0.2966684686858131,0.0307727666190023,-0.0739042383749216,0.2586522519824876,-0.0141787277632185,0.4017913862851851,0.9717127667284482,0.704155814215997,0.9700916899527896,0.0018206089591374,1.1549092681609507,0.5352698005513097,-0.0594233904684253,-0.0928630861475715,-0.0384181774463855,0.0011614471354299,0.0610586194330303,-0.0224928228863907,-0.0882795360349644,-0.0454615987370044,0
0.0,0.663626,0.61,0.0390347628554251,0.8261037909717273,0.0379,0.5123,0.0741,166.0,107678.0,12.4752,0.48,0.0,0.02,0.0,0.03,0.395,0.0,0.64,0.49,0.0,0.05555,0.19115,0.3125,1.0,1.0,1.0,9603,0.0855,0.2664999999999999,1.0,1.0,0.0,0.0,1.0,0.0,0.2620303780902814,-0.064655741470598,-0.1153292459056527,-0.0883772350664186,0.0185455890457911,-0.0735062421036492,-0.1569363769569404,-0.053079140989257,0.6216764619038992,0.2928600868708903,0.6166502217591303,0.0865184834962192,0.2231380058560877,0.4062481493888949,-0.0591464801512905,0.1259317384400402,0.1192849655765409,0.37726829295144,0.0720178913717151,0.1370689812812903,0.2203640145470004,0.0370873776573296,0.3246113378930187,0.114068332644623,0
0.0,0.505031,0.41,5.52266481149348,0.1606809344445161,0.0231,0.1738,0.1328,150288.0,163954.0,12.4752,0.45,0.05,0.14,0.0,0.8,0.375,0.0,0.9099999999999999,0.44,0.6799999999999999,0.5333,0.6222,1.0,0.9375,1.0,0.96875,1713,0.6469999999999998,0.0,1.0,0.0,0.0,0.0,1.0,0.0,0.0947296733552153,0.0101545485576825,-0.0359878283781997,0.0311162931677456,0.0574290617638252,0.0705336818994584,-0.1066658732346325,-0.011676779614768,-0.1431051485541662,0.8804890959560703,0.4252818883848981,0.1146422194435593,0.2655366452041777,-0.0352700618474214,1.5152678447726138,0.127538902298892,0.0095585900558871,-0.0431374961042427,0.0312544004672348,0.0500025489689739,0.0572169941405547,-0.0240664026364125,-0.0365957260685277,0.1072282302818543,0
0.0,0.45977,0.52,1.652617003746454,0.5053032446536736,0.08,0.1189,0.6726,70142.0,247221.0,37.3728,0.44,0.05,0.005,0.0,0.5349999999999999,0.46499999999999997,0.015,0.655,0.7549999999999999,0.495,0.37845,0.10365,1.0,1.0,1.0,1.0,0,0.1975,0.5099999999999999,1.0,1.0,1.0,0.0,0.0,0.0,0.0231133333370914,0.0255726335976752,-0.0905318219285995,-0.0993902325218217,-0.0151092122145996,-0.1194961542280653,-0.1019718196537045,-0.038733239986579,0.5881362755715106,0.5853498936714533,0.4664503768157104,0.0452049967587106,0.2069405380091367,-0.0105262376181065,0.7850344261139388,0.1879580525305879,0.0045487808413939,-0.0872243021728054,-0.0481985738715711,-0.0771931473740498,-0.0152227893329847,0.0168051162380604,-0.0898908589079081,-0.0363560223128208,0
0.0,0.450266,0.49,3.802879521403197,0.350953439675547,0.0137,0.1138,0.1202,90.0,310526.0,37.3728,0.43,0.07,0.01,0.0,0.7849999999999999,0.595,0.01,0.86,0.78,0.555,0.4889,0.10185,1.0,1.0,1.0,1.0,361,0.6505,0.15600000000000003,1.0,1.0,1.0,0.0,0.0,0.0,-0.0060801180510236,-0.0593031340635381,-0.0775369595365695,-0.017248883033064,0.022192505602157,-0.0516669185019151,-0.0760266163586779,-0.0253267824996771,0.1434509290928653,1.013990631261052,0.4323813237831643,0.0165913952536756,0.3709926425462413,-0.1126853717085859,1.4840224249596998,0.1849270030346915,0.0082365453706694,-0.0762433407391015,-0.0583704706531834,-0.0186079274289981,-0.024571868612353,0.0107804606603795,-0.0813686752711053,-0.020228142929926,0
0.0,0.524444,0.59,5.3800830024079564,0.1739685286884019,0.0092,0.1042,0.0883,291355.0,62668.0,25.8694,0.43,0.07500000000000001,0.005,0.0,0.685,0.08499999999999999,0.02,0.7,0.26,0.73,0.7403,0.11324999999999999,1.0,0.77085,1.0,0.96875,1911,0.41550000000000004,0.0,1.0,0.0,1.0,0.0,0.0,0.0,0.4377322420638904,0.0116586210135166,-0.0926673313483222,0.0622876382805653,0.3305880493695387,0.0080707881988499,-0.0629957912597259,0.0671789749675195,-0.0915373794333208,0.9955358762840923,0.4696737839334467,0.1288278560712517,0.3349309775779926,-0.0435723626096393,1.5498098905011677,0.2118016604422593,0.2264433186956981,-0.0435506502371616,-0.0578522058651257,0.0264456099383415,0.2433481278315847,-0.0085675129165221,-0.0883049513208121,0.1040284442248085,0
0.0,0.596899,0.48,5.118822868067938,0.1988920388874204,0.019,0.2523,0.0753,354671.0,2548.0,12.9347,0.42,0.01,0.2,0.01,0.735,0.47,0.11499999999999999,0.8300000000000001,0.6799999999999999,0.515,0.125,0.68055,1.0,1.0,1.0,1.0,0,0.6700000000000002,0.3262,1.0,1.0,0.0,1.0,0.0,0.0,0.1137128393952124,-0.077965028220057,0.4851912395033301,0.3089320811305047,0.4322970611357234,-0.0267452122685246,-0.0672167465070541,0.1959875283160074,0.1376778341309838,0.7026239852481385,0.5070923010505144,0.1656641631539745,0.4311518058207074,-0.0307807270007455,1.128741980494599,0.3074380297201463,-0.0874023397791624,-0.095447441816836,-0.019795127762118,-0.0526449042335358,-0.0411091533923651,-0.0314162978119196,-0.1047011800625013,-0.0181032627944402,0
0.0,0.562644,0.54,3.5204810146579137,0.3020903143315354,0.0228,0.1805,0.1265,291131.0,5919.0,39.3164,0.42,0.025,0.0,0.0,0.855,0.015,0.0,0.845,0.245,0.565,0.29164999999999996,0.0078,1.0,0.3393,1.0,0.9808,2204,0.26899999999999996,0.0,1.0,0.0,0.0,0.0,1.0,0.0,0.1701526602188184,0.7127546615136223,0.076614191181031,0.0795692271345086,0.3070676107004981,-0.1017374696181054,0.8142841539788079,0.0945995274589401,0.4776563373043635,0.4132173697707005,1.2602337167296755,0.2334227956617091,0.5692650007748943,0.0264517251161106,1.0980139268918871,0.541670206021084,0.0143111430226426,-0.0327552356436952,0.072859294059873,-0.0030744037152328,0.031979830390333,0.0019869676704189,0.0065160458226019,0.0466955009628133,0
0.0,0.528761,0.69,2.951612395002589,0.3246938702795441,0.0306,0.0879,0.3485,100.0,13013.0,11.5034,0.41,0.15,0.04,0.0,0.685,0.655,0.0,0.775,0.7749999999999999,0.625,0.6958500000000001,0.29165,1.0,1.0,1.0,1.0,170,0.2625,0.7615000000000001,1.0,1.0,0.0,1.0,0.0,0.0,-0.0147995922060188,0.0042122082371333,-0.0135013917538236,3.1677328836600055e-05,0.0093852288107261,0.0019963252147756,-0.0061479754822868,0.0015567064427278,-0.0465630257030071,0.715323280638456,0.4225086308964197,0.3349774511976449,0.5377483924017674,-0.0187841982723849,1.0642523675930815,0.2938508977282184,-0.041615534959667,-0.0849706013849334,-0.0694353518801812,0.0218424353381205,0.1856389859393392,-0.0241525941471883,-0.1017338215503504,0.0537459960985275,0
0.0,0.512006,0.49,3.1425817138603542,0.3328688698335083,0.0256,0.1199,0.2134,140750.0,105236.0,47.9571,0.4,0.045,0.13,0.005,0.475,0.36,0.065,0.6799999999999999,0.5800000000000001,0.605,0.5625,0.6091,0.96425,1.0,1.0,1.0,0,0.284,0.38900000000000007,1.0,1.0,1.0,0.0,0.0,0.0,0.3533223095085545,0.1080324200179897,0.2975476099746691,0.3095248897050061,0.8018422613706202,-0.0042937894285504,-0.0691663543109948,0.7474610352763977,-0.0104977365523727,0.8317065376369559,0.3510442148377903,0.1090838415247093,0.3110087798644599,-0.0245177713909045,1.142402934584124,0.1275189182483007,0.0190205476444857,-0.105710589682293,-0.0425533131204272,-0.0482049071290449,0.0570555072250236,-0.037175047073536,-0.1002079493696217,-0.0424862969096706,0
0.0,0.423884,0.59,1.034789151509592,0.6942065047839507,0.0281,0.094,0.2994,780.0,1304.0,12.9347,0.4,0.165,0.045,0.0,0.445,0.29500000000000004,0.005,0.405,0.55,0.425,0.8794,0.7496,1.0,1.0,1.0,1.0,79,0.124,0.048,1.0,0.96,0.0,1.0,0.0,0.0,0.5111757050328865,0.0920082131067857,0.0606425995265937,0.0820211564317879,0.2338113253278754,0.0294267732544767,-0.0571097851552811,0.1854544346485525,0.894482471949317,1.0425406570792004,0.4810456756398361,0.0886450549162043,0.4650502329802466,-0.0808983752494973,1.4509623404083922,0.29849391993613,0.3241361187035739,-0.0553956681767168,-0.0417432047846704,0.0184129961691863,0.1746049056354365,0.122478118552343,-0.065151603161006,0.1118056582442265,0
0.0,0.569986,0.52,0.1637661661627701,0.9948973784243316,0.2094,0.811,0.2582,342087.0,101491.0,12.9347,0.39,0.015,0.01,0.015,0.64,0.73,0.115,0.775,0.89,0.195,0.2007,0.08755,1.0,1.0,1.0,1.0,699,0.026000000000000002,0.54035,0.52,1.0,1.0,0.0,0.0,0.0,-0.0400473454895606,-0.0826810240728697,-0.0660933825120219,-0.0129196957855223,0.0013052571255608,0.0141766608306239,-0.0918293629632311,-0.0359246847785146,0.6913673625727352,0.0951125606274579,0.0280019606455001,0.1195434028938083,0.273355594776494,0.0462114766746491,-0.0870595314872276,0.1262359269815269,-0.0070866199236601,-0.041414007912532,-0.0406740272491086,-0.0244074391507811,0.0247216487969789,-0.0137613201549858,-0.0542235435777492,-0.0381523389042523,0
0.0,0.553398,0.58,5.27563120515507,0.2526661483238656,0.0071,0.1734,0.0411,148.0,90594.0,29.6513,0.37,0.015,0.04,0.0,0.69,0.785,0.0,0.92,0.8300000000000001,0.37,0.175,0.58935,1.0,1.0,1.0,1.0,0,0.0,0.14919999999999997,0.0,1.0,1.0,0.0,0.0,0.0,-0.0042195519483361,-0.0421035761768028,-0.0152324463109551,0.0034764103328917,-0.0324065144111655,0.028457258981205,-0.0473376946241227,-0.0116026205064309,0.0175300018098473,0.60446403776493,0.5281123451942193,0.1473270316486422,0.4090709296611131,-0.0496347083646416,1.089728049375337,0.3015672726425115,-0.0233431218766822,-0.0855337719428941,-0.0565704452773151,-0.0297934200516878,-0.0450032674181933,-0.0302681953367216,-0.1070140849622179,-0.0448112914909871,0
0.0,0.547893,0.37,0.581117946969017,0.9005869160457654,0.0539,0.1254,0.4299,75584.0,14784.0,36.4011,0.36,0.025,0.01,0.05,0.39,0.78,0.45999999999999996,0.605,0.895,0.7,0.31575,0.06575,1.0,1.0,1.0,1.0,3256,0.26789999999999997,0.1808,1.0,1.0,0.0,0.0,1.0,0.0,-0.0935394427553173,-0.1085429963714455,-0.0646542200485872,-0.0607110345009104,-0.104779868434978,0.0076620889791787,-0.1310526437086228,-0.0210897228294906,0.2228294027273745,-0.0556996003045125,-0.0588300160661193,0.0157913741407399,0.0619346853032948,0.809496507314463,-0.1174029187071769,-0.009432751680889,0.3920844768728403,0.0090789448624343,-0.0275071365207445,0.0766817294131552,0.0973785877700554,0.4156069385629794,-0.067768917475053,0.0446226465165971,0
0.0,0.43565,0.63,2.6292056917492435,0.3555566247652534,0.0604,0.1143,0.5283,67.0,6280.0,52.7107,0.36,0.035,0.0,0.015,0.8049999999999999,0.01,0.22499999999999998,0.8300000000000001,0.515,0.585,0.29445,0.06545000000000001,1.0,0.25,1.0,1.0,0,0.25199999999999995,0.0,1.0,0.0,0.0,1.0,0.0,0.0,-0.0954831535771105,0.4329026754965099,-0.0638985793880056,0.0230254998755332,0.1533113644285561,-0.0056989961687224,0.4865988286644618,-0.0310331968790256,0.026109639949482,1.004517109385591,0.5296144236593223,0.2240964331108149,0.3823404860933083,-0.0493177878605965,1.1833920827977484,0.1594792529360436,0.0151819075026796,-0.0347637077857214,-0.006985881652254,0.0258368910069757,0.0542537076436864,-0.0039608897980639,-0.0468020445466729,0.0055054978191435,0
0.0,0.45679,0.68,2.59066975153098,0.4670905706347139,0.0571,0.0903,0.6326,89.0,166715.0,10.5316,0.29,0.09,0.075,0.005,0.735,0.66,0.05500000000000001,0.85,0.825,0.3,0.5,0.49039999999999995,1.0,1.0,1.0,1.0,240,0.835,0.903,1.0,1.0,1.0,0.0,0.0,0.0,0.0048711059829251,0.0067394257120072,-0.0009709935407256,0.0360792415577026,-0.0022440486924298,0.0130473029275242,-0.0162051553329563,0.0101659312170307,0.4242077335658238,0.8676944072313277,0.4718157594048955,0.0983418650571989,0.4926793447504194,-0.0117177602154117,1.249440717876436,0.3645717673298082,0.0046091616582028,0.0097322010585403,0.0453831527394239,0.0164975514752927,0.0337817038761511,-0.0003481791150185,0.0030380085696701,0.0469103804455883,0
0.0,0.512987,0.59,6.0756598709536505,0.1622337758750445,0.0,0.1551,0.0,11.0,203807.0,36.8606,0.31,0.025,0.05,0.005,0.715,0.715,0.015,0.885,0.86,0.675,0.1963,0.43235,1.0,1.0,1.0,1.0,762,0.7370000000000003,0.06699999999999999,1.0,1.0,0.0,0.0,1.0,0.0,-0.081272288363986,-0.0716312696947566,-0.095233698139351,-0.0394778420304551,0.0142245126644757,-0.0723611392364191,-0.086663527829917,-0.0780255954778209,-0.0181510780335915,0.4587584069241919,0.6459323566471961,0.3170035833025869,0.3788552055360411,-0.0312570971342887,1.044234603823304,0.4052838605055981,-0.0516108123269973,-0.0692775093835545,-0.0191127585532349,-0.0164025019420034,-0.0170405375517574,-0.0047680434546063,-0.0672039659484246,0.0168275221800854,0
0.0,0.546784,0.43,7.011652593832239,0.1258912072157485,0.0037,0.0965,0.0381,186677.0,117585.0,44.5821,0.34,0.0,0.045,0.0,0.02,0.405,0.0,0.585,0.445,0.83,0.0937,0.42345,0.41665,0.9083,1.0,1.0,5145,0.0,0.285,0.0,1.0,0.0,0.0,1.0,0.0,-0.0468835360800709,-0.0799214982027128,-0.0919306165507785,-0.053189276251928,0.0074522927401334,-0.03172415503236,-0.1078489897871528,-0.0577268381115369,-0.0221681052633722,0.3953887953258594,0.0211931649183001,-0.0113998577875742,0.0617343314390203,-0.0043892021256231,0.1561370773045274,-0.0351667124039104,-0.0495468823047419,0.6660127447089511,0.0665371881087973,-0.0255697733994205,0.0261891639689968,-0.0408625654405942,0.8478842275216296,-0.0392499637831289,0
0.0,0.523981,0.38,2.9919229262104707,0.2394567064994418,0.0381,0.1362,0.2794,355095.0,301909.0,6.23758,0.21,0.07,0.065,0.01,0.78,0.62,0.1,0.89,0.73,0.645,0.5368999999999999,0.3958,1.0,1.0,1.0,1.0,7,0.9700000000000003,0.39055000000000006,1.0,1.0,0.0,1.0,0.0,0.0,-0.0263207441392332,0.0054775502331771,-0.0801704141497615,0.0068995573764504,-0.015523951387335,-0.0426836113366017,-0.0552525068846628,-0.0296635839983713,0.1120352875707316,0.9957006884540835,0.3484430917509945,0.3106730191781074,0.7129672809997556,-0.0625894025508525,1.3217299013354826,0.5329437175069995,-0.0260452262166548,-0.0459509530587878,0.0067188015710432,-0.0142548665938862,0.0365541753159104,-0.0363552829265773,-0.0366208026796568,0.0510236313890632,0
0.0,0.704131,0.62,3.570229665305979,0.3544904892901349,0.0458,0.6012,0.0761,755.0,79.0,26.329,0.2,0.035,0.07,0.0,0.32499999999999996,0.245,0.0,0.435,0.235,0.0,0.34115,0.5619,1.0,1.0,1.0,1.0,0,0.3484999999999999,0.0,1.0,0.0,1.0,0.0,0.0,0.0,0.3440441447701018,-0.0822003986661629,-0.0575819998840219,0.1215581312535512,0.3360185702507584,0.0090523485445904,-0.0867021233873197,0.2056725276075563,0.1331605690938414,0.0061863176999992,0.4789100445748584,0.3491457926451048,0.5735864946068935,0.008714663259276,-0.0401735133602347,0.5104408761038683,0.2648222915495511,-0.0840350394278141,-0.0650050806118155,0.1501942864026853,0.4308202617947748,0.0627676537583854,-0.1059593664029049,0.2095304947075504,0
0.0,0.446541,0.55,2.512476531641591,0.3690364193488226,0.1025,0.1829,0.5606,77979.0,100270.0,12.9347,0.2,0.01,0.035,0.0,0.8500000000000001,0.72,0.06,0.895,0.8049999999999999,0.635,0.1,0.38734999999999997,1.0,1.0,1.0,1.0,0,0.99965,0.22979999999999998,1.0,1.0,0.0,0.0,1.0,0.0,-0.0223508213453946,-0.0276246620838188,-0.037348374396596,-0.0190772277550091,0.0065371624694707,-0.0053393879023768,-0.0254050998893081,-0.0456206365594155,0.1356314124501843,0.9876908254128118,0.3398068048217176,0.1579915504432161,0.4489962432057949,-0.0142452254015593,1.1307887702109811,0.421384471741506,-0.0267164799931143,-0.0479899611502051,-0.0024952391583088,-0.0339872912743584,0.0383495457396349,-0.0433933397650253,-0.0399811520176338,0.0155144496800924,0
0.0,0.553485,0.652941,3.525796096577264,0.506020901418194,0.0218,0.3615,0.0603,91078.0,86162.0,12.9347,0.2,0.04,0.03,0.01,0.71,0.24,0.835,0.85,0.495,0.885,0.3361,0.33605,1.0,0.9762,1.0,1.0,0,0.2795,0.23250000000000004,1.0,1.0,1.0,0.0,0.0,0.0,0.0456029803192178,0.6242410921862139,0.0316891570807956,-0.0182723492985993,0.0527300696739254,-0.026224070675208,0.4906994059774238,0.0456331932636404,0.109765713858013,0.0097663867442131,0.2347406777603575,0.0487972883709358,0.1214423061854024,-0.0161311155962642,-0.033628185954106,0.1171792086025693,0.0284221981069458,-0.0521366511660894,0.0202412943823517,-0.0112028280948684,0.1726313285321207,-0.0251154615741477,-0.0705483336440466,0.0285540052836678,0
0.0,0.578947,0.56,4.79998173417311,0.2283328152948822,0.0427,0.2278,0.1873,308.0,63956.0,10.0194,0.2,0.0,0.02,0.005,0.0,0.65,0.035,0.0,0.87,0.655,0.025,0.17675000000000002,0.0625,1.0,0.0,1.0,0,0.0,0.8544999999999997,0.0,1.0,1.0,0.0,0.0,0.0,-0.0546891159803947,-0.051189302002498,-0.0354110181230321,-0.0368770740319249,-0.0075284543300972,-0.0266265224526993,-0.0701260181441172,-0.0354915892255026,-0.098860348053236,0.7775316266127035,0.2549967741699345,0.0743836585694301,0.2578687827274818,-0.1007327085128338,1.0337425749074465,0.2501418515637734,0.8567534012683146,0.3463553224122263,0.1288733206023949,0.1404090634638988,0.4527749289620748,0.028749842547888,-0.0601158791685056,0.4186946417007456,0
0.0,0.441611,0.67,4.784426089068199,0.2223473042292117,0.0273,0.239,0.1144,51.0,233109.0,102.046,0.1,0.04,0.01,0.01,0.55,0.7050000000000001,0.38,0.665,0.8600000000000001,0.775,0.30835,0.16225,1.0,1.0,1.0,1.0,0,0.15999999999999998,0.5265,1.0,1.0,1.0,0.0,0.0,0.0,-0.0589218061192313,-0.0795992621654675,-0.0793105586275518,0.0032172048419902,-0.0117891817685339,-0.0152132937145935,-0.0954650583532585,-0.0488485859526929,-0.1219655296863689,1.2377542903294905,0.3509260200363259,0.0896589900113653,0.1649188762827428,-0.1042921082064021,1.8172490638592875,0.0180731020986673,-0.0138915634929719,-0.127661770205108,-0.0915902553937492,-0.032415494245844,0.2324554609329049,-0.0537545120335207,-0.1494986774045625,0.1550593343117745,0
0.0,0.48725,0.58,3.9075761192113694,0.2126859992513088,0.0076,0.1195,0.0639,28.0,243961.0,10.072,0.08,0.065,0.035,0.0,0.635,0.6599999999999999,0.005,0.835,0.865,0.63,0.6214500000000001,0.34415,1.0,1.0,1.0,1.0,68,0.5199999999999999,0.5735,1.0,1.0,0.0,1.0,0.0,0.0,-0.0395850322817177,-0.0479313900044652,-0.0521722667673663,-0.021567599833878,-0.0440937814246451,0.026934986675121,-0.0508390548136246,-0.0220959109751938,-0.0037532121617871,0.7908191349111198,0.3251352867343898,0.2205873865291435,0.4966652659092381,-0.0538902366203107,1.1968131409241405,0.3427104102691013,-0.0384174416156644,-0.061544731558175,-0.0261214000626227,-0.0440384460259008,0.0281047410289312,-0.0488754319048104,-0.0743081497938641,-0.0087366438369481,0
0.0,0.54529,0.54,0.2998029989948276,0.900914562646498,0.0619,0.2098,0.2948,175045.0,73007.0,10.072,0.08,0.04,0.025,0.0,0.74,0.59,0.015,0.895,0.7949999999999999,0.01,0.17925,0.2875,1.0,1.0,1.0,1.0,642,0.9115000000000001,0.74,1.0,1.0,0.0,0.0,1.0,0.0,-0.0093907688172457,-0.0485749526592654,-0.0590033045873523,-0.0329364699645476,0.0019419332292153,0.006828352702649,-0.0798378440411915,-0.023652350212393,0.5766955682988808,0.1416279820659614,0.226582479246175,0.09275172704639,0.3463899564679215,0.2533341249385896,-0.0731052857105333,0.2061882047073533,0.028495116228704,-0.0390906816226847,0.0051427082565805,-0.0198678671821283,-0.0099674281955396,0.0507965437924083,-0.0604374162015521,-0.0229205241720796,0
0.0,0.578288,0.48,1.0421473238715704,0.5122750665823321,0.0393,0.1896,0.2073,127899.0,119620.0,10.072,0.08,0.015,0.005,0.0,0.535,0.10500000000000001,0.0,0.675,0.515,0.41500000000000004,0.15525,0.058899999999999994,1.0,0.875,1.0,1.0,3038,0.06449999999999999,0.022000000000000002,0.76,0.44,0.0,0.0,1.0,0.0,0.1132438406908987,0.4336950302569053,-0.0155188640518488,-0.0259016589820186,0.0803615950954539,-0.056052907694941,0.2676243164129211,-0.0220696080952285,0.4041267754075029,0.3461626182785323,0.8831117330929812,0.4143273461783232,0.7825322293500666,0.0661509631037924,0.6039071800650712,0.9042468991295513,0.3094189101441399,0.1652206130090451,0.0738608572943118,0.1052017951831729,0.3371361394312285,-0.047164410851544,-0.0665774781843929,0.2621257419565916,0
0.0,0.442485,0.69,3.53384159441228,0.2766555285078191,0.0586,0.1397,0.4197,305690.0,96569.0,12.9347,0.07,0.005,0.09,0.005,0.7949999999999999,0.57,0.07,0.9550000000000001,0.6699999999999999,0.48,0.08055000000000001,0.5852999999999999,1.0,1.0,1.0,1.0,779,0.5,0.6809999999999999,1.0,1.0,0.0,1.0,0.0,0.0,-0.063900778949174,-0.087440526110542,-0.0888099852690724,-0.0775909801814467,-0.0432237442430971,-0.0485172805126444,-0.1170561029142661,-0.0313621980561094,-0.0216154251220446,0.6926367560460557,-0.0420682354517141,-0.0441595071919967,0.1167110043128284,-0.0698067339898676,0.761598071907277,-0.0223777289073759,-0.0415584530621467,0.5188434202405615,-0.0154139175433741,-0.0104198445972164,-0.0490459539700041,-0.0252366931262053,0.4880603261337767,-0.0317404074992161,0
0.0,0.413895,0.329412,4.00945310364228,0.1783537100491099,0.006,0.1284,0.0469,136365.0,2282.0,69.5852,0.05,0.025,0.015,0.02,0.78,0.35,0.49,0.845,0.43,0.78,0.14200000000000002,0.14500000000000002,1.0,1.0,1.0,1.0,0,0.085,0.11000000000000001,1.0,1.0,0.0,0.0,1.0,0.0,0.048490155769292,-0.0718193669316757,-0.0934809700648868,0.1013855151123861,0.3451524588833413,-0.0103386572732471,-0.1113381571685266,0.1036135843251607,-0.0676367086111284,1.4451922174888598,0.1043334417747043,0.1285283980490215,0.1755601927461488,-0.0174699614278526,1.6057015005815611,0.1139657560549069,-0.1122541242785657,-0.1148963046037464,-0.0522353342760404,0.0104570180832171,0.0874958709367177,-0.0585707327306458,-0.1143556684666265,0.0261493609360741,0
0.0,0.570844,0.62,1.7884052483383217,0.6877044834588785,0.0109,0.2372,0.046,263.0,153585.0,10.072,0.05,0.02,0.01,0.0,0.5800000000000001,0.685,0.005,0.5700000000000001,0.78,0.24,0.44444999999999996,0.1125,1.0,1.0,1.0,1.0,3036,0.067,0.26,0.77,1.0,0.0,0.0,1.0,0.0,-0.0489459804488519,-0.0325644267098527,-0.0546633334932394,-0.0194793199341102,-0.0066216408570747,-0.0219098768614796,-0.0908301872953876,-0.0555580119124855,0.3788755534428761,0.3781680732212243,0.7853484749595376,0.2542618592887732,0.6417483802113234,0.05915502880925,0.6908863904053126,0.495122290194271,0.1445684016073579,-0.1062417579945301,-0.0315524277746645,0.0417215879692537,0.1960931298839296,0.0181179811065313,-0.1155359038385354,0.0587186866055154,0
0.0,0.719774,0.32,1.1687754304609603,0.7103157686291048,0.0194,0.3249,0.0596,64354.0,65710.0,10.072,0.05,0.03,0.045,0.0,0.735,0.46,0.0,0.915,0.78,0.0,0.41664999999999996,0.5453,1.0,1.0,1.0,1.0,5148,0.2565,0.3275,1.0,1.0,0.0,0.0,1.0,0.0,-0.0875665142039071,-0.1395281279178405,-0.0894250343177553,-0.0907918526958507,-0.1394443392540006,-0.1196744804804177,-0.1591691543102187,-0.1125808647958624,0.1236079092220566,-0.0012142092411175,0.8383237106528172,0.1356914111485051,0.3058711136848933,0.0178213791412825,0.2006085146431334,0.3620403033349203,-0.0741142527191189,-0.0888691159047553,-0.0614672321019094,-0.0429240470232021,-0.0073346928741732,-0.0289841205290696,-0.1161265102633574,-0.0147364419285838,0
0.0,0.6,0.54,2.621641238724466,0.6771252277120975,0.0928,0.2318,0.4004,287726.0,120716.0,13.4469,0.04,0.03,0.01,0.005,0.8500000000000001,0.655,0.005,0.9,0.81,0.055,0.31625,0.10830000000000001,1.0,1.0,1.0,1.0,0,0.163,0.1495,1.0,1.0,0.0,0.0,1.0,0.0,0.0664983852014492,0.0203319171102631,-0.005885290180185,0.0426128230331435,0.0623840037586306,-0.00526716030764,-0.0053507436559881,0.0123082770343878,0.5024144294121806,0.1984062402086079,0.9453159832950244,0.4069469467737033,0.8817957524898906,0.0543695996939492,0.4989857672944475,0.7642514590164288,-0.0264812131993869,-0.0558820818019663,-0.0345102416776634,-0.0156277258065671,-0.0009400020156823,-0.0448893245639941,-0.0654308133484529,-0.0167060303168592,0
0.0,0.442454,0.64,3.241174387894457,0.2777532476423595,0.0746,0.16,0.4663,425874.0,42641.0,7.66892,0.05,0.07,0.02,0.0,0.69,0.02,0.0,0.845,0.065,0.42500000000000004,0.6194500000000001,0.24995,1.0,0.3833,1.0,0.66665,154,0.44949999999999996,0.16449999999999998,1.0,1.0,0.0,1.0,0.0,0.0,0.0630098649937431,-0.0424120265915924,-0.050796468989764,-0.0016295592281589,0.0309677005387859,-0.0119250712108696,-0.0881262130783014,-0.0300612572900419,0.4098081517273452,0.7991009880050446,0.3652908798386757,0.1309035033062165,0.4240285692573092,0.0141081351579385,1.022708282154808,0.3044528741771645,-0.0343395873388146,-0.0593489066068611,-0.0058963257918292,0.025739655473875,0.0673285454545818,-0.0180455733186834,-0.06102362524076,0.072927819928409,0
0.0,0.494979,0.52,4.465784012332346,0.240426751203379,0.0045,0.1382,0.0326,56.0,249634.0,10.5316,0.12,0.025,0.015,0.01,0.855,0.75,0.485,0.91,0.925,0.78,0.2986,0.09720000000000001,1.0,1.0,1.0,1.0,0,0.2719999999999999,0.9008999999999995,1.0,1.0,0.0,0.0,1.0,0.0,-0.0041818035238669,-0.0054623822946123,0.0107244612673492,0.0029746953199702,-0.0125393815486226,0.0418300382141602,-0.0259374460256508,-0.0011591385813916,-0.0457388120647025,0.8934538665938682,0.4273604931219305,0.0929295703426463,0.141063936376243,0.012537417069792,1.1175440597382866,0.0921177062327574,0.0270895307906524,-0.0510427479500232,-0.0213832059469851,0.0074165014637346,0.0130272443792293,0.0087426404373903,-0.0681118627091721,-0.0026182824715626,0
0.0,0.563528,0.64,5.677386226987974,0.288723850381682,0.0018,0.5403,0.0034,748.0,1119.0,24.8977,0.13,0.065,0.025,0.0,0.7,0.335,0.015,0.8500000000000001,0.795,0.52,0.43999999999999995,0.2381,1.0,1.0,1.0,1.0,0,0.18100000000000002,0.131,1.0,1.0,1.0,0.0,0.0,0.0,-0.0280711095973237,0.3565083470336806,0.135821396808337,0.0156299057169556,0.0955171480793295,-0.0121562229686677,0.2996702843730122,-0.0273089194512008,0.2180285814695705,0.2645501063374592,1.7411110940867478,0.3726163570136349,0.688830427127973,0.056307046307791,1.414109040794618,0.4780896641641537,0.0255658318555015,-0.0773905815666718,0.114138478469149,0.0178306431615491,0.1962024305699671,-0.0109410104598496,0.0187236057602403,0.0738278778889691,0
0.0,0.498099,0.42,6.07277051147275,0.1249192389592862,0.029,0.1173,0.2469,101174.0,77666.0,19.1723,0.13,0.03,0.01,0.0,0.72,0.385,0.01,0.855,0.51,0.565,0.2875,0.14285,1.0,1.0,1.0,1.0,1882,0.558,0.0929,1.0,1.0,0.0,0.0,1.0,0.0,-0.040925411944773,-0.0570543081117177,-0.0388571173987261,-0.0099537937385759,-0.0656799063426956,-0.0139546486090486,-0.0992960092941316,-0.034492094333554,-0.0395739284722438,0.9850812703813,0.3544220649200982,0.2503055894121001,0.4497725081796539,0.0089627640686079,1.4746323370416272,0.3254211843505132,-0.0346331968771221,-0.0510360324339194,-0.0121517656884154,0.0087348350554443,0.0687101332788717,0.0038210815188594,-0.0184900372863377,0.046540241148578,0
0.0,0.689498,0.58,3.5893410864091173,0.55340368297038,0.0526,0.4846,0.1086,8.0,2754.0,7.66892,0.14,0.045,0.025,0.01,0.6799999999999999,0.48,0.0,0.75,0.6499999999999999,0.0,0.65,0.30555,1.0,1.0,1.0,1.0,845,0.20599999999999993,0.0,1.0,0.0,0.0,1.0,0.0,0.0,0.0925137072556986,-0.0764626109567372,0.0284858953437589,-0.0207670173617304,0.0227125458294229,-0.0550069693049579,-0.1244903129019736,-0.0531003321720873,0.2441269889516312,0.1039445264682589,0.6313125023268287,0.1837429002634852,0.3168918027207069,0.0573258161585368,-0.0163563412308456,0.366689435368205,0.1384648018977195,-0.0597442377001343,-0.0268111873248695,0.0142231752707619,0.1174503675869475,-0.0400770895445477,-0.1207731833993869,0.0572255963006091,0
0.0,0.733796,0.51,0.2509106820647984,0.9324022020213624,0.0712,0.2012,0.3538,975.0,225545.0,7.66892,0.14,0.14500000000000002,0.02,0.075,0.52,0.56,0.0,0.61,0.76,0.135,0.775,0.24995,1.0,1.0,1.0,1.0,1518,0.4060000000000001,0.33549999999999996,1.0,1.0,0.0,0.0,1.0,0.0,0.0510795908035845,-0.0675781660026181,-0.0630605042868787,-0.0139504216044645,0.0139110499063959,0.0019911369787237,-0.0909576131749441,-0.0395695962619568,0.5745636172845601,0.0316917539032691,0.3864304276527209,0.1175821984203281,0.2468195700928679,0.0360207455584127,-0.0444612621436011,0.0977291239950259,0.1988545140313721,-0.0555874910905914,0.0274206111323052,0.0066547253519178,0.1261253972456501,0.0231185663841159,-0.0775665598502268,0.0112839395364958,0
0.0,0.501182,0.49,1.4836087953466823,0.7371954426220715,0.0244,0.1136,0.2148,12.0,126896.0,9.10026,0.14,0.045,0.05500000000000001,0.0,0.28500000000000003,0.155,0.0,0.345,0.23500000000000001,0.01,0.41664999999999996,0.8,1.0,1.0,1.0,1.0,4579,0.0,0.0495,0.0,0.98,0.0,1.0,0.0,0.0,0.3497533829458134,0.2428797029434051,0.0956613855785469,0.0700640582241018,0.2777916341026361,0.0434282127985845,-0.0106303853911082,0.1111915945112927,0.6053309669983117,0.1193240302585286,1.466264825061618,0.6135083555383309,1.309199350632833,0.0145366104096738,0.563411705019742,1.2740596585119166,0.261780994791314,-0.0670777489021052,-0.0290229437568797,0.1366727362391886,0.4654613297806248,0.00187888124085,-0.0709912041894985,0.2857861852462683,0
0.0,0.587441,0.55,1.9872891152224403,0.5778038305489309,0.0631,0.1805,0.3497,36.0,11716.0,13.3943,0.15,0.005,0.03,0.01,0.24,0.07,0.060000000000000005,0.365,0.255,0.07500000000000001,0.07644999999999999,0.3852,0.9821500000000001,0.68355,1.0,1.0,186,0.09545,0.05949999999999999,1.0,1.0,1.0,0.0,0.0,0.0,0.0157559050112553,0.3535117169686712,-0.0628047336603375,0.0301529581107261,0.2195291280596294,-0.064960593737259,0.3942125575594843,-0.0378180091090057,0.3870218712610255,0.3510082549402656,0.9986674542862944,0.4965317224419298,0.8566324733651063,0.0189788588292236,0.7245818206751982,0.7506534564602164,0.2674955253247872,-0.1055999095997375,-0.106942947349979,0.1361849229336174,0.3927991235894824,-0.0308575628171398,-0.1346767625914059,0.1933566091257413,0
0.0,0.59375,0.51,0.4777735242332046,0.6223009643029414,0.0643,0.1667,0.3861,101.0,47195.0,30.6757,0.15,0.035,0.0,0.085,0.6950000000000001,0.18,0.16,0.8049999999999999,0.935,0.655,0.3333,0.03885,1.0,0.7619,1.0,1.0,0,0.0,0.0,0.0,0.0,0.0,1.0,0.0,0.0,-0.0076019492131552,0.3571749317609269,-0.0086258372125952,0.024766219922053,0.1045934668889413,-0.0131821733164195,0.2942997897870381,0.0235889931923008,0.1401555684993522,0.5257033636580166,0.5722458929844927,0.171596324566057,0.5487395204695107,-0.0496288608661768,1.0877561415596144,0.4736070866339503,-0.0065549103984094,-0.0103070546496087,0.0537452477424669,0.0124902684350476,0.0525718642633131,0.0002407859749007,-0.0215707677180658,0.0623014623844779,0
0.0,0.626374,0.53,1.5903430841300423,0.5928250315725087,0.0673,0.2643,0.2548,843.0,91297.0,7.66892,0.15,0.015,0.01,0.0,0.14500000000000002,0.66,0.0,0.14,0.85,0.0,0.19275,0.10565,0.873,1.0,1.0,1.0,3934,0.0,0.7873,0.0,1.0,0.0,0.0,1.0,0.0,-0.0672859815103682,-0.1008864501938123,-0.0920478342474683,-0.0412907191117225,-0.076861736504261,-0.0482200609734642,-0.1140145593380343,-0.0770414248593328,0.4929750561772847,0.0140495110547346,0.0993606072227877,0.0843919216106665,0.1803599263469049,0.6314445239943487,-0.0686715792031215,0.0902456815848249,0.5752013666725413,-0.0511971505715951,-0.0424297479150026,0.074638932805346,0.16175406380841,0.5139553794429682,-0.0786163176850201,0.1233124996080885,0
0.0,0.58046,0.5,2.047763710526407,0.6010891708093221,0.0,0.7306,0.0,53389.0,20854.0,10.072,0.15,0.015,0.07,0.16999999999999998,0.73,0.725,0.6,0.81,0.8400000000000001,0.5800000000000001,0.2202,0.6093,1.0,1.0,1.0,1.0,1671,0.3328999999999999,0.131,1.0,1.0,0.0,0.0,1.0,0.0,-0.0059814812307783,-0.0272833064937912,-0.0414516983086997,-0.0077382796989744,-0.0094912956727706,-0.0102023722643111,-0.0489267984399786,-0.0186832244330464,0.3977633606090644,0.0510307857872207,0.1459400479148183,0.2566524289247242,0.5160578175855814,0.0832453513495965,-0.0628461111993659,0.2317661770577998,0.0473798471699041,-0.0485186383955478,-0.0439716112942462,0.0472175577099355,0.098999806250319,0.0455456718355805,-0.0814083343551919,0.0103577375766432,0
0.0,0.585366,0.61,0.6510609147539023,0.8084292197427709,0.0562,0.0772,0.7276,55.0,74517.0,10.072,0.15,0.065,0.025,0.0,0.5,0.71,0.0,0.69,0.865,0.0,0.62165,0.29164999999999996,1.0,1.0,1.0,1.0,4490,0.1455,0.07200000000000001,1.0,0.78,0.0,0.0,1.0,0.0,-0.0271479917917046,-0.0218134571847062,0.1654535035328906,0.1063378231684162,0.0856205636046153,0.0281955286785099,-0.0587380417396971,0.0441832279031652,0.2978260047020714,-0.0127717013528231,1.0577394928292474,0.4548340804692792,0.7476163103251157,0.0786656531443701,0.1268921604516452,0.779577812660033,0.0540728429648805,-0.1098928544071581,0.0346295620993033,-0.0172043986582742,0.114248210398542,0.0588175978645394,-0.1127294470890732,0.0129754075181891,0
0.0,0.563872,0.52,1.9635850353069628,0.6517169048408877,0.0162,0.2626,0.0615,1055.0,76363.0,36.3484,0.16,0.025,0.045,0.01,0.01,0.41500000000000004,0.5549999999999999,0.03,0.49,0.645,0.3111,0.4466,0.16665,1.0,0.4,1.0,0,0.0395,0.126,1.0,1.0,1.0,0.0,0.0,0.0,0.4502721091332279,0.0723801003491617,0.1668491258629986,0.1858302221381971,0.6192208624066924,0.0277120413648494,-0.0914879309758405,0.4331583230556959,0.3316791609480164,0.1943897244125272,0.5872578852601691,0.4326337444916855,0.7293596467220687,-0.0097661135104448,0.3114831434621262,0.5377712770844121,0.2643605553304692,-0.0560210758892894,-0.0112933373959848,0.2396177479951337,0.3813068064266767,0.0596838901404186,-0.0694578884889556,0.2048702114314882,0
0.0,0.443609,0.470588,5.3480275234429575,0.1256927887564708,0.0898,0.0725,1.2381,92676.0,388647.0,6.23758,0.79,0.03,0.045,0.0,0.675,0.725,0.005,0.81,0.8,0.49,0.2802,0.5739,1.0,1.0,1.0,1.0,0,0.7115,0.046349999999999995,1.0,1.0,1.0,0.0,0.0,0.0,-0.0887665872796337,-0.086454727134726,-0.0685708223490371,-0.0516801419726623,-0.1058788298837497,-0.0574770447781318,-0.1112308795028874,-0.0755563048272063,-0.0601999325851391,0.9348553301580876,0.4960048206368458,0.2558579373818821,0.349197247502575,0.0362817009049427,1.5052022710805617,0.237037143372713,-0.036624552915727,-0.0802575490348832,-0.0195127035473706,0.0021699450444087,-0.0052228690384255,-0.0346850925623878,-0.0628375865890591,0.0321855320699829,0
0.0,0.425532,0.44,3.507730525209695,0.3600172055576806,0.0132,0.1499,0.0882,168291.0,3936.0,19.6319,0.75,0.04,0.0,0.015,0.48,0.015,0.05,0.8,0.58,0.485,0.45830000000000004,0.09584999999999999,1.0,0.31945,1.0,1.0,2079,0.07800000000000001,0.1754,1.0,1.0,1.0,0.0,0.0,0.0,0.0266070416094468,0.4129515060109868,-0.0316626347976769,0.023001659307216,0.183691918600052,-0.0189730842567352,0.5801676422581884,0.0320834356004901,-0.029243354296076,0.4323467561684518,-0.0411228099956594,0.0175888259401057,0.1470897254668146,-0.0793542179559316,0.7172099960108045,-0.0102031408192765,0.0222311324125773,0.0945745240937725,0.347546756324489,0.1235224149289997,0.3543334235701055,-0.0372303505058716,0.3172708817750794,0.2910259706891435,0
0.0,0.706614,0.535294,0.9762942837628784,0.7617756090061067,0.0158,0.5543,0.0285,89396.0,1429.0,23.0067,0.74,0.02,0.015,0.03,0.18,0.13,0.03,0.35,0.215,0.025,0.26339999999999997,0.305,0.9271,0.73335,1.0,1.0,4937,0.04449999999999999,0.177,0.89,1.0,0.0,1.0,0.0,0.0,0.185363394615096,-0.0559954719016463,-0.0686684964767047,0.0369806693408582,0.1233582142075735,0.7748195437195952,-0.0678115573366738,0.0237615920358915,0.550815581229182,0.1731227674950081,0.6791818426757529,0.327509575692764,0.4771936862017764,1.010462896164519,-0.0562939838361665,0.3276198861576463,0.2403055734655183,-0.040532189962945,-0.0336818402758579,0.0285988637624125,0.0979817180999877,0.6978748660001103,-0.0856129724419108,-0.0158024758053753,0
0.0,0.671335,0.52,0.1573564682600554,0.7609305012047074,0.1435,0.2335,0.6144,69729.0,2531.0,20.6036,0.71,0.03,0.0,0.0,0.69,0.0,0.0,0.84,0.195,0.0,0.27605,0.08059999999999999,1.0,0.0,1.0,1.0,750,0.46000000000000013,0.0,1.0,0.0,1.0,0.0,0.0,0.0,0.2635053682551943,0.5304270104301939,0.3276701651450026,0.2848097567692647,0.6674492852521503,0.020934557407407,0.7899042480321183,0.2643339221847577,0.2410432989631095,0.0670536057359593,0.2564710425169967,0.096610480188508,0.2409313300177697,0.0085125852969508,0.0365310345656764,0.1781250731655179,0.043637810541582,-0.0483179928034811,0.0478846330636393,-0.0027598849760169,0.0065925964146437,-0.0114422613518354,-0.0646206679752143,0.0062274107058822,0
0.0,0.551961,0.55,2.537504351553273,0.2808363037949859,0.1648,0.1027,1.605,115.0,71432.0,20.6036,0.71,0.0,0.05,0.0,0.0,0.5249999999999999,0.0,0.325,0.645,0.22,0.02185,0.26385,0.0278,1.0,1.0,1.0,2453,0.0,0.0,0.0,0.0,1.0,0.0,0.0,0.0,-0.007299298565506,-0.0595852824351299,-0.002361938833132,-0.0309457323596681,-0.0271448200999984,-0.0222693495937752,-0.0796483694645384,-0.0236268020041319,0.2594108069583072,0.4369808768382121,0.6524106186689594,0.4623289593640729,0.94678599406649,0.0229784392406615,0.799956815089341,0.6935631588535057,0.1077504235808211,0.4236545980296881,0.0206518773125761,-0.0383453946057399,0.0889370284494852,-0.0444379572865881,0.478640513158577,0.0424219659771314,0
0.0,0.441506,0.66,4.746606961045745,0.3189719490088221,0.0223,0.1098,0.2031,63.0,43490.0,20.1441,0.69,0.03,0.01,0.0,0.685,0.015,0.01,0.935,0.1,0.615,0.25,0.16665,1.0,0.18745,1.0,0.9167000000000001,0,0.5365,0.26400000000000007,1.0,1.0,1.0,0.0,0.0,0.0,0.5025944678212161,0.0467742517234487,-0.0034275201995353,0.0389236373238155,0.1437172969333643,0.0349322304596821,-0.0845771432728462,0.0194198661633435,-0.0389955540705284,1.1937999990628034,0.3952965135833239,0.0488762075678155,0.3278389098471493,-0.0562028039932556,1.7926176266473508,0.0830622208779303,-0.0162800675421332,-0.0221919487797494,0.0398493364527136,-0.0113173817859349,0.0003807641497224,-0.0066786634126325,-0.024661383266908,0.0084694173590692,0
0.0,0.460012,0.435294,2.945756060327979,0.2977102717014296,0.0116,0.0943,0.1235,83456.0,414505.0,20.6036,0.67,0.02,0.02,0.01,0.835,0.75,0.21,0.875,0.865,0.77,0.26665,0.28335,1.0,1.0,1.0,1.0,0,0.035,0.0332,0.7,0.64,0.0,1.0,0.0,0.0,-0.0636071907068446,-0.0654779192095183,-0.0345641519299338,0.0246305217125056,-0.0842088439998326,-0.0450980165476369,-0.0832225041765287,-0.0217501303243601,-0.1823272326181766,1.2416082000664197,0.3601151117447196,0.1139792392429691,0.2472061184691401,-0.03086643326424,1.6972648039899307,0.0111541346256852,-0.0804791211632088,-0.0650505140188543,-0.0659915478032382,-0.0415325064095794,-0.0568127016129738,-0.0347525541621938,-0.0776175843045684,-0.0572432187937599,0
0.0,0.62012,0.36,0.0506434769450272,0.9390760532797796,0.036,0.248,0.1451,63281.0,31432.0,18.2005,0.66,0.02,0.015,0.01,0.575,0.46499999999999997,0.0,0.67,0.61,0.0,0.15625,0.1875,1.0,1.0,1.0,1.0,642,0.40700000000000003,0.341,1.0,1.0,1.0,0.0,0.0,0.0,-0.0233153486875971,-0.0458928587761573,-0.0461516763204408,0.0131849527477567,-0.0455471705118043,0.1412145422426371,-0.0750196483037925,-0.0339641280390943,0.4309460750408261,0.0782354011820193,0.4193402253367611,0.0643765057688452,0.2302018591403113,0.5687958000523248,-0.0809882197646276,0.0577028603497527,0.1010766286973892,-0.0375432843509219,-0.0439333033243766,-0.0027850432968269,0.0210239603280165,0.2375145821982405,-0.0574724701050562,-0.0060652232934995,0
0.0,0.574516,0.66,1.6781372011654805,0.6612352417531117,0.0603,0.1101,0.5477,1204.0,2328.0,16.7692,0.65,0.035,0.095,0.015,0.69,0.21500000000000002,0.1,0.7949999999999999,0.44,0.6699999999999999,0.37034999999999996,0.6518999999999999,1.0,1.0,1.0,1.0,0,0.38420000000000015,0.0,1.0,0.0,1.0,0.0,0.0,0.0,0.154296451044421,0.0667037182180379,0.0361251165563123,0.0622529556718636,0.2537575681352511,0.0013761163428015,-0.0527482138173531,0.1268944108563775,0.2763380932156064,0.7829236677892725,0.2595479715014808,0.059951020898207,0.3252193984993946,-0.0568647937624177,0.871044263991236,0.108505442476054,0.0453151776464387,-0.0376172613968059,-0.0309153245302157,0.0206631389581456,0.1001911306661157,-0.018066543310259,-0.034656931251091,0.0250665637425648,0
0.0,0.620902,0.59,3.36368547912542,0.7173766311405185,0.0236,0.4048,0.0583,36.0,6387.0,24.8977,0.64,0.07,0.015,0.025,0.41000000000000003,0.7050000000000001,0.125,0.53,0.88,0.255,0.3332,0.2853,0.9167000000000001,1.0,1.0,1.0,0,0.4204999999999999,0.09799999999999999,1.0,1.0,0.0,0.0,1.0,0.0,0.0361123197186154,-0.011414789831709,-0.0104667989841358,-0.0164650857496739,0.0001792877222144,0.0830563920833489,-0.0583976310964126,-0.0137281932281113,0.7943127007231188,0.062273281539387,0.3358169428764841,0.1041169581124623,0.3112025679024015,0.4459422711744512,0.0823956944640778,0.17645315478283,0.1400148729251469,-0.0754838512773257,-0.0299978528089356,-0.0446072423169212,0.0550825314811405,0.0622257977563511,-0.0984890924775868,0.0002945559533397,0
0.0,0.705619,0.57,1.6786123510014404,0.6572837203426832,0.0267,0.4029,0.0662,114.0,130.0,90.0834,0.65,0.0,0.16,0.0,0.005,0.49,0.0,0.385,0.61,0.0,0.00345,0.6857,0.04165,1.0,1.0,1.0,6286,0.0,0.28300000000000003,0.0,1.0,0.0,0.0,1.0,0.0,0.1946277771582691,-0.0872255940942791,-0.0579054954976181,-0.0016794329908066,0.1219193457357962,0.0091244278556047,-0.0903859341141759,-0.0084669022652304,0.1445884452823364,0.0084909177013551,0.9218921407292164,0.225640005952872,0.4218802375906446,0.0975782634074388,0.0282546283550705,0.542096645021225,0.2188495812858792,0.2770916206028118,0.0870127730427541,0.2532795288862454,0.7089446727061894,0.0340222471105425,0.1715841640035625,0.4477190749575478,0
0.0,0.481743,0.552941,3.261724095765093,0.4438783037935613,0.0315,0.1308,0.2405,15.0,580.0,45.9609,0.65,0.025,0.0,0.0,0.71,0.0,0.015,0.91,0.0,0.735,0.19445,0.0,1.0,0.0,1.0,0.0,0,0.4916500000000001,0.0,1.0,0.0,1.0,0.0,0.0,0.0,0.1490320018047242,-0.0009763497753912,0.7437508508641169,0.1870728076941961,0.5035872798489327,0.053160455804258,0.0049599059783643,0.6316025793807701,0.1157913185489032,1.0345742031935623,0.4052357831796736,0.3276586801426163,0.7448295661232857,0.019530103654439,1.4257266836860727,0.4513339380039546,-0.051977484115666,-0.0741368363257377,-0.0318951514664566,-0.04588268205862,-0.0264298970106799,-0.0139329618593918,-0.0749352016228337,-0.01737414607171,0
0.0,0.56124,0.56,5.182534914095036,0.2210899675172819,0.0243,0.0827,0.2938,39.0,43745.0,10.072,0.64,0.02,0.05,0.005,0.725,0.33499999999999996,0.03,0.91,0.44,0.74,0.16665000000000002,0.39225,1.0,1.0,1.0,1.0,3517,0.07150000000000001,0.12975,1.0,1.0,0.0,0.0,1.0,0.0,0.0747697873659915,-0.0209079913038659,-0.0707835213264262,-0.0153440282311836,0.0856000893618904,-0.0238747157449699,-0.0480070066589064,-0.0313212352928928,-0.0834540695784473,1.0019727725464929,0.415250769965918,0.1245033686674319,0.2119085057744753,-0.0581294905267906,1.623152016115554,0.1476157922727771,-0.0348777335296038,-0.0775845871295443,-0.0522523667896141,-0.0274650651298492,-0.0652779384774721,-0.0018112443330912,-0.1036982027474093,-0.0371338790358527,0
0.0,0.608268,0.55,1.6636043326434715,0.7434285092664842,0.0332,0.5765,0.0577,397.0,38157.0,24.8977,0.65,0.005,0.045,0.0,0.01,0.665,0.0,0.055,0.84,0.0,0.1314,0.39355,0.1333,1.0,0.73335,1.0,1003,0.0425,0.878,0.85,1.0,0.0,0.0,1.0,0.0,-0.0076535529884166,-0.0056647269311299,-0.0102327145379798,-0.0018566504798634,-0.0150142995596578,0.0104894785201263,-0.0297374352934635,-0.0131199337629576,0.7565517201244476,0.3430174005958893,1.0464983793511131,0.4262553428073443,0.6363324822078158,0.2682890944231604,0.4757297117108055,0.5883966474692632,0.2771041444764073,0.1486816228371017,0.2094207677122233,0.1853338352739645,0.5584287789154978,-0.0191437939564412,0.1953305802297703,0.4241780884602623,0
0.0,0.568519,0.54,5.492856305986936,0.2720910975534579,0.0269,0.2525,0.1066,26.0,8291.0,14.8783,0.65,0.05,0.0,0.0,0.21000000000000002,0.005,0.005,0.38,0.5700000000000001,0.245,0.48610000000000003,0.02175,1.0,0.075,1.0,1.0,2290,0.23549999999999993,0.282,1.0,1.0,0.0,1.0,0.0,0.0,0.1159299618598502,0.4737866169031139,0.0762894489462723,-0.0142343614014788,0.0764212536413368,-0.0527276505190115,0.6105189170795774,0.0181833825274518,0.1849491063204495,0.3979943049646857,0.9864208613614076,0.1960734106564598,0.5681973653502067,-0.0443150654189061,1.258362605685734,0.3685806716961763,0.4240895770121144,-0.0206845635886125,0.0233075435042309,0.0611891777826658,0.143501270357685,0.0942086759989987,-0.0425658219684534,0.0781343689792767,0
0.0,0.732348,0.52,0.9554112355343504,0.7809432916228458,0.0851,0.2413,0.3525,24793.0,649655.0,20.1441,0.64,0.035,0.035,0.0,0.725,0.77,0.0,0.8200000000000001,0.81,0.0,0.42745,0.5016,1.0,1.0,1.0,1.0,0,0.11,0.8969999999999999,1.0,1.0,1.0,0.0,0.0,0.0,0.0479206961414233,-0.0158898706098283,0.0426452657956648,0.0221776527123976,0.0410726464686287,0.0048245757198941,-0.012001331485135,0.0157680901856691,0.1971249334379596,0.0143588437012361,0.6364234737055746,0.0664531486445662,0.3089578233645462,0.0009956943052675,0.0496899967417164,0.3034104746958864,-0.017045051369215,-0.0900297427720689,-0.0445549565232417,-0.0219473197131833,0.0362601036679017,-0.0216480277038653,-0.0945117809059767,-0.0131381933643634,0
0.0,0.512008,0.44,3.674483353276168,0.3623108887653227,0.0419,0.1621,0.2587,499337.0,172712.0,37.3728,0.62,0.045,0.03,0.0,0.73,0.565,0.0,0.8999999999999999,0.69,0.395,0.56785,0.5055000000000001,1.0,1.0,1.0,1.0,0,0.0,0.079,0.0,1.0,1.0,0.0,0.0,0.0,-0.0110245439138416,-0.0444949435789597,-0.0897761213288947,-0.0292837009666167,0.0490447559256865,-0.0380407916752199,-0.1013871797359591,-0.0381540763659606,0.1402123561857936,0.6444435191864903,0.5014603915817136,0.1448173048700982,0.3452352933575311,0.0080123307605228,0.9491728064076989,0.2978387803755332,-0.0241199357743703,-0.0542388954032187,0.0050234823372746,0.0692146937885202,0.0386351208140287,-0.0191496455297246,-0.0666363282841418,0.0617272541062426,0
0.0,0.507275,0.435294,3.504185599598141,0.3022526671192928,0.0326,0.1057,0.3083,662151.0,9074.0,37.3728,0.62,0.065,0.025,0.0,0.14500000000000002,0.7050000000000001,0.0,0.35,0.76,0.6499999999999999,0.6197,0.23670000000000002,0.92065,1.0,1.0,1.0,350,0.31099999999999983,0.5589999999999999,1.0,1.0,0.0,0.0,1.0,0.0,0.035199572941057,0.0161705843401017,-0.0301129756801017,-0.0092104378161538,0.0554840220114964,-0.0140461436025709,-0.0087380082972174,-0.001675760164115,0.2103135160361878,0.6646809096797746,0.4791346247810041,0.0337530386518704,0.2637143806527747,-0.037538685187179,1.120386963061165,0.2395440676939015,0.1092030928866205,-0.0173055563474762,0.0041243732231375,-0.0392178538302937,0.0612710367113606,-0.0408697912110584,-0.0446717908809682,-0.0134488741313783,0
0.0,0.572515,0.54,2.5276311757398604,0.3490801902459478,0.0374,0.1459,0.2566,95419.0,272293.0,74.2861,0.59,0.02,0.03,0.0,0.675,0.175,0.0,0.7949999999999999,0.45999999999999996,0.64,0.1353,0.47219999999999995,1.0,1.0,1.0,1.0,814,0.5990000000000001,0.0,1.0,0.0,0.0,0.0,1.0,0.0,-0.0277351549679354,-0.0672992814413053,-0.0919110946219947,0.0238963927417777,0.008845178131093,0.0071729028644583,-0.1021174031130846,-0.0294575687587922,0.2900856164609341,0.3063487991199781,1.0203251738877666,0.1599892572104408,0.5030995377572786,-0.0483382116115505,0.813919726170754,0.5818621928903687,-0.0431444032047173,-0.0600046162675794,-0.0022095891805679,-0.0366492746377034,5.729342803367232e-05,-0.0216635711730482,-0.0439248336534154,-0.0040285588567372,0
0.0,0.558824,0.58,6.705469962314379,0.1862179414155162,0.0133,0.2623,0.0505,60.0,106249.0,74.2861,0.59,0.01,0.0,0.0,0.41500000000000004,0.0,0.0,0.55,0.56,0.01,0.08879999999999999,0.01665,1.0,0.0185,1.0,1.0,9525,0.21949999999999995,0.0,1.0,0.0,1.0,0.0,0.0,0.0,0.1498346089183021,0.4914241709177786,-0.0120890940355305,0.0082762219683148,0.1344934510385689,-0.0427396118599476,0.5165777506430456,0.0433309575976834,0.2512134201653173,0.1937136930541514,1.1260988424847695,0.4649096347502602,0.9192168735274552,0.0370096499750246,0.9060131354020812,0.6053810217384292,0.0095797900417013,-0.0890496489288834,-0.0492669330707188,-0.065245538206025,-0.0005843565997849,-0.0353707752385287,-0.1104344090436479,-0.0407721546762233,0
0.0,0.488818,0.46,2.1094953925910067,0.457849296173994,0.0908,0.12,0.7569,437441.0,56565.0,13.8538,0.59,0.03,0.0,0.025,0.735,0.005,0.005,0.7949999999999999,0.39,0.47,0.33165,0.04875,1.0,0.2,1.0,1.0,377,0.634,0.0,1.0,0.0,1.0,0.0,0.0,0.0,0.6525916046796525,0.2078663880588555,1.251049565936428,0.2243506217419185,0.483602427115792,-0.0294948467706114,0.7440952142288693,0.5819606967892839,0.3832682459417154,0.4770010347652852,0.5646360913165592,0.048903494945753,0.266992491906017,-0.0021314224829707,0.9406482134065428,0.2468880552893087,-0.066318261393239,-0.0886578244387858,-0.0408411427962947,-0.0150882967796817,-0.0590718439120202,-0.0471109037000471,-0.0855022856606392,-0.0691014497367677,0
0.0,0.550409,0.47,3.426455501959724,0.3613192991236029,0.0213,0.1531,0.1394,346681.0,145925.0,12.4752,0.58,0.035,0.015,0.015,0.775,0.8,0.065,0.815,0.91,0.38,0.45699999999999996,0.1167,1.0,1.0,1.0,1.0,2274,0.46900000000000014,0.10104999999999995,1.0,1.0,0.0,0.0,1.0,0.0,-0.0488997336080456,-0.087048249938149,-0.0836823529668689,0.0125489206529704,-0.0858673962621981,0.0069207156087435,-0.0934453707492597,-0.0369450389350284,0.1554661938790124,0.299898876227045,0.4979949730595098,0.22810830430714,0.5789477397883214,-0.0103783460710889,0.5164169724248727,0.4860001938423421,-0.0238126244826288,-0.0832498968072675,0.0001502941962957,0.0143371229657522,0.0349592045546674,-0.0498762282061478,-0.0848084779785324,-0.0137113938682451,0
0.0,0.536717,0.51,0.0083959285987961,0.8698382976610913,0.048,0.1978,0.2425,235916.0,58127.0,19.6319,0.58,0.02,0.025,0.0,0.515,0.46499999999999997,0.0,0.785,0.68,0.015,0.29610000000000003,0.2982,0.9792000000000001,1.0,1.0,1.0,2588,0.5268999999999999,0.0,1.0,0.0,1.0,0.0,0.0,0.0,0.2309596271987255,-0.056216249829535,-0.0580844948033372,-0.0179361647778202,0.1216688798449635,0.2167792900351109,-0.1002193439940577,-0.0026856436793159,1.1084634126123152,0.4149387292591259,0.5447083980294114,0.0990176005285928,0.3561326542019229,0.1295438946279908,-0.1222284675184786,0.3450634224931873,0.1652002087755301,0.0212248467452364,-0.0389473132892045,-0.059106317767103,-0.005789429000217,-0.0348531326498658,-0.1262822144734125,-0.0698699356659101,0
0.0,0.505503,0.44,1.5104058955877873,0.2741372051798627,0.0673,0.1186,0.5678,186230.0,102182.0,19.6319,0.58,0.04,0.04,0.0,0.36,0.61,0.01,0.5,0.8200000000000001,0.69,0.40575,0.3368,1.0,1.0,1.0,1.0,1731,0.125,0.24799999999999997,1.0,1.0,0.0,0.0,1.0,0.0,-0.0923127493791729,-0.0923716845520092,-0.0653064889081593,-0.0228111482934741,-0.0703231064826378,-0.0398722125997256,-0.111977635244524,-0.0419598640606374,0.1397240280162784,0.4531146317805487,0.7956545224729002,0.4173308446091565,0.9241050754021748,0.0016441575287664,0.8437459908172553,0.8815308015045753,0.1120224681432991,-0.042978268226386,0.2687058348818689,0.1738517179335742,0.4550935853247473,-0.0250315298916158,0.0507150309978451,0.4844372517977626,0
0.0,0.454583,0.46,0.0270282701818283,0.835921255778956,0.043,0.1543,0.2786,18937.0,294805.0,16.7692,0.3,0.02,0.015,0.01,0.61,0.5700000000000001,0.14500000000000002,0.585,0.77,0.25,0.25245,0.11985,1.0,1.0,1.0,1.0,5308,0.228,0.652,1.0,1.0,1.0,0.0,0.0,0.0,-0.0314531834361331,-0.0479271514106076,-0.0513027352207019,-0.0244041835563464,-0.0330974073128852,0.0231954435332888,-0.0844534792116507,-0.0081899448329889,0.6596798686990853,0.2564458791446714,0.058714922808359,-0.0220403639199376,0.1460390196632539,0.0014837825421849,-0.2098425472458312,0.0866752294696857,0.1263804344202329,-0.0444992497529778,-0.0138716025339443,-0.0274882292764516,0.0316837356444376,-0.0129723690339425,-0.0950994045513017,-0.0245377497473481,0
0.0,0.720802,0.55,0.8860235546206593,0.782290693002822,0.0247,0.2912,0.0847,129.0,778.0,77.0961,0.32,0.08499999999999999,0.055,0.005,0.575,0.305,0.0,0.52,0.41000000000000003,0.0,0.6,0.7176,1.0,0.96875,1.0,1.0,1378,0.256,0.039999999999999994,1.0,0.8,1.0,0.0,0.0,0.0,0.1360430079240451,-0.1489897636529095,-0.062120625332537,-0.0630771885150422,0.0626941000280437,0.047196239808304,-0.1502192192759412,-0.0930399052461774,0.172477497836346,-0.0092249118583208,0.9000427366585564,0.1164694453984885,0.2692714447936616,0.0609553279468708,0.2295887337280533,0.3028579773092809,0.1907979255494886,-0.0519673919039621,-0.0175565329598222,0.0121554311288119,0.1294902501640121,0.0435481330819534,-0.0588937788195059,-0.0078331587047463,0
0.0,0.424316,0.34,2.421786655347647,0.3558499186614625,0.056,0.1147,0.4882,1411.0,33543.0,23.4663,0.34,0.095,0.01,0.005,0.265,0.55,0.025,0.24,0.8200000000000001,0.6,0.6598999999999999,0.13055,0.9494,1.0,0.9792000000000001,1.0,0,0.17105,0.5005,1.0,1.0,1.0,0.0,0.0,0.0,-0.0337369036689065,-0.0298998682140396,-0.0395575036907062,-0.0146566701648228,-0.037554474363634,-0.0383633415078046,-0.0436911673793975,-0.0298408184991956,0.0731599033220366,0.7788037475946384,0.3315678729898116,0.1580862501243654,0.451801897806913,-0.041256602428726,1.1548511368897596,0.2694015255311778,0.1452855638652412,-0.0706370603806319,0.112364384504759,-0.0037921900852143,0.2157823501371177,-0.0141552973341896,-0.052595357341766,0.1184132134538335,0
0.0,0.739774,0.46,0.6476253335736963,0.9163508638728358,0.0549,0.3372,0.1627,150540.0,168.0,10.5316,0.34,0.01,0.0,0.0,0.27,0.005,0.0,0.505,0.515,0.0,0.16165000000000002,0.02825,1.0,0.15894999999999998,1.0,1.0,0,0.31799999999999995,0.0385,1.0,0.77,1.0,0.0,0.0,0.0,0.0971207745903554,0.4977891533065331,-0.0020201625388598,0.0414762192936506,0.1614943496693399,-0.0387341368248699,0.5492357364442045,0.0417084900974348,0.0604538980256834,0.0119420136147764,0.1979281579617408,0.0181108269450829,0.0547785756500907,0.0426847253728343,-0.0219655699926221,0.0682440515283264,0.3065496348522528,-0.0749892980548788,-0.0497512888444053,-0.0165935229576746,0.1015624155859156,0.0110591068808934,-0.0996591855194252,0.0035174114660099,0
0.0,0.709233,0.46,1.1732017972992674,0.8571908514155521,0.0828,0.5559,0.149,24537.0,2475.0,7.66892,0.36,0.04,0.0,0.0,0.32,0.0,0.0,0.425,0.37,0.0,0.5446,0.0264,0.9125000000000001,0.02,1.0,1.0,3065,0.0148,0.060500000000000005,0.72,1.0,0.0,0.0,1.0,0.0,0.0636871520725663,0.2924094935382405,0.6193777947558804,0.1444952022946296,0.3156821979700325,-0.010591231731852,0.5939241750962913,0.3793913632615726,0.2621920163045824,0.1273978940750654,0.4917982004384362,0.0814011931946686,0.1644446380494746,0.0553025916558746,-0.0293426581404121,0.2085563524381985,0.515319910267517,0.1559914103839132,0.3277801293009034,0.0591276042988246,0.1864383767958561,0.0368577858690997,-0.0733946928200624,0.1747793814148656,0
0.0,0.603509,0.56,7.692494952444662,0.1736353928656336,0.0,0.3717,0.0,112.0,29748.0,13.8538,0.36,0.045,0.060000000000000005,0.005,0.755,0.21000000000000002,0.0,0.9,0.335,0.08,0.41664999999999996,0.3488,1.0,1.0,1.0,1.0,162,0.3974999999999999,0.0,1.0,0.0,0.0,0.0,1.0,0.0,0.4084473389445672,0.1592727072041165,0.3349503717260146,0.0188533352092673,0.0730760509555993,0.0291040533420366,-0.0555820602305117,0.0622364195825633,0.1664804033701669,0.2357843125696182,1.2939582444372033,0.3509172204583167,0.6213275495007038,0.029819878917563,1.133334000915322,0.4148721127815261,-0.0613551526588111,-0.0840845333434132,-0.0004013709572073,0.010075514682569,0.0264000305896226,-0.0354118487919189,-0.058195177485366,-0.000412356897475,0
0.0,0.482594,0.46,4.178060822371372,0.282115705505329,0.0225,0.1429,0.1573,87100.0,13433.0,13.3943,0.37,0.04,0.095,0.0,0.715,0.235,0.005,0.72,0.32,0.75,0.37429999999999997,0.37760000000000005,1.0,0.90835,1.0,1.0,1169,0.47850000000000004,0.0,1.0,0.0,0.0,0.0,1.0,0.0,0.2135121938173682,0.150086371601737,0.3627199640957169,-0.0120119557929276,0.0284647148421594,0.1835277699373776,-0.0707298946845633,0.0543046576131529,-0.0735335908564262,1.1739139549187174,0.4554915026739051,0.0646021370166423,0.2060143859247058,-0.0620502275298978,1.6396092988945352,0.0995805664230716,-0.0373745043594444,-0.0641326439437844,-0.0323681199253874,-0.0029122880599546,0.0288701376496447,-0.0229885003866006,-0.058639691264448,-0.0058552951027259,0
0.0,0.513719,0.3,2.6803128041347666,0.3244139413412644,0.0471,0.1346,0.3498,155244.0,17369.0,20.1441,0.36,0.07500000000000001,0.015,0.0,0.78,0.625,0.005,0.875,0.84,0.475,0.80555,0.19905,1.0,1.0,1.0,1.0,1685,0.9230000000000004,0.1865,1.0,1.0,0.0,0.0,1.0,0.0,-0.0117738439106974,-0.0152321771009253,-0.0150522234202513,-0.0132070381963556,-0.0175920051119396,-0.0161460338741394,-0.0175072546302242,-0.0186802547068374,0.2877827369693895,0.6046009587516968,0.2739120458603262,0.0897253999558211,0.3274938956280078,0.0284739541018971,0.8598757187933623,0.2525121758466579,-0.0361924443734746,-0.0427739381159169,0.003327664038089,0.0091735975373347,0.0448334378536376,-0.0169334104574126,-0.0618756350832889,-0.004289817444372,0
0.0,0.567771,0.62,6.246040489932259,0.1923693228876541,0.0193,0.2586,0.0747,151.0,384.0,35.4819,0.36,0.05,0.01,0.0,0.735,0.07,0.015,0.87,0.2,0.16,0.37155,0.2316,1.0,0.6673,1.0,0.96155,947,0.04449999999999999,0.0,0.51,0.0,0.0,0.0,1.0,0.0,0.1787514799744451,0.0922597708593077,0.3704800052062981,0.1353349143354388,0.4554296202226889,0.0051108809891462,0.0433889190640254,0.4790689043511958,0.4316130786682491,0.4634454962113848,1.3795907417977311,0.2539498894973998,0.5285551917281145,0.0689519350962994,1.0113455109283842,0.2918389306735981,-0.0115827050685497,-0.0668911449534332,-0.0273295596656863,0.0306929142540393,0.0521158488783691,0.0178292342531512,-0.0867190637257916,0.0010264242515316,0
0.0,0.55905,0.65,2.918466190928445,0.2651623253087041,0.0351,0.17,0.2066,103946.0,15032.0,17.741,0.36,0.04,0.02,0.0,0.48,0.83,0.005,0.72,0.95,0.54,0.43565,0.0667,1.0,1.0,1.0,1.0,0,0.22699999999999998,1.0,1.0,1.0,0.0,0.0,1.0,0.0,-0.0030337209701769,-0.0030337209701769,-0.0030337209701769,-0.0030337209701769,-0.001434112536917,-0.000499500137479,-0.0030337209701769,-0.0030337209701769,0.1919746231575231,0.5170359816672905,0.4024893029592903,0.0404025034173589,0.3018642481481687,-0.0228682588501858,0.8103463417961165,0.2555685117541302,0.1004150534518978,-0.0977064976847394,-0.0454496179328898,-0.0276225964709839,0.0440779430585524,-0.0384252980640496,-0.102977077648395,-0.0219044111448921,0
0.0,0.514768,0.611765,4.277297916969072,0.1889055424987074,0.0239,0.1884,0.1268,171.0,120305.0,17.741,0.36,0.06,0.165,0.0,0.08,0.765,0.0,0.135,0.915,0.08499999999999999,0.96875,0.39095,0.9405,1.0,0.93455,0.97915,122,0.0695,0.9165000000000001,1.0,1.0,0.0,0.0,1.0,0.0,-0.0074862255055322,0.0034953266016975,-0.0046573103758957,0.0064283968186714,0.0037776196042955,-0.0060345330201173,-0.0007054471315965,-0.0010893898391933,0.0032055490565088,0.4623326236747808,0.5692296209479368,0.279074136967773,0.6140738646630508,-0.0398398254555271,0.8790256119592647,0.3025829900559663,0.5667723437559424,0.1385691410454566,0.0171405886608479,0.0716453929740111,0.3588626303077261,-0.0108468317409737,-0.0926097421962794,0.1920180165010467,0
0.0,0.625551,0.62,1.4773819997412343,0.4682028693843845,0.0214,0.2764,0.0776,30036.0,43.0,19.1723,0.34,0.02,0.04,0.0,0.42000000000000004,0.69,0.005,0.455,0.745,0.255,0.22704999999999997,0.607,1.0,1.0,1.0,1.0,0,0.1185,0.0759,1.0,1.0,0.0,1.0,0.0,0.0,-0.0231353409199946,-0.0491991296617541,-0.0397199689522083,-0.0087434201326928,-0.0160376329698651,-0.0230374170655002,-0.0953022167698228,-0.045494428579265,0.4016993681306715,0.3916010852017229,0.7909773510656424,0.6151832944642408,1.0510564794987425,-0.000541485826324,0.6373137545682614,0.7267862897397894,0.33586812556923,0.068535133785713,0.0152087194047267,0.146951770760249,0.3566056309718706,0.0443678254390089,-0.0502378828483644,0.2019666800897582,0
0.0,0.508418,0.582353,4.774361711744033,0.3712112415365814,0.0,0.088,0.0,24.0,341.0,47.4448,0.29,0.07,0.0,0.0,0.45499999999999996,0.055,0.0,0.54,0.105,0.41000000000000003,0.7329,0.06665,1.0,0.5139,1.0,0.5,1613,0.303,0.043,1.0,0.7,0.0,0.0,1.0,0.0,0.3249367281711385,0.0158569303343682,-0.0596125369897643,-0.0100919392431614,0.2589278939163729,-0.0368780900505915,-0.1125436538755104,0.0958886559896321,0.2440848570496198,0.358864830065195,0.7381361900103766,0.3353545860386403,0.7167799654667977,-0.009308291533389,0.7506128377081505,0.4112961803181791,0.1771807916826591,-0.0579189433248537,-0.0429714173993483,0.0378972180615799,0.2631715901354285,0.0043067625519093,-0.0660160560051921,0.0869482448504611,0
0.0,0.543144,0.54,2.443119135553961,0.4179406846796261,0.0256,0.1762,0.1455,128.0,60246.0,8.12848,0.29,0.07,0.05,0.005,0.79,0.55,0.015,0.915,0.715,0.6100000000000001,0.70355,0.4138,1.0,1.0,1.0,1.0,0,0.337,0.5870000000000001,1.0,1.0,1.0,0.0,0.0,0.0,-0.0091485168509555,-0.0209099728656541,-0.0382865371523166,0.0142379410017376,0.0757930638683958,-0.0023745687273947,-0.0428298239221324,-0.0366103048372596,0.0417410306080625,0.7660020530293925,0.5017591529817731,0.1203088885982332,0.319328513225707,-0.0365803573405689,1.2366709090564505,0.1658874428801263,-0.0450882006491217,-0.0469149833066526,-0.0471173418479343,-0.0378403696924552,-0.0346492686092977,0.001522461854896,-0.078699933046344,-0.0435951674134019,0
0.0,0.693146,0.588235,0.0096761223289546,0.9914831498994816,0.3745,0.2303,1.6264,206554.0,78037.0,8.12848,0.28,0.05,0.125,0.045,0.05,0.445,0.39,0.07500000000000001,0.535,0.59,0.54445,0.7844500000000001,0.55,0.96875,0.8611,1.0,0,0.419,0.24480000000000002,1.0,1.0,0.0,0.0,1.0,0.0,0.4074134490694797,0.021041949735046,0.0507820639852875,0.0307264189149342,0.0767536820813707,0.5700753120390057,-0.0819556990099018,-0.0071929015772462,0.2083364209474706,0.0548722015615116,0.1976182145815957,0.0193790845629372,0.0747224174906737,0.1446975725064302,-0.0124686584797238,0.0638890520522387,0.6030116375283903,0.2039875530206442,0.019088658353329,-0.0172507852848504,0.0626011700466821,-0.0255886175951135,-0.0631351743186875,0.0016453007638647,0
0.0,0.542484,0.45,5.542965942999189,0.1281694734275308,0.0,0.1937,0.0,11387.0,115206.0,7.66892,0.22,0.015,0.0,0.0,0.16,0.0,0.0,0.305,0.005,0.51,0.10885,0.03125,0.8334,0.05,1.0,0.05555,4107,0.0,0.3821000000000001,0.0,1.0,1.0,0.0,0.0,0.0,0.4317847123064462,0.1623352685820321,0.193781926553209,0.0378675741547129,0.1197775807843303,0.001844595934242,-0.034548342453847,0.1991685320162226,0.0333883353226164,0.5192211606456876,0.4218712754658337,0.137720321199325,0.3150533093945752,-0.0055351497059869,0.9713770645297696,0.3747186714129483,0.1858718387245292,0.0278451387497167,0.1973596008303557,0.022252479325262,0.0723158784831816,0.0653260360487747,-0.0010336514785356,0.0715988889608427,0
0.0,0.557312,0.62,5.88956037704784,0.2205185123103107,0.016,0.1422,0.1122,9.0,233242.0,8.6407,0.08,0.05,0.025,0.0,0.5800000000000001,0.775,0.025,0.565,0.925,0.705,0.55,0.2407,1.0,1.0,1.0,1.0,4590,0.47600000000000003,0.9745,1.0,1.0,0.0,0.0,1.0,0.0,-0.0246916429216684,-0.0379482179376499,-0.055869202130512,-0.0286245542169163,0.0030529755885449,-0.0011355147920011,-0.0551173522624279,-0.0181060898950508,0.1049712408725344,0.5503549424141367,0.3927476019206063,0.1498518256474695,0.3894663104388397,-0.0208762238419331,0.9582207461218516,0.3038065704458926,-0.0264143591327246,-0.1025868782521504,-0.0720176057367348,-0.0450984469814041,-0.014753200882854,-0.0190392095858837,-0.096983526809509,-0.0634883312663749,0
0.0,0.672065,0.62,4.5512642433925,0.4027279277145351,0.0382,0.6572,0.0581,471.0,32605.0,43.6104,0.07,0.02,0.02,0.005,0.7150000000000001,0.375,0.0,0.835,0.5800000000000001,0.005,0.19445,0.3202,1.0,1.0,1.0,1.0,1968,0.4495,0.09350000000000001,1.0,1.0,0.0,1.0,0.0,0.0,0.0199997599870717,0.7629351484350274,0.0382533605239287,0.0472397296320335,0.0112496195369243,-0.0141251473670065,0.7679439222277937,-0.0215029993085703,0.1817207096078892,0.1017865690675109,0.960834236379589,0.5034128692560275,0.7153103630299057,0.0266217492855612,0.5655764615801964,0.4821394181892119,0.2664198312546783,0.0333071862450068,0.0473784866489927,0.112544066366171,0.2779118220339607,0.0562543695427706,-0.0175560700220333,0.1053391519536037,0
0.0,0.592885,0.43,2.998951757482212,0.2158092001722648,0.0418,0.1787,0.2339,828426.0,2163.0,11.5034,0.06,0.06,0.035,0.015,0.795,0.015,0.075,0.885,0.235,0.405,0.6209,0.36905,1.0,0.1625,1.0,1.0,154,0.8875999999999995,0.0,1.0,0.0,0.0,1.0,0.0,0.0,0.1934862025283604,0.2586030443322736,0.909071975215594,0.3094073534612455,0.6596527076386737,0.0452263110084019,0.8506571018984538,0.566559331815012,-0.0064844796924161,0.6203156859356511,0.2240322378409187,0.1035333470268154,0.295768771448838,-0.0213654243442021,0.9158708560198936,0.1312741828677273,-0.033471155065657,-0.0697080022681235,-0.0332065432659805,0.014099678731182,0.0131707697624962,-0.0341331928478398,-0.0675146687640285,0.0203024150697487,0
0.0,0.633124,0.38,1.6555681339351895,0.2946589924582801,0.076,0.1278,0.5945,109946.0,1475.0,60.3796,0.06,0.055,0.065,0.0,0.585,0.185,0.03,0.645,0.425,0.645,0.6667,0.4889,1.0,1.0,1.0,1.0,0,0.34800000000000003,0.28400000000000003,1.0,1.0,0.0,1.0,0.0,0.0,0.0700723339509011,0.6261232332167038,0.3740374192697019,0.0460206392426598,0.2487154570364192,-0.0655192124113513,1.0981831893806495,0.0885592753135542,0.0499944190161339,0.7172357990528313,0.4503237523385253,0.0927832872691442,0.3364970468771572,-0.0260156786719905,1.0487526168020151,0.260478072856695,0.2768429327945116,-0.0616571351314042,-0.0220516662574403,0.0290642624913619,0.1466075779147752,0.0202585875584456,-0.0700708127432711,0.0303044629294119,0
0.0,0.504009,0.63,1.7245037256049225,0.4416490319778506,0.043,0.1286,0.3342,1814.0,10580.0,60.3796,0.06,0.07500000000000001,0.02,0.0,0.21500000000000002,0.61,0.0,0.505,0.695,0.59,0.5367,0.20825,1.0,1.0,1.0,1.0,1903,0.19505,0.72,1.0,1.0,1.0,0.0,0.0,0.0,0.0275103424991238,-0.0194213861151251,-0.0550870103244756,0.0390604682617644,0.1282088909671586,-0.0223897707450727,-0.0906625909167776,0.1087182855018414,-0.0187148678921635,0.6299635928932076,-0.0280624793623707,-0.0717774780165843,0.1156196659521911,-0.1092483777565616,0.8066249455379044,-0.0290124328268999,0.1004199724046095,0.3948716477823383,0.5516941146465465,0.1350867372417253,0.3506695403576661,-0.0174507572193429,0.7717852021729864,0.3040437554480117,0
0.0,0.486506,0.55,3.96028647558283,0.235015255677005,0.0068,0.1849,0.0369,47.0,9614.0,23.0067,0.06,0.01,0.03,0.0,0.765,0.5249999999999999,0.015,0.905,0.635,0.7,0.06545000000000001,0.26,1.0,1.0,1.0,1.0,0,0.21950000000000003,0.32799999999999996,1.0,1.0,1.0,0.0,0.0,0.0,0.0966479131896322,-0.0113312461891778,-0.0678305810364577,0.0442309288278398,0.2886235839350172,0.0125741479707888,-0.0720866491178072,0.1678158320026093,0.0015601698379647,0.7896038716819395,0.3597041481457969,0.1012637701930358,0.3163756640580618,-0.0818326969738993,1.311260292739671,0.1269848187881861,-0.0487062051795499,-0.0842594213673634,-0.0306661304583497,-0.008619190325245,-0.0040613954320792,-0.0356993761409407,-0.0749221332000191,-0.0193637060338043,0
0.0,0.70428,0.51,1.6417860030405331,0.4245514653099996,0.037,0.4451,0.0831,60076.0,504.0,9.55982,0.06,0.05,0.08,0.025,0.73,0.2,0.195,0.86,0.16999999999999998,0.535,0.37825,0.6428,1.0,0.8726,1.0,1.0,0,0.9418500000000001,0.09799999999999999,1.0,1.0,0.0,0.0,0.0,1.0,0.2710627804026254,-0.0734860031931972,-0.0716510112655919,0.1498305286094298,0.5459490932511402,-0.0242710256378434,-0.0975771334586732,0.1316836145705189,0.1688620699256256,0.7173214165488764,0.3076663824514495,0.1575602141700076,0.5677639514649963,-0.0689340226349321,0.8504990915598126,0.2454317467929052,-0.0232739585177703,-0.015256929320942,0.0252136450388205,0.0222815975290406,0.0309594552931479,0.0080174406997894,-0.0246324246890034,0.038562043155844,0
0.0,0.663889,0.54,4.079059660453596,0.3087481165983454,0.1057,0.4944,0.2137,47713.0,480.0,16.7692,0.07,0.03,0.075,0.06,0.8,0.71,0.095,0.905,0.865,0.38,0.43055,0.51065,1.0,1.0,1.0,1.0,117,0.0,0.11710000000000001,0.0,1.0,1.0,0.0,0.0,0.0,0.1355538040669568,-0.0025475293476581,0.07578809620021,0.0388879406325398,0.1128002519600406,0.007516042051511,-0.0517076932343213,0.0420431677481092,0.5576591217571086,0.4222910185183182,0.5203412547581151,0.1238190914183683,0.4724130445242028,0.0057845606052152,0.5156782195549311,0.3680244433389515,-0.0501977342556892,-0.0763718190313602,-0.0542900664834252,-0.0248522665377136,-0.0163876420806221,-0.0347404581449116,-0.094606570013157,-0.0304815347757563,0
0.0,0.461749,0.68,6.4415288088006575,0.1618908139312433,0.0148,0.0545,0.2722,97.0,21478.0,32.1071,0.08,0.0,0.12,0.0,0.0,0.345,0.005,0.7050000000000001,0.515,0.44,0.0587,0.625,0.04165,0.9582999999999999,0.96425,1.0,4822,0.0,0.0,0.0,0.0,1.0,0.0,0.0,0.0,0.2455005189656665,-0.0007083159456168,0.0163410491117863,-0.032979872143302,-0.005977084236698,0.0206176066363935,-0.1332230133457755,-0.0244964890738489,-0.0319187103067649,0.6909405215631345,0.6242466344053871,0.1748288838763256,0.3193712561998408,-0.0302991898973121,1.31838187244654,0.2229338309301816,0.2235859639392259,0.3671418990777414,0.7551853185533535,0.1488214480710882,0.2592007193844311,0.0126389385332533,0.8850000658964927,0.2369089720159234,0
0.0,0.530635,0.71,2.90527878136062,0.334482190123942,0.0322,0.1302,0.247,76.0,30362.0,32.1071,0.08,0.0,0.06,0.005,0.005,0.405,0.005,0.53,0.38,0.6950000000000001,0.027,0.60185,0.16665,1.0,1.0,1.0,622,0.09549999999999999,0.7020000000000001,1.0,1.0,0.0,0.0,1.0,0.0,-0.0011247544535276,0.1227748446472,0.0023421824798497,0.0007398757292832,-0.0125597510824078,-0.0065538282804593,0.1242962459749479,-0.0085734065406158,0.1833360993402408,0.7757484353624486,0.4510976461757626,0.0623263181813401,0.1676971665588378,-0.0490658389545125,1.2191028524803835,0.0833483991089105,0.0044915899829281,0.3502047429574634,1.0529504212144143,0.2733403204113258,0.4873740538276487,-0.0068784274604157,1.1495982949728525,0.4666249328127662,0
0.0,0.478212,0.43,1.159432918039417,0.3213085194787579,0.0593,0.131,0.4528,240186.0,137.0,8.6407,0.08,0.015,0.0,0.01,0.7350000000000001,0.0,0.01,0.855,0.035,0.45,0.13885,0.03995,1.0,0.0278,1.0,0.4375,7926,0.8329999999999999,0.0,1.0,0.0,0.0,0.0,1.0,0.0,0.5827923059261281,0.0996072214420849,0.1577109831490056,-0.0299099297312756,0.0391600778717951,0.5085532024256223,-0.082287067825169,0.0138205725199151,0.5204669522763357,0.492253912134263,0.183593223438214,0.1382496942411862,0.3317528349547881,0.1879615904922154,0.5269035761308997,0.2759972497037673,-0.0705365539209518,-0.077572033080257,0.0125198639120711,0.0161144073530049,0.0633872973901991,-0.0419209890537007,-0.0760229153169667,0.0491354763517253,0
0.0,0.50208,0.44,2.891210399651217,0.344860098477781,0.0582,0.1417,0.411,147353.0,95974.0,8.6407,0.09,0.065,0.04,0.0,0.745,0.77,0.034999999999999996,0.885,0.88,0.685,0.7521,0.4838,1.0,1.0,1.0,1.0,0,0.49749999999999994,0.045500000000000006,1.0,0.91,1.0,0.0,0.0,0.0,-0.0216515783006601,-0.0315526600239608,-0.0367895469071296,-0.0212064712648973,0.0050662815845363,-0.0230405598891331,-0.0440434755979131,-0.0260581779165126,-0.0531791912321412,0.5398643417126557,0.4241938252024569,0.1155378779612144,0.20853615987862,-0.0284160957621778,0.9047217124607304,0.1103116464704208,-0.0487911109854294,-0.0669229487504702,-0.0558318648187778,-0.0165244569701911,0.0068292915683173,0.0028131276830927,-0.0711570241888251,-0.0237190049638077,0
0.0,0.461069,0.59,4.291409325695172,0.2262707846389349,0.0244,0.1045,0.2339,27.0,102051.0,16.7692,0.25,0.015,0.05,0.0,0.825,0.08499999999999999,0.02,0.845,0.21500000000000002,0.665,0.1,0.41885,1.0,0.4948,1.0,0.96425,7727,0.0335,0.1465,0.67,1.0,0.0,1.0,0.0,0.0,0.6964089294095596,0.3033453942454567,0.5302100747803226,0.1538951430551139,0.2831925804950165,0.1946165496651934,0.0037196043505923,0.2848784126786722,0.0185918686889075,0.7043570565713744,0.5506369198786165,0.242013062571242,0.5559892584308188,-0.0442533415362528,1.2852062427264137,0.3362582618681278,-0.0855788878644397,-0.0727661578716382,-0.0869034071776181,-0.0067365267430477,-0.0477777123176716,-0.0471743819195032,-0.0881456474194294,-0.0526352525971702,0
0.0,0.691969,0.53,1.0433765341883967,0.5588720289712219,0.0911,0.1814,0.5024,344.0,848.0,55.5207,0.26,0.21000000000000002,0.0,0.005,0.195,0.0,0.025,0.28500000000000003,0.62,0.48,0.881,0.059,0.9582999999999999,0.0402,1.0,1.0,0,0.006,0.0,0.44,0.0,0.0,1.0,0.0,0.0,0.284288669487694,0.2958937679665446,0.4303267824699215,0.0840571373943677,0.3646782954679655,-0.0173086455853619,0.1388407907992376,0.404345813818206,0.369866270852168,0.4712446518540747,0.3459623132150509,0.1216664189420493,0.2906281734859281,-0.0140431727075153,0.5092606418043346,0.182780139285954,0.3695784730726889,-0.0025488184775821,0.0723322517032027,0.0899972179177632,0.186066900354638,0.0492431672402302,-0.0783419779799436,0.0140575836672016,0
0.0,0.695978,0.49,3.472198155480468,0.3545476090719541,0.0219,0.7797,0.0281,392.0,557.0,8.6407,0.26,0.05500000000000001,0.12,0.0,0.74,0.135,0.0,0.8200000000000001,0.275,0.005,0.4476,0.8472500000000001,1.0,1.0,1.0,1.0,0,0.46,0.0,1.0,0.0,1.0,0.0,0.0,0.0,0.4648577634156315,-0.0142612941388152,-0.0659664637170693,0.0391906353519645,0.1674742087259285,-0.0070637133659149,-0.1020046267520956,0.0557221387558228,0.1816556790326725,0.0448393778788723,1.0354401042457468,0.4318209959776855,0.6612976834414306,0.0319827702973115,0.2098095483794783,0.8063490969409022,-0.017093452448242,-0.057734470396219,-0.0165658662724798,0.0668310508679354,0.2057382774281696,-0.0070161894925637,-0.0725832065495772,0.0897339246306257,0
0.0,0.438311,0.541176,2.8456546740372413,0.2319933467233304,0.0247,0.1165,0.2117,84.0,35127.0,28.7321,0.29,0.02,0.01,0.0,0.7150000000000001,0.76,0.005,0.845,0.845,0.83,0.19324999999999998,0.14579999999999999,1.0,1.0,1.0,1.0,2750,0.0,0.03525,0.0,0.71,0.0,0.0,1.0,0.0,-0.0775917313512145,-0.0794609616128483,-0.0931635766340187,-0.0534981721844357,-0.0849380271759923,-0.0328954790207117,-0.1084470595909272,-0.0689068995436738,-0.2329832007332498,1.3978866558533567,0.2679168406138859,-0.0343206793296724,0.0116237661655072,-0.0688007538907467,1.963480054184728,-0.0765994946696082,-0.0001572289159501,-0.1402563600302256,-0.1349913650464173,-0.0770474327718047,-0.0660230649817792,-0.0496811389993625,-0.1564095860023148,-0.0888478371788004,0
0.0,0.522659,0.53,3.135130439523195,0.3577231368518067,0.0536,0.1369,0.3915,105136.0,24990.0,23.4663,0.31,0.02,0.03,0.005,0.77,0.81,0.05,0.83,0.935,0.6950000000000001,0.11900000000000001,0.2689,1.0,1.0,1.0,1.0,281,0.1505,0.79,1.0,1.0,1.0,0.0,0.0,0.0,-0.0078507561514179,0.4296818588769088,0.0113669308806943,-0.020797152823952,-0.0226324837539802,0.0417456789549463,0.5568769257954497,-0.0035139946436685,0.0842784287424825,0.877019324474308,0.5436066369842665,0.0904205614373163,0.3409528865747114,-0.0352270625906771,1.5342807150770026,0.2943768331159472,-0.0932987357650151,-0.1115394755860119,-0.0915888519205845,-0.0717137956038343,-0.0970978226726381,-0.0357205673536591,-0.1399568267849829,-0.0866818280220035,0
0.0,0.56015,0.52,1.855389737951488,0.5491697135277309,0.0956,0.1596,0.5989,282.0,187400.0,13.3943,0.31,0.055,0.03,0.0,0.44499999999999995,0.705,0.0,0.615,0.695,0.27,0.46595,0.37555000000000005,0.96875,1.0,1.0,1.0,3232,0.28750000000000003,0.16449999999999998,1.0,1.0,0.0,0.0,1.0,0.0,-0.0997898467160957,-0.1095030435599793,-0.1187321655330343,-0.0930890446532131,-0.1053538387902772,-0.0672280459461519,-0.1336248213369046,-0.0905345486217642,0.2115354897328154,0.5649157108378351,0.8770551926991162,0.3860462137144784,0.840661953512549,0.0189687558029262,1.1628412710784617,0.5556726440316394,0.2136485261994161,-0.0336467939113709,-0.0255537035091463,0.0422177085298376,0.2419288813253751,-0.0065680811173657,-0.0264685078938187,0.0549936510234258,0
0.0,0.558431,0.46,3.1884348511933958,0.2582064951289139,0.0315,0.1743,0.1807,292.0,433613.0,23.9785,0.36,0.0,0.005,0.0,0.0,0.085,0.005,0.76,0.405,0.54,0.03125,0.1935,0.0,0.6930499999999999,1.0,1.0,7109,0.0,0.1465,0.0,1.0,0.0,0.0,1.0,0.0,-0.082584796085113,0.5830640274801375,0.0303326773958919,-0.0507898140944143,0.0544619581881957,-0.0455077968672887,0.783189215269581,-0.0391637937067098,0.1200882689874033,0.3594547400765385,1.3026257025852828,0.4493757764441876,0.8564035163033739,0.0232691916520271,1.2614112282781298,0.7732772267090432,0.0123392043260346,0.289015049167478,1.1170225090572712,0.3081092328896979,0.569993454693965,0.0201582735966287,0.990800372046864,0.4662593657090005,0
0.0,0.520691,0.52,4.213961876484286,0.1558213497491136,0.0045,0.1519,0.0299,97.0,242494.0,23.9785,0.36,0.0,0.035,0.0,0.08499999999999999,0.585,0.0,0.41000000000000003,0.8,0.635,0.1076,0.32545,0.9,1.0,1.0,1.0,1912,0.0,0.7454999999999999,0.0,1.0,0.0,0.0,1.0,0.0,-0.0324246483935995,-0.0329044161162564,-0.0391005797321624,-0.0048350542748669,-0.0313119013698807,-0.0042362579870143,-0.0472228454452584,-0.0172282963252442,-0.0540788157211092,0.8257282904554615,0.6077563337586089,0.1487464968665029,0.2945617561148144,0.0283511051430232,1.3242964055550286,0.1251358824340106,0.1004978238162344,0.3657268833412882,1.2290089948070817,0.4946346801200031,0.9172130190267792,0.0338556687649745,1.2390122565904864,0.8339930656361562,0
0.0,0.467265,0.59,5.451016492359599,0.2245207205608339,0.0076,0.1814,0.0421,47.0,213559.0,11.9629,0.4,0.03,0.02,0.005,0.81,0.51,0.275,0.83,0.9,0.785,0.22265000000000001,0.18035,1.0,1.0,1.0,1.0,4586,0.0,0.9994,0.0,1.0,0.0,0.0,1.0,0.0,0.0123231756294343,0.0483480132944624,-0.0099938598330559,-0.0112433864940291,0.014324573479335,-0.006524342853552,0.0256111063265026,0.0041289841215833,-0.1302326344268558,1.035165357231422,0.1929990609869725,0.0340357301313409,0.1449552037856191,-0.0969788392500015,1.352886589651042,0.0023849249315389,-0.0140028237749759,-0.1144831428373398,-0.0511078713285138,-0.0517407776718262,-0.0363262409612239,-0.056943431312581,-0.1096381004690207,-0.0565158327172218,0
0.0,0.696265,0.52,1.1819853354434695,0.7823021079239662,0.0245,0.2623,0.0933,635.0,765.0,34.9697,0.41,0.01,0.0,0.01,0.16999999999999998,0.02,0.02,0.44,0.5,0.11,0.15905000000000002,0.03815,0.8333,0.36875,1.0,1.0,6347,0.0,0.0,0.0,0.0,1.0,0.0,0.0,0.0,-0.0793185164128353,0.7325384841667832,0.031183365621181,-0.0023585187160331,0.0965594791098267,-0.0306909498802623,0.9817592803078714,-0.0291338150826815,0.2109802360889678,0.0424157108788164,0.8195880245989093,0.2851673739878094,0.5798688164002658,-0.002991809926177,0.0381553254473744,0.5049378527227335,0.3186950223573807,-0.0481385753242919,0.2538538483605289,0.0810833975795637,0.2684675695251407,0.0143094303492822,-0.0246558983933964,0.0717036777539766,0
0.0,0.520362,0.56,7.45818639131141,0.1799221147807456,0.0186,0.3995,0.0465,50.0,151662.0,10.072,0.44,0.015,0.035,0.0,0.635,0.63,0.0,0.765,0.8,0.345,0.1498,0.446,1.0,1.0,1.0,1.0,4600,0.29895000000000005,0.2095,1.0,1.0,0.0,0.0,1.0,0.0,-0.0759591693295812,-0.0756631131737065,-0.1231356627442362,-0.0740438582235848,-0.0598784261306909,-0.0484664793988975,-0.1071874415622316,-0.0893077595597857,0.1564797166073947,0.5017140165775644,1.127439607384424,0.3281266504103354,0.6089710750240365,-0.0072356108038102,1.2872289483353143,0.2973264477269287,-0.0414227179001758,-0.0722905517439986,0.0123849448370277,-0.0089926978246207,0.0014346825748478,-0.0161821036941095,-0.0576053181638202,-0.0358160634560076,0
0.0,0.486842,0.46,5.874589943348237,0.2706456833218874,0.0062,0.1619,0.038,55.0,491291.0,12.4225,0.44,0.01,0.02,0.0,0.745,0.6799999999999999,0.01,0.825,0.8,0.565,0.08965000000000001,0.275,1.0,1.0,1.0,1.0,1463,0.725,0.019999999999999997,1.0,0.4,1.0,0.0,0.0,0.0,-0.0199476517954349,-0.0474559475020366,-0.0548149689036831,-0.021934863010272,-0.0372252078695724,-0.0235239799571703,-0.0579889734790182,-0.0475200214856355,0.0946347975492434,0.547472031946235,0.6340766666258066,0.3820594434093004,0.5302381538411522,-0.0391536574303115,1.1935021931007963,0.4277374035940394,-0.0775686353641585,-0.1065072722465363,-0.047694478892123,0.0043324300806958,-0.0140360579574793,-0.0113078579819651,-0.0835342031050288,-0.047221471859784,0
0.0,0.644636,0.58,2.085762541870384,0.4716199903990044,0.0262,0.1041,0.2517,131.0,65450.0,13.3943,0.44,0.165,0.005,0.0,0.5349999999999999,0.2,0.0,0.7,0.39,0.46,0.7726,0.0779,1.0,0.8542000000000001,1.0,1.0,3047,0.615,0.0,1.0,0.0,0.0,0.0,1.0,0.0,0.1433501726699446,0.1055910400907744,-0.0148908612723515,0.0066897875580029,0.0836379583644248,0.0277755407964388,0.014066798043824,0.0043397314178275,0.1049485677136891,0.5585936607508951,0.3289307241709174,0.2061660075025358,0.3030818644878729,-0.0305866899015077,0.7542758994878687,0.1367265238222789,0.1207503349636034,-0.0070492081818029,-0.0060444726715129,0.1129647039787169,0.2548570176580252,0.0114308437023165,-0.0374324303425835,0.093905115540553,0
0.0,0.64118,0.7,2.376531999221411,0.3882906840096643,0.0346,0.1996,0.1732,139.0,3996.0,14.3661,0.43,0.025,0.0,0.0,0.71,0.0,0.005,0.745,0.7250000000000001,0.665,0.4111,0.0262,1.0,0.0,1.0,1.0,4196,0.0,0.0,0.0,0.0,0.0,0.0,1.0,0.0,0.1289649053659686,0.2633972463599138,-0.0466597336819747,0.1583042574502094,0.5165911389161287,-0.0263517572277747,0.1533129598655454,0.1968130137775425,0.0307140943613153,0.3120110933421426,0.8090444169675178,0.1776042770848683,0.3181096557151266,0.0072663963531689,0.919049646616935,0.3143990884511998,0.0431121307652089,-0.0603363520390124,0.0556250792228816,0.0282861552475666,0.1547334400371443,0.0310021420948526,-0.0521530603779764,0.1079825934003091,0
0.0,0.5625,0.4,0.2686881289338836,0.9419864572704268,0.0477,0.1711,0.2788,69245.0,411272.0,18.7127,0.4,0.03,0.05,0.0,0.07500000000000001,0.46499999999999997,0.005,0.30500000000000005,0.655,0.12000000000000001,0.6375,0.55205,0.95835,1.0,1.0,1.0,0,0.0,0.818,0.0,1.0,1.0,0.0,0.0,0.0,0.1053301071392771,-0.0357617857379523,0.0089171090675094,-0.007351446688115,0.0740458599630137,-0.05081370633706,-0.1324797720756885,0.0485481212414043,0.6207088987029559,0.310624094918091,0.3413618806129064,0.2662967138507142,0.7756693441915576,0.021451403264675,-0.0491375988640088,0.8327269571841235,0.6699071101856645,0.3725283192519287,0.0244254971113683,0.0838566496893348,0.5565782210962765,-0.016055087961815,-0.0785167051984992,0.454742743781095,0
0.0,0.5,0.35,0.372372550071452,0.8738777502597547,0.0543,0.0908,0.5976,202169.0,154532.0,10.5316,0.38,0.0,0.0,0.0,0.0,0.005,0.0,0.395,0.45,0.145,0.02455,0.033350000000000005,0.05355,0.2014,0.96425,1.0,8842,0.0,0.0,0.0,0.0,0.0,0.0,1.0,0.0,0.3015152922425801,0.2676732714852483,0.4414797784364201,0.044239679214803,0.1718956554312167,0.0049780892070659,0.4507206049174033,0.178551591413855,0.1838782088668755,0.3477996042285919,-0.0042165868136388,0.0006658831286652,0.1507438736378971,-0.0243981920570907,0.3412842067793469,0.0024211623843911,0.2184295096430883,0.4323834867393145,-0.0061680481375259,0.0497955016862498,0.2441713593612998,-0.0434976252079948,0.4979468209821888,0.0994180966879139,0
0.0,0.508333,0.51,5.432678292038055,0.3050967334211998,0.0267,0.1879,0.1419,119936.0,7161.0,8.6407,0.26,0.01,0.015,0.005,0.355,0.29000000000000004,0.49,0.32999999999999996,0.48,0.855,0.14579999999999999,0.22025,1.0,0.9270499999999999,1.0,1.0,1604,0.2755,0.0,1.0,0.0,0.0,0.0,1.0,0.0,-0.018322600174629,0.6734402090397047,-0.0129691958641252,-0.0043273380606303,-0.0155255522929372,-0.0045728647306357,0.2149541679341518,-0.0105098012391281,0.2772601574266339,0.4072068799699307,0.317040737379393,0.0297534301632324,0.1231656557932212,0.0283624189172886,0.2316220335937787,0.0961478462576455,0.2463912537759636,-0.0138831327817652,0.0288894950933241,0.0548589250832699,0.2135414222657159,0.028835647294223,-0.0406257946532716,0.0675678150263656,0
0.0,0.507937,0.59,6.259989025206113,0.2796829859856294,0.0186,0.1164,0.1598,114.0,131495.0,8.6407,0.26,0.045,0.060000000000000005,0.0,0.525,0.75,0.0,0.655,0.905,0.45499999999999996,0.30335,0.3302,1.0,1.0,1.0,1.0,290,0.08200000000000002,0.37549999999999994,1.0,1.0,1.0,0.0,0.0,0.0,-0.0199490113723606,-0.0327757850892479,-0.025897293987715,0.0191841312340063,-0.0477433691140788,0.0010694155924887,-0.0685876452823585,-0.0246398317347885,0.2929656661788556,0.7039212772098198,0.5877916186617415,0.1725960420338434,0.4589313907690635,-0.0197515859575962,1.0759538049954755,0.2669839776027001,0.1956265620956317,-0.0543033448670995,-0.0221019097531289,0.0425824581845185,0.1199583715034436,0.0228012204656354,-0.0698504561712621,0.0076631033656285,0
0.0,0.444762,0.59,2.488562103724719,0.4398232171190835,0.044,0.1548,0.2842,31765.0,76381.0,10.9912,0.25,0.01,0.03,0.005,0.665,0.19,0.01,0.7949999999999999,0.595,0.345,0.07089999999999999,0.38925,1.0,0.875,1.0,1.0,0,0.027000000000000003,0.168,0.54,1.0,1.0,0.0,0.0,0.0,-0.0457233450992346,0.3970157026019624,-0.0818572830982188,-0.0474570327845041,0.0974358813546335,-0.0744252900370735,0.5122649357689115,-0.03313989887786,0.0615819142174842,0.3832952622084374,0.5221467336680516,0.4055474263234715,0.7068892375054519,-0.0567704480483914,0.8122214660093263,0.4491383609504289,-0.0262117588502598,-0.1010127647028447,-0.0460248949921319,-0.022634544613971,0.0782753350230687,-0.0512657103383547,-0.1098897082674489,-0.0039912239800529,0
0.0,0.448485,0.376471,3.5866792060540704,0.3763443894421824,0.0161,0.0521,0.3087,33614.0,34.0,7.66892,0.25,0.02,0.01,0.0,0.725,0.375,0.0,0.87,0.46499999999999997,0.15,0.21165,0.06420000000000001,1.0,1.0,1.0,1.0,2287,0.8394999999999999,0.0,1.0,0.0,0.0,0.0,1.0,0.0,-0.1269207747735513,-0.1734866109849306,-0.1531185477307465,-0.1089983091737417,-0.0809984469546068,-0.0358638872370997,-0.1882034400202931,-0.130941360287888,0.3833608141911762,0.6323839827388777,0.0292461900610985,0.0711539961164152,0.3561246327075202,-0.0292258626732748,0.4201654387292564,0.1565966010667471,0.0124888227020063,0.7381735762983339,0.0368003517808796,-0.0065255046050703,0.0054500918191913,-0.008133053715798,0.8825960288242051,-0.0509725151430397,0
0.0,0.550551,0.33,2.663974844951778,0.4389705908247723,0.0536,0.122,0.439,527594.0,37056.0,23.9259,0.24,0.03,0.07500000000000001,0.0,0.62,0.14,0.005,0.81,0.37,0.41,0.2736,0.67875,1.0,0.9405,1.0,1.0,4784,0.2225,0.09849999999999999,1.0,1.0,0.0,0.0,1.0,0.0,0.5441177894605629,0.1386895662620983,0.0191109887430771,0.0270683473549206,0.195097268512615,0.0564224211410043,-0.0485681249889451,0.1023330971737885,0.0655344569089784,0.4919557676719438,0.8231133608999898,0.303406234385907,0.563531006577647,-0.0134570336932983,1.221373043741545,0.3837983630475556,-0.1305719323012732,-0.1841630425833115,-0.0912185031190666,-0.1031629579870815,-0.0456065062795617,-0.1102656448050587,-0.1828103003791727,-0.0661259766512365,0
0.0,0.697016,0.74,0.0717890293284801,0.8115461935587749,0.0298,0.3771,0.0791,36809.0,240714.0,23.9259,0.24,0.08499999999999999,0.02,0.0,0.765,0.315,0.01,0.8500000000000001,0.48,0.005,0.7178,0.27775,1.0,1.0,1.0,1.0,657,0.7494999999999998,0.0305,1.0,0.61,0.0,0.0,1.0,0.0,0.0508640332634015,0.2949418541615168,0.014491523179591,0.0414994894847135,0.1366528978932089,-0.0289243298094355,0.3383554140506214,-0.0067404644220839,0.3841277523670415,0.1328581350763102,0.4349337747967657,-0.0013935364387964,0.1105587701075778,0.0661276610336068,-0.044848777746033,0.0984701147794376,0.00297957418515,-0.0265108397416621,0.0147453476822459,-0.0280236487517656,0.0053296561950016,-0.0048282279278794,-0.0564712488977378,-0.0182628602574437,0
0.0,0.470238,0.223529,5.601939693106162,0.205153122709912,0.0074,0.1533,0.0485,198316.0,47504.0,13.3943,0.23,0.035,0.025,0.0,0.09,0.78,0.005,0.245,0.93,0.78,0.38965,0.3611,0.9375,1.0,1.0,1.0,8828,0.0585,0.4065000000000001,1.0,1.0,0.0,0.0,1.0,0.0,-0.0299964582658758,0.6266464308051922,0.0563507111340797,-0.0096571660818124,-0.0506452566263287,-0.0050894432721648,0.7778168962661904,-0.0403062699904104,-0.0377760701786342,0.9331251852420106,0.5599518610680938,0.179931951371786,0.3417580134640268,-0.078398884432811,1.6000292685042243,0.3010160904645474,0.3226232489375676,-0.0065768017286533,-0.0415386019255649,-0.0270739575405778,0.0605204556339397,-0.0356051163739769,-0.113501337470568,0.003770017306398,0
0.0,0.432981,0.43,3.3044038393368766,0.1855462980099235,0.0158,0.1142,0.1385,29302.0,3783.0,31.6475,0.23,0.02,0.0,0.01,0.6100000000000001,0.005,0.215,0.7949999999999999,0.16999999999999998,0.79,0.22265,0.0,1.0,0.0833,1.0,0.91665,0,0.2743499999999999,0.0,1.0,0.0,0.0,1.0,0.0,0.0,0.5036301132319405,0.1464743301420222,0.8350074384253867,0.3355343368123136,0.8388929993833687,0.0249676555791775,0.3410122207107782,0.941709634726101,-0.1167967100842212,1.2533775556526998,0.2854571134519904,0.1088399165556133,0.2309238228869754,-0.0346619665020244,1.6395558768183345,0.1469589983246726,-0.089879951133348,-0.1214882492638772,-0.0365661975472571,-0.0663063922034719,-0.0200474069841448,-0.0554699515831845,-0.1184659963658141,-0.034760584898329,0
0.0,0.59486,0.41,1.9830707174280515,0.3159718771842698,0.0474,0.1266,0.3742,123821.0,119031.0,31.6475,0.23,0.04,0.015,0.005,0.775,0.695,0.025,0.875,0.78,0.665,0.3735,0.33704999999999996,1.0,1.0,1.0,1.0,113,0.10049999999999999,0.403,1.0,1.0,0.0,0.0,1.0,0.0,-0.090543247513273,-0.0525898153470677,-0.0809902577596398,-0.0837909739700867,-0.0571376431480858,-0.0456915967640955,-0.0947409199707414,-0.0790007051218134,-0.0374923470232858,0.6095807471579492,0.4508739455888501,0.2758143121228614,0.5903407490605012,-0.02532698863755,0.771233360795599,0.5288275189559606,-0.0808028494293946,-0.1076433305527732,-0.062959485085459,-0.0386453998178613,-0.0062730828958003,-0.0526435031653016,-0.1221943248500743,-0.0218392239515819,0
0.0,0.463548,0.56,3.6109894360222254,0.333136325942591,0.0248,0.0778,0.3188,53.0,374.0,6.23758,0.22,0.045000000000000005,0.015,0.01,0.5,0.5549999999999999,0.46499999999999997,0.645,0.72,0.795,0.45420000000000005,0.175,1.0,1.0,1.0,1.0,0,0.35849999999999993,0.47229999999999994,1.0,1.0,0.0,1.0,0.0,0.0,0.0482753340574508,-0.1067629474268566,-0.0654833793791398,0.0645266232664509,0.2601565208303557,-0.0268840838529479,-0.1102632515014424,0.1056507327753755,-0.1029306292968914,1.726508019855928,0.2610397100248575,0.1870771616482291,0.2262362829406152,-0.0667078689773206,2.075894688724321,0.027924825138366,0.0602436682418012,-0.0551024507604472,-0.044783835483727,0.0203072009426929,0.1722446493312289,-0.0395275176177579,-0.0605012988715556,0.0230705916854587,0
0.0,0.538618,0.55,0.0,,0.0795,0.2384,0.3336,61993.0,1302.0,9.10026,0.22,0.01,0.01,0.01,0.79,0.33499999999999996,0.5900000000000001,0.935,0.395,0.865,0.12915,0.1953,1.0,1.0,1.0,1.0,0,0.7955000000000001,0.09900000000000002,1.0,1.0,1.0,0.0,0.0,0.0,0.2184674112957685,0.0037657761390341,0.1101662847272402,0.0858780854189203,0.3694562566707268,-0.054457350950577,-0.096522863571462,0.3198321006922822,-0.0746298934756249,-0.081928448748277,-0.087777701833827,-0.0422002819513994,-0.081436353459595,-0.0298230288055633,-0.1201298346568954,-0.0760666851451483,-0.0052300409243323,-0.0072690728425511,0.0054037743116019,0.0230018855120678,0.0080984509875268,0.0179929183429513,-0.0295124117681107,0.0263303594568263,0
0.0,0.671192,0.48,0.1720778001088459,0.9783154263240518,0.0665,0.3684,0.1805,1035.0,201252.0,12.9347,0.2,0.01,0.015,0.005,0.29,0.665,0.0,0.375,0.805,0.01,0.21484999999999999,0.13665,1.0,1.0,1.0,1.0,5650,0.09400000000000003,0.0,1.0,0.0,0.0,0.0,1.0,0.0,-0.0366075914000205,-0.1114032192788215,-0.1104482230585713,0.0080559035603867,-0.0496197982492662,0.6331433243354494,-0.127071503352651,-0.0362480575691042,0.6337952900053623,0.076608497142543,0.1518302557805924,0.037826414285776,0.0297778188470258,1.3254570838073898,-0.0654762875652928,0.0253088201943017,0.4746180576150203,-0.03431085843513,-0.0468577886530584,-0.0025599373169635,0.016855962426055,1.1101611486883098,-0.131721237399439,-0.026763691137057,0
0.0,0.437186,0.46,5.835112519235771,0.189161060375095,0.0221,0.2141,0.103,75.0,119644.0,6.69714,0.19,0.05500000000000001,0.025,0.0,0.62,0.76,0.0,0.685,0.9299999999999999,0.31,0.5,0.1736,1.0,1.0,1.0,1.0,1283,0.027499999999999997,0.8054999999999997,0.55,1.0,0.0,0.0,1.0,0.0,-0.0132346945389005,-0.0121293599339835,-0.0077100377517551,-0.0152475143540862,-0.0153491408273499,0.0003518935148459,-0.0176688650831481,-0.0159976349747649,0.0609550200544993,0.4522160784468697,0.5258938425727422,0.3849170728269509,0.7341863184879598,-0.0268487123557526,0.9213567197541828,0.518633492122498,-0.0124836745750385,-0.0638765071319399,-0.0319635987400339,0.0066729471221502,0.0358192562823529,-0.0274553971990795,-0.0655119781279774,-0.0014287125024731,0
0.0,0.494903,0.52,3.6701266006088265,0.3649430653819913,0.0299,0.1724,0.1737,171.0,62930.0,45.5013,0.19,0.01,0.015,0.0,0.30000000000000004,0.225,0.015,0.33,0.33499999999999996,0.745,0.08349999999999999,0.15145,0.96425,1.0,1.0,1.0,4160,0.0,0.03900000000000001,0.0,0.78,1.0,0.0,0.0,0.0,0.1427969879825984,-0.1162849985254127,-0.1478634936099391,-0.046239321034762,0.1798709565716292,-0.0986205985328624,-0.1346544416376861,-0.0018432419979556,0.1216386168166789,0.8728804203614724,0.4855740214061232,0.2814588784355657,0.6214651008474046,-0.0126747478611852,1.1655640295504734,0.355934868330476,0.313419822629612,-0.0867168528022089,-0.0105819576056577,-0.0426924035574232,0.0911995321580681,-0.0227145797944201,-0.1045136804325592,0.0457072842810146,0
0.0,0.6,0.55,6.227377139480764,0.2098113401000033,0.0,0.4506,0.0,9.0,345586.0,13.3943,0.18,0.04,0.0,0.02,0.6699999999999999,0.045,0.35,0.825,0.5700000000000001,0.66,0.203,0.0417,1.0,0.5625,1.0,1.0,0,0.5045,0.21699999999999997,1.0,1.0,1.0,0.0,0.0,0.0,0.3719594966327481,0.3444013315829176,1.0630954543975526,0.1952501330284395,0.5309361691767469,0.0049639377547848,0.7574930314498382,0.5923171771419252,-0.132874419268892,0.471651823069654,0.2394600320109695,0.092419545063242,0.1922678503576207,-0.05182735677776,0.6404775530699518,0.0883305907108524,-0.0597769028280022,-0.0700635610403772,-0.0139509978316678,-0.0134193701137981,-0.0226139299854553,-0.0288041968192223,-0.0638791866503321,-0.0448352806854859,0
0.0,0.584615,0.49,2.711491322962987,0.4196654271320412,0.019,0.2271,0.0835,341505.0,7735.0,13.3943,0.18,0.015,0.025,0.0,0.525,0.42,0.03,0.69,0.55,0.515,0.13645000000000002,0.2964,1.0,1.0,1.0,1.0,0,0.17655000000000004,0.0605,1.0,1.0,0.0,1.0,0.0,0.0,0.0124332981150758,0.2396270953170778,-0.0228013939625039,0.034117492519302,0.0975049213584656,0.0390313378724883,0.0536577225333982,0.0136055260626198,0.3458368475924646,0.5281046520976362,0.7016241296570026,0.1366417075750969,0.5247360970629286,-0.0589966137776707,0.8458213922663014,0.47511770984891,0.0541925328986702,-0.0990905617920392,-0.0828225080045773,-0.0445616085783124,0.1049000536888043,-0.0747406046591207,-0.1268660253600964,0.0309357508566458,0
0.0,0.482226,0.55,1.932489062767692,0.4109983865107794,0.0309,0.1154,0.2682,26.0,291548.0,8.12848,0.15,0.08,0.045,0.0,0.665,0.18,0.01,0.76,0.435,0.64,0.55,0.48140000000000005,1.0,0.90525,1.0,1.0,351,0.8444999999999999,0.206,1.0,1.0,1.0,0.0,0.0,0.0,0.2229311027921057,0.071025822556145,-0.0352631252458078,-0.033057699207571,0.1132738447212814,-0.016002237316034,-0.0285184586059798,0.0105204751619894,0.1852335066931683,0.7198483550808162,0.6909357595737101,0.433822007731432,0.8055126745577328,-0.0103504982881785,1.1846696954966955,0.761997792725331,0.0301454183137147,-0.0227001811636327,0.0225158763130518,0.061015479957711,0.1019740320938512,0.0419095153231782,-0.0165284838079347,0.073070493976989,0
0.0,0.560045,0.56,4.494785754250152,0.3241737100448699,0.0125,0.1425,0.088,89.0,151.0,13.9065,0.14,0.0,0.02,0.0,0.03,0.6699999999999999,0.45499999999999996,0.565,0.8200000000000001,0.76,0.0816,0.2113,0.2944,1.0,1.0,1.0,0,0.0,0.32030000000000003,0.0,1.0,0.0,0.0,1.0,0.0,-0.0555882858144679,-0.0562715917081483,-0.0090454093054811,-0.0068618708196858,-0.0637871136295927,-0.0167914336392749,-0.0753273941896402,-0.0221581763967094,-0.0827588495390285,0.7575779309822649,0.2133859698679152,0.0595572279884509,0.0999146661911374,-0.0336507626275901,0.920524530535766,0.0538195464907103,0.3550148945276154,0.5212683355458333,0.0605191429818869,0.0527120176224533,0.2221653482609323,0.0404537156487285,0.2808160471265455,0.1121233531548986,0
0.0,0.693548,0.42,0.0535744672801773,0.9804274294826284,0.0354,0.1302,0.2723,344370.0,83978.0,15.85,0.13,0.01,0.02,0.0,0.365,0.12,0.015,0.525,0.31999999999999995,0.0,0.061700000000000005,0.2546,1.0,0.7875,1.0,1.0,5270,0.0,0.12300000000000001,0.0,1.0,0.0,0.0,1.0,0.0,0.0487301138377332,-0.0534671225833724,-0.1058338712150716,-0.0454240743392336,-0.0516119478836649,-0.041695907877987,-0.125166576091143,-0.0705133191295105,0.3959208884610066,0.142445942106803,0.2313237107783728,0.0360900536971426,0.0842341941872446,0.0126843866016039,-0.0458086697364572,0.0766918345022765,0.2471152503062132,-0.0252051125582093,-0.0742875426152185,-0.0088069710866004,0.0454565132842069,-0.0121877934221547,-0.1056067758552616,-0.012123516612074,0
0.0,0.711686,0.57,2.0154882464766435,0.7221359069456212,0.0693,0.3885,0.1783,373.0,286.0,16.3096,0.12,0.105,0.025,0.01,0.39,0.355,0.0,0.775,0.47,0.0,0.48019999999999996,0.21944999999999998,0.75,0.95835,1.0,1.0,1859,0.0,0.10100000000000003,0.0,1.0,0.0,1.0,0.0,0.0,-0.0229512498380106,-0.0136650170507644,0.0110941955475292,0.012634808375773,-0.0084044079257563,0.0148257885186474,-0.0292812049011792,-0.0035873608889634,0.1012326453669833,0.0224213361198056,0.7472316199129627,0.5803005298787928,0.4819600901810322,0.1892848548389327,-0.0237805571270344,0.6580464234320097,0.4090790702506632,-0.0077207763580629,-0.0191577488039478,0.6912965434705475,0.8178180697152607,0.4500734814638367,-0.0511222452370832,0.7923983078684544,0
0.0,0.652661,0.6,2.075224144831804,0.3174370185640405,0.0494,0.2189,0.2256,278.0,24905.0,61.3513,0.09,0.175,0.025,0.015,0.42500000000000004,0.5449999999999999,0.09,0.64,0.735,0.405,0.66705,0.26665,1.0,1.0,1.0,1.0,0,0.1555,0.428,1.0,1.0,0.0,1.0,0.0,0.0,-0.0319566167208937,-0.0572246691267953,-0.050708607418529,-0.0089294567842022,-0.0676050119901752,-0.0149073520424487,-0.0861238111348275,-0.0305433363675341,0.1434769366416271,0.4532304044455803,0.5311997508413607,0.3986737122636291,0.7355095235419232,-0.0333871592680995,0.466530479864089,0.4413017843322242,0.2028048952266634,-0.0435060906094612,-0.0438508877770801,-0.0277979818617607,0.0681525526097022,-0.0332679799798891,-0.0807994246251596,0.032722801465533,0
0.0,0.571575,0.33,3.180618675658881,0.3815479640704034,0.0031,0.1441,0.0218,238.0,256189.0,6.69714,0.09,0.03,0.05,0.0,0.625,0.29,0.0,0.84,0.585,0.605,0.29095000000000004,0.3333,1.0,0.7833,1.0,1.0,0,0.1825,0.239,1.0,1.0,1.0,0.0,0.0,0.0,0.0084640826115044,-0.0247006696706065,-0.0492208563367159,0.0255262653605426,0.0450199644744345,0.0116630683994897,-0.0588341385602442,-0.0317572945522913,-0.0081152457887725,0.5974583491003169,0.5154761834252439,0.2020201946533625,0.4165143083014156,0.0019483559124907,1.0386765892196468,0.1875629505974353,-0.0783326689357106,-0.1168300434590506,-0.064095687289131,-0.0542484263934923,0.005729310431284,-0.0604639531507625,-0.1219840688818405,-0.0513979146936786,0
0.0,0.460069,0.47,5.503274186544823,0.2373831611734875,0.055,0.1459,0.3769,91.0,5944.0,6.69714,0.07,0.015,0.0,0.0,0.735,0.09,0.01,0.8600000000000001,0.53,0.565,0.1401,0.0905,1.0,0.75005,1.0,1.0,214,0.5169999999999999,0.026000000000000006,1.0,0.52,1.0,0.0,0.0,0.0,0.2235789743846851,0.6970024536936211,0.0493075223776715,0.0147499041918725,0.1315997242468728,-0.081781257853105,0.648258833262415,0.0298134112620792,0.0074982500104123,0.6491334404064643,0.3847081610638995,0.3145261338291502,0.5708281926106638,-0.0277350412624858,1.1502317886670663,0.3703105179290353,-0.0656126577351199,-0.0765368845078829,-0.0309771095019335,0.0050152417750968,-0.0085613353463359,-0.0347254556783803,-0.0845970084867044,0.0062503324159577,0
0.0,0.500652,0.59,5.534157993883633,0.3536263086264321,0.0094,0.1207,0.0781,1861.0,3767.0,10.0194,0.07,0.01,0.0,0.01,0.22999999999999998,0.015,0.03,0.28,0.53,0.475,0.1477,0.02415,1.0,0.2738,1.0,1.0,1852,0.09469999999999999,0.026000000000000002,1.0,0.52,0.0,1.0,0.0,0.0,-0.0161414034357471,0.5644456947040583,-0.0610889008814899,0.0049352724179325,0.1288153678017546,-0.0360023317519459,0.6257160649065672,-0.0179820621662801,0.5344501560349191,0.7490610820169002,0.4647107598885851,0.1795436815723773,0.5349411018116316,-0.0681315760812123,0.7082416743820085,0.3593948217986329,0.4853605582829903,-0.0192220845603613,-0.0129275756362547,0.0690130753872743,0.2115814240640172,0.0037629517467706,-0.0738358968070159,0.1232824292626943,0
0.0,0.538801,0.64,2.16214123435364,0.2410951144823434,0.0434,0.2259,0.1922,423305.0,160703.0,7.66892,0.05,0.015,0.01,0.005,0.76,0.65,0.05,0.875,0.79,0.33999999999999997,0.1643,0.1958,1.0,1.0,1.0,1.0,3723,0.42125000000000007,0.1355,1.0,1.0,0.0,0.0,1.0,0.0,0.0704725302922535,-0.0095614484086838,-0.0178128605865,0.0249560496879093,0.0713031680559754,0.0424839192477205,-0.0433887727563917,0.009096575362906,0.2911994537412729,0.5438728216534157,0.5774259813775523,0.292372290559209,0.7145791966175369,-0.007577348817918,0.7451959402735242,0.5847332553596813,-0.0371439247521603,-0.0829823903630111,-0.0650406740376877,-0.0809458074329786,-0.0537888133173432,-0.0487120982383225,-0.0977204707800964,-0.0509875356788881,0
0.0,0.462247,0.541176,3.740681902424792,0.3643380405042556,0.0248,0.2752,0.0902,8.0,93691.0,19.6319,0.05,0.01,0.05,0.0,0.32,0.69,0.0,0.635,0.865,0.095,0.09,0.47619999999999996,0.91665,1.0,1.0,1.0,0,0.0,0.8238500000000001,0.0,1.0,1.0,0.0,0.0,0.0,-0.0756487018006826,-0.0895065802932922,-0.0787484641407379,-0.0322819763883794,-0.0809580202087344,-0.0436476840078025,-0.1110514210240149,-0.0758399537296332,0.451732261626689,0.2648016541138643,0.9906104547588006,0.268148720517943,0.7085496247976761,-0.0243035998646818,0.8910105786231005,0.558566835293979,0.238346956298845,0.2160991084405415,1.0706452279680851,0.4842314471488177,0.9177856189698822,0.0122335802541738,0.8593573630524155,0.8961163244983658,0
0.0,0.502475,0.45,1.4315255098894994,0.3927355163873807,0.0123,0.1713,0.0717,109622.0,302696.0,8.12848,0.04,0.035,0.02,0.005,0.705,0.8,0.43,0.855,0.855,0.645,0.27645,0.1126,1.0,1.0,1.0,1.0,220,0.7100999999999997,0.16999999999999996,1.0,1.0,0.0,1.0,0.0,0.0,-0.1241645323997833,-0.0938592180296614,-0.1221507072592152,-0.0468731340981282,-0.0777523603952261,-0.0508911090704412,-0.1361680455585441,-0.0968568262656951,0.0262877997556664,1.2969484415204935,0.3649801310377828,0.1850233758461877,0.2505910408836151,0.0168272819116987,1.132853547174427,0.2631220573327679,-0.1092469534257153,-0.1196032174782228,-0.0414526873208607,-0.0318594921636183,0.0172191020851612,-0.048524778005713,-0.1245269841780652,-0.0520066072043388,0
0.0,0.572261,0.49,5.646865080463979,0.2184004640115464,0.0454,0.1043,0.4355,78.0,1004.0,153.378,0.03,0.04,0.28500000000000003,0.005,0.51,0.195,0.365,0.525,0.4,0.725,0.5,1.0,1.0,1.0,1.0,0.96875,0,0.38599999999999995,0.0,1.0,0.0,0.0,0.0,1.0,0.0,0.0832366096832916,-0.0568544498148388,0.0869701959492185,0.1927124846071624,0.4030706034002285,-0.0226592784086573,-0.0434282002098267,0.194409675591275,0.0002511962863984,0.5380987284269827,0.3094567134556151,0.2978764079063835,0.490021210959718,-0.0025656370165079,0.7854639489375499,0.2822609337408795,-0.0151075164410105,-0.0778386494770986,-0.0375396260344833,-0.0416564846566846,0.0332927444848673,-0.0281820599904169,-0.0798764050857185,-0.0009486233675356,0
0.0,0.664286,0.44,2.101256369217309,0.703508194834347,0.0261,0.3677,0.0711,32.0,19788.0,13.9065,0.02,0.04,0.05,0.0,0.735,0.725,0.0,0.905,0.88,0.0,0.4135,0.6024,1.0,1.0,1.0,1.0,3797,0.41500000000000015,0.10850000000000001,1.0,1.0,0.0,1.0,0.0,0.0,0.0117688944020131,-0.035269732481681,-0.0633863904598816,0.0133937494945916,0.0268531367878516,0.0053986181724679,-0.0821886005524268,-0.0175823761759561,0.4139946684431503,0.0582707166857998,0.9852163592919222,0.1448945256272341,0.5049708777395447,0.0274930651360967,0.3657342636894123,0.3920773713341304,-0.033668039258458,-0.1128501824433172,-0.0237073967354912,-0.0262049266075785,0.005834676185743,-0.0334276435941036,-0.0968782498949215,-0.0557905722787358,0
0.0,0.568129,0.48,3.181331334189708,0.271579515384242,0.0288,0.1757,0.1638,140720.0,243961.0,7.66892,0.0,0.04,0.015,0.0,0.715,0.7749999999999999,0.01,0.72,0.8300000000000001,0.725,0.4568,0.17495,1.0,1.0,1.0,1.0,148,0.25750000000000006,0.028999999999999998,1.0,0.58,0.0,0.0,1.0,0.0,-0.0127846469259358,-0.0515016657050345,-0.0556672978139596,0.0111533254331841,0.0454746950868246,-0.00850657890905,-0.0674952533884923,-0.0114397471436429,-0.0196498530196932,0.8029474925722695,0.3191511930115834,0.1275873544034552,0.2671624457094931,0.0297606541251622,1.0985687751483977,0.0643798386349219,-0.038182088404379,-0.1127369677288865,-0.0633715882842306,-0.0215469510344772,0.0349549468993846,-0.0578689296614312,-0.1155634488124117,-0.0109394170357903,0
0.0,0.681265,0.59,0.2154012449546462,0.8257155777735613,0.0389,0.4507,0.0863,500561.0,954659.0,6.23758,0.03,0.01,0.025,0.0,0.63,0.78,0.005,0.7350000000000001,0.935,0.145,0.12795,0.28269999999999995,1.0,1.0,1.0,1.0,0,0.5805,0.015600000000000001,1.0,0.6,0.0,0.0,1.0,0.0,0.0102685808762737,-0.0437962348867932,-0.0674156627322714,0.0381163937895727,0.1062409089090999,-0.0308309181088977,-0.0785679420042405,-0.0049008048073115,0.0971553782388573,0.0142983530819444,0.4786054516580486,0.0713307227854935,0.2277130907226216,0.0114891265527557,-0.0655582827027889,0.2473162318399321,0.0418752381916716,-0.029817225491869,-0.0216556834209156,0.0088396667670475,0.0667930799328555,-0.0059594530838919,-0.0605976030190275,0.0447078700493098,0
0.0,0.533505,0.49,1.9320359700879184,0.6469432051462976,0.0677,0.1674,0.4044,165927.0,206789.0,18.2005,0.01,0.03,0.035,0.0,0.72,0.65,0.0,0.8300000000000001,0.8,0.135,0.30555,0.2657,1.0,1.0,1.0,1.0,776,0.7533999999999998,0.8555000000000003,1.0,1.0,1.0,0.0,0.0,0.0,0.0644301018224942,0.0098362239793818,-0.031558849679972,-0.0622392113994588,-0.0601273031988607,-0.041784967468293,-0.0696367081508278,-0.0651781702094236,0.9044380410942336,0.3715104908304018,1.0387419730766625,0.0240534273632265,0.2075264071306524,-0.0098258212413911,0.7372001471722778,0.2054883760590058,-0.0769059099570297,-0.1286516431157063,-0.0487867515531498,-0.0731777353880317,-0.0927386690830914,-0.0716877901411487,-0.1235757969043318,-0.0871249141030153,0
0.0,0.463531,0.45,5.691267166493662,0.2097777752258787,0.0101,0.1009,0.1005,436921.0,52534.0,15.3378,0.01,0.065,0.04,0.0,0.5,0.65,0.005,0.6499999999999999,0.87,0.62,0.53575,0.32495,1.0,1.0,1.0,1.0,318,0.49900000000000005,0.8640000000000001,1.0,1.0,0.0,0.0,1.0,0.0,-0.0402667037227706,-0.0206003133530371,-0.038545682794577,-0.0083812770652182,-0.0407198913565902,-0.020849723523335,-0.0533810330128329,-0.0273604369996619,0.0561289285211197,0.8584770859711082,0.3839219171851611,0.1102334792285145,0.3796964511053247,-0.1065008478400891,1.2456889777114848,0.1890819825869486,0.1651540220833602,-0.0313765065747944,-0.0070048041197401,0.0361510448880029,0.193742932008034,-0.0237439423894154,-0.0546444157977332,0.0768178433556019,0
0.0,0.670687,0.52,2.48478147848648,0.576805305625306,0.0478,0.7434,0.0643,18.0,395.0,32.1597,0.0,0.08499999999999999,0.025,0.0,0.615,0.275,0.0,0.785,0.435,0.0,0.84895,0.35760000000000003,1.0,1.0,1.0,1.0,2659,0.6380000000000001,0.2095,1.0,1.0,0.0,0.0,1.0,0.0,-0.0434442750543403,-0.0534165365381801,-0.0563154705823991,-0.0184185951500883,-0.056586653940528,-0.0511804787360897,-0.0765180532038287,-0.0322961789210562,0.388935914294639,0.1124592794752836,1.1298753671542294,0.2857562449041076,0.499302870318315,0.2712060318442059,0.0379992479887008,0.5740848760287447,0.1850212499312046,-0.0590471518180455,-0.0282191954083366,0.0618077524082683,0.1826513996812035,0.0176946073130738,-0.0931075928363328,0.0201336922026624,0
0.0,0.52224,0.38,3.329499344886308,0.3259668095068492,0.0204,0.0924,0.2202,485344.0,27740.0,30.1634,0.0,0.04,0.055,0.005,0.785,0.245,0.22999999999999998,0.865,0.47,0.77,0.325,0.27085000000000004,1.0,0.72295,1.0,0.97915,0,0.18749999999999997,0.18104999999999996,1.0,1.0,1.0,0.0,0.0,0.0,0.0016524857786797,-0.0045505814552654,-0.0009225501686793,-0.002384580112953,-0.0029509730220054,0.0017996904750696,-0.0037685814041899,0.001183970394672,-0.2641919613177781,1.5491706504221043,0.1607621161623258,-0.1028470920217271,-0.0245668823703262,-0.1123281966800646,1.9543055812635592,-0.1625917422393749,-0.0920243918337906,-0.1301864134012205,-0.1133707334002502,-0.0577381452628457,-0.0797129894518275,-0.07461145263681,-0.132644787244555,-0.0581449582605546,0
0.0,0.565891,0.394118,5.801281022847889,0.1936030377754078,0.027,0.2016,0.134,885.0,118594.0,9.55982,0.0,0.035,0.02,0.0,0.515,0.33999999999999997,0.005,0.62,0.655,0.855,0.375,0.21365,1.0,1.0,1.0,1.0,8286,0.39099999999999996,0.20199999999999996,1.0,1.0,0.0,0.0,1.0,0.0,-0.0574027948427181,-0.0661410300587068,-0.0820597418449201,-0.0349891633929209,-0.0578211415107077,-0.0549345844829097,-0.1290061571550979,-0.082399668904762,-0.0327483517543246,0.2645766548942814,1.325862204634512,0.23651021702389,0.5247295316702133,0.0498314043611524,1.2038965111730102,0.2681174094047583,-0.0136903202354027,-0.0732937397894206,0.8339555628411779,0.4653814619448244,0.7269192502932167,0.0039794092084371,0.521034327945211,0.4833478743362077,0
0.0,0.488889,0.58,4.201031822394328,0.3454241100589142,0.0302,0.1545,0.1954,715796.0,44742.0,25.4098,-0.01,0.015,0.04,0.01,0.6,0.765,0.035,0.665,0.885,0.515,0.1823,0.31894999999999996,1.0,1.0,1.0,1.0,211,0.092,1.0,1.0,1.0,1.0,0.0,0.0,0.0,-0.061504129717344,-0.0776757407113427,-0.0485258557137197,-0.0338348886553999,-0.0595404854168275,-0.06189037068769,-0.1167999506450469,-0.0931064490219101,0.5302517108635892,0.4921301133955622,0.8246029853011969,0.1977146992334604,0.5934408593909104,-0.0547269098168135,0.4553259166977878,0.4577589929241786,0.1539770891601,-0.0347402591550352,0.0707585769114101,0.031514802879218,0.1512000429787095,-0.0005918954959405,-0.0701433309662677,0.1048664860243082,0
0.0,0.529204,0.45,3.652762670042289,0.2824944928798019,0.02,0.1557,0.1287,217423.0,12297.0,8.6407,-0.01,0.045000000000000005,0.015,0.0,0.755,0.655,0.005,0.865,0.865,0.675,0.48865000000000003,0.2333,1.0,1.0,1.0,1.0,5,0.8225,0.49024999999999996,1.0,1.0,0.0,1.0,0.0,0.0,-0.1196004544910042,-0.1401885953046021,-0.1297857476533384,-0.1062261183597073,-0.1545723124145006,-0.0789330182548026,-0.1655124364595568,-0.1150407550739717,-0.031933818042456,1.083973586597721,0.3205192894857301,0.0496358817933104,0.2537689897470548,-0.0366892987280004,1.5360547325636245,0.1276909605144302,-0.0449532949686455,-0.0783610150043422,-0.0104662734867852,0.0021389599579921,0.0815679535584747,-0.0287883847517241,-0.0444473543475918,-0.0027129697960848,0
0.0,0.66707,0.38,0.6289494997630242,0.8576675289389127,0.051,0.4196,0.1216,2660.0,364650.0,35.4819,-0.04,0.05,0.01,0.065,0.59,0.6950000000000001,0.15000000000000002,0.72,0.915,0.255,0.21495,0.105,1.0,1.0,1.0,1.0,0,0.6977500000000001,0.58,1.0,1.0,0.0,1.0,0.0,0.0,-0.0374649524901531,-0.0884158612215836,-0.0454944779096059,-0.0282599935524364,-0.0645906904798721,-0.0204194391425107,-0.09255460722714,-0.060759164363986,0.6249918017688688,0.1579781782048375,0.364743135565381,0.1543385592618714,0.4072852653630143,0.0888720199089015,-0.1113358890056119,0.2941670682866562,0.0571893741488783,-0.0380747970946206,-0.0068988524644073,-0.0260341783122033,0.0176668075557182,-0.0435579968105336,-0.0639374512348013,-0.0232082382518897,0
0.0,0.482128,0.46,5.616727000778575,0.1644305461706026,0.0022,0.1307,0.0171,498490.0,900735.0,42.6913,-0.05,0.12000000000000001,0.015,0.01,0.7,0.115,0.255,0.81,0.265,0.81,0.78025,0.16999999999999998,1.0,0.8303499999999999,1.0,1.0,0,0.5963999999999999,0.18800000000000006,1.0,1.0,1.0,0.0,0.0,0.0,0.1103141080274968,-0.0082180119093666,-0.0248962141670939,0.020144638635859,0.0488056685131855,0.0029752478048359,-0.0600808456174512,-0.0202658619227989,-0.0881927426413148,1.1083508038101462,0.381246726709734,0.1342821675852576,0.2397308268583036,-0.0463761463170764,1.4411611328732366,0.2109272010634892,-0.0191206886317675,-0.0299789464725326,-0.0015669727144075,0.0121352826452267,0.0807750837837895,-0.0371023023809411,-0.0360600265888723,0.0064432006334701,0
0.0,0.457317,0.58,3.138067292494949,0.2972875716310342,0.0304,0.1462,0.2079,1395632.0,605.0,42.6913,-0.05,0.02,0.02,0.0,0.615,0.26,0.29000000000000004,0.74,0.08499999999999999,0.775,0.2516,0.3659,1.0,1.0,1.0,1.0,0,0.586,0.0,1.0,0.0,0.0,1.0,0.0,0.0,0.2472573357379983,0.0111924085662973,-0.0144101196188907,0.0474572646236255,0.3031334772446476,0.0372479971142146,-0.0626379388482145,0.1879399513097408,-0.0317063680167957,1.2917723402266414,0.2261911465538408,0.0281581140087724,0.2346500116978857,-0.0887554376218652,1.6059611715263735,0.1324828780655575,-0.0310527933171343,-0.0971767346804075,-0.0099142488036253,-0.0316532030101303,0.105082709426677,-0.0146527382249631,-0.060623761085931,0.0166331643361569,0
0.0,0.484401,0.47,4.435245168348734,0.30349082012076,0.0632,0.109,0.5801,353448.0,240519.0,8.6407,-0.05,0.035,0.005,0.005,0.725,0.59,0.065,0.88,0.685,0.7050000000000001,0.35835,0.1131,1.0,1.0,1.0,1.0,0,0.7035000000000002,0.0,1.0,0.0,1.0,0.0,0.0,0.0,0.0094358479194381,-0.0555408343213439,-0.0476958653752466,0.0081494276599706,0.0931129123824838,-0.0098844669145501,-0.0584863475658147,-0.0007939426336838,0.0128676244112464,0.7834922105720985,0.4451743775124764,0.2942804544733891,0.5468396166994294,-0.0352496218477451,1.234483405310718,0.3811094536403686,-0.0631641415417743,-0.0847878101640936,-0.0366526981819983,-0.0106096305240672,0.0401269270395356,-0.0242453947825651,-0.0498748517386189,0.0352813444304935,0
0.0,0.57971,0.69,3.3436257321424416,0.3032067686752738,0.0246,0.1523,0.1614,102.0,228.0,27.3008,-0.05,0.02,0.025,0.0,0.775,0.685,0.0,0.865,0.835,0.38,0.21760000000000002,0.3615,1.0,1.0,1.0,1.0,234,0.299,0.14300000000000002,1.0,1.0,1.0,0.0,0.0,0.0,-0.0158766069390691,-0.0173258438890436,0.0046463834613744,-0.0201822474538852,-0.021010655006364,-0.0239509210521663,-0.0273346519159289,-0.0064737736748738,-0.0014241879470498,0.3707493054035222,1.0640885982804846,0.6553154985520291,0.929737284580066,0.0686298138216949,0.9188752676049012,0.5432353344253289,-0.1045901017012023,-0.121309926637688,-0.085065978096789,-0.0762935417770747,-0.0252336032132456,-0.0842555756453538,-0.1383917961847496,-0.0954589707909995,0
0.0,0.490196,0.58,2.5453222999294662,0.3271889090055536,0.0224,0.0972,0.23,206806.0,1742.0,14.3661,-0.05,0.045,0.14500000000000002,0.015,0.765,0.5700000000000001,0.015,0.9299999999999999,0.72,0.645,0.5,0.52705,1.0,1.0,1.0,1.0,1156,0.059,0.30399999999999994,0.69,1.0,1.0,0.0,0.0,0.0,-0.0133092768523065,-0.0583901621602348,-0.0371051986980109,-0.0228147132643641,0.0287890474138827,-0.0234881906486725,-0.0619178666628381,0.0018618856550689,0.1312850534414134,0.602353183854361,0.3879133853135877,0.3083123407276399,0.590625068280655,-0.0399579112537613,0.966189981963798,0.4535348243637048,-0.0683303194410966,-0.0973526513018028,-0.0283000367751094,-0.0321910261475226,0.012135892894889,-0.0523208943007082,-0.0986270567100928,-0.0362922077750952,0
0.0,0.735417,0.68,1.954583007656323,0.5456237727854996,0.0544,0.2798,0.1944,167.0,193.0,11.5034,-0.05,0.02,0.015,0.005,0.7,0.775,0.0,0.7749999999999999,0.81,0.0,0.22825,0.0847,1.0,1.0,1.0,1.0,0,0.0,0.0,0.0,0.0,1.0,0.0,0.0,0.0,-0.0648699344315197,-0.0809870886274098,-0.0174340525689154,-0.0210270868656469,-0.0532138715153435,-0.0326490619302327,-0.0871430734486145,-0.0734037168636124,0.0138413851995888,-0.0184026900276307,0.5433206992465975,0.2508063910314728,0.3266665098559457,0.0485376476750269,-0.0009357250379664,0.4034827683226912,-0.0246484213791233,-0.1037748575734442,-0.0719064571832827,0.0708535431464305,0.2451801505412779,-0.0592991033306082,-0.1194188015242476,0.0178845728363119,0
0.0,0.626747,0.482353,2.2200573343576515,0.6773487597465229,0.0318,0.1475,0.2154,81668.0,326.0,18.2005,-0.06,0.0,0.025,0.0,0.015,0.5549999999999999,0.005,0.025,0.715,0.0,0.02525,0.22499999999999998,0.3333,1.0,0.5185,1.0,65,0.1635,0.19649999999999998,1.0,1.0,1.0,0.0,0.0,0.0,0.2001592518323554,-0.0216929672215438,0.0838340961876725,0.0917311851397335,0.222240807566914,0.1924749497731324,-0.0708715014448755,0.1291577054617018,0.7119328701994688,0.1122648754354013,0.379260372381933,0.2700759484161683,0.3626542744213984,0.7155098200300878,-0.008542632884904,0.2946378544296291,0.5036857092421702,0.0035909161210989,0.02086019049825,0.0456577592432565,0.1173156620229592,0.547936512550916,-0.0556013445608068,0.034794813655352,0
0.0,0.468605,0.64,4.495372197827956,0.2007254358992075,0.0484,0.1249,0.3872,59.0,85271.0,16.7692,-0.06,0.08,0.05,0.0,0.78,0.805,0.0,0.845,0.905,0.755,0.7778,0.58975,1.0,1.0,1.0,1.0,109,0.7715000000000001,0.7654999999999998,1.0,1.0,0.0,1.0,0.0,0.0,-0.0277269676219545,-0.0469664245715123,-0.0311776006360014,-0.0215239591186238,-0.0463120803960848,-0.0066823407156956,-0.0769189960804752,-0.059197232614653,-0.1243016874028402,1.3002501891332054,0.3225650412563748,0.0959640015374719,0.2678675736942469,-0.0315937993011541,1.878033933652592,0.0918372325848887,-0.0465009768514742,-0.0802436348224011,-0.0431020096765366,-0.0286546248434594,0.0133561380856075,-0.0280121839840352,-0.0929454907619077,-0.0474343775143751,0
0.0,0.677778,0.61,0.5075322079993546,0.8340612724835342,0.0273,0.5507,0.0496,1102042.0,155782.0,10.072,-0.05,0.025,0.03,0.0,0.675,0.51,0.0,0.615,0.6000000000000001,0.0,0.30205,0.27190000000000003,1.0,1.0,1.0,1.0,0,0.5575,0.29075,1.0,1.0,1.0,0.0,0.0,0.0,-0.0168232297218151,-0.0109166728006661,-0.0038369683847941,-0.0053893691539876,-0.0175698710050998,0.0042061265722882,-0.0232970173787526,-0.0208740493994738,0.437351149922907,0.1751221652095261,0.580135533497862,0.1286595009628315,0.3402526784993122,0.0687896197737785,-0.0696674839400634,0.267857380888163,0.0887607207781685,-0.0331665230484953,0.0465789749218629,-0.0118204613894645,0.0725015484904275,0.0163589340917725,-0.061063214002137,-0.0165257699418186,0
0.0,0.491726,0.51,5.596473022420345,0.1435851122240283,0.0037,0.2186,0.0167,60467.0,70114.0,9.10026,-0.14,0.02,0.01,0.0,0.625,0.07,0.01,0.85,0.19,0.63,0.25275,0.22240000000000001,1.0,0.84375,1.0,1.0,0,0.7304999999999999,0.1415,1.0,1.0,1.0,0.0,0.0,0.0,-0.0596293093278197,0.5715028266952721,-0.0389782777633593,-0.0476476572621368,0.0388204909952534,-0.0330618601176225,0.549702949143305,-0.023472438287465,-0.0837375314668632,0.66066177452048,0.4662133017366792,0.2250393266228362,0.3819778471413856,-0.0541948998830359,1.1880741886334438,0.2210395209445515,-0.0803668530932359,-0.1008667471316329,-0.0642937544949489,-0.0388158526468774,-0.0567959351062453,-0.0798563184876982,-0.1121318584316034,-0.0512815707344014,0
0.0,0.469697,0.623529,6.683293750348649,0.1231494894108727,0.0173,0.2126,0.0812,88.0,46108.0,31.1352,0.07,0.05,0.005,0.0,0.055,0.015,0.005,0.52,0.03,0.515,0.6111,0.04165,0.825,0.30415000000000003,1.0,0.38885000000000003,5611,0.0,0.0,0.0,0.0,0.0,0.0,1.0,0.0,0.8400012614348379,0.2868279730225348,0.1642830784597281,0.1574458770823898,0.2826502098265649,-0.0216267608367185,-0.1024913322453094,0.1146569397461078,0.0344974824282627,0.6605737012507927,0.5563916622173839,0.232374978466315,0.4757034372511751,-0.0625079059088259,1.293158788635409,0.2984842181622821,0.2389724376229652,0.2695109085395119,0.0286810364287556,0.0515049538325237,0.2506587451261189,0.0135445433666168,0.1461674111647422,0.1203227946972396,0
0.0,0.476359,0.476471,3.10839526489652,0.2458259725882561,0.0524,0.1235,0.4241,38.0,586.0,14.3661,0.08,0.045,0.065,0.0,0.55,0.375,0.0,0.775,0.55,0.66,0.34314999999999996,0.4875,1.0,1.0,1.0,1.0,4454,0.19400000000000003,0.43099999999999994,1.0,1.0,0.0,0.0,1.0,0.0,0.1089940300661487,0.0178483559107301,-0.0200771593772325,0.0085935446885616,0.1631007357796174,-0.0421478751584374,-0.0495188461966526,0.0734277366677485,0.0151869273278264,0.8170526192459449,0.5675805717280913,0.1964066730566234,0.3944812507088091,-0.0736722105956006,1.3550319167696203,0.227950838894317,0.1061257145416454,-0.0421253250872363,-0.0446848075554498,-0.0248899719969583,0.0797198113305665,0.0111244040936094,-0.0780334242435863,-0.0106094590781035,0
0.0,0.474847,0.664706,3.4459420519698085,0.3069021461879021,0.0304,0.1189,0.2557,6.0,227685.0,17.741,0.09,0.07500000000000001,0.025,0.0,0.52,0.6799999999999999,0.16,0.675,0.8,0.74,0.4982,0.31945,1.0,1.0,1.0,1.0,0,0.42,0.264,1.0,1.0,1.0,0.0,0.0,0.0,-0.0865070829032717,-0.0919902309839011,-0.0772347437180672,-0.048634587684741,-0.0441929283428006,-0.0389913369307178,-0.1123679674265986,-0.1042863216139002,-0.0724984612920205,1.1244331908963587,0.2178000486825583,0.0896138845189397,0.1745960468473675,-0.0137973791116135,1.3971920669554518,0.1056280893016471,0.0548180353201174,-0.0853910839780858,-0.0512445802731532,-0.0592719136687485,-0.0244880884514461,-0.0638373951213554,-0.0985492666262587,-0.0423806027392344,0
0.0,0.539527,0.52,0.9513748565841036,0.4501004615688755,0.0324,0.139,0.2333,701514.0,12047.0,9.10026,0.14,0.045,0.015,0.005,0.81,0.5800000000000001,0.02,0.895,0.87,0.22499999999999998,0.44445,0.18055,1.0,1.0,1.0,1.0,0,1.0,0.1315,1.0,1.0,0.0,1.0,0.0,0.0,0.0680196773088428,0.5781412798939812,0.017712997237661,0.0145033615964631,0.0083027932296097,0.0046712611152529,0.4545145061274276,0.0023734051751803,0.5337383895046017,0.355653897209964,0.5531709572388315,0.1492056817478669,0.3372596258445712,0.0086464712082661,0.4218127714136459,0.4356382286146609,-0.0523284715420371,-0.0601779117279723,-0.0387476609680746,0.0065636046106312,0.0140184935662668,-0.0038075010818318,-0.0602713572134508,-0.0200301407471282,0
0.0,0.474926,0.56,3.705864443972026,0.193157412476409,0.003,0.0749,0.0396,24.0,104011.0,7.20936,0.12,0.095,0.08499999999999999,0.01,0.8400000000000001,0.435,0.37,0.925,0.475,0.8300000000000001,0.67595,0.6244000000000001,1.0,1.0,1.0,1.0,0,0.8825,0.257,1.0,1.0,0.0,1.0,0.0,0.0,-0.0048081554660067,-0.0188182208742128,-0.0262066380290106,0.0148074410460624,-0.0098021372607535,-0.0116987086198012,-0.028531024305926,-0.0153291196968081,-0.1123634329753723,1.4426349415970736,0.2783986768594932,0.0993797627387972,0.150453996319383,-0.0386877323241925,1.8289765708936736,0.0576789181360798,-0.0295880040102228,-0.0845247579977734,-0.0520544014087548,-0.0222227254056301,0.038143553953897,-0.0357543397578178,-0.0679354727912862,0.010519110178745,0
0.0,0.457929,0.45,5.17524145196846,0.2185076429652891,0.0273,0.1464,0.1866,45.0,129.0,9.10026,0.19,0.04,0.22499999999999998,0.0,0.78,0.14500000000000002,0.01,0.86,0.345,0.675,0.22999999999999998,0.9236,1.0,0.66665,1.0,1.0,1722,0.7183499999999998,0.3,1.0,1.0,1.0,0.0,0.0,0.0,0.2503967390496281,-0.0698620055531571,-0.0132540767603307,0.269446402722273,0.5942579146936114,-0.0258150487152868,-0.0905635787947752,0.2614958911265124,-0.030213743819742,1.036820636232918,0.3776105318790743,0.251142948143276,0.5375214500329358,-0.0658715144563456,1.6354197495074678,0.2182438135855208,-0.0408687107471228,-0.0725305085668252,-0.0489710069850992,-0.021555310217762,0.0133119142097249,-0.018059750667854,-0.065402737135195,-0.0359074028258933,0
0.0,0.480784,0.59,6.272632804143542,0.2154484786264838,0.0246,0.1472,0.1668,174.0,778230.0,74.2334,0.27,0.035,0.060000000000000005,0.005,0.04,0.835,0.025,0.10500000000000001,0.905,0.38,0.6211,0.49165,0.8166500000000001,1.0,1.0,1.0,9832,0.0325,0.8348,0.65,1.0,0.0,0.0,1.0,0.0,0.0089600731223915,-0.0095089483970536,-0.0189793038895719,-0.0127098697360019,-0.0017772714353096,0.0060318705518182,-0.0308132694598007,-0.0110907398925543,0.0412606454155383,0.6646799695504002,0.5668439708110575,0.3344573794201845,0.5766356092331438,0.001048645749872,1.2873390014613857,0.3186312159470265,0.4078587560667531,-0.0507651617148892,-0.0385404489693466,0.1376674452254623,0.4434157668285757,0.1440469797301495,-0.0657024128816817,0.2470297850361608,0
0.0,0.516017,0.39,5.026225568833258,0.2246699033705006,0.028,0.1155,0.2428,519024.0,258602.0,74.2334,0.37,0.05,0.06,0.0,0.795,0.185,0.045,0.87,0.305,0.6399999999999999,0.5506,0.375,1.0,0.9011,1.0,1.0,0,0.7699999999999995,0.3739999999999999,1.0,1.0,1.0,0.0,0.0,0.0,0.635810616661317,0.069066035303243,0.0079863159687325,0.0462293832619059,0.122821889495975,0.1818417993183703,-0.0437639438578192,0.0634845460917883,-0.0521488862177678,0.7076877084459314,0.4416255122795959,0.2156556073339283,0.3892652363127976,-0.004596873553777,1.161750419776367,0.2415977108929972,-0.018864774088268,-0.0450246595473276,0.0271335315813836,0.0209545999979084,0.0841159876077753,-0.0008780052724301,-0.0118930989143698,0.0876063329668771,0
0.0,0.700176,0.56,3.0479253872451846,0.5106793683677661,0.0209,0.7985,0.0262,963.0,278929.0,10.5316,0.47,0.05500000000000001,0.095,0.0,0.71,0.76,0.005,0.7150000000000001,0.875,0.0,0.5440499999999999,0.52485,1.0,1.0,1.0,1.0,351,0.6659999999999999,0.5820000000000001,1.0,1.0,0.0,0.0,1.0,0.0,0.0132993555699992,-0.0089294945868682,-0.024765431297061,0.0036252424432225,0.0396974560696659,-0.0042753372037274,-0.0269525934687497,0.0228502371599328,0.2695255642267975,0.0494363402840929,0.96389362948087,0.2411743069598764,0.5031895499075099,-0.0025377446738555,0.195537962632699,0.5205603419126864,0.0001698847953953,-0.0950345172102613,-0.0802242989035357,-0.0220154479238916,0.0675861686401445,-0.0437626237452811,-0.1157691954512308,-0.0127172898799428,0
0.0,0.553787,0.61,4.491491318156176,0.1605618534570645,0.0323,0.154,0.2096,176028.0,120140.0,42.179,0.51,0.125,0.025,0.0,0.79,0.585,0.0,0.915,0.76,0.64,0.55555,0.1597,1.0,1.0,1.0,1.0,0,0.8005999999999999,0.6325,1.0,1.0,0.0,0.0,1.0,0.0,-0.0928274632975894,-0.0737113843776116,-0.0807881160867924,-0.0802783258371536,-0.0691227364720441,-0.0377353905965882,-0.0908506106413153,-0.0739931684494846,-0.1490448343467678,0.9123243813449048,0.2038128796485247,0.0441063379912531,0.0774390462472152,-0.0457545742855881,1.3557431043276598,-0.0129771640363571,-0.0186148777141229,-0.0138433235257782,-0.0026792271222363,0.0034736853923886,-0.0013344578882961,-0.0042951535269278,-0.0215465550452835,-0.0129476135006033,0
0.0,0.494747,0.62,2.8861840990280605,0.4932800103068546,0.0154,0.1391,0.1109,141.0,1302.0,8.6407,0.56,0.11,0.01,0.02,0.5,0.36,0.08,0.6699999999999999,0.53,0.475,0.9452499999999999,0.1222,1.0,1.0,1.0,1.0,856,0.2695,0.0415,1.0,0.83,0.0,1.0,0.0,0.0,0.1498691341736589,-0.0069828408866335,-0.0448401897680588,-0.0350451305120363,0.0587644067101447,-0.0475191368402237,-0.0796752534640424,0.000817243636395,0.3219013293869863,0.5631002625051641,1.057103957119714,0.2219870604962961,0.4895632258443007,0.01092901056312,1.2353304481203666,0.3835647505518366,0.0184965711581545,-0.1078937953240342,-0.0127809947687143,-0.033046378148655,0.1015757103519075,-0.0101299814030084,-0.0837736505841391,0.0023924813856209,0
0.0,0.504994,0.46,1.7504625019209252,0.3687955804250943,0.0575,0.1089,0.5277,323773.0,371169.0,9.10026,0.56,0.1,0.035,0.0,0.515,0.225,0.005,0.645,0.485,0.515,0.62995,0.31725000000000003,1.0,0.96425,1.0,1.0,1097,0.47900000000000004,0.3864999999999999,1.0,1.0,0.0,0.0,1.0,0.0,0.0585764510766889,-0.0970846217078459,-0.0860145498474456,-0.024517160528231,0.1244531439297587,-0.0163942988856264,-0.0973956898643223,-0.0479287891149529,0.1284495248666234,0.6869513249625933,0.3700403690762775,0.2299051872496233,0.5059201827113536,-0.0069384892205779,0.9087276528669204,0.3910229339056905,0.0489163396646364,-0.0704982527626359,0.0104384358917751,0.0341637265263904,0.1412579599708501,-0.0046989012068486,-0.0464074517824858,0.0628239939155054,0
0.0,0.60411,0.676471,2.147945050692518,0.5125002099166419,0.0235,0.1442,0.1627,414.0,64245.0,8.6407,0.53,0.03,0.03,0.0,0.72,0.31,0.005,0.7549999999999999,0.45999999999999996,0.385,0.23454999999999998,0.44445,1.0,1.0,1.0,1.0,0,0.39549999999999996,0.0,1.0,0.0,0.0,0.0,1.0,0.0,0.2122095689461472,0.0518549083870917,-0.0739969443200462,0.1943574053001161,0.5499665725609935,-0.0388463078016182,-0.0389155134289991,0.1309935816553273,0.2393102502587041,0.3372334428758229,0.7388068446463439,0.3446282705593623,0.7188944787719348,-0.0021275275749807,0.6358695204839555,0.5067995889771675,0.0166411647969966,-0.0623722264240068,0.1750654063661209,0.020374914762572,0.1641100243347582,-0.0175985283243163,-0.0359841712829266,0.2068750613582375,0
0.0,0.482647,0.53,4.432378027998678,0.211495317351273,0.0094,0.1281,0.0733,82.0,849.0,9.10026,0.36,0.03,0.06,0.005,0.52,0.565,0.08,0.715,0.66,0.665,0.1653,0.48960000000000004,1.0,1.0,1.0,1.0,0,0.5825,0.49150000000000005,1.0,1.0,1.0,0.0,0.0,0.0,-0.0125003759701054,-0.0117872577957387,0.0021671153969928,0.0189661822329048,-0.0185747448639399,0.0011933387102769,-0.0246623320485398,-0.002645367036494,-0.1254844732217378,0.8581437176231608,0.4524779798488831,0.3112023098656344,0.5476679974942419,-0.0360751013924873,1.3259763803552214,0.2479033542849779,-0.0276945842913475,-0.0774307698266925,-0.0559950470270128,0.0052750124692386,0.1279278237410995,-0.0125532552191058,-0.0696132342951365,0.0426458083030796,0
0.0,0.511574,0.44,2.839305560497777,0.2581428569651281,0.0611,0.1521,0.4019,634441.0,15623.0,16.7692,0.31,0.02,0.0,0.0,0.6950000000000001,0.005,0.01,0.8049999999999999,0.45,0.85,0.14205,0.03365,1.0,0.10830000000000001,1.0,1.0,855,0.7445000000000005,0.08900000000000001,1.0,1.0,0.0,0.0,1.0,0.0,0.1057123663120413,0.0495213703086969,-0.0824661802106762,0.0748142608743408,0.3100385710097208,-0.0211532525357284,0.0428301919891553,0.083828618690778,-0.0856459080017505,0.7486368253042354,0.4094441607212397,0.2859769526234773,0.5679238651095233,-0.026226123459274,1.1431162889172517,0.4864792447619752,-0.0395167260688729,-0.0681200815459271,0.0031189102669314,-0.0141808179746057,0.0123626927887571,-0.0147219048391687,-0.0778348045745434,0.0196486629261682,0
0.0,0.515088,0.59,5.868421343449988,0.2493597702346509,0.0063,0.0904,0.0695,76.0,108294.0,16.7692,0.27,0.025,0.03,0.01,0.585,0.8,0.1,0.76,0.91,0.675,0.40635,0.3147,1.0,1.0,1.0,1.0,0,0.22650000000000003,0.4229999999999998,1.0,1.0,0.0,1.0,0.0,0.0,-0.0696163301243204,-0.080801336313177,-0.0543366639782999,-0.0102997265126875,-0.0632230623382228,-0.0113561695366172,-0.0925285944647036,-0.0770652981424661,0.1900378291128169,0.8625920091562769,0.5353289086149746,0.0947508506052263,0.4459450578464731,-0.0413811675801434,1.1641109504039902,0.3092366484739497,-0.0387673584940607,-0.0810692395397701,-0.0555424382889499,-0.0581586012749078,0.0056469267833766,-0.0476729730582103,-0.1024376841347799,-0.068621200038194,0
0.0,0.45283,0.58,3.326979154365697,0.2643334186123996,0.0214,0.1559,0.1371,51.0,105315.0,6.69714,0.26,0.07500000000000001,0.03,0.0,0.515,0.63,0.02,0.54,0.7949999999999999,0.69,0.8032,0.2716,1.0,1.0,1.0,1.0,0,0.195,0.8604999999999999,1.0,1.0,1.0,0.0,0.0,0.0,-0.0741882587951261,-0.1025800835633434,-0.0756459561889777,-0.0678173060737466,-0.0920282794028041,-0.0769843928154078,-0.1111375330704349,-0.0874131298308546,-0.0747650753841339,1.1877596739325096,0.5028511416767097,0.158593631936363,0.3418040348244834,-0.1045737271767899,1.861400675465012,0.170074362526524,0.1288020320848899,-0.0986188796772865,-0.0038871201759225,-0.0197674790369985,0.1806132170332473,-0.0047888518282353,-0.077272841437959,0.0278205755899214,0
0.0,0.518008,0.705882,1.8114141386932143,0.53496121291826,0.0185,0.1016,0.1824,148.0,118736.0,8.58804,0.26,0.08499999999999999,0.03,0.0,0.6950000000000001,0.47500000000000003,0.01,0.71,0.595,0.5700000000000001,0.66065,0.2771,1.0,1.0,1.0,1.0,4578,0.15284999999999999,0.145,1.0,1.0,0.0,0.0,1.0,0.0,0.3355020730176341,-0.0826316539437523,-0.0737256516876128,0.1028121285463265,0.387560835708912,0.0082281267653818,-0.1012458252120058,0.0877839709466015,0.2583151505040197,0.7798510995752116,0.7499367011960802,0.1916046331353796,0.5175268589608607,-0.0207896651063599,1.30063737078994,0.3318868883499998,0.2538305905735499,-0.0409257566298234,-0.0220857895853351,0.028720384497697,0.160002315593194,0.0026652497170814,-0.0535108469127612,0.0587508204149892,0
0.0,0.570048,0.47,0.5230655142908703,0.646210998687896,0.0704,0.106,0.6637,467.0,4430.0,19.6845,0.26,0.035,0.015,0.0,0.74,0.745,0.0,0.75,0.765,0.09,0.26875,0.13465,1.0,1.0,1.0,1.0,4402,0.26949999999999996,0.124,1.0,1.0,0.0,0.0,1.0,0.0,-0.0302662076832154,-0.0810308679025074,-0.0941726109161872,-0.043463263639573,-0.0569022121126528,-0.0407056072215733,-0.0992019760726918,-0.0600277935674423,0.6900738538455192,0.2088966550595885,0.3538242741277112,0.1602526722401548,0.5990031308016868,0.0294554595640809,0.1034359551936108,0.5111585126594165,0.0260610241988163,-0.0569987749003977,-0.044436368802574,-0.0189789961174603,0.041253518644989,-0.0187243521094745,-0.0850120150492481,0.0133142258097303,0
0.0,0.412721,0.46,0.5949026893753965,0.8176650806546124,0.0553,0.0595,0.9295,937.0,178644.0,16.3096,0.25,0.0,0.025,0.0,0.0,0.755,0.01,0.0,0.915,0.14,0.03785,0.3437,0.0521,1.0,0.03335,1.0,4380,0.0,0.318,0.0,1.0,0.0,0.0,1.0,0.0,-0.0736933040787667,-0.075048010920898,-0.0552496254617344,0.0131570328778426,-0.0661489572039012,-0.0360141570914151,-0.0959461686434379,-0.0353254377142078,0.7588762707289093,0.4650699022337089,0.3155199723016594,0.0773481844652321,0.442722572114668,-0.0945659609702304,-0.0271657798870884,0.3138631153426613,0.3076640664011367,0.0466807488341922,-0.0809332871360186,0.0035513442079032,0.2851063806641077,-0.0906175903252709,-0.1550961792658885,0.1375300727708833,0
0.0,0.689065,0.49,0.4821666658411364,0.8959548517440075,0.0243,0.356,0.0681,18.0,2010.0,36.4011,0.24,0.015,0.035,0.005,0.5800000000000001,0.315,0.0,0.585,0.355,0.0,0.11410000000000001,0.35595,0.9914499999999999,1.0,0.9736,1.0,0,0.0,0.0,0.0,0.0,1.0,0.0,0.0,0.0,0.3934556101301177,0.1030219741312174,0.1593871706255756,0.1176364079393952,0.2851908785837677,0.1064442142816645,-0.0626383524222062,0.2137911513586823,0.2261495633750661,0.0826000792745076,1.0953351387231125,0.5874911115396944,0.7477614311497973,0.1058888054559596,0.2758278382241508,0.6126116145580738,0.2796000988675544,-0.0420060151650267,0.0018041075924864,0.2919613066804806,0.6182225421267875,0.1331258716310259,-0.0891037492963298,0.3413734679390181,0
0.0,0.68172,0.48,0.1168988364930488,0.8980108941189077,0.0297,0.2497,0.1191,133439.0,97960.0,13.9065,0.2,0.035,0.025,0.0,0.505,0.375,0.0,0.7150000000000001,0.56,0.0,0.38695,0.3595,1.0,1.0,1.0,1.0,4735,0.1525,0.036,1.0,0.72,0.0,0.0,1.0,0.0,0.0758232157768632,-0.1153334217525152,-0.07137415319076,-0.0899123690342953,-0.0376329919593046,0.7046425657531918,-0.1646119516123154,-0.0971652199868386,0.2932827728454635,0.1052978164461525,0.4556319565081583,0.0392000008005793,0.2013861052805812,0.3442075659549183,-0.0302962856169016,0.2650520599988607,0.335116058844328,0.0208549575966978,0.1054608139751394,0.0510891757344158,0.2136965173057362,0.4322650852956911,-0.1017495138475341,0.0962495864967765,0
0.0,0.554563,0.62,2.985100474797683,0.1791427715442227,0.0449,0.1416,0.3174,225352.0,1011.0,13.9065,0.19,0.025,0.06,0.005,0.8,0.25,0.005,0.885,0.325,0.8300000000000001,0.24205,0.5877,1.0,0.95835,1.0,1.0,5129,0.9665,0.0,1.0,0.0,0.0,0.0,1.0,0.0,0.2532227791304286,0.0044017235552132,-0.0561673009641408,0.1126224054884158,0.3569566773810596,0.0452591372170596,-0.0067461510904895,0.0850323305983304,-0.0721261739722556,0.8790075379811597,0.3775555607058989,0.1568072341110933,0.2801283353236016,0.0239702368323263,1.2847892655324684,0.1723486194621948,-0.006690286119604,-0.0767202839992671,-0.0490544792047683,0.0421831830904627,0.0217528310830044,0.0140189974400918,-0.0869153467078899,-0.0479397288014585,0
0.0,0.592834,0.64,3.8486899846941287,0.4861916383496675,0.0264,0.2094,0.1263,71.0,45266.0,7.66892,0.19,0.035,0.035,0.0,0.425,0.42500000000000004,0.005,0.555,0.5650000000000001,0.35,0.3963,0.49165,1.0,1.0,1.0,1.0,1364,0.7420999999999996,0.433,1.0,1.0,0.0,0.0,1.0,0.0,0.1745956978144636,0.0370003043805344,0.0022156054854086,0.0449106754506857,0.1568487753570072,0.0479592453572764,-0.0145918161642832,0.077735227776042,0.0005140226983786,0.2891932745475605,1.0339551740938524,0.5280524131696482,0.7308915991576536,0.0627449298991305,0.6891634632827113,0.5525997816208108,-0.0076571871175397,-0.0720167064115022,-0.0961866684344032,0.0371541140831345,0.2030515342368749,-0.0092349042319177,-0.081174501821407,0.0139586550376089,0
0.0,0.55641,0.45,0.2718307399678481,0.9392459492638456,0.2806,0.1909,1.4698,207037.0,199880.0,20.6036,0.19,0.01,0.015,0.0,0.6950000000000001,0.55,0.0,0.85,0.75,0.0,0.1085,0.2333,1.0,1.0,1.0,1.0,0,0.1545,0.66,1.0,1.0,1.0,0.0,0.0,0.0,-0.0185649696922957,-0.0588329888114157,-0.0405291056521721,-0.0228117619024581,-0.0528834259174264,-0.0290594358803598,-0.0942321866102361,-0.0750468583421765,0.5820902761350932,0.1501654789490363,0.3692032830673496,0.2818212607943627,0.525231446436051,0.1458549066119121,-0.0469566108873551,0.5205162655273772,0.0415634624576098,-0.0671524096340518,-0.0243058925617767,-0.0243208899374387,-0.0072434692004412,-0.023457166363431,-0.1001973333606031,-0.0503710151603818,0
0.0,0.520571,0.44,3.9229408494027687,0.3168340857037237,0.0176,0.1084,0.162,256813.0,138406.0,11.5034,0.17,0.035,0.04,0.0,0.8,0.66,0.0,0.865,0.77,0.6000000000000001,0.44445,0.31035,1.0,1.0,1.0,1.0,0,0.0,0.485,0.0,1.0,0.0,1.0,0.0,0.0,-0.0170819231181167,-0.0078657991767849,-0.0402372246083031,-0.0249690451282002,0.0297518678731006,0.0033905487446411,-0.0358377161794039,0.0259833188548167,-0.0136108847544063,0.7721169162982646,0.3720002879514156,0.1244261429439111,0.3188595371117331,-0.0125321097359584,1.132666291198069,0.201481405125259,-0.036907056361646,-0.0553020455284141,0.0030914396646036,-0.0110434791584934,0.0004641994737956,-0.0263756882884127,-0.0696485110115709,0.0251698877617163,0
0.0,0.611894,0.558824,3.88581656115228,0.5171753747711955,0.014,0.191,0.0731,10.0,175493.0,11.5034,0.17,0.015,0.015,0.0,0.6950000000000001,0.845,0.0,0.7949999999999999,0.87,0.10500000000000001,0.10315,0.12614999999999998,1.0,1.0,1.0,1.0,0,0.29450000000000004,0.3973499999999999,1.0,1.0,0.0,0.0,1.0,0.0,-0.0352599322334479,-0.0470434100741951,-0.0747590064525702,0.0018584608558937,-0.0280737055768895,0.0616658734040013,-0.0733205755200048,-0.0402345129951939,0.5710204556987832,0.3619739271993666,0.4486249692065071,0.2134630933845208,0.4997993632375274,0.0835393048894858,0.2656048601363078,0.3809966356775279,-0.0582613642817508,-0.0738716165370143,-0.0230208854531629,-0.0224321226750811,-0.0020255206107315,0.0319549023190432,-0.0911738225170213,-0.0212963807408672,0
0.0,0.695004,0.564706,0.1644278415819315,0.853750777667897,0.0862,0.5068,0.17,86069.0,366.0,8.6407,0.17,0.10500000000000001,0.0,0.015,0.65,0.04,0.32999999999999996,0.6599999999999999,0.18,0.435,0.6589499999999999,0.0568,1.0,0.7437499999999999,1.0,1.0,3447,0.26049999999999995,0.36499999999999994,1.0,1.0,0.0,0.0,1.0,0.0,0.2035384729001197,-0.0151838887434545,0.0485617859063793,0.0041557925646741,0.1136338973988689,0.0017469550252353,-0.1052395890964841,0.0606614147756948,0.2786137306946498,-0.0304595038812234,0.0799684646059744,0.1228129639308887,0.2273262666254548,0.0714663055912473,-0.108213447507295,0.1621824635930713,0.0826302556323411,-0.0632368690972142,0.0533184048147552,0.0657702472921798,0.1881264827484147,-0.0054712174696985,-0.0803675321429633,0.0568833728335823,0
0.0,0.650592,0.53,0.1612033551581033,0.8904483221249408,0.0824,0.2319,0.3555,77427.0,108798.0,10.072,0.16,0.02,0.035,0.07,0.78,0.61,0.175,0.845,0.81,0.28,0.5625,0.3333,1.0,1.0,1.0,1.0,0,0.0375,0.69,0.75,1.0,1.0,0.0,0.0,0.0,-0.0130783668985319,-0.0278395572711886,-0.0265484035253278,-0.0103229069402948,-0.0252822721146987,0.0221622527929916,-0.0350979374090711,-0.0182643807667241,0.5780766871533751,0.0492226304240093,0.331630274875451,0.0200284843430905,0.1296180417340109,1.365193755883136,-0.1420044076953097,0.0450634058616252,-0.0138868512814896,-0.0992366939300493,-0.0455291947811968,-0.0106264094556541,-0.0247216787567634,0.4724301140764733,-0.1090451560007327,-0.0544448804021649,0
0.0,0.503867,0.49,2.67495413510817,0.176437065575557,0.0338,0.1053,0.3208,102.0,99301.0,16.7692,0.15,0.01,0.025,0.0,0.72,0.56,0.0,0.8400000000000001,0.765,0.605,0.08285000000000001,0.2111,1.0,1.0,1.0,1.0,2167,0.0,0.8420000000000002,0.0,1.0,0.0,0.0,1.0,0.0,-0.0753910625470618,-0.0728835602780025,-0.1076781880950354,-0.0869041976476485,-0.0833949553283516,-0.0363066351613966,-0.1143644404996904,-0.0774788787129883,-0.0688823764871636,0.7277137187134703,0.330849185698243,0.1053137663859966,0.2338528073168596,-0.0500822860149033,1.063176206707525,0.1464449406101052,-0.0381197643110513,-0.1166299576891984,-0.0167259977677795,-0.0665540123298287,-0.0202872187807578,-0.0347085297182827,-0.1217848949216031,-0.0338938839227887,0
0.0,0.47753,0.68,1.542767852389022,0.5621275221749901,0.0384,0.1519,0.2529,266.0,178592.0,12.0156,0.14,0.01,0.015,0.0,0.56,0.765,0.0,0.7,0.865,0.365,0.173,0.0833,1.0,1.0,1.0,1.0,4963,0.0675,0.0,1.0,0.0,1.0,0.0,0.0,0.0,-0.0524499048948191,-0.0717894414775063,-0.0587284975129785,-0.0364117138742301,-0.0863351026268243,-0.0056758254612552,-0.10479796033528,-0.05448684495243,0.7363681883462003,0.5499529082631386,0.739819178323788,0.2923729045167991,0.7242415645418372,0.0335359821969505,0.6372696769110932,0.5987177738622167,0.2363464145237335,-0.0256262341491246,-0.0449767315943286,0.0279104726469843,0.1657222060255095,-0.0241936138827048,-0.0856831877388418,0.0918232199307912,0
0.0,0.598318,0.56,2.600021661068268,0.1913203087984145,0.0484,0.3027,0.1599,874.0,222045.0,6.69714,0.14,0.0,0.06,0.0,0.095,0.265,0.0,0.385,0.58,0.0,0.051,0.4817,0.8264,1.0,1.0,1.0,5940,0.14600000000000002,0.19200000000000003,1.0,1.0,0.0,0.0,1.0,0.0,0.0004122484310674,-0.0223938634576432,-0.0449463877776297,-0.0020312755357393,-0.0311554359741685,-0.0024713657470985,-0.1028763869386433,-0.0289877315547309,0.2669950882038848,0.2608107643842379,0.564380316924123,0.1971398530508368,0.5325530631395973,0.0418517948515273,0.1280204128806235,0.5687793631856018,0.1304271870374255,0.6791732281518215,0.1218737570646897,0.0902376833465422,0.2905245814400606,-0.0212438300780367,0.745868412420479,0.0745059626089269,0
0.0,0.561181,0.44,4.023532457906478,0.5357109211570207,0.0158,0.1302,0.1217,223365.0,116893.0,126.537,0.14,0.02,0.015,0.025,0.47,0.8,0.09,0.41500000000000004,0.8500000000000001,0.33999999999999997,0.27775,0.24165,1.0,1.0,1.0,1.0,6802,0.0,0.06699999999999999,0.0,1.0,0.0,0.0,1.0,0.0,-0.0258616555976182,-0.0187022149537892,-0.0249984513101293,0.033198690539093,-0.0115942779537674,0.0242880933315684,-0.0304793833828454,-0.0199681661252355,0.1901875243093192,0.625658810890883,0.5451965510433041,0.133049908109947,0.3588226275105731,0.039063662568287,0.7920062114599035,0.2542420989586501,0.1379063043698654,-0.0166623941463738,0.2987223725064051,0.3404492989906941,0.7026358368928209,-0.0159017730817095,-0.0324891475108759,0.7212516060152642,0
0.0,0.509874,0.54,3.222729274156615,0.3034909186430407,0.0107,0.1056,0.1016,136418.0,274791.0,13.3943,0.13,0.045,0.045,0.0,0.71,0.655,0.005,0.79,0.775,0.535,0.7089,0.37939999999999996,1.0,1.0,1.0,1.0,346,0.19649999999999998,0.415,1.0,1.0,1.0,0.0,0.0,0.0,0.000301617385755,-0.0137466735731755,-0.0444472381079253,0.0023508734481226,0.0822091221960204,-0.0303016374708229,-0.0598855917738183,0.0954056689109515,0.0266599837698043,0.8405864941783525,0.3708889817121673,0.0783962484438673,0.3905663563373777,-0.0510234306062814,1.2211266531461464,0.1801854338800675,-0.0522286468527209,-0.0836505747311045,-0.0171523477369179,-0.0107160765299297,0.0351363462382008,-0.0178812319404957,-0.0901860090957334,0.0221655832960792,0
0.0,0.568841,0.5,0.909409019860461,0.387142249053815,0.0291,0.1357,0.2147,168876.0,1100.0,30.1108,0.13,0.035,0.005,0.0,0.645,0.025,0.005,0.825,0.095,0.62,0.25715,0.03125,1.0,0.3,1.0,0.56665,4261,0.0,0.0,0.0,0.0,0.0,1.0,0.0,0.0,0.1422967026077681,-0.0258947895445464,0.2147197387841356,0.0187826832989459,0.147578234488749,-0.0082770125772417,-0.0519716690805426,0.106246436771852,0.1245538938636579,0.4256723886906139,0.4652288004772479,0.180128101265977,0.3796114693527764,-0.0606170557893353,0.7485444364507872,0.2802365428411219,-0.0670061518145869,-0.1242382155659734,-0.0312416228822296,-0.039821545752418,-0.0056403623689967,-0.0632314090931977,-0.1104058653819919,-0.0265168037844088,0
0.0,0.694444,0.48,0.7493293047207618,0.5864074369374216,0.0942,0.0788,1.1948,77.0,409.0,23.4663,0.13,0.03,0.03,0.005,0.085,0.63,0.0,0.095,0.77,0.06,0.4228,0.3033,0.7708,1.0,0.9055500000000001,1.0,0,0.0,0.09600000000000004,0.0,1.0,1.0,0.0,0.0,0.0,0.0026970792960089,-0.0597049095254267,-0.0370172891791051,0.0255351666120007,0.0741728364989826,-0.0163634752784362,-0.097974383750842,-0.0126680158343601,0.2230197395515751,0.0492382978959171,0.9319136103208032,0.3659749278592334,0.6602035505729715,0.0180397447811313,0.1012773588720987,0.7831278859807242,0.3777898797018196,-0.101218768927593,-0.0418832755536684,0.0728517059629489,0.3050554731589409,-0.0061153450308711,-0.0853956540963013,0.0224864957157459,0
0.0,0.56262,0.61,3.749114085813377,0.2670554882190225,0.0829,0.1907,0.4345,91.0,173034.0,11.5034,0.12,0.065,0.015,0.02,0.39,0.645,0.26,0.7050000000000001,0.7,0.585,0.47855000000000003,0.14049999999999999,1.0,1.0,1.0,1.0,0,0.0,0.0345,0.0,0.69,1.0,0.0,0.0,0.0,-0.0660942281018225,-0.073396692828433,-0.0615162050323746,0.0240486348676573,-0.059469766509237,-0.0244732779425455,-0.1011763264657841,-0.0488791933113346,0.1873221941439807,0.8036116327710344,0.2172761049837301,0.1585987561982705,0.4324924893744583,-0.0152135126537055,0.8778007840359916,0.2569086305721226,-0.0342102707424744,-0.0498276266848328,-0.0019543217332145,0.0139517060726058,0.0892944968233628,-0.0369743434174169,-0.0369145636768013,0.0628495706777249,0
0.0,0.460993,0.62,2.939940773021661,0.2392858877872024,0.067,0.1902,0.3523,114.0,81463.0,23.0067,0.12,0.065,0.05,0.0,0.38,0.71,0.005,0.555,0.755,0.75,0.65625,0.38625,1.0,1.0,1.0,1.0,169,0.154,0.7895,1.0,1.0,1.0,0.0,0.0,0.0,-0.0301266164543515,-0.0863082018194482,-0.0883428749847551,-0.0635709920242644,-0.0685350152832503,-0.0446916341448137,-0.1167271382472976,-0.0890906028383503,-0.0998923501773666,1.1998577266174644,0.3146839704849684,0.0047409169566832,0.1614282195764556,-0.0401815719807465,1.623715728036919,0.0525327460717266,0.2191828607108406,-0.0161406190997112,0.0083730403124714,0.051360830062441,0.1117355662207552,0.0537176993966076,-0.0246037088454483,0.045389994523984,0
0.0,0.65109,0.66,0.1355879619421914,0.9292472441286648,0.0146,0.4553,0.032,698932.0,181335.0,6.69714,0.11,0.035,0.015,0.0,0.485,0.77,0.015,0.6599999999999999,0.88,0.01,0.40235,0.1944,1.0,1.0,1.0,1.0,8330,0.22375,0.8610000000000001,1.0,1.0,0.0,0.0,1.0,0.0,0.0035054176316413,-0.0407921291973017,-0.0493389227147669,-0.0013364850169569,-0.0008720450538985,0.0592152886609764,-0.0428624417892115,-0.0120458894755493,0.5883548276120679,0.1448999420318871,0.445943065932419,0.0541020808326344,0.2010026461158759,0.4278254645557627,-0.0678188392461114,0.0473092044953254,0.2215246418027572,-0.0803575270188133,-0.0408799281886399,-0.0536458043480375,0.1006052214148781,0.0315925155759529,-0.1371923186401053,0.0317017084667473,0
0.0,0.455805,0.65,5.411815557128769,0.2131365203374689,0.015,0.0774,0.1941,739208.0,635917.0,17.741,0.1,0.045,0.005,0.01,0.8049999999999999,0.3,0.445,0.86,0.725,0.715,0.5524,0.0669,1.0,0.77085,1.0,0.94445,0,0.16750000000000004,0.8384999999999999,1.0,1.0,0.0,0.0,1.0,0.0,0.0569381924079318,0.1843581858372267,0.0001821430010245,0.0164615459398527,0.0754426695524029,-0.0041292206709575,0.1863130813414392,0.0560011620940623,0.2916886974628477,1.6434818430186406,0.3108170755877472,0.1229796533502253,0.3433584117285072,-0.0843872313811804,1.638015164861273,0.3153771091697878,-0.0112164437802475,-0.0602660091362315,-0.045467080128338,0.0254943734677726,0.0678750468595859,0.0055039142789878,-0.0729603033664547,0.0316396912836308,0
0.0,0.53717,0.51,3.1129599143095086,0.2532453542734716,0.0911,0.1977,0.4607,115381.0,50015.0,23.4663,0.08,0.02,0.02,0.0,0.8049999999999999,0.4,0.005,0.915,0.81,0.15000000000000002,0.23335,0.2037,1.0,1.0,1.0,1.0,6088,0.013999999999999999,0.21,0.7,1.0,0.0,0.0,1.0,0.0,-0.1046939748562246,0.3035614308082907,-0.0325976430893175,-0.0920221263144666,-0.0667021619132838,-0.0882188747284418,0.1286182771446455,-0.0963979023747062,0.1136502956783587,0.3670570415048961,1.0517472705979187,0.5194980070764298,0.922077241493904,-0.0114673070044719,1.0533508936917837,0.8103064548991945,-0.0256190554856386,-0.0233992857368875,-0.0140639285016239,0.0214738512315885,0.0401579972241476,0.0080521770795665,-0.0302581320348595,-0.0008569532306697,0
0.0,0.522417,0.65,2.5880310302785743,0.3001258056050037,0.0143,0.1076,0.1333,124.0,454388.0,23.0067,0.08,0.03,0.060000000000000005,0.0,0.8049999999999999,0.5900000000000001,0.005,0.89,0.885,0.45,0.39515,0.39944999999999997,1.0,1.0,1.0,1.0,0,0.163,0.9655,1.0,1.0,0.0,0.0,1.0,0.0,-0.0100017989248271,-0.0203306077383347,-0.0280833591012929,-0.0009054376033902,-0.019833499098684,0.006953624038741,-0.0287648363358353,-0.0240597454560323,0.0374536501567615,0.5517148105611364,0.7485501609495685,0.2667171356402201,0.5652594508886435,0.0097272927598112,1.169806815961564,0.4376642709603476,-0.010746777794813,-0.0429192344725207,-0.0398513935173925,-0.0031978730828712,0.0794792475616938,0.0551231257744052,-0.0655285885675987,0.0095207442090545,0
0.0,0.441896,0.68,4.122341530333427,0.207512511131703,0.0433,0.1492,0.2903,78.0,155866.0,15.3378,0.23,0.035,0.01,0.01,0.62,0.735,0.22,0.795,0.915,0.745,0.35714999999999997,0.081,1.0,1.0,1.0,1.0,2632,0.15500000000000003,0.0,1.0,0.0,0.0,1.0,0.0,0.0,-0.0500005800214895,-0.0571148634377128,-0.0627924836408508,-0.0236083977916653,-0.0462464173339047,0.0165029689819463,-0.0789028411691249,-0.0463912432712128,-0.2090462364201641,1.446179672187928,0.2815983148889222,0.0401083649867641,0.0507551949408082,-0.0310467392717655,1.9072532378948863,-0.0203505746534125,-0.0433990417101692,-0.0788701816691835,-0.0619118618297762,-0.0542555464898187,0.0320272339172694,-0.0221475692004694,-0.0757609506367657,-0.0405738625331358,0
0.0,0.455446,0.229412,0.0993325514673116,0.8157050555462082,0.0641,0.1332,0.4813,20107.0,130594.0,16.3096,0.24,0.13,0.015,0.0,0.8200000000000001,0.6950000000000001,0.01,0.9299999999999999,0.9,0.02,0.47219999999999995,0.1548,1.0,1.0,1.0,1.0,127,0.9985,0.5995,1.0,1.0,0.0,0.0,1.0,0.0,-0.0168058074019683,0.0948612308884197,-0.0454984215341423,-0.0303524542192861,-0.0085085884590385,-0.0390439465537865,0.005771784984567,-0.0187341694027224,0.4552597164614592,0.1394453836730668,0.0614271250430871,0.1084486777096894,0.3740206168040911,-0.0191695322148274,-0.0902579041334373,0.3759278032576197,-0.0065814684973178,-0.005933558621725,-0.0026116063242208,-0.0075229088654414,-0.0031925529370332,-0.0034341994442536,-0.0098785817143244,0.0151089536296937,0
0.0,0.414328,0.58,2.7827533014571486,0.3486030119901239,0.0569,0.1349,0.4213,57.0,418196.0,28.7321,0.19,0.025,0.005,0.01,0.755,0.36,0.31,0.7450000000000001,0.69,0.86,0.19440000000000002,0.05184999999999999,1.0,1.0,1.0,1.0,0,0.217,0.7015,1.0,1.0,1.0,0.0,0.0,0.0,-0.0204088048183455,0.3707040289081025,0.0192734502444195,-0.0219791720293499,-0.0244288752696429,-0.0245019085792692,0.4726217821056943,-0.0102912643088425,-0.3156940480193674,2.0182142018852867,0.2537061020548687,-0.0772845575129156,-0.1257208643657232,-0.0776528907821873,2.6117510672928543,-0.1439346787994637,-0.0259641813560521,-0.0505240727299609,-0.0274687006014225,-0.0159598989348037,0.0179966081076586,-0.0313704893938404,-0.0488604307506937,0.0086111409586506,0
0.0,0.563889,0.61,2.4366328073860317,0.6132186765537014,0.0199,0.124,0.1604,66.0,57494.0,44.9891,0.56,0.065,0.04,0.0,0.605,0.54,0.005,0.685,0.71,0.045,0.4911,0.1944,1.0,1.0,1.0,1.0,5283,0.18799999999999997,0.0,1.0,0.0,0.0,0.0,1.0,0.0,0.0,0.0,0.0,0.0,0.0,0.0,0.0,0.0,0.7828846125430432,0.3906359910829328,0.4673851395421063,0.6268383480223456,1.177586903631262,0.0124576811377736,0.2813326464654789,0.7856002812513204,0.4510036552006816,-0.0227664068407423,0.0598233427779072,0.0497439764785267,0.2165358737146027,0.007628561021342,-0.0999809469617062,0.1358637382705912,0
0.0,0.553435,0.670588,2.867378221876967,0.3130364984839053,0.0638,0.139,0.459,44.0,36619.0,20.0915,0.55,0.03,0.025,0.0,0.6499999999999999,0.6699999999999999,0.015,0.77,0.83,0.6499999999999999,0.41664999999999996,0.21875,1.0,1.0,1.0,1.0,0,0.43799999999999967,0.631,1.0,1.0,0.0,0.0,1.0,0.0,-0.0581085168196208,-0.0680627932046402,-0.0626161967951629,-0.0329960698368268,-0.0450253008427896,-0.056867366349857,-0.0940634139167659,-0.0665225442416572,0.019547426750887,0.8961920925172226,0.3997135304959746,0.3390364524102515,0.6294485077937385,-0.0110187938171251,1.1517650551389829,0.3672827127458083,-0.0138875833840022,-0.0685500082529536,-0.0598772851539288,-0.0176707354257362,0.0268582607366499,-0.0073783484589653,-0.0900878721815038,-0.0369457053810231,0
0.0,0.63125,0.59,4.696659053402535,0.2813427766969563,0.0143,0.2933,0.0489,152.0,286531.0,43.0982,0.31,0.055,0.005,0.0,0.17,0.005,0.01,0.21999999999999997,0.11,0.16,0.38649999999999995,0.09895000000000001,0.81455,0.10555,1.0,0.9,996,0.17600000000000002,0.0995,1.0,1.0,0.0,1.0,0.0,0.0,0.5249652261162696,0.0943077189560655,0.0104547499072956,0.0028588255561592,0.1663746111573111,0.1193038276775675,-0.0593333662656769,0.0329419046243264,0.3903035569844814,0.5135828438168344,0.8289418856450267,0.1478566670634349,0.316906935654543,0.0044465487446909,0.7305667546155943,0.1673093243314052,0.2434396953683704,-0.0735364564715456,-0.0365116619486672,-0.0246632903133534,0.1066449412364658,0.0115835271205044,-0.0797672434593593,1.0607578304380056e-05,0
0.0,0.62753,0.44,1.018353402409128,0.7341237336678134,0.0421,0.217,0.1942,160571.0,112934.0,18.1478,0.32,0.035,0.01,0.0,0.78,0.53,0.0,0.92,0.755,0.045,0.53705,0.17145,1.0,1.0,1.0,1.0,0,0.3424999999999999,0.3025,1.0,1.0,1.0,0.0,0.0,0.0,-0.0285395248699909,-0.0434049839714755,-0.039345425155911,-0.0011709128214543,-0.0625440077008355,-0.0201094599441757,-0.0732319143309513,-0.041554479030569,0.5659942911772947,0.2614263017155865,0.363903389324848,0.0701954919955222,0.2852971731652197,-0.0176207287559475,0.0465951216295531,0.2682105881826188,-0.0885769455449821,-0.1228862111039349,-0.0637085681323838,-0.0541644373676237,-0.0165073373666586,-0.056507843042807,-0.1391972880330266,-0.0488746563381041,0
0.0,0.458465,0.63,1.2936909842756357,0.3176899334320204,0.0614,0.2085,0.2945,128.0,71750.0,10.072,0.32,0.03,0.12,0.0,0.61,0.2,0.005,0.85,0.35,0.615,0.3853,0.8138000000000001,1.0,0.9,1.0,1.0,0,0.6655000000000001,0.25035,1.0,1.0,1.0,0.0,0.0,0.0,0.2241835521011506,-0.0476647873803539,-0.0372078559506877,-0.0133967386991722,0.1317363711928554,-0.0006222117298143,-0.0843971655807615,0.049799106958359,0.6731710185901035,0.7870204426927245,0.2616805159463523,0.0506132177560727,0.3017879844078087,-0.0539237077809698,0.5278767696151905,0.3059058184595469,-0.0265218879472823,-0.0604304416683983,0.0241389163668877,-0.0120401470270487,0.0769572167019304,-0.006332081953137,-0.0779284485549136,0.1187723728763579,0
0.0,0.735043,0.66,2.269771710041993,0.833664103787608,0.0846,0.312,0.271,4.0,74151.0,20.0915,0.32,0.005,0.035,0.0,0.015,0.575,0.0,0.225,0.6950000000000001,0.0,0.0426,0.38885000000000003,0.25,1.0,1.0,1.0,1419,0.057,0.66215,1.0,1.0,0.0,0.0,1.0,0.0,-0.0378156592377809,-0.0349728924519735,-0.0074109573268063,-0.0318510950949266,-0.0475077550269725,0.005880799477108,-0.0591873649017494,-0.0263370393727579,0.352287876573362,0.081890799619608,0.2585344349316095,0.0234279163967601,0.069862729431332,0.7521328557133184,-0.057670943283883,0.0939876289846327,0.4261294818793392,-0.0081194910874745,-0.0508750824455922,0.0559173289154995,0.099382657964639,0.1421086931880066,-0.0811769947677557,0.002948532639094,0
0.0,0.582609,0.41,3.384851147255402,0.31601430106023,0.015,0.2422,0.0618,36737.0,501703.0,22.5472,0.35,0.03,0.06,0.005,0.805,0.38,0.5800000000000001,0.905,0.6499999999999999,0.825,0.25405,0.3243,1.0,1.0,1.0,1.0,0,0.2475,0.7055,1.0,1.0,1.0,0.0,0.0,0.0,0.0701913175260718,0.0033011722496972,-0.0231434203380699,0.048151624672452,0.1092313918615307,0.0652222682125345,-0.0244287529269969,0.0502637137988181,-0.014747853339109,0.9130445248017948,0.3093890545275917,0.1564083508753919,0.1989371686808517,-0.0397795805736866,0.7516801214822735,0.1089832729674513,-0.0695949987420809,-0.1176008857400087,-0.0513008986787409,-0.0316069102217687,0.0156159456595076,-0.0713090809069994,-0.1103422943449043,-0.0481468146866653,0
0.0,0.524378,0.41,1.8152829920005296,0.3416991580595937,0.0373,0.1462,0.2552,444426.0,315663.0,6.69714,0.48,0.01,0.02,0.005,0.52,0.825,0.33499999999999996,0.76,0.895,0.6799999999999999,0.1361,0.138,1.0,1.0,1.0,1.0,0,0.0581,0.5493,0.91,1.0,1.0,0.0,0.0,0.0,-0.0105119738008535,-0.0040199610936659,-0.0125711945571147,0.0015774843400409,-0.0056680462036236,-4.444368731701884e-05,-0.0098507902368295,-0.0125711945571147,0.0103268312841855,0.2963527500259904,0.2070272041590473,0.0851458222937869,0.1443734823617903,0.0126915697846225,0.3744839682720337,0.1615352060689789,-0.0412897367213198,-0.1108236074872434,-0.0154911746385977,-0.0098467243958791,0.0748427401891136,-0.0369394569068457,-0.12243588475436,0.0500600056140462,0
0.0,0.516667,0.582353,5.520941564019775,0.2184611560108272,0.024,0.2514,0.0956,204257.0,562740.0,12.9347,0.51,0.03,0.05,0.005,0.7949999999999999,0.825,0.1,0.865,0.9099999999999999,0.475,0.27775,0.3155,1.0,1.0,1.0,1.0,0,0.7715000000000001,0.9083500000000001,1.0,1.0,0.0,1.0,0.0,0.0,-0.0333561023796628,-0.0053216453842263,-0.0087637006732133,0.0225812100921653,-0.019807806287827,0.0190214386505018,-0.0358212435467548,0.0106429061787742,-0.0313332217167704,0.8261656505094503,0.4204102381865612,0.1103061581672209,0.3114402298541617,-0.0062495915777632,1.256757929305714,0.1747675822094079,-0.0133224803127939,-0.0055926281660782,0.0111872839481301,0.0101747682535913,0.0139385238573296,0.0206907464737442,-0.0143639598769961,-0.005102748700281,0
0.0,0.542909,0.64,4.390538084343571,0.2761924918851688,0.0238,0.1842,0.1292,117.0,152.0,25.3572,0.64,0.01,0.015,0.01,0.5,0.585,0.135,0.665,0.74,0.755,0.11015,0.20829999999999999,1.0,1.0,1.0,1.0,0,0.4502999999999999,0.04750000000000001,1.0,0.95,0.0,1.0,0.0,0.0,-0.0447600278879127,-0.0568048531088411,-0.0658119525782263,-0.0261737836460878,-0.0621696742425365,-0.0291897674336385,-0.090547122552845,-0.0431401529692996,-0.0186003081449461,0.6379380947140365,0.5073595447829814,0.0493064588778065,0.2919381438286111,-0.042144466167523,1.04780020638163,0.1406446434084772,0.02632263668025,-0.085893588852826,-0.0391231012520176,-0.0415306543981825,0.0681782236331938,-0.0184359921963302,-0.0876890380940394,0.0319493218085683,0
0.0,0.522634,0.58,4.7378385303739945,0.2522503060181599,0.1254,1.0492,0.1196,78.0,110161.0,11.9629,0.79,0.02,0.0,0.005,0.8200000000000001,0.01,0.0,0.9199999999999999,0.875,0.46,0.1086,0.0444,1.0,0.16665,1.0,1.0,2451,0.3489999999999999,0.10450000000000001,1.0,1.0,1.0,0.0,0.0,0.0,0.0369531241210272,0.7740160566711539,0.1499334544074821,0.1401351713547068,0.2581105003991711,-0.011097341884479,1.1470581699424094,0.0595167750914579,0.1970953407683106,0.1354085226517981,1.3752980309955378,0.7380361180039695,1.2272278083101322,0.0270537858096868,0.9887129516172288,1.1594881606617935,-0.0584325701433043,-0.0620976321808755,0.0074586663565816,0.0174962417266968,0.0522431755128974,-0.0127807512734351,-0.0597109252936211,0.0608997805302937,0
0.0,0.583333,0.56,3.17395324221321,0.5671301000938952,0.051,0.6045,0.0844,9955.0,4799.0,18.6601,0.93,0.045000000000000005,0.14,0.0,0.755,0.395,0.0,0.8200000000000001,0.495,0.0,0.35935,0.6898,1.0,1.0,1.0,1.0,620,0.5834999999999999,0.1385,1.0,1.0,0.0,1.0,0.0,0.0,0.6358932832472732,0.2370318364733452,0.0154118346317044,0.0421190158110986,0.1308685151600372,-0.03830292410978,-0.0970565286894023,0.043957091293958,0.9813330738787645,0.3843087611471371,0.8769377700582108,0.2493791314808541,0.5841056067789654,0.0174347214674547,0.0316993696861085,0.5528131560350543,0.0031590088947251,-0.0327004490230408,0.0209375486694549,-0.0277774681786832,0.0154186933463883,-0.0277922205644561,-0.0421776298539445,-0.006197098613381,0
0.0,0.547222,0.55,7.132606259614922,0.204712212163343,0.0069,0.2251,0.0308,49.0,653542.0,18.6601,0.93,0.08499999999999999,0.025,0.0,0.375,0.74,0.005,0.515,0.89,0.27,0.67305,0.34895,1.0,1.0,1.0,1.0,0,0.158,0.33649999999999997,1.0,1.0,1.0,0.0,0.0,0.0,-0.065684848920475,-0.0537766223486246,-0.049811376250776,-0.0460419103740162,-0.0484910381137235,-0.0331864201692856,-0.0799109380035748,-0.0523058876869324,0.0803753284677243,0.377898407164236,1.08913968284631,0.2835821005819874,0.5108763704428896,-0.0790517581895642,1.1883509612934324,0.2650736774417544,0.0913426874741709,-0.1255477924038749,0.0168306908704219,-0.0599431437615055,0.051202729962086,-0.0415237098289664,-0.0626007922767751,-0.0345034562000494,0
0.0,0.540635,0.35,3.167097702660552,0.2461507114076709,0.0484,0.1377,0.3513,496269.0,150045.0,18.6601,0.94,0.065,0.015,0.0,0.525,0.29000000000000004,0.005,0.55,0.585,0.565,0.46065,0.23735,1.0,0.8571500000000001,1.0,1.0,290,0.08950000000000001,0.07,1.0,1.0,1.0,0.0,0.0,0.0,-0.0140215451491466,-0.1062852265863262,-0.0635351559385064,-0.0910437542080245,-0.1143380480529722,0.5737603589597163,-0.1438665536890706,-0.0905578872350122,-0.0049640112421318,1.0445165741990332,0.2901061064372675,0.1275802896259362,0.296037083867709,0.0084549109006688,1.5283013707967446,0.1505187172674045,-0.0341583937947035,-0.1104874345147787,-0.0335175310129872,-0.025214048018541,0.1211986553443842,-0.0391950025267485,-0.0939208787019317,0.0215407458057559,0
0.0,0.4749,0.46,3.4577373489281253,0.6061102686635664,0.0583,0.114,0.5114,3532.0,170779.0,8.6407,0.92,0.0,0.015,0.0,0.865,0.03,0.01,0.935,0.265,0.7949999999999999,0.045649999999999996,0.4417,1.0,0.6875,1.0,1.0,3246,0.6195,0.0,1.0,0.0,0.0,0.0,1.0,0.0,-0.0255815965539284,0.3032505145362502,-0.0368545737009329,-0.0290067632514358,0.0977261134766983,-0.0087764864989048,0.1838169425585266,-0.0115251405318527,-0.0552782361341868,0.8451755820645138,0.0332436700994223,-0.0487365297476464,0.0247516568918321,-0.0299008293985556,0.7707746447977424,0.0393148969099119,-0.0179122247652373,0.9249430525525036,0.0130172773095688,0.0665163705971098,-0.028094260699244,0.0450668129908187,0.7813500582509327,0.0047037250708231,0
0.0,0.500251,0.61,1.7054360867329608,0.4271779651419315,0.1063,0.1613,0.6593,12.0,173238.0,28.7848,0.9,0.05500000000000001,0.09,0.05,0.675,0.16499999999999998,0.060000000000000005,0.8049999999999999,0.345,0.195,0.61805,0.5823,1.0,0.8488,1.0,1.0,0,0.8265,0.06200000000000001,1.0,1.0,0.0,0.0,1.0,0.0,0.0979425802365846,-0.0594450349658563,-0.0814638064630112,-0.0086754671364956,0.0545602937118431,0.0303976753884546,-0.0869372708490898,-0.0481538019501335,0.5909999760086778,0.4919295850937524,0.8262937905504966,0.5317447118046262,0.913065673408803,0.0070423613560461,0.4248034360908771,0.6473721292720198,-0.0213518306781306,-0.0378275584521934,-0.0411669982023552,0.0408176229788285,0.0623007179346986,0.0063427764732664,-0.0776376302478345,0.0350852712975877,0
0.0,0.628704,0.52,4.39285019413595,0.1796782772032197,0.0357,0.3702,0.0964,69.0,113.0,15.2852,0.76,0.0,0.055,0.0,0.005,0.305,0.005,0.45,0.43999999999999995,0.65,0.0488,0.2872,0.0833,1.0,1.0,1.0,4518,0.0,0.22840000000000005,0.0,1.0,0.0,0.0,1.0,0.0,0.045523621250594,-0.0381853653345204,-0.0666286509708061,-0.0058064855524929,0.0078555350191525,-0.0167484205569742,-0.0645655345679967,-0.0260846563439983,0.0562781838195907,0.7040663433405936,0.4442332856150228,0.2448383905322109,0.4936543328872133,-0.0104305070682862,1.059902784317278,0.4471612740669538,0.0287571500484176,0.4227450242874365,0.0905992771504411,0.0644260932209038,0.1840743075495297,0.0227040464690749,0.573807375923895,0.1129024585549754,0
0.0,0.689076,0.517647,0.6551569618029559,0.8265815010385944,0.0377,0.0539,0.6997,106740.0,54637.0,11.5034,0.73,0.035,0.01,0.005,0.14,0.6699999999999999,0.0,0.19,0.765,0.0,0.34230000000000005,0.0926,0.92855,1.0,1.0,1.0,422,0.0765,0.45199999999999996,1.0,1.0,0.0,1.0,0.0,0.0,0.139168480390366,-0.0425561364986638,-0.0521177938159071,0.0123085506051789,0.0025108644481364,0.8202540454713636,-0.0726717412785864,-0.0124970016697132,0.9376801555188904,0.099116217722183,0.1574233204746413,0.0688394043582216,0.1846950255815621,1.4331576982657857,-0.1222317416999878,0.0428659798993023,0.6941783577854086,0.03690272901059,0.0327850521476935,0.0325961151762592,0.1535756350073044,0.9460120344367702,-0.0865635116548949,0.0259654896368403,0
0.0,0.678295,0.54,4.39635939778222,0.5066045244885575,0.0237,1.075,0.0221,260.0,39040.0,90.4904,0.7,0.2,0.065,0.0,0.515,0.7150000000000001,0.005,0.725,0.8700000000000001,0.005,0.6599999999999999,0.6013999999999999,0.83335,1.0,1.0,1.0,509,0.27399999999999997,0.364,1.0,1.0,0.0,0.0,1.0,0.0,-0.0384144451360976,-0.0427823072625547,-0.0389159776762571,-0.0432330839347267,-0.041900335344706,-0.042034892152802,-0.0404068831059232,-0.0298461525410147,0.010297152288833,0.0053637120938567,0.9887220455276048,0.6402478651733299,0.950582455751755,0.1554305494001864,-0.0309282618334906,0.9156117121636156,0.0261895469478888,-0.0460774135415199,-0.0388045856502068,0.3152509293958933,0.6321997965611537,0.0384477731423407,-0.0454978353443894,0.5673525086410625,0
0.0,0.591991,0.49,0.5212158287837035,0.5676244396779567,0.0223,0.5207,0.0428,4135.0,30535.0,5.72536,0.65,0.015,0.025,0.0,0.15000000000000002,0.165,0.005,0.19,0.42500000000000004,0.0,0.12185,0.3958,0.77085,1.0,0.9128499999999999,1.0,2326,0.0,0.09050000000000001,0.0,1.0,0.0,1.0,0.0,0.0,0.1453302196482622,0.2848134996574374,-0.033803320377838,-0.0058302598075763,0.0756534524449871,-0.0286341081796373,0.2525747727067129,0.0150888027410124,0.9011644577775256,0.272089412752026,0.2322032389499465,0.0600894949363005,0.1384041814658405,0.0371854825700004,-0.0727282263338336,0.0762288505341122,0.6191550418177856,0.1376571230175296,0.003722548633774,0.0380271158333049,0.1283030077265692,0.109679109262393,-0.0997263401535062,0.0455984645934577,0
0.0,0.586957,0.59,7.383116884651128,0.1571268047895713,0.0036,0.4726,0.0076,16.0,62684.0,9.10026,0.46,0.03,0.005,0.0,0.44999999999999996,0.065,0.005,0.5,0.14,0.14500000000000002,0.30205000000000004,0.10335,1.0,0.8128,1.0,1.0,0,0.0,0.16549999999999998,0.0,1.0,1.0,0.0,0.0,0.0,0.5239432977559069,0.2430195425066562,0.0320784711111742,0.0136941543375358,0.2175344050989402,-0.0288182851886423,-0.0994039340396346,0.1265479356956415,0.1598950360342555,0.2450613156453457,1.5497546220737182,0.4726374602451614,0.7713378884139991,0.0027015704721827,1.18460070040862,0.4317870474132298,0.1942210754619215,-0.0840110839035627,-0.0302814119313605,-0.0219105751836803,0.1254141876524478,-0.0141982371160798,-0.0749601560335006,0.024273703808891,0
0.0,0.464506,0.47,4.66084360459143,0.3075839808081891,0.0065,0.1178,0.0549,20724.0,93709.0,9.10026,0.46,0.06,0.01,0.025,0.8,0.045,0.16,0.925,0.225,0.6100000000000001,0.6265000000000001,0.0771,1.0,0.32289999999999996,1.0,1.0,0,1.0,0.0,1.0,0.0,0.0,1.0,0.0,0.0,0.2922606598204972,0.0830556785774646,0.8427104372757496,0.055746516594698,0.2939376517190809,0.0183048795413183,0.3062141817906119,0.3382710322235196,0.1071231519350457,0.829809628769109,0.4693450330828631,0.1643610700043624,0.4332071540079705,-0.0285599307683059,1.2323821317153132,0.387654345194116,-0.0132081359191073,-0.0217386138957584,0.0332885513902637,0.0087168592659087,0.0464871077832445,-0.0149387462603881,-0.0073205290257775,0.072452969256214,0
0.0,0.694935,0.71,0.0466944333533496,0.9772761511315036,0.0367,0.4604,0.0796,58724.0,1322.0,13.3943,0.3,0.03,0.01,0.045,0.655,0.29,0.475,0.6950000000000001,0.485,0.69,0.36375,0.20450000000000002,1.0,1.0,1.0,1.0,1591,0.39600000000000013,0.174,1.0,1.0,0.0,0.0,1.0,0.0,-0.005489243757439,-0.0270084907770366,-0.0162444873303287,0.0116220332285686,-0.0278417039768646,-0.0369557100673987,-0.0511437350689086,-0.0198957226935671,0.2276176798984514,-0.05355988633153,0.1182344481386756,-0.0110296905906021,0.0751861580347611,0.708184575563436,-0.1566396149013071,-0.0429805060186087,0.2865450455203399,-0.0232179748306669,-0.0116605193787556,0.0489591999055851,0.0678484529268394,0.6008968318803393,-0.0758395507063454,-0.0115352671986886,0
0.0,0.461434,0.39,1.2831088397122763,0.5633700930114235,0.0482,0.1564,0.3084,97437.0,47126.0,5.2658,0.07,0.06,0.04,0.005,0.79,0.49,0.045,0.86,0.735,0.75,0.56345,0.5,1.0,1.0,1.0,1.0,0,0.7380000000000001,0.14,1.0,1.0,0.0,0.0,1.0,0.0,0.1629110415933774,0.0572733700201521,0.1094545973002871,-0.0146756623766854,0.095422282053258,0.0268559657041049,-0.0286038661704844,0.0621329904373304,0.0471256039203929,1.0302006233838197,0.4043737714186362,0.1811897869900972,0.3129809169464571,-0.0056210051569857,1.343121276967834,0.2385768180413593,-0.0095588287181528,-0.053240783809347,0.0374422219573507,0.0232117097173219,0.098375426374231,-0.0347733336494386,-0.0539455986182436,0.0825519471514876,0
0.0,0.4747,0.59,3.822097657413368,0.2127867896277882,0.0127,0.0924,0.1371,1059.0,1296.0,9.10026,-0.01,0.16,0.045,0.0,0.61,0.14500000000000002,0.005,0.855,0.5549999999999999,0.55,0.65955,0.52225,1.0,0.89445,1.0,1.0,105,0.6575,0.3729999999999999,1.0,1.0,1.0,0.0,0.0,0.0,0.0587189880850692,0.008979229165868,0.2392230761297863,0.0525905658091621,0.1809736918722453,-0.0038344236101237,0.0762055998056639,0.2359518653486813,0.0953168770716011,0.7895036320544248,0.5118570505323472,0.1832041387328426,0.4046656779818933,-0.0510220549593396,1.308839359792421,0.165973282928706,0.0849705291813758,-0.0367136581069977,-0.0243097247154459,0.0215487044856376,0.1784049672543467,-0.0356968498802484,-0.0622532179110353,0.0890813110910593,0
0.0,0.488263,0.717647,4.352444452400746,0.2090540921582324,0.0347,0.1145,0.3032,46.0,84040.0,26.3817,-0.02,0.095,0.02,0.0,0.675,0.585,0.0,0.8049999999999999,0.75,0.6599999999999999,0.6071500000000001,0.2631,1.0,1.0,1.0,1.0,594,0.33899999999999997,0.8595,1.0,1.0,0.0,1.0,0.0,0.0,-0.1203565756445477,-0.1150840873886434,-0.1303109709141914,-0.0502423947649134,-0.1218805776471597,-0.0758942498330558,-0.1503589722607761,-0.1118777524409938,0.0295490093798202,0.5512764769437797,0.7476839021906214,0.4256012794452156,0.7061754855654718,0.0089072171095908,1.0348550875504712,0.4831595489391457,-0.0095777355252764,-0.0985032595065902,-0.1119456612906318,-0.0636575768562397,0.06231798233129,-0.0652499987905796,-0.112336801876567,-0.045518849922857,0
0.0,0.717752,0.6,1.7868087222434503,0.6477705687829685,0.0589,0.3016,0.1954,94.0,474288.0,8.12848,0.12,0.02,0.02,0.0,0.72,0.04,0.0,0.825,0.295,0.0,0.13615,0.21125,1.0,0.5,1.0,1.0,2693,0.634,0.0,1.0,0.0,0.0,0.0,1.0,0.0,0.3378580349799216,0.316015282553315,0.3869551411255451,0.1578254701040808,0.3528828092333059,-0.0001666904241508,0.2793344689278686,0.1458015643345692,0.0711720060578625,-0.0087288877865463,0.8029780587972232,0.1737148839511883,0.2667333229660648,0.027705048094909,0.2020625027196775,0.4223322397639254,-0.0596300421721532,-0.1231846026259223,-0.0633964709688777,-0.0395863343657263,-0.0652756253613025,-0.040662019646935,-0.1363923744532866,-0.0874481829311018,0
0.0,0.615848,0.441176,0.5337154339897002,0.7988679037392059,0.0945,0.2295,0.4119,66070.0,544315.0,21.1158,0.14,0.02,0.034999999999999996,0.0,0.62,0.72,0.02,0.71,0.9,0.005,0.23959999999999998,0.3237,1.0,1.0,1.0,1.0,0,0.7814999999999999,0.9745,1.0,1.0,1.0,0.0,0.0,0.0,-0.031821126844442,-0.0454019351084639,-0.0538337215274178,0.0259501227447746,-0.0051988608466727,0.4944291600836533,-0.0981011119921811,-0.0691591527137965,0.7644782627998078,0.1850572681968283,0.3841001252731825,0.1557217985885281,0.3872939620865617,1.0199725309381356,-0.0953876855030011,0.2667336348697112,0.0836609301378287,-0.0146835590138237,-0.0297358387162,0.0505386664014085,0.0462166136938714,0.8730038413801469,-0.0463699893779578,-0.0140817785255517,0
0.0,0.585443,0.41,4.258740370310893,0.3247496321520093,0.0671,0.1713,0.3917,299702.0,235334.0,15.3378,0.15,0.025,0.045,0.0,0.62,0.8200000000000001,0.01,0.76,0.925,0.19,0.25439999999999996,0.3479,1.0,1.0,1.0,1.0,418,0.657,0.794,1.0,1.0,0.0,1.0,0.0,0.0,-0.0525738455390725,-0.0620077030170819,-0.0670620731225242,-0.0043447676689226,-0.0739952912540177,-0.0142047006821557,-0.0866956380413877,-0.0800114517419615,0.1117538700550975,0.2752113944101011,0.6675563636877131,0.2150843277345524,0.4912203581192532,-8.837069570978573e-06,0.6050409292383128,0.3768639259409937,0.0141923663445684,-0.0539033167517464,0.0547897180193044,-0.0067899873108995,0.0635368020133569,-0.0223125951369839,-0.0518365141002411,0.0314087870458107,0
0.0,0.454867,0.570588,3.76693544382244,0.2533928122885768,0.0283,0.121,0.2336,461624.0,63986.0,15.3378,0.16,0.02,0.03,0.0,0.765,0.69,0.01,0.88,0.815,0.7,0.1389,0.25,1.0,1.0,1.0,1.0,0,0.63135,0.887,1.0,1.0,1.0,0.0,0.0,0.0,-0.0950627736718223,-0.1195961020441096,-0.084831492098558,-0.0890171717826737,-0.1240360873035302,-0.0968367949708731,-0.1460971120347481,-0.0960191726071399,-0.1207916621385253,1.1491956764553746,0.602671300919906,0.1242212764946016,0.3302857323993473,-0.0515682719362225,1.7986070897535356,0.1581104314576277,-0.0853714600635732,-0.0986174751168178,-0.0164927987046303,-0.0198660200475128,-0.0637750728433406,-0.00927061352842,-0.0768571935450719,-0.0538680622529712,0
0.0,0.509804,0.49,4.995943608127032,0.2565321220192844,0.04,0.337,0.1187,64541.0,149141.0,12.4225,0.18,0.07,0.035,0.0,0.49,0.335,0.0,0.51,0.515,0.35,0.45445,0.4083,1.0,0.9504,1.0,1.0,3567,0.26599999999999996,0.26949999999999996,1.0,1.0,0.0,0.0,1.0,0.0,0.0161526156485807,-0.0565356908269168,-0.0067977745780685,-0.0082342251426426,-0.0059929735123289,0.0170069524103105,-0.0772855635591981,-0.0556282813597841,0.2754665653436826,0.5111330814557312,0.0680433950063287,0.1241718965267209,0.2922850310474524,-0.0076530688686435,0.5110671083160525,0.0922394746795495,0.2592706000387542,0.1358994999527769,0.5934013958470236,0.3550524236663387,0.7243045821796239,0.0653871566655774,0.4565434680465298,0.6455153790765433,0
0.0,0.618852,0.63,2.173606333695536,0.2548293706646287,0.0496,0.2196,0.2257,98.0,794.0,67.4836,0.21,0.015,0.03,0.0,0.585,0.305,0.0,0.75,0.485,0.6000000000000001,0.12775,0.5,1.0,1.0,1.0,1.0,0,0.0745,0.13349999999999998,1.0,1.0,1.0,0.0,0.0,0.0,-0.0204897572008736,-0.0330124720550233,-0.0651573697804907,-0.0265397651346533,-0.0388066713966379,-0.012294775315804,-0.0749598114995504,-0.0217350186240916,0.2159167465289523,0.3574360635911736,0.7198975000222021,0.3663204408822196,0.7251918577141374,0.0264121107229458,0.7257776133236445,0.7520213578521286,-0.0898191048925912,-0.0982876065269094,-0.0626858257153729,-0.0459687781537899,-0.069759135719557,-0.0579770472732566,-0.1201357227536888,-0.0539380922799122,0
0.0,0.432859,0.51,4.426616075093588,0.2248130373332565,0.0299,0.0957,0.313,267805.0,397776.0,7.20936,0.24,0.03,0.02,0.0,0.76,0.46,0.005,0.885,0.62,0.595,0.34595,0.3111,1.0,1.0,1.0,1.0,4676,0.026000000000000002,0.0634,0.52,1.0,0.0,0.0,1.0,0.0,-0.0334857960360071,-0.0594028721859725,-0.054099081608255,-0.022563137756447,-0.0521206588620676,0.0228285561820153,-0.0832412142236637,-0.0652931935255257,-0.095047019307911,0.8316574952720078,0.3880763428636458,0.0969246014027088,0.2189703233163794,-0.0220845147517829,1.3837554097126583,0.0977061301590697,-0.0530151269936257,-0.0674780662639944,-0.021512822785375,-0.0250467603664405,-0.0342781522580567,-0.0158323088573246,-0.0698615096742953,-0.0239506534087778,0
0.0,0.450166,0.42,2.874000350945856,0.2820486018597059,0.0867,0.1003,0.8644,184982.0,394134.0,23.4663,0.22,0.03,0.04,0.0,0.46499999999999997,0.535,0.005,0.8049999999999999,0.5549999999999999,0.375,0.3611,0.44515,1.0,0.975,1.0,1.0,807,0.0755,0.304,1.0,1.0,0.0,1.0,0.0,0.0,-0.0221399679647527,-0.0257461455161126,-0.0696980500002993,0.0341355355094254,-0.0525429074845229,0.0286410441239336,-0.0716570970595179,-0.035202466444217,-0.0392228430340729,0.5400336145172311,-0.0151875395137526,0.0101889864370174,0.1048675420922501,-0.0023387218888088,0.5654506017438814,-0.0233700892179713,-0.0829111721896194,0.7100550954777328,0.0086533326939081,-0.0554618192416024,-0.0347611960381754,-0.0490726165683402,0.8778594856016075,-0.0613113051438009,0
0.0,0.532725,0.43,1.8664767510163212,0.3251289892325342,0.034,0.0941,0.3608,570555.0,3492.0,10.072,0.21,0.02,0.0,0.0,0.635,0.01,0.0,0.845,0.77,0.45999999999999996,0.12515,0.00835,1.0,0.15835,1.0,1.0,1460,0.47499999999999987,0.023499999999999997,1.0,0.47,1.0,0.0,0.0,0.0,0.0450705215709148,0.2631687636320184,0.9397794482901072,0.6727746456825041,0.9078912320727838,-0.0172071712225517,0.94122493136932,0.7787567172290539,0.1533005487460641,0.753994234315842,0.214537759766683,0.0452369009712037,0.3572551734202743,-0.0265648966030605,1.0597188620013158,0.2031097597211155,-0.0847061968128334,-0.1184044583277221,-0.0762268288646902,-0.0738810496427685,-0.0448053788555627,-0.0256480065896036,-0.1108216180075558,-0.0284155966119812,0
0.0,0.452763,0.63,2.899325062052155,0.26929082935593,0.0159,0.1335,0.1194,24.0,576678.0,10.072,0.21,0.02,0.005,0.0,0.75,0.0,0.015,0.865,0.22999999999999998,0.6,0.15,0.1722,1.0,0.04165,1.0,1.0,475,0.0,0.058499999999999996,0.0,1.0,1.0,0.0,0.0,0.0,0.1319813859946436,0.2585161003132862,-0.0210408081939444,0.0991789095601374,0.3466434718320818,0.053701872444162,0.2350590109139134,0.1147290465754767,-0.053147789357175,0.6912139828251738,0.5098466126567505,0.3475950436137526,0.5326681570943224,-0.0786433963505846,1.4497115312775624,0.3565596770769931,-0.0028763350811075,-0.0335142003434186,0.0119359768650782,0.0713213998520167,0.0713941932557935,0.016033981097964,-0.0478538318010978,0.0601083363143747,0
0.0,0.445765,0.6,2.2021661650122617,0.3614863117952855,0.0468,0.1234,0.3792,178.0,23981.0,38.3446,0.19,0.035,0.02,0.01,0.73,0.705,0.42500000000000004,0.825,0.79,0.78,0.3333,0.18545,1.0,1.0,1.0,1.0,0,0.081,0.078,0.82,1.0,1.0,0.0,0.0,0.0,-0.1188401899177381,-0.1088015049903838,-0.0990429735731796,-0.0622549940265695,-0.1205204653440706,-0.0539600270998059,-0.1511808456282644,-0.0758964059151666,-0.0507003603484942,1.2281551255356309,0.2950763560901548,0.0992701252365274,0.2307941339094194,-0.0343006335046646,1.5508328596368,0.0993985741043589,-0.021317368402095,-0.0673660646609017,-0.0239880304148073,0.0651008261711904,0.0735777784830615,-2.345875999697003e-05,-0.070522230390442,0.0407162357959794,0
0.0,0.60177,0.55,2.3814736348887293,0.4504027456844065,0.0703,0.2726,0.2579,43.0,197175.0,35.4819,0.16,0.02,0.02,0.045,0.7250000000000001,0.29000000000000004,0.11,0.8400000000000001,0.98,0.19,0.13055,0.1533,1.0,0.91665,1.0,1.0,3454,0.6934999999999999,0.04,1.0,0.8,0.0,0.0,1.0,0.0,0.0208349221076117,0.1900844883331091,0.0798314331466893,-0.0188457951165888,0.0137742590173148,-0.0163754225697857,0.2965832901615575,-0.0230110552534299,0.4853140422479089,0.1571646350339816,1.6328932499342788,0.3641467481158453,0.9647996832901168,-0.015389642032492,0.9944060841969952,0.9588351192058736,-0.063595766173204,-0.1135084294247672,-0.0374613891560611,-0.0545755086077974,0.0248690556763206,-0.0600295621781992,-0.0995825483885752,-0.0023740595289318,0
0.0,0.494098,0.65,4.45448192755062,0.2263041791040261,0.0414,0.1226,0.3379,122.0,5995.0,18.2005,0.11,0.015,0.01,0.005,0.7949999999999999,0.63,0.24,0.865,0.935,0.655,0.10414999999999999,0.14579999999999999,1.0,1.0,1.0,1.0,0,0.401,0.0,1.0,0.0,0.0,0.0,0.0,1.0,-0.0603276897433912,0.943958008492122,0.0632406905022018,-0.0383752159124293,-0.1109735371871751,-0.0049939245389765,1.2126100811422178,-0.0909917166295222,0.0320880544689672,1.050053962866889,0.4318124281390938,0.0957533755737416,0.3048622059499439,-0.0581019665940978,1.3859103106604524,0.1631259002690992,0.0094116306880429,-0.0876439995584013,-0.0640481408337492,0.0258736243340152,0.051997875462636,-0.0241873271256242,-0.1094711333604612,0.003061441360456,0
0.0,0.522513,0.34,4.235399676005991,0.1732636235389885,0.0201,0.1776,0.1133,143995.0,87735.0,35.9415,0.11,0.035,0.02,0.01,0.795,0.7050000000000001,0.33499999999999996,0.875,0.815,0.8,0.41190000000000004,0.20755,1.0,1.0,1.0,1.0,0,0.856,0.7045,1.0,1.0,0.0,0.0,1.0,0.0,-0.0558285910342917,-0.0794819973851681,-0.0749131611949547,-0.0442781978312858,-0.0902759435091712,-0.0593019734167111,-0.096928445473646,-0.0846233358830165,-0.0739549054760422,0.9776856423450035,0.2791353725703699,0.1024136719110927,0.1775281482221896,-0.0068898363794049,1.2331734339568572,0.1466887432711862,-0.0322184067115101,-0.0547315538211395,0.0177221291651833,0.0298711491751576,0.0349936087123693,-0.0263937038016442,-0.0349135260639695,0.0666583769062498,0
0.0,0.540974,0.49,4.688841287810834,0.2879794591264354,0.0684,0.1085,0.6302,405397.0,671.0,13.9065,0.03,0.060000000000000005,0.03,0.0,0.78,0.28,0.01,0.905,0.45,0.785,0.3385,0.7532,1.0,1.0,1.0,1.0,0,0.5164,0.06149999999999999,1.0,1.0,1.0,0.0,0.0,0.0,0.2520041241998507,0.1807669921942091,0.2697971387568372,0.41228581797364,0.9497150430845236,0.0220207117155116,0.0876750791276903,0.9367921034775836,0.0441116384113907,0.773461560107977,0.5872260638614252,0.3561178142637595,0.5574225567629373,0.0283520167418824,1.3589496942187145,0.5113727896546557,-0.028970810041445,-0.0389741608598274,0.0198982815105427,0.0468181473445415,0.0958855013241508,-0.0352822954486864,-0.0345891363544117,0.0909363455326093,0
0.0,0.537582,0.55,3.0026062467736634,0.2751932263070751,0.0713,0.0993,0.7182,345.0,221849.0,34.5102,0.04,0.0,0.07,0.0,0.0,0.45499999999999996,0.0,0.0,0.62,0.625,0.0125,0.6309499999999999,0.0,1.0,0.0,1.0,3173,0.0,0.0022500000000000003,0.0,0.25,0.0,0.0,1.0,0.0,0.0424007030811482,-0.0170595506316971,-0.0131768203381722,0.0122040839879625,0.0233753045431657,0.2711487490298453,-0.0424616632956758,-0.0024007865386128,0.1758351015351436,0.495152631509706,0.6438090972391328,0.2763468751730665,0.527112038997853,-0.0275335007682734,1.0534838909859257,0.3566548474886405,0.4776338758550492,0.139492337135068,0.9553320842479096,0.0157421326983069,0.1324291903929439,0.0208876653179092,0.5307387315596973,0.1368496335878648,0
0.0,0.538596,0.61,3.5404323388375687,0.4155347812132806,0.0422,0.2188,0.1927,11.0,182948.0,34.5102,0.04,0.0,0.0,0.0,0.0,0.005,0.0,0.605,0.665,0.10500000000000001,0.0307,0.02775,0.053349999999999995,0.0972,1.0,1.0,6056,0.0,0.0,0.0,0.0,0.0,0.0,1.0,0.0,0.2401872987410191,0.5586951980888668,0.0068641122958242,0.0628250225941877,0.2093489773551122,0.0012232885550042,0.4797946364300474,0.0958528968631883,0.82196392069197,0.4699497241911661,1.0061500249482982,0.1019567474883071,0.3420458147721062,0.0092679255715465,0.8438386379889629,0.257621752575406,0.1137659954417464,0.3770528860519998,0.806782918985124,0.3262447086650056,0.577640828616201,-0.0007607530347641,0.9648716203929222,0.4410410940520751,0
0.0,0.563492,0.43,6.508245633939445,0.27894941839624,0.0128,0.1891,0.0674,33364.0,403957.0,14.8783,0.05,0.025,0.04,0.0,0.755,0.28,0.0,0.8300000000000001,0.43,0.64,0.18005,0.4083,1.0,0.88195,1.0,1.0,0,0.7015,0.0,1.0,0.0,1.0,0.0,0.0,0.0,0.4186971274140452,0.1460249085253842,0.194014061873441,0.0118886509422627,0.2297931886804562,0.0804549075414031,-0.0932405685928138,0.3128516411643303,-0.0004622884927769,0.5687724931715095,0.5874468414581685,0.1249458253406386,0.2976868815053167,-0.0019032444086366,1.0923942421943786,0.1054526906265562,-0.0392023540968842,-0.0661298390866665,-0.0341470670355811,-0.0263229517228456,-0.0024214502613929,-0.0349768118046338,-0.0545259274816542,-0.0366649748911387,0
0.0,0.494203,0.59,5.084933120885465,0.1763917540227107,0.033,0.1551,0.213,2.0,245267.0,48.4167,0.09,0.02,0.02,0.0,0.79,0.65,0.01,0.895,0.785,0.79,0.14415,0.27775,1.0,1.0,1.0,1.0,0,0.0,0.20550000000000002,0.0,1.0,1.0,0.0,0.0,0.0,-0.0343750465892113,-0.022773610000698,-0.010868099267731,-0.0016547452959591,-0.0281841214690862,0.0099526890516913,-0.0452978441461441,-0.0125374306093211,-0.1227410789645649,1.1196303611975125,0.3380582008930031,0.0778079494544513,0.264847098697885,-0.0712648589469121,1.5783712913572283,0.0949592671009062,-0.084381964461361,-0.1336166906536943,-0.076484048343702,-0.090896286111499,-0.070774711514136,-0.0735348033290463,-0.1341920383243144,-0.062073093893857,0
0.0,0.48448,0.52,2.7302927470261014,0.1793162190508917,0.0242,0.1377,0.176,344.0,9.0,20.0915,0.12,0.05,0.025,0.0,0.725,0.645,0.0,0.765,0.865,0.725,0.44445,0.2861,1.0,1.0,1.0,1.0,2280,0.14499999999999996,0.306,1.0,1.0,0.0,0.0,1.0,0.0,-0.0464542392506227,-0.079628394888788,-0.0605397450198946,-0.03900999660645,-0.0810800963024465,-0.0414487195855111,-0.0920800760081992,-0.0354863302874447,-0.0749948106275457,1.0444382939255992,0.3136902664496605,0.0848109123215681,0.2609037840059168,-0.0061350445032515,1.528451520367588,0.1111702811093139,0.0007727983902879,-0.0845118377824132,-0.0329270628778986,0.0351569830025407,0.0551242717421641,-0.037467683662856,-0.0610051649418207,0.0437814322943757,0
0.0,0.495067,0.6,4.083610981644837,0.2973805597037416,0.0179,0.1628,0.11,45.0,122203.0,11.9629,0.28,0.055,0.01,0.0,0.405,0.375,0.0,0.5,0.565,0.64,0.74305,0.3022,1.0,1.0,1.0,1.0,1728,0.0,0.11755,0.0,1.0,1.0,0.0,0.0,0.0,-0.0324498662719722,-0.0607514350293313,-0.0403303443335782,-0.0125904315327856,-0.047189726979832,0.0243250724895902,-0.0798873476820986,-0.0372036104396747,-0.0326423105054002,1.03559841260094,0.3708805972358212,0.044026983271799,0.2060786532064879,-0.0623286359508895,1.513582430254273,0.0289980770458874,0.1519179077873023,-0.0680548350873066,-0.072677208748617,0.0070791929420872,0.1353366129422863,-0.0404441880400514,-0.0836278554983425,0.0058988855237444,0
0.0,0.432796,0.5,0.3640577722317437,0.6451739621476511,0.0542,0.107,0.5066,382848.0,155320.0,25.8694,0.25,0.065,0.01,0.0,0.745,0.085,0.005,0.8600000000000001,0.795,0.395,0.40715,0.0759,1.0,0.5625,1.0,1.0,0,0.8744999999999998,0.03175,1.0,0.64,1.0,0.0,0.0,0.0,0.4220814980264732,0.7255483639865654,-0.0109514400235003,-0.0060834256063253,0.189461278913802,-0.026587203141772,0.2686861293578564,0.2429101742996673,0.5084649781276934,0.4803905139678353,0.1903208208952456,0.0791744681826911,0.4202085906976841,-0.078953795359798,0.0605575670284566,0.4131650983757898,0.1082509182187538,0.0207061700549331,0.0196489561062644,0.0368543436141578,0.1614736224109113,-0.004107081668406,-0.0323273239493022,0.1652669129557164,0
0.0,0.638235,0.564706,4.583087192064491,0.2914560502950161,0.0152,0.8129,0.0187,256263.0,366.0,18.7127,0.44,0.04,0.01,0.0,0.605,0.235,0.0,0.6399999999999999,0.28500000000000003,0.0,0.23070000000000002,0.1256,1.0,1.0,1.0,1.0,2256,0.29950000000000004,0.0,1.0,0.0,0.0,0.0,1.0,0.0,-0.0466672771046405,-0.0710866506463034,-0.0608447739278757,0.0251261413921316,-0.0562561520260759,-0.0050241943034892,-0.0862459600224214,-0.0548175215755171,0.5712052932582568,0.0197565626362206,1.84111326728401,0.2116238737746494,0.6612272502649944,-0.0255710601741112,0.4200700146267744,1.0970263158727749,0.1142000616981806,-0.038022230724489,0.2043584990644001,0.0451353943500049,0.1969339484864221,0.0015957945694536,-0.0175748304821606,0.198869204947339,0
0.0,0.641148,0.54,0.030594824683676,0.9419790796663112,0.0264,0.303,0.0871,92799.0,163009.0,18.7127,0.45,0.02,0.025,0.0,0.33,0.52,0.01,0.61,0.725,0.0,0.3988,0.24559999999999998,1.0,1.0,1.0,1.0,629,0.14950000000000002,0.6675000000000003,1.0,1.0,1.0,0.0,0.0,0.0,0.0864381179677871,-0.020373657420032,-0.0374840816771844,0.0321775300078147,0.1064334488385381,0.003314469481208,-0.0627783256109506,-0.000607069763971,0.4678351321042077,0.2122814462276262,0.352487986681949,0.0996062969653383,0.2419499686268236,0.1043028811398216,-0.0591289164696918,0.1659171201922142,0.2205966983054722,-0.0752935603231477,-0.0512081036682019,-0.0577317348410356,0.0750919227634062,0.0415274778412614,-0.1601576454707541,-0.0647247044416021,0
0.0,0.708861,0.49,0.0889876454461115,0.8630114617216895,0.0361,0.7072,0.0511,44553.0,208556.0,8.12848,0.47,0.12,0.015,0.03,0.44499999999999995,0.865,0.47,0.605,0.9,0.525,0.60835,0.16665,0.9375,1.0,1.0,1.0,0,0.4149999999999999,0.452,1.0,1.0,1.0,0.0,0.0,0.0,-0.0014617503208736,-0.0045505814552654,-0.0045505814552654,-0.0006727593741676,-0.0034623318603676,-0.0045505814552654,-0.0033775813786522,-0.0045505814552654,0.3046517542924299,0.0225046761720779,0.0910202205228874,0.0245494648116442,0.1432434325650224,0.0697195757257154,-0.0954557675530901,0.0191552480625474,0.1461841191713079,-0.0571933771090197,-0.0001219613560399,0.0154601409691895,0.1216883663527616,0.0010034592326802,-0.0807814191472594,-0.0131127791126797,0
0.0,0.51176,0.58,6.119705662985788,0.1931366646556372,0.0246,0.1272,0.1938,201.0,5468.0,12.4225,0.01,0.05,0.05,0.0,0.82,0.19,0.16,0.8899999999999999,0.39,0.605,0.3083,0.46530000000000005,1.0,0.75,1.0,1.0,855,0.9309999999999998,0.14849999999999997,1.0,1.0,0.0,0.0,1.0,0.0,0.0732507565687451,0.6055718324522791,-0.0139212874983834,-0.0413151008072699,0.0302741948230291,-0.0359076717375487,0.5994647416878707,-0.0676362501635517,-0.1198874109445338,1.2097184353616324,0.5208913399652737,0.106829575308503,0.2949791327481855,-0.0645298966625237,1.8144929501227345,0.070141436351026,0.0028585032591744,-0.0118235972042208,-0.014103051635,0.0107743945642848,0.033900944018288,0.0023338553501286,-0.0233496625423814,-0.0076497559706087,0
0.0,0.413458,0.49,1.5337596195312215,0.4705589633347487,0.0416,0.1154,0.3605,3.0,180653.0,7.66892,-0.25,0.015,0.025,0.005,0.635,0.855,0.09,0.77,0.935,0.76,0.12105,0.23709999999999998,1.0,1.0,1.0,1.0,0,0.251,0.153,1.0,1.0,1.0,0.0,0.0,0.0,-0.0061746337249426,-0.0383787293416661,-0.00457769659626,0.0500072450498787,-0.0239777082282444,0.0768260608855862,-0.0538042985324144,-0.02117678952493,0.2034293509303872,1.3623961227114356,0.2938150419590483,0.0175166912095363,0.4270362921367702,-0.0636562815498859,1.6407537120344375,0.268028594744127,-0.0185356238991507,-0.0815918764130481,-0.0680950814345571,-0.0445560722849951,0.0286722355350498,-0.0518052692604317,-0.1168471359947899,0.0830761005145568,0
0.0,0.544379,0.59,0.9120532611874944,0.6594445979227413,0.0389,0.1709,0.2278,165752.0,247300.0,29.7039,-0.19,0.025,0.01,0.02,0.71,0.38,0.155,0.81,0.35,0.44,0.2738,0.19165,1.0,1.0,1.0,1.0,4996,0.3374999999999999,0.0,1.0,0.0,0.0,0.0,1.0,0.0,0.2577741754312679,0.045902309804767,0.0545786252304195,0.0390755492551846,0.0778979169282607,0.0342731890185828,-0.0861848646608249,0.0884081838100167,0.5984353438258787,0.2460332277769673,0.2004167988616809,0.0182501801113576,0.2599664873516548,-0.0258646904884779,-0.1103889818328886,0.2457798621787185,-0.0385143829214272,-0.0938142006958455,-0.0807274226613703,-0.0289694500517923,0.0059415093541471,-0.0638149904846999,-0.1169229652254984,0.000484170286019,0
0.0,0.582751,0.52,0.0,,0.0846,0.8647,0.0978,156772.0,367215.0,7.20936,-0.01,0.03,0.01,0.15,0.63,0.81,0.22,0.85,0.935,0.54,0.2222,0.14579999999999999,1.0,1.0,1.0,1.0,0,0.32799999999999985,0.0046,1.0,0.38,1.0,0.0,0.0,0.0,0.0428220152593256,0.0037539640257971,0.0004953167146935,0.0701980080766283,0.0478157021903407,0.0376961961450507,-0.027231184759962,0.0022287642738746,0.4661802349040193,0.0820341855256574,0.0733458816197019,0.1672139216714032,0.2361755979319929,0.1857603587691859,-0.0505941684862987,0.1397100236130473,0.0546098120913253,-0.0677926218997193,-0.0345704368712996,-0.0081235829120456,0.0151692327899218,-0.0349987221298856,-0.0878074151078252,-0.0412237404765854,0
0.0,0.437681,0.53,2.5975223674928465,0.3030662542233868,0.0357,0.113,0.3156,877662.0,452665.0,8.6407,-0.05,0.02,0.02,0.01,0.83,0.5700000000000001,0.625,0.925,0.67,0.9,0.0769,0.25615,1.0,1.0,1.0,1.0,0,0.0,0.22649999999999998,0.0,1.0,0.0,0.0,1.0,0.0,-0.0581121760632883,-0.0692051684331631,-0.0926729454939565,-0.0265008009310508,-0.0765922997181173,-0.0288518534300144,-0.1035661434002939,-0.0613139535434202,-0.2669042738474781,2.353408199258725,0.1737948822119203,0.0066289924571956,-0.3333876488855441,-0.0592922460500112,2.64967235685543,-0.269290017728311,-0.0553009255717089,0.953697396941744,0.1114501460268737,0.0659806439078696,-0.0808693319019537,-0.0167962993359492,1.3185919366182046,-0.0632833977976788,0
0.0,0.476,0.63,3.0221243734158727,0.4341779149347179,0.0145,0.1289,0.1124,248.0,90123.0,28.2725,-0.04,0.07,0.015,0.0,0.22,0.78,0.005,0.28500000000000003,0.845,0.565,0.6181,0.075,1.0,1.0,1.0,1.0,0,0.251,0.401,1.0,1.0,1.0,0.0,0.0,0.0,-0.068932086330204,-0.1031395060257922,-0.1214736250359067,-0.024794065530099,-0.0179356059860145,-0.0480108802004886,-0.1236884435621355,-0.1066517083090442,-0.0547382494887215,0.6808759649072111,0.6235042139481985,0.2745114614010905,0.4737176395959959,-0.0179848330698157,1.130321634281471,0.2314602259852813,0.1648724611492554,-0.0936396273445341,-0.0456473017507109,0.1254582863948494,0.387744658120902,-0.0072385794119791,-0.096299167181311,0.1315649471669767,0
0.0,0.5,0.48,3.467534654091473,0.2207997433892919,0.0461,0.1751,0.2632,156932.0,468353.0,14.8783,-0.04,0.035,0.035,0.01,0.775,0.375,0.060000000000000005,0.85,0.605,0.495,0.3639,0.4662,1.0,1.0,1.0,1.0,1063,0.41350000000000015,0.31949999999999995,1.0,1.0,1.0,0.0,0.0,0.0,-0.0091464757666108,-0.0252764111599022,-0.0062135940499313,0.0164831256591729,-0.0035459798170098,-0.0019988221316772,-0.0274325030155934,-0.0133106830127769,0.2041759205134949,0.5295895156308277,0.5276087229359859,0.1969616308671007,0.4639602823973251,0.0131995978773498,0.830599084848991,0.4578344073155868,-0.0016437839966627,-0.1048662307380305,-0.0462995960340263,-0.0473016725012865,-0.0234159615279617,-0.038636233991133,-0.1093300933986372,-0.0154335239934135,0
0.0,0.588993,0.49,0.1780420798708825,0.958731544888696,0.282,0.9923,0.2842,1515.0,1418.0,28.2199,0.02,0.04,0.08,0.13,0.625,0.675,0.19,0.79,0.7250000000000001,0.385,0.3906,0.55555,1.0,1.0,1.0,1.0,0,0.11199999999999999,0.1045,1.0,1.0,0.0,1.0,0.0,0.0,0.2130479848098028,-0.0223621542058758,-0.0273605533229038,0.0200578937703722,0.0899533021108004,0.2829636160604385,-0.0710867552955554,0.0533082864136822,0.4128615974094092,0.1248143907253854,0.2731318602850109,0.0951802857068919,0.1860042382074639,0.2996186025515132,-0.0360385310771512,0.1584892155093291,0.1713063161845847,0.009243850836737,0.0168976983788615,0.0346523458028599,0.0395813006280621,0.3113749334663807,-0.0455825071753485,0.0550411274702229,0
0.0,0.514403,0.56,5.515215073295555,0.2506213086326403,0.0123,0.1161,0.1064,138.0,182.0,25.4098,0.03,0.12,0.02,0.0,0.485,0.69,0.0,0.635,0.7949999999999999,0.14500000000000002,0.7975000000000001,0.13335,1.0,1.0,1.0,1.0,1923,0.0767,0.0,1.0,0.0,0.0,0.0,1.0,0.0,-0.0799501438022792,-0.0981775924226609,-0.0877350524986722,-0.068480177316265,-0.0986555839808718,-0.0738956360267204,-0.1201032921928097,-0.062878111895186,0.3110851669598425,0.4232347753591662,0.741278991331218,0.3176925012821012,0.7639489778071114,-0.0157340226753436,0.9032315502337084,0.5395960163151825,0.1625053502405686,-0.055868400950391,-0.0571814998448938,-0.0148464035776072,0.1792802871984789,-0.034835650386775,-0.1092981323116113,0.0499810545263568,0
0.0,0.415357,0.64,4.729111911500119,0.1850047450833388,0.045,0.0987,0.4555,101259.0,532491.0,25.4098,0.02,0.015,0.015,0.0,0.71,0.05,0.015,0.835,0.115,0.73,0.09845000000000001,0.2879,1.0,0.7218,1.0,1.0,8665,0.117,0.08650000000000001,1.0,1.0,0.0,0.0,1.0,0.0,0.3153418581921105,0.3150395503728839,0.0794688521278139,0.0981563563364083,0.4532851062384743,0.0140039173179495,0.2138075869341237,0.4030141888299737,-0.2429524376425547,1.5975128755719576,0.1832390760563771,-0.0877983259838622,0.1809419174760117,-0.1095257288861777,2.274842697965548,-0.0466856525031747,-0.0503412228730321,-0.0842402146375631,-0.0814901219055855,-0.0472791159035561,-0.026066417401411,-0.0178610855840091,-0.0854747991955934,-0.0406966585913688,0
0.0,0.4438,0.41,0.3029127620256047,0.744270080335898,0.0424,0.1275,0.3329,136284.0,160900.0,10.5316,0.02,0.08499999999999999,0.02,0.01,0.58,0.79,0.4,0.775,0.9,0.585,0.5253,0.19585,1.0,1.0,1.0,1.0,0,0.568,1.0,1.0,1.0,0.0,0.0,1.0,0.0,-0.0252741712398251,-0.0415114031291155,-0.0205621134205054,-0.0156307752461532,-0.0422583154395832,-0.0179868000907304,-0.0528216967139659,-0.0278405707096466,0.4556709660799963,0.4782810671121237,0.1872327568147763,0.0822201311233526,0.3031114459509191,-0.0184073984090217,0.0033364031055282,0.3220451420311572,0.1057593404965862,-0.0170864115384184,0.0110741475469522,0.0634618533751395,0.1805278701877388,-0.0444126993665749,-0.0575628912892366,0.0521598775059732,0
0.0,0.451324,0.48,2.520516739648047,0.3466968713198395,0.061,0.13,0.4694,376604.0,3478.0,31.0826,0.02,0.03,0.035,0.0,0.75,0.72,0.025,0.885,0.785,0.6799999999999999,0.4367,0.30619999999999997,1.0,1.0,1.0,1.0,0,0.4394999999999999,0.43450000000000005,1.0,1.0,0.0,1.0,0.0,0.0,0.0097316906177226,-0.0861341865993823,0.2650470690510535,0.1350421490695794,0.3747521152962304,-0.0071056423714872,0.0469820388948513,0.5546657340217493,-0.1372795395277344,1.17397253912154,0.3914541306088638,0.0920228350540053,0.2662569938780572,-0.0477961958819856,1.57666403040925,0.1174071037771147,-0.0417571424449276,-0.0944493165279149,-0.0417135275979995,-0.035776159532648,0.0449566727350755,-0.0252346748852931,-0.0899620683056985,0.0081951436960957,0
0.0,0.655868,0.529412,0.0006672187192629,1.0,0.171,0.1113,1.5355,214358.0,17709.0,26.8412,0.04,0.05,0.02,0.035,0.57,0.685,0.075,0.7749999999999999,0.905,0.16999999999999998,0.35819999999999996,0.189,1.0,1.0,1.0,1.0,0,0.612,0.9168000000000002,1.0,1.0,1.0,0.0,0.0,0.0,-0.0393473006929425,-0.0658775605237233,-0.0268023658090772,0.009331914700027,-0.066319879596942,-0.0037552156092076,-0.1007131275802262,-0.0253309866683558,0.6029640221331158,0.0325457854438003,0.2196904617688024,0.0625088206801911,0.2014012379367649,0.8486215107519138,-0.122390185040091,0.0638541146178866,0.1611611382938556,-0.0422050568380487,-0.0385068430771581,0.0108558149263193,0.0578266527558134,0.629136639888014,-0.0826070427418839,-0.0122196004427009,0
0.0,0.514723,0.5,2.7561747089051365,0.3294000314636128,0.0381,0.1164,0.3276,300356.0,1163.0,17.2288,0.04,0.05,0.075,0.005,0.785,0.25,0.115,0.88,0.35,0.735,0.5595,0.63475,1.0,0.9582999999999999,1.0,1.0,0,0.1445,0.1335,1.0,1.0,1.0,0.0,0.0,0.0,0.0238243613458237,-0.0323345188307863,0.1216328941089203,0.0400030374807642,0.1599455770524369,-0.0628414162099491,-0.0450296648123881,0.1915574699714333,-0.1093342534945712,0.9753311226517688,0.3467300908229189,0.201069205928709,0.3517471621284424,-0.0180366996910407,1.318596556898891,0.1933375252061833,-0.0529432215949075,-0.0955548567153973,-0.045531361333553,-0.0486492614510761,-0.0246453300072585,-0.0167185689570423,-0.0868519714206339,-0.0384363860203879,0
0.0,0.518764,0.45,6.179148257662351,0.5765395535875911,0.152,0.0974,1.561,11587.0,353867.0,11.5034,0.04,0.03,0.02,0.0,0.54,0.605,0.01,0.63,0.7250000000000001,0.0,0.1971,0.2609,1.0,1.0,1.0,1.0,0,0.23999999999999996,0.13100000000000003,1.0,1.0,1.0,0.0,0.0,0.0,-0.047867040411726,-0.0651662799605046,-0.0677785171351317,0.0024039614229184,-0.0339397039726933,-0.0169245282850516,-0.0900816058607395,-0.0579518156114288,0.4985853235582791,0.1022622436868578,0.0439034462368244,0.097372341378294,0.1689103546553697,0.0596099067340594,-0.0652018873547057,0.0893854401696187,0.1185680841252506,-0.0500049541495839,-0.0787214972536584,-0.0214297629336657,0.0453015937636007,-0.0042078899997939,-0.1118649681960223,-0.0289455230598259,0
0.0,0.459893,0.464706,3.602337821871363,0.3604622973859043,0.0478,0.091,0.5249,298949.0,40306.0,11.5034,0.04,0.11,0.02,0.01,0.46,0.42500000000000004,0.475,0.485,0.585,0.835,0.7882,0.54165,1.0,1.0,1.0,1.0,0,0.05500000000000001,0.0,1.0,0.0,0.0,1.0,0.0,0.0,0.1221996115804472,-0.0538801766681533,-0.0841034354580057,-0.038167471679499,0.0966059376314077,-0.0559399195460243,-0.1199913856740905,-0.0346423983554847,-0.163408865066097,1.93789013702668,0.2400503696445755,-0.0195234241765751,-0.1058695483466458,-0.0775130105361258,2.1744453870282983,-0.1276812048035029,0.4586635743604712,-0.0874162803048978,0.0362669881903335,0.0074991204483578,0.1652444839918361,0.2457427190123739,-0.1064941998996762,0.0504275774399958,0
0.0,0.436323,0.62,2.661120757347448,0.327508842466667,0.0294,0.0974,0.3013,106718.0,92014.0,18.6601,0.03,0.03,0.015,0.005,0.6,0.485,0.065,0.725,0.7250000000000001,0.635,0.40915,0.12614999999999998,1.0,1.0,1.0,1.0,0,0.05,0.09049999999999998,0.98,1.0,1.0,0.0,0.0,0.0,-0.1169879854174117,-0.120673044208776,-0.0874467821615408,-0.0909041154058588,-0.1330865397796086,-0.1073856420079501,-0.1509817120606069,-0.1179127987712221,0.0294033652632101,1.109300069678622,0.4568959224597792,0.1358953699159255,0.4297143233882905,-0.022429089509731,1.5906659380111896,0.2452469905217259,-0.0439400202279774,-0.0846168612028327,-0.0224865110774805,-0.0153503476118377,0.028598817670138,0.0049559758029699,-0.0814955253660695,-0.0059510911219521,0
0.0,0.528443,0.41,1.8183090407221376,0.2684569503187707,0.0309,0.1089,0.2834,3819160.0,204942.0,14.8256,0.01,0.05,0.025,0.015,0.615,0.65,0.69,0.66,0.82,0.9,0.43635,0.20315,1.0,1.0,1.0,1.0,0,0.6110000000000001,0.0,1.0,0.0,0.0,0.0,1.0,0.0,-0.0906933113603672,-0.1089475849130893,-0.1151180869170491,-0.0489600019425821,-0.1070532828027472,-0.0744748255727042,-0.1309651245935363,-0.096257681117697,-0.1732470937999753,1.8291233728551413,0.1783597701801926,0.1223910394940886,-0.0758835532354816,-0.0674820393698663,1.846272858477399,-0.0351403674423915,0.049150652064715,-0.0844475708342943,-0.0401412400058186,0.0227151002350706,0.1190648017922793,-0.0506885279258433,-0.0881553786962937,0.0233772599790501,0
0.0,0.471002,0.58,3.5731779496699967,0.2398167710007627,0.0389,0.1155,0.337,2367540.0,1686690.0,11.0438,0.01,0.045,0.02,0.0,0.61,0.825,0.0,0.775,0.9299999999999999,0.16,0.45555,0.1157,1.0,1.0,1.0,1.0,710,0.5135000000000001,0.217,1.0,1.0,1.0,0.0,0.0,0.0,-0.0213460699889796,0.0048674392923073,-0.0312563817044121,-0.0008596259245258,-0.0200256497520278,0.0006397830222677,-0.0321977699464297,0.0065111243624925,0.116147122079122,0.4588201362770294,0.7039923014909417,0.4169994353226848,0.7932917664373195,-0.0124856413839557,0.9636674573369344,0.6936426776791661,0.0243884214560148,-0.0823977706233468,-0.0061583524885783,0.0195877452960672,0.0908609558216259,-0.0057308440660842,-0.0230806064124564,0.0736927407580478,0
0.0,0.510978,0.347059,4.544398686553701,0.2310832952071204,0.0214,0.1131,0.1895,199749.0,222707.0,12.4752,0.01,0.11499999999999999,0.02,0.03,0.765,0.845,0.10500000000000001,0.915,0.945,0.5449999999999999,0.7167,0.2378,1.0,1.0,1.0,1.0,2181,0.24570000000000003,0.51555,1.0,1.0,0.0,0.0,1.0,0.0,-0.0819842943298562,0.5993786696250111,0.0202629373309328,-0.0179459098374142,-0.0879505036216466,-0.0338590870000492,0.8333987359961398,-0.0648113077642102,0.0201682992002524,0.6337262453585519,0.672287219794784,0.4267033204812065,0.7313490690763922,-0.0233968403023619,1.3391644446147164,0.657937894727996,-0.1221378982346053,-0.137598078740324,-0.0897478281018589,-0.0397182600738423,0.0070294922431623,-0.0913169887496166,-0.1350631226225224,-0.0942278922988146,0
0.0,0.613744,0.57,4.141557289684045,0.47551314161265,0.0219,0.3743,0.0584,75.0,99.0,12.4225,0.03,0.01,0.015,0.0,0.645,0.495,0.0,0.7949999999999999,0.73,0.005,0.0952,0.20074999999999998,1.0,1.0,1.0,1.0,13,0.0,0.285,0.0,1.0,1.0,0.0,0.0,0.0,0.1004256892631068,-0.0134891141475921,-0.0501333013291189,0.0721196462067051,0.3186600512265095,-0.0481683225973999,-0.0926520010035645,0.1094897757961489,0.3833335427822184,0.0944512556575702,1.1025277647033458,0.6155551088093248,1.1192753571952438,-0.0147344343836314,0.4492410961856098,0.9799561317401274,0.0285239937032196,-0.1027066042326071,-0.0920803301237845,-0.0707910252872494,0.0384474026066591,-0.0679954241096055,-0.1540903224650908,-0.0289310545611106,0
0.0,0.577694,0.39,0.0951275804205082,0.998239247845214,0.1018,0.1722,0.5913,340983.0,41082.0,11.9629,0.03,0.01,0.025,0.0,0.07500000000000001,0.66,0.0,0.19,0.815,0.0,0.33375,0.23035,0.88095,1.0,0.93125,1.0,2709,0.020499999999999997,0.637,0.41,1.0,0.0,0.0,1.0,0.0,0.0750302116621553,-0.0411140716075341,-0.0413059792185678,-0.0627179737798361,-0.0441533652386349,0.2823837807839516,-0.0790742502721539,-0.054947290359944,0.9810032093274474,0.2652597183429239,0.3216641446595433,0.1247191148840243,0.2554442311348336,1.0244882068552876,-0.0567297936742818,0.1125598028406462,0.4474078807501525,-0.056512024959098,-0.0742251491077117,-0.0234095651361384,0.0785444541908463,0.8268234902614658,-0.0996943936755161,-0.0368918146577134,0
0.0,0.54893,0.511765,4.432905410996738,0.2305003528811093,0.0086,0.2963,0.0291,55600.0,15710.0,10.5316,0.04,0.04,0.055,0.01,0.765,0.695,0.15,0.825,0.815,0.48,0.3583,0.5655,1.0,1.0,1.0,1.0,0,0.632,0.5925,1.0,1.0,1.0,0.0,0.0,0.0,-0.0019459397174102,0.003297794745383,-0.0080123562585834,0.0017650660885028,0.0070024456758981,-0.0054781354258854,-0.0060739519893736,0.002445291481157,-0.0103554060257458,0.6717006358552454,0.6499345659521785,0.4432555630958539,0.6948091068355042,-0.0088518127637762,1.1456004285009422,0.396487040867046,-0.0958409778542808,-0.1463882763042293,-0.1219294211370854,-0.0574986345925737,-0.036169787641643,-0.0515545401602108,-0.1628281625157802,-0.0637256631757041,0
0.0,0.710145,0.54,0.3724853374724631,0.8977169494024652,0.0913,0.2314,0.3945,727.0,74160.0,7.66892,0.04,0.015,0.04,0.0,0.595,0.765,0.0,0.8049999999999999,0.895,0.0,0.09720000000000001,0.4722,1.0,1.0,1.0,1.0,981,0.1245,0.9055,1.0,1.0,1.0,0.0,0.0,0.0,-0.0554765603269585,-0.0792834680764591,-0.0807539301812693,-0.0496067655756345,-0.0668503314380149,0.0148575064004739,-0.0840899886879071,-0.0684929646990059,0.3077047239440737,0.0586440538433555,0.3702429617510349,0.1099492408443365,0.2068929894562952,0.1949575351881846,-0.053237511753489,0.1382347542875558,0.1852740338516581,0.0042056371280143,0.0324072954997181,0.055498636211284,0.1388661633155568,0.0696128834123938,-0.0740780119499834,0.0518404813020208,0
0.0,0.678295,0.55,1.80201807266291,0.8345868450755832,0.0605,0.3718,0.1628,269.0,21681.0,6.23758,0.03,0.09,0.035,0.15,0.28500000000000003,0.755,0.08,0.505,0.9450000000000001,0.32,0.81665,0.42375,0.9167000000000001,1.0,1.0,1.0,0,0.12100000000000001,0.035,1.0,1.0,1.0,0.0,0.0,0.0,-0.0470241180600094,-0.0402988678786939,-0.0203413720571172,-0.0120777643303325,-0.0327878124597849,-0.0367207565413493,-0.0521600018837786,-0.0280723435619655,0.4144264588113267,0.1359840147041474,0.2533083229237877,0.0895017907015118,0.2040700255608718,0.3393697261516386,-0.045732917563001,0.0771838713754057,0.3175392458519108,-0.0145951987686354,-0.011685621715983,0.0434129396261489,0.0745976416350369,0.1392173507113603,-0.0804672956396224,0.0094841386880266,0
0.0,0.461646,0.62,1.2426057738120833,0.7154672305790387,0.0803,0.129,0.6231,1706.0,231787.0,15.3378,0.02,0.015,0.025,0.035,0.745,0.575,0.28,0.885,0.7,0.56,0.225,0.22925,1.0,1.0,1.0,1.0,0,0.6395000000000001,0.612,1.0,1.0,1.0,0.0,0.0,0.0,-0.0385507052777622,-0.0449359362274323,-0.0488037145858712,-0.0223351364983755,-0.0460022706739825,-0.0447201188857889,-0.0666322452313361,-0.0152588488736662,0.084357683175182,0.4241144011951213,0.600925310066932,0.5616048776792187,0.8770733252871121,-0.0104358898811412,0.7380211778386789,0.5405802034008064,-0.0389186666377619,-0.0299546818701358,-0.0268856325090442,0.0159508393593052,-0.012270668977455,-0.0025238169200371,-0.05273280289784,-0.0312212494555809,0
0.0,0.454802,0.44,3.336717172539661,0.3721138047747657,0.0288,0.1159,0.248,114537.0,1745.0,33.9979,0.01,0.125,0.04,0.0,0.59,0.495,0.025,0.6399999999999999,0.6699999999999999,0.75,0.78155,0.3175,1.0,1.0,1.0,1.0,1106,0.3087,0.1675,1.0,1.0,0.0,1.0,0.0,0.0,0.0008727601644412,-0.0038246374824359,0.005407726865211,-0.002812633946094,-0.0049786352884064,-0.0049786352884064,-0.0049786352884064,0.000595026119885,-0.1253637090117587,0.9970074616955305,0.2531926235290793,0.0129368789324437,0.1367131755600529,-0.0380926068525825,1.4933941215443496,0.0212167031058647,0.0424829285399614,-0.0892312296232008,0.1528698255188856,0.0783003361314979,0.2769775704337662,-0.0336841042863731,0.0590578099370529,0.2678245236544329,0
0.0,0.493631,0.53,3.2187237602643832,0.3068853118227838,0.0095,0.0985,0.0965,346576.0,25039.0,29.2444,0.01,0.09,0.060000000000000005,0.005,0.8,0.33499999999999996,0.08,0.78,0.615,0.73,0.81355,0.49915,1.0,1.0,1.0,1.0,228,0.17550000000000002,0.188,1.0,1.0,0.0,1.0,0.0,0.0,0.4151092748089636,0.1060782803931869,0.220146018935831,0.1347219027342248,0.465036475621491,0.0054197068561791,-0.0502522147090855,0.3661972659676952,-0.1995084138497243,1.3817345462356685,0.2141870248293625,-0.0151931945812799,0.1409212642592192,-0.0848538510535626,1.9046754419726093,0.0067092946801243,-0.069179000666772,-0.0945742801890046,0.0382763481770007,-0.0044772035419932,0.0292961001257395,-0.0540017596277062,-0.0692011973816628,0.0034293346804225,0
0.0,0.47019,0.52,2.466905055306849,0.3712549291422178,0.0134,0.1268,0.1058,712271.0,569711.0,11.0438,0.02,0.05,0.065,0.0,0.8,0.615,0.095,0.665,0.925,0.745,0.73475,0.44045,1.0,1.0,1.0,1.0,0,0.04249999999999999,0.956,0.85,1.0,0.0,0.0,1.0,0.0,-0.0066116264174022,0.0037907644017071,-0.0076129818372357,-0.0007874633622426,0.0023954100634231,0.0073291965684486,-0.0130623039784024,0.0031316242965146,-0.0668311248289798,1.3537188078629965,0.3383672964277423,0.0670795988168743,0.4009542648321603,-0.0413234210089403,1.6863419043321506,0.2570661808771589,0.0419956748130895,-0.0524366135848793,-0.0563867632093562,-0.0181541492850551,0.0745034842946759,-0.0180247918344757,-0.0527337572281093,0.010290371187708,0
0.0,0.519491,0.59,4.703833139704336,0.2029809356658561,0.0258,0.1459,0.1766,1030687.0,260061.0,11.0438,0.02,0.035,0.025,0.0,0.69,0.74,0.02,0.79,0.87,0.775,0.40695000000000003,0.2531,1.0,1.0,1.0,1.0,0,0.09699999999999999,0.3285,1.0,1.0,0.0,1.0,0.0,0.0,-0.0574070412735582,-0.0605860995855399,-0.0764064283698381,-0.0165560894976957,-0.0335741253932636,-0.0298753202491029,-0.1046260536515403,-0.0312679184645003,-0.0625746539354471,0.9797622780310812,0.3245795197702931,0.1837035857969609,0.3766542684976169,-0.0223433017510877,1.4436546550066105,0.2384844514235359,-0.1071638873529712,-0.1115663549387961,-0.0541999886106361,-0.0355746652760677,-0.0026572460898818,-0.0525658105848283,-0.0993486673172429,-0.0255674291662255,0
0.0,0.436687,0.69,0.0,,0.0494,0.1332,0.3709,21861.0,630952.0,5.2658,0.07,0.015,0.03,0.005,0.715,0.395,0.42500000000000004,0.885,0.475,0.605,0.1303,0.34595,1.0,1.0,1.0,1.0,2174,0.5875,0.166,1.0,1.0,0.0,0.0,1.0,0.0,0.5913358788173677,0.0206313213608749,-0.0649292194114774,0.0508312213104151,0.158888439076783,0.1038066474166603,-0.0900971489799466,0.0519946045964892,0.3260411146652391,0.0853018842940885,-0.0512514345178145,-0.0209915696239786,0.042501744735858,-0.0116269296581938,-0.1678266585905326,-0.0589612878913408,-0.0958413226243344,-0.0935216939410789,-0.0830203630511284,-0.0734761889033868,-0.1051539155618637,-0.0674468632666868,-0.1161318483476353,-0.0945503515602057,0
0.0,0.462926,0.54,7.17062259618968,0.1271507625517171,0.0018,0.1433,0.0128,1.0,645830.0,5.2658,0.07,0.05,0.025,0.0,0.75,0.595,0.015,0.865,0.645,0.765,0.39580000000000004,0.2828,1.0,1.0,1.0,1.0,0,0.9440000000000001,0.1875,1.0,1.0,0.0,1.0,0.0,0.0,-0.1377175743084787,-0.1173477900550793,-0.1162623863849155,-0.1146575040483274,-0.0600484016289466,-0.0712365682458385,-0.1544357054138396,-0.0940223055759362,-0.1104415771533305,1.3506996795016777,0.4235821872393149,0.0855282277518289,0.2593799150159958,-0.048239888375158,1.907855343371241,0.1025354007237789,-0.029610170568237,-0.0541170964316634,-0.0571731148763891,0.0270799524551365,0.0816975053541807,-0.0167655189879532,-0.0477072501040553,0.0259759819846504,0
0.0,0.492026,0.58,6.542224626259948,0.2449480197060577,0.0166,0.1499,0.1107,270303.0,1433977.0,13.9065,0.1,0.04,0.01,0.0,0.7050000000000001,0.33999999999999997,0.005,0.8200000000000001,0.42500000000000004,0.41500000000000004,0.22915,0.12495,1.0,1.0,1.0,1.0,0,0.7765000000000001,0.0,1.0,0.0,1.0,0.0,0.0,0.0,0.3113330042714884,0.0644110038370025,0.1051187448752739,0.3340042432360676,0.7862423175718645,0.0078867338709843,-0.0332436128532228,0.5156415352342872,0.1921903727341087,0.6339212290203269,0.6225793906148975,0.3305569815144443,0.7013234792555126,-0.0074498623769271,1.237003901854449,0.3816070488747518,-0.01558135418166,-0.0403896394291637,0.0219641712609232,-0.0100642898975871,0.0148016973311097,0.0012689358914048,-0.0393394797154925,-0.0030674111514889,0
0.0,0.498371,0.38,4.5919275578087,0.2717332182935777,0.0062,0.1265,0.049,202646.0,5618.0,11.9629,0.14,0.05,0.0,0.01,0.795,0.01,0.325,0.88,0.365,0.815,0.6046,0.0456,1.0,0.25355,1.0,1.0,0,0.091,0.09299999999999999,0.99,1.0,0.0,1.0,0.0,0.0,0.5990971911457337,0.5346573886947593,0.2556508006606319,0.2614116381941958,0.670715372633553,-0.0244218600088151,0.5929908690321585,0.4036571845440636,-0.1094437525037654,1.4336132727345132,0.3293389734920874,0.0708750777702946,0.1722429398701097,-0.0568877354052522,1.6898797108198729,0.0601687056821583,-0.0466281677506547,-0.0655823515427021,0.0113879238587932,0.0739767946421069,0.1109751706589131,-0.0126806752317241,-0.0543733829722217,0.0798014193759781,0
0.0,0.524496,0.59,3.171792467885341,0.5131527861403589,0.0471,0.1074,0.4384,157.0,367.0,46.4731,0.25,0.095,0.055,0.005,0.54,0.42500000000000004,0.015,0.6,0.49,0.08,0.7678499999999999,0.5615,1.0,1.0,1.0,1.0,0,0.285,0.08290000000000002,1.0,1.0,0.0,0.0,1.0,0.0,0.2759803932297339,-0.024881242887529,-0.0453162516179188,0.0196433533361396,0.2589836953062165,0.0030360283567971,-0.0586681006845583,0.0702807051669219,0.8131037857521834,0.4124191049928049,0.8756988045125954,0.2410402954323525,0.7395237180217563,-0.0114942366717595,0.7209146069309862,0.5290673819627476,-0.02414839706881,-0.1144558434948314,-0.0814630375011999,-0.058133795487968,0.0160448978614306,0.0188872004082649,-0.0994998412968189,-0.0350370318247573,0
0.0,0.658065,0.494118,0.0008229212783788,1.0,0.0083,0.5145,0.0162,82027.0,22536.0,17.2814,0.25,0.025,0.035,0.005,0.645,0.635,0.0,0.8,0.875,0.0,0.2781,0.3333,1.0,1.0,1.0,1.0,1257,0.6489999999999998,0.9185000000000001,1.0,1.0,0.0,0.0,1.0,0.0,-0.0462652829706157,-0.0615096302442139,-0.0461194214759778,-0.0442336747949041,-0.0576398590409128,-0.0068413000010899,-0.0646036608396726,-0.0600781997198932,0.3965812172990767,0.1056160496218811,0.329320885166774,0.0556510721844772,0.1964754010245872,0.7618838156293113,-0.0735936570446349,0.0710594901378212,0.1455010508920736,-0.0532285381626538,-0.0442766812840355,0.0116328847935605,0.044632017117373,0.4405978527116077,-0.1174592757180476,-0.0320404475278039,0
0.0,0.517495,0.611765,3.870613353217962,0.2167781384562979,0.0177,0.1268,0.1398,29.0,957.0,5.2658,0.26,0.02,0.015,0.01,0.795,0.12,0.585,0.915,0.395,0.81,0.18245,0.2179,1.0,0.77785,1.0,1.0,2709,0.0,0.0,0.0,0.0,0.0,0.0,1.0,0.0,0.1169058249724707,0.0207696148286795,0.0676963957523095,0.0284347592801708,0.148048615040669,0.1059898514065553,-0.0820761551132346,0.0820550088050405,-0.1260199691066237,1.316964774184587,0.3382884071062866,0.1186586501752628,0.001437629570618,-0.0269878791756615,1.584539274036014,-0.0049224432299407,-0.037777868513369,-0.0428894735019994,-0.0103149334081834,0.0023986904630862,0.0201261348454782,-0.0168015531190042,-0.0607990477173827,0.0344107019249507,0
0.0,0.524264,0.705882,4.255874913338258,0.2438430846291125,0.0155,0.1117,0.1388,41.0,192858.0,32.5665,0.25,0.045,0.045,0.0,0.44,0.72,0.0,0.565,0.8700000000000001,0.53,0.60005,0.5,1.0,1.0,1.0,1.0,2041,0.04699999999999999,0.618,0.79,1.0,0.0,0.0,1.0,0.0,-0.0228823927994716,-0.0434770555976812,-0.046105287842226,0.0225356505951197,-0.0012537345763085,0.0258111531504958,-0.0692276407405829,-0.0268149542906572,-0.0076643236552756,0.474812044378771,0.7650722832732508,0.7076777947945663,1.0546341662478569,0.0050531126677893,0.8066855114731833,0.6022507314413478,0.2834085491827077,-0.0318256918460716,-0.0602525616075991,0.3260839655891941,0.6704937530238702,0.0220753773195491,-0.0634447328366392,0.1795075591056766,0
0.0,0.533466,0.56,2.1069005543825283,0.6501489789229338,0.0131,0.1643,0.0796,2627.0,121653.0,69.0203,0.2,0.030000000000000002,0.01,0.0,0.01,0.76,0.005,0.02,0.8049999999999999,0.05500000000000001,0.38889999999999997,0.1389,0.125,1.0,0.35,1.0,0,0.0,0.06149999999999999,0.0,0.87,1.0,0.0,0.0,0.0,-0.061022490515314,-0.0595621487998898,-0.0559386085932217,0.0133608122478861,-0.0599203506876061,0.0071802454985398,-0.0798299364750487,-0.055769501300175,0.5793744271198075,0.584373937861651,0.4765646943786737,0.3984918789236055,0.6580446193932762,0.3363788286306394,0.7540861174760767,0.4072285762382506,0.1613801262212493,0.002208550321573,0.1726526622830297,0.4063258902345188,0.7712885262540271,0.0243000664057438,0.054287862220599,0.6434721163031294,0
0.0,0.484848,0.63,5.484590943643677,0.1707715363020928,0.0053,0.1619,0.0326,42.0,83.0,9.55982,0.23,0.1,0.0,0.0,0.5,0.0,0.005,0.74,0.005,0.655,0.48545000000000005,0.0,0.94645,0.0,1.0,0.0833,2484,0.027999999999999997,0.0,1.0,0.0,0.0,0.0,1.0,0.0,0.1594307326518109,0.1164723726232974,0.2816906321867924,0.2252313944560047,0.5793001958756203,3.501046102898676e-05,0.1895612409187358,0.2311571901108701,-0.0553523568733677,0.970293142118884,0.3294899386082416,0.1581887426560054,0.4076368071546322,-0.0506302720515654,1.545907475584819,0.163478439970207,0.3562530237468837,-0.0161411853799795,-0.0410797887152126,0.0258903343335427,0.1043093179637018,0.3597751740746213,-0.0964480102809416,0.015576238808354,0
0.0,0.449383,0.46,1.3538016336149563,0.3892286566930261,0.0677,0.1003,0.6751,299683.0,376.0,7.66892,0.2,0.065,0.085,0.0,0.5700000000000001,0.65,0.235,0.6799999999999999,0.735,0.765,0.5,0.55,1.0,1.0,1.0,1.0,845,0.841,0.6085,1.0,1.0,0.0,0.0,1.0,0.0,-0.009826605771488,-0.015447126634866,-0.0052591044632569,-0.015409072361954,-0.0169010145375577,-0.0128378452295906,-0.0171963883755809,-0.0217444177655089,0.136007322809246,1.2949923170511486,0.2183149507028479,0.1528160858582529,0.5872788559479585,-0.0649468468611093,1.413299881599554,0.3907070317539182,-0.0152770681750263,-0.0287209967500944,0.0474922807000063,0.0466839392440494,0.1400621333326157,0.0049492483832588,-0.0016332307393921,0.1219042837985203,0
0.0,0.589394,0.664706,3.206363147534756,0.2927233303399484,0.0142,0.1467,0.0969,10.0,164498.0,6.69714,0.18,0.03,0.02,0.0,0.545,0.44,0.035,0.635,0.715,0.46499999999999997,0.2625,0.3402,1.0,0.96425,1.0,1.0,6327,0.1555,0.22769999999999996,1.0,1.0,0.0,0.0,1.0,0.0,-0.0228865786917778,-0.0606959003516488,-0.0739450290291829,-0.0338649657520377,0.0694760721125771,-0.0281212678967049,-0.0795543757067821,-0.0534669062777913,0.033409973850476,0.736217542942478,0.6850756026585765,0.2969211628335506,0.5751619611765565,0.0530284681499038,1.1262090765470831,0.3823406906084478,-0.0064622950042857,-0.1102129390865091,-0.0784929795322315,-0.0593212134412021,-0.0031250444179667,-0.070006386115839,-0.1196837452738949,-0.0487358717732814,0
0.0,0.468491,0.43,0.5996306908892113,0.6024538281527533,0.1723,0.2018,0.8538,425889.0,145366.0,25.4098,0.19,0.17,0.015,0.0,0.52,0.675,0.07,0.66,0.88,0.69,0.83335,0.22619999999999998,1.0,1.0,1.0,1.0,0,0.5525,0.3035,1.0,1.0,0.0,0.0,1.0,0.0,0.0265582667957619,0.0339017775000653,-0.010667153124783,0.05279946355044,0.0990714891802644,-0.0139035563614208,-0.0256159076283452,0.0559783445439658,0.2819196335558016,0.3304749346099215,0.193278180278632,0.2252429002586212,0.5904972847900147,0.0148378112946362,0.2878769230264789,0.5529947069815354,0.0634236760732546,-0.073889789437672,-0.0532068471980548,0.0228175607707992,0.1217538754672147,-0.0583732030255039,-0.1046848133611157,0.0356078321670532,0
0.0,0.47582,0.46,4.440384757440112,0.1843800047980171,0.0449,0.0947,0.4741,39793.0,1547.0,12.4752,0.25,0.04,0.03,0.0,0.735,0.07500000000000001,0.01,0.865,0.08499999999999999,0.67,0.4524,0.6436,1.0,0.83335,1.0,0.8125,244,0.258,0.0,1.0,0.0,1.0,0.0,0.0,0.0,0.1804538522890715,0.032122686346999,0.3766475897779645,0.0725649727192197,0.195568156039922,0.0271394449026176,0.0439342393475299,0.1483355694810476,0.100138810583312,0.6299864195848908,0.5059322276821119,0.2238835505249613,0.4365478389667045,-0.0368849880088609,1.13615468436639,0.3518647132532037,-0.0704039641171862,-0.071332297044314,-0.0580370414322141,-0.0368472406339454,-0.029341798641295,-0.0511506462820415,-0.0770179642813161,-0.0395163990369803,0
0.0,0.714959,0.458824,1.7856900628950054,0.5593036443074073,0.0419,0.6921,0.0605,54.0,161910.0,11.5034,0.24,0.035,0.045,0.0,0.7050000000000001,0.54,0.0,0.73,0.7150000000000001,0.0,0.2762,0.42045,1.0,0.975,1.0,1.0,284,0.5135000000000001,0.5209999999999998,1.0,1.0,1.0,0.0,0.0,0.0,-0.0107025371320302,-0.0049517758668561,-0.0051785299907693,0.0009862987432945,0.0023014969416818,0.0226793747726083,-0.0051142159273776,-0.0157393432950728,0.1258106178320885,0.0279570056082618,0.790592929330669,0.31341706090492,0.5705704468842082,0.0275392871711831,0.1839055110353874,0.4564871013789163,-0.0069928874218119,-0.0398791099573057,0.0147762608514091,0.0111809738449289,0.075877567592039,-0.012118088557825,-0.0489197429499895,-0.0165705591362769,0
0.0,0.457399,0.58,3.812383413258373,0.2363913660484484,0.0261,0.1532,0.1706,147.0,2213.0,4.80624,0.22,0.04,0.005,0.0,0.695,0.005,0.0,0.81,0.015,0.405,0.37485,0.1111,1.0,0.16665000000000002,1.0,0.16665,2000,0.8719999999999999,0.0,1.0,0.0,0.0,0.0,1.0,0.0,0.2691563558948468,0.1215820614870043,0.2964748714059936,0.1468125593574331,0.2625364157721662,0.1034469356111593,-0.006990766488392,0.21683121350918,0.0962628973235675,0.6711794089354874,0.5393039188985267,0.3328423430910814,0.6240338358027977,-0.0241900959270389,1.1671812512419364,0.3912131638029413,-0.0336933904886983,-0.0543999363164552,-0.0090481042189405,0.0221157846533036,-0.0060611497582844,0.0040115259121246,-0.0830175496500683,-0.0089501628797267,0
0.0,0.543147,0.47,2.862266967319202,0.3536568181245504,0.061,0.1483,0.411,134.0,46068.0,20.6036,0.3,0.07500000000000001,0.02,0.0,0.495,0.52,0.005,0.665,0.73,0.495,0.67915,0.26665,1.0,1.0,1.0,1.0,1302,0.642,0.33,1.0,1.0,0.0,0.0,1.0,0.0,-0.0334564565898695,-0.0640373480430105,-0.0395371663403573,-0.026229123436483,0.0218963653176873,-0.0254422255967291,-0.0790058506013337,-0.0224455501090288,-0.0329226712035548,0.5868061612960158,0.3970604160779581,0.0553971254677076,0.244685123352824,-0.0977634596648943,0.9631783756801422,0.044838866173284,-0.0293749817164606,-0.1174778894317518,-0.1169254160945613,-0.0780264865374194,0.1124435276821975,-0.0623612473862857,-0.1161154684704066,-0.0462456623324103,0
0.0,0.670844,0.5,0.4200975340433603,0.6722806884535792,0.0414,0.2722,0.1519,131577.0,295332.0,13.4469,0.34,0.08,0.015,0.0,0.27,0.135,0.005,0.475,0.28,0.005,0.73,0.2557,0.9375,1.0,1.0,1.0,3553,0.25649999999999995,0.0,1.0,0.0,1.0,0.0,0.0,0.0,0.104906373149341,-0.0830720332067747,-0.0614590221339943,0.0048578132600625,0.0473325193789021,1.3978067736969133,-0.116416939100722,-0.0241410553061,0.7203091946289265,0.239659517830747,0.4512399246520203,0.0910429941711697,0.2582245901272713,1.2676003324275584,-0.0948057722119921,0.1630585314235335,0.2283436765543685,-0.0986186534680447,-0.0772334850577079,-0.0004580620008615,0.0792560415193014,1.0977185101350948,-0.1274767861611219,-0.0259918430691598,0
0.0,0.654528,0.67,1.0385100282977644,0.5765350667222977,0.0343,0.0916,0.3746,34.0,300.0,67.5363,0.56,0.01,0.0,0.0,0.6699999999999999,0.045000000000000005,0.005,0.82,0.045,0.31,0.1114,0.0125,1.0,0.70835,1.0,0.80555,1385,0.4440000000000003,0.0,1.0,0.0,0.0,0.0,1.0,0.0,0.2085681595778614,0.0130918408778824,-0.0808916375242154,-0.0038160399707326,0.1071815879051437,-0.027720720257767,-0.1173842517307385,-0.0329615467405283,0.3914246149212624,0.2518475546629618,0.7901070687785045,0.3778917693788123,0.7974640707708734,-0.0519260424902182,0.375749791753604,0.3592436302125941,0.0373191397626164,-0.0691811705561284,-0.0566344539909446,-0.0702049664557758,-0.0375549038546215,-0.0261660087357581,-0.0955824760771593,-0.0468301285263404,0
0.0,0.524485,0.58,2.7079585184672905,0.5442660295591353,0.0158,0.1877,0.0844,1290.0,845.0,7.66892,0.56,0.05500000000000001,0.02,0.0,0.13,0.515,0.0,0.19,0.62,0.7050000000000001,0.56855,0.24555,0.6875,1.0,1.0,1.0,0,0.0,0.2855,0.0,1.0,0.0,0.0,1.0,0.0,-0.0886188015890112,-0.0901755625527092,-0.0895865946316673,-0.0733467778524945,-0.1018753399792857,-0.0747178876940999,-0.1122992796847381,-0.0605872912791066,0.4424820142941836,0.7797875235264954,0.2001357760161735,0.1685826744768863,0.3469809212963027,0.0040095406232908,0.8271939835983936,0.1469918551924591,0.3733145103058603,0.0479658290666141,1.0102704198312844,0.5129804893012181,0.90846252491745,0.0738521937809868,0.6254685847694156,0.6558395583398298,0
0.0,0.490714,0.65,3.730485559499675,0.3187441169519527,0.0952,0.2089,0.4557,27153.0,961.0,5.72536,0.56,0.04,0.03,0.0,0.31,0.75,0.0,0.495,0.9299999999999999,0.395,0.30715000000000003,0.31665,0.95455,1.0,1.0,1.0,2234,0.309,0.8079999999999999,1.0,1.0,0.0,0.0,1.0,0.0,-0.0246572065389857,-0.0303479177802033,-0.0151182816610057,-0.0137621705292519,-0.0323406383159063,0.0158712990492697,-0.0563098690442019,-0.0097105755172996,0.1079937646488735,0.4751781359705855,0.9021466084494036,0.2884833534811108,0.5447320145531895,-0.0521785776041388,0.989770738631807,0.3193065692285246,0.2923206741728115,-0.0588006571334606,-0.0237286859247053,0.0252986899524402,0.1804199439245202,0.0136824735991486,-0.0649557995655758,0.0968863772885949,0
0.0,0.432099,0.405882,0.0,,0.1628,0.1262,1.2903,100184.0,78189.0,30.2161,0.56,0.01,0.01,0.005,0.755,0.75,0.78,0.91,0.89,0.875,0.17855,0.07775,1.0,1.0,1.0,1.0,1218,0.96,0.0,1.0,0.0,0.0,0.0,1.0,0.0,-0.0798660586662623,-0.1288278668180784,-0.0992161274067836,-0.0761806044894043,-0.1015961194789313,-0.0573075865705508,-0.1273589505022634,-0.1152947007024475,-0.065432789950928,-0.0931011650239311,-0.145675557675461,-0.0693112872368169,-0.1070013350746122,-0.0880769584066581,-0.1108567661807807,-0.0779044971792179,-0.0491338752338454,-0.0503058484406601,-0.0420063675807804,0.0163932579706425,-0.0388796200157094,0.0136038605145126,-0.0701636890652416,-0.0050791976165471,0
0.0,0.635417,0.511765,0.506859410011843,0.7198132024703761,0.0982,0.3592,0.2735,116040.0,3262.0,9.10026,0.56,0.035,0.02,0.0,0.78,0.08,0.0,0.915,0.2,0.0,0.29164999999999996,0.2986,1.0,0.8160499999999999,1.0,0.9896,1472,0.2415,0.0,1.0,0.0,0.0,0.0,1.0,0.0,0.2006082481638665,0.0419731545473689,-0.0360284296738884,0.0229599472033326,0.1587329946951257,0.016093748452821,0.0160191333359125,0.0050753723609363,0.4760977728602911,0.1307590576467636,0.499087994922058,0.1124432032545935,0.4365349203581902,0.0678343230999297,-0.0699661066628023,0.5431887399389008,0.0515766555585449,-0.1047539020973737,-0.0549104480029122,-0.0514299455139837,0.0196438384571448,-0.0153333039000101,-0.1349585504021514,-0.035357877656323,0
0.0,0.510484,0.45,2.975109148327826,0.1516511615452535,0.04,0.1099,0.3642,311278.0,53210.0,11.5034,0.57,0.035,0.015,0.0,0.75,0.5449999999999999,0.02,0.85,0.72,0.77,0.2662,0.1617,1.0,0.97915,1.0,1.0,1161,0.4425,0.0,1.0,0.0,0.0,0.0,1.0,0.0,-0.0337356302365543,-0.0423875234816642,-0.0534512841961643,-0.0309701571412082,0.0546411333953855,-0.0366916645549749,-0.0813448635802058,-0.0272399901992919,-0.0898995931509689,0.9338478521601732,0.3964773466397187,0.2229078233764244,0.3546888783862928,-0.0698622718193182,1.475258149475494,0.2907003437726793,0.0012770124364647,-0.0335889693463789,0.0126393956664414,0.0614167469930726,0.0829369418156973,0.0227558566693552,-0.0309710697717543,0.0728714922872859,0
0.0,0.535549,0.58,2.326512460003136,0.2821575304313741,0.03,0.106,0.283,36.0,55969.0,10.5316,0.57,0.035,0.0,0.03,0.825,0.045,0.07,0.915,0.49,0.15000000000000002,0.3032,0.0505,1.0,0.57735,1.0,1.0,0,0.8734999999999999,0.10149999999999998,1.0,1.0,0.0,1.0,0.0,0.0,-0.048808289711667,0.6674002646590503,0.0672987576311831,-0.0428998925774063,0.0133855703290407,-0.0234974543409366,1.0086051963262284,-0.0669647330185987,0.1438286122742603,0.5285525618266871,0.4653703579988416,0.1946051571229124,0.4686370059692633,-0.0078993221458755,0.8622106382318989,0.3321067148869024,-0.039825885708283,-0.0926901255794164,-0.0899305556218635,-0.0378295658536913,-0.0357826091677633,-0.0098566651892732,-0.1023477991848822,-0.0335100631946241,0
0.0,0.734921,0.46,0.0632892918457903,0.9680452260589636,0.0835,0.0725,1.1519,62081.0,41741.0,8.6407,0.61,0.045,0.01,0.0,0.45999999999999996,0.59,0.0,0.5349999999999999,0.64,0.0,0.4484,0.19440000000000002,1.0,1.0,1.0,1.0,2246,0.04449999999999999,0.0,1.0,0.0,0.0,0.0,1.0,0.0,0.140425522140995,-0.0386551435080469,-0.0255222653464878,0.0127451028836976,0.0360367586338602,-0.0174521935562113,-0.07437669205282,-0.0281545908901804,0.0946838290942523,0.0210215490159627,0.1645374225030839,0.0260173129610614,0.046845704194528,-0.003770790559918,-0.0078630965699364,0.0349541117246094,0.3273669998919978,-0.113579901286416,-0.0940888096542068,-0.0357171712256936,0.0405885970652715,0.0399242218878623,-0.135181081339863,-0.0381346657432497,0
0.0,0.466826,0.58,4.9763300351547,0.2391974875788728,0.0184,0.1341,0.1369,192366.0,29222.0,8.6407,0.62,0.03,0.03,0.005,0.655,0.060000000000000005,0.045,0.785,0.155,0.75,0.23215,0.65945,1.0,0.70835,1.0,1.0,5206,0.41850000000000004,0.09179999999999998,1.0,1.0,0.0,0.0,1.0,0.0,0.7576361615387579,0.4760018490659411,0.1221835022854583,0.0240629504623427,0.2206588108410905,-0.0435364964622478,-0.0908928631859844,0.2404914102226795,-0.1620527778390079,1.3430394702343005,0.2406690214295572,-0.0122189715503625,0.1830233031304552,-0.0678860366991279,1.839802055444811,-0.0589647920656975,-0.0471971089376172,-0.0706324242110408,-0.0338977236412202,-0.0426433494809424,-0.0182388857072258,-0.0236196234303613,-0.0899520450707624,-0.0544250984855244,0
0.0,0.560146,0.55,2.657164164703142,0.438485899875165,0.0138,0.1602,0.0859,3148.0,5946.0,23.9785,0.62,0.025,0.125,0.0,0.08,0.28500000000000003,0.005,0.16499999999999998,0.49,0.365,0.52085,0.9167000000000001,0.9375,1.0,1.0,1.0,28,0.08150000000000002,0.04,1.0,0.8,0.0,1.0,0.0,0.0,0.672639368121627,0.2914689052529426,0.0285681679299114,0.1443798934012094,0.2985254353144269,-0.0139931851765271,-0.0139949442475692,0.0895056416112425,0.7178551676529953,0.4896390182403577,0.9822615169245824,0.52248236729622,0.8240134640148458,-0.0274072424561067,0.4238531709347061,0.7591201668909154,0.0828931184580964,-0.1083713919964794,-0.059720581881267,-0.0298423549390534,0.0793277334506322,-0.0093599166743262,-0.1029733789394478,-0.0505471552029391,0
0.0,0.448802,0.6,2.077003774193748,0.4488113852998502,0.0278,0.1109,0.2503,23781.0,115215.0,14.3661,0.6,0.02,0.025,0.03,0.41000000000000003,0.845,0.1,0.51,0.915,0.38,0.30635,0.25,1.0,1.0,1.0,1.0,0,0.32599999999999996,0.23399999999999999,1.0,1.0,0.0,1.0,0.0,0.0,-0.0670646568844825,-0.0865260324962158,-0.080712382811031,-0.0187582228364556,-0.0679490265242907,-0.0327741148741092,-0.0984718064585147,-0.061058995189052,0.4577348546830201,0.5197121104716799,0.2666183458483829,0.1062276152257337,0.3097203789252515,-0.0215732781985162,0.2776169446000127,0.2529478853584071,-0.0193644646444515,-0.1253278991697391,-0.0450105550100439,-0.0974414161221161,-0.0394502677819219,-0.1066319958800987,-0.1530219839464039,-0.0404091348039472,0
0.0,0.57977,0.58,1.6326916311978634,0.7219029010938369,0.0518,0.3694,0.1403,493.0,231.0,6.23758,0.59,0.155,0.015,0.0,0.235,0.675,0.02,0.405,0.845,0.225,0.70855,0.1044,1.0,1.0,1.0,1.0,0,0.10900000000000003,0.028499999999999998,1.0,0.57,1.0,0.0,0.0,0.0,-0.0789642332683575,-0.0752823647732878,-0.0469213505005226,-0.0706382213814189,-0.076911800917214,-0.0442466637197483,-0.0899132790399729,-0.0720730889336389,0.7983617725848764,0.4399937477039513,0.343591746305374,0.2090353846290321,0.4667676790052393,0.2802960642360519,0.3191564435491744,0.2852717301297419,0.2933508925476618,0.0113035954117028,0.0186409568505316,0.0509474067726516,0.1655021194912531,0.069052720005542,-0.0447165560446175,0.1447127348338565,0
0.0,0.661629,0.56,0.4488389949802878,0.8564876159751178,0.0232,0.3887,0.0598,388733.0,1131.0,9.55982,0.54,0.04,0.09,0.0,0.385,0.69,0.0,0.64,0.875,0.0,0.307,0.45809999999999995,0.95,1.0,1.0,1.0,1604,0.618,0.0,1.0,0.0,0.0,0.0,1.0,0.0,0.4682064742622546,0.0993718485357287,0.2793223937225049,0.1575352308690976,0.2948968558807928,0.3398059949586639,-0.0676112139310313,0.1967534387870326,0.6200268952771555,0.1878702811612054,0.5985824705315785,0.2035785856449526,0.33311424856992,0.1606966974450535,-0.0635592612334693,0.3101089802461586,0.2379964636678238,0.0085088533376261,0.124394909475928,0.0450011678262225,0.061639408189963,0.0834853883123964,-0.064291287547171,0.0533777125570161,0
0.0,0.681197,0.5,1.06313692775593,0.6845124086854204,0.0381,0.4444,0.0857,309883.0,1191.0,9.55982,0.54,0.025,0.05,0.055,0.675,0.15000000000000002,0.47,0.835,0.255,0.64,0.1781,0.29879999999999995,1.0,0.8571500000000001,1.0,0.95835,3613,0.11849999999999998,0.0,1.0,0.0,0.0,0.0,1.0,0.0,0.2400341820188248,0.0062604597023771,0.1292898865919534,0.0419492096312652,0.0600347141839272,0.0741560514719074,-0.0687387580307435,0.0469424401444326,0.6007543001515884,0.1059543442445296,0.3570513808728314,0.1226569476601636,0.3017693418749635,0.5507628566323477,-0.1136268269952837,0.171963370827628,0.0072857367625294,-0.0760815047830613,-0.0354191237779691,-0.0060419396324402,-0.0323866213623585,0.4370172773624589,-0.0994423862960708,-0.0128982028967915,0
0.0,0.721169,0.69,1.3533456920665945,0.6758051636349119,0.0347,0.4179,0.0831,49.0,747.0,102.099,0.47,0.11000000000000001,0.035,0.11499999999999999,0.645,0.6,0.24,0.71,0.7949999999999999,0.185,0.88825,0.3328,1.0,0.92855,1.0,1.0,1564,0.254,0.0,1.0,0.0,1.0,0.0,0.0,0.0,0.3955306797533497,-0.0061788946703281,-0.0133594053695892,0.074565929648324,0.0753774681882498,0.4158524144169571,-0.103878470798104,0.0208497376989611,0.0657999623459809,0.0232663909875497,1.1115655538098983,0.3756365318007842,0.6015876443088288,0.0229147674759968,0.2054066396459893,0.6216975803283995,0.068489231122648,-0.1104791422006888,-0.0902205213713886,0.0598235540776906,0.2514658010498963,-0.0328456160802971,-0.1216208043500207,0.0753121201599332,0
0.0,0.46824,0.58,4.368874573928408,0.2656155280195257,0.0136,0.1137,0.1192,39.0,77142.0,14.8783,0.44,0.02,0.025,0.0,0.7050000000000001,0.575,0.0,0.755,0.6950000000000001,0.665,0.26665,0.43495,1.0,1.0,1.0,1.0,2605,0.0,0.040999999999999995,0.0,0.82,0.0,0.0,1.0,0.0,-0.0776355769207694,-0.0728032097341443,-0.095122351938083,-0.0394959754014463,-0.0747743174892127,-0.0244812705975206,-0.115345423581867,-0.0834427106353476,-0.0831793739882657,0.7737748406071655,0.5229903758652042,0.3822965831288021,0.6379383972337072,0.011330269331321,1.259721048117039,0.2810594024204527,-0.0206842467957693,-0.1112127412833692,-0.0907473633310653,0.0281114151210035,0.0619926261827163,-0.0340725282403288,-0.1362399271805957,-0.0168822722427229,0
0.0,0.509456,0.57,4.092057054767109,0.2182309631741412,0.0286,0.1213,0.2361,125.0,443207.0,34.4575,0.33,0.035,0.02,0.02,0.815,0.43,0.01,0.86,0.485,0.35,0.56945,0.2789,1.0,1.0,1.0,1.0,400,0.0,0.0,0.0,0.0,1.0,0.0,0.0,0.0,-0.0215047000529397,-0.0321509678989126,-0.0115477930197371,0.0419798273546829,-0.0311960536326983,-0.0182215747717255,-0.0499489876307369,-0.0294164814964937,-0.015129086798596,0.5243697382569239,0.707231924221229,0.1915034979455407,0.4398345835620553,-0.0368268832670049,1.0462875822961777,0.291113920260373,-0.0823121206340115,-0.1030740314977086,-0.0827768600251315,-0.0333894458469763,-0.0123560986842673,-0.059761375988916,-0.114544533947733,-0.0557375775917749,0
0.0,0.43662,0.67,2.125441611393519,0.5034744757079044,0.0489,0.0559,0.8748,459.0,65018.0,15.7974,0.32,0.07,0.02,0.005,0.65,0.625,0.025,0.755,0.65,0.63,0.53765,0.2004,1.0,1.0,1.0,1.0,399,0.0785,0.0021,1.0,0.24,1.0,0.0,0.0,0.0,-0.0664681781563661,-0.0659484837302964,-0.0671627019517196,-0.0463933725280512,-0.0881765159014565,-0.049602227383146,-0.1020488693426711,-0.0715409284194385,-0.0279068652566767,0.9590604554857866,0.2175434717075289,0.0502772328329294,0.311218629846471,-0.1276971787065082,1.4057566671170272,0.1675144070473723,0.0613991479838033,-0.0440710966650402,-0.0580606518019172,-0.0466495210759323,0.0184062368590161,-0.0071676375956646,-0.0658742333285687,-0.012861768591391,0
0.0,0.520924,0.53,6.026464635244675,0.1632226923530726,0.0123,0.199,0.0616,1071.0,2516.0,18.6601,0.32,0.1,0.07,0.0,0.6000000000000001,0.64,0.0,0.815,0.76,0.59,0.8167,0.6576,1.0,1.0,1.0,1.0,339,0.5490000000000003,0.0,1.0,0.0,0.0,1.0,0.0,0.0,0.1446804236061855,0.0229350812144398,0.5094346021267901,0.172497603536177,0.4230160278038907,0.0012009497103157,0.3027348009021914,0.4233706268654741,-0.012139044463575,0.7624293352314769,0.4737546755321909,0.2352071721756979,0.4995215454764999,-0.0064267358172376,1.2689747039829524,0.3682593358572698,0.1447393936318353,-0.0370704387931852,-0.0025600302197136,0.0752969784993184,0.3173344774007227,0.007900859604439,-0.0695343231430713,0.104470688680547,0
0.0,0.63252,0.61,5.375467096645668,0.1748734434884587,0.0018,0.5487,0.0032,28.0,2324.0,11.5034,0.31,0.035,0.01,0.0,0.5900000000000001,0.02,0.0,0.63,0.4,0.0,0.575,0.17085,1.0,0.7717,1.0,1.0,2789,0.0725,0.0,1.0,0.0,1.0,0.0,0.0,0.0,-0.0456968491152811,0.4137823828487503,0.550760491856472,0.2734664355213294,0.4616820960401016,-0.0117687798231939,0.931176867183254,0.1289392000071877,0.0450096085612991,-0.0259055972101355,1.7023459724980832,0.8988435714060623,1.1870807210329382,0.0844346380010179,0.7761233161502293,1.2948111011777583,0.091596689932328,-0.076009848325914,0.1109243018194818,0.1670169406787646,0.4532899259072298,0.0428513943932188,0.003124801218248,0.2988063024142887,0
0.0,0.446714,0.38,2.57162385714957,0.4101231682748595,0.0675,0.0652,1.0349,99252.0,28368.0,27.813,0.29,0.01,0.02,0.005,0.845,0.24,0.1,0.92,0.46499999999999997,0.545,0.11665,0.29164999999999996,1.0,1.0,1.0,1.0,4015,0.059000000000000004,0.1749499999999999,1.0,1.0,1.0,0.0,0.0,0.0,-0.0214569819248705,-0.0221474708234416,-0.0497075677751734,-0.0046820143584524,0.0316327441614242,0.0145757732345235,-0.0817969107930603,-0.0631326786386971,0.0103993356421163,1.0232010863591507,0.0440631921811367,-0.018487505400092,0.298154506432796,-0.0446280310280986,1.2632781922414678,0.047763132479186,0.0036305881844818,0.1741634557259027,0.0212572768434989,0.0109662795620798,-0.0047940744044262,-0.0043176265179189,0.1447172874358904,-0.006038856217923,0
0.0,0.476401,0.5,4.413805881648722,0.2171453765427261,0.068,0.2192,0.3104,86.0,64959.0,31.1352,0.29,0.0,0.01,0.025,0.005,0.625,0.19,0.45499999999999996,0.775,0.705,0.031100000000000003,0.05,0.15555000000000002,1.0,1.0,1.0,860,0.0,0.5835,0.0,1.0,0.0,1.0,0.0,0.0,0.0118539143573244,-0.0233898220547265,-0.0262498608320804,-0.0196639523172773,0.0686291821000504,-0.0146921304396755,-0.0555022155283101,-0.0125135280476479,0.0267129302175132,0.7452793590050522,0.3874624588388168,0.118017623938298,0.3604486303194654,-0.0720408295679434,1.0422943078628113,0.3025980085445249,0.3283596294059622,0.2369238846487489,1.1427455865640248,0.1557660903898036,0.5736154928988092,-0.0213127247865512,0.9956274585116124,0.5012480821373877,0
0.0,0.481203,0.54,2.686819150484404,0.3174329977595345,0.0209,0.0823,0.2542,132617.0,27152.0,36.9133,0.27,0.05,0.025,0.0,0.67,0.745,0.195,0.7,0.815,0.745,0.5238499999999999,0.26665,1.0,1.0,1.0,1.0,0,0.6325,0.1295,1.0,1.0,1.0,0.0,0.0,0.0,-0.0368814612394147,-0.0692810149385109,-0.0829165373984799,-0.0374347972890508,0.0207753628069578,-0.0511865956994929,-0.0718124532980498,-0.0204534172230202,-0.0921484563160474,1.2480735748780252,0.3210185680612661,0.0256501055849274,0.1413995334080046,-0.0569651044859535,1.6688191873564524,0.0720885158045757,0.0895985808617119,-0.0400402515142442,0.0284630927380966,0.0175167619839463,0.1202579309247842,-6.327165459931168e-05,-0.0633127040786607,-0.0033986943666621,0
0.0,0.459221,0.44,4.785214876590822,0.2949664098694038,0.0153,0.1005,0.1521,124586.0,1612.0,11.9629,0.25,0.07,0.01,0.005,0.73,0.115,0.235,0.91,0.355,0.8,0.7686999999999999,0.1068,1.0,0.80955,1.0,1.0,0,0.59625,0.0,1.0,0.0,0.0,0.0,1.0,0.0,0.2751841310163485,0.0347434671133504,0.2913093033853898,0.1149576358130696,0.1901352190659457,0.0718807118840761,0.0022203021633502,0.1183295230651878,-0.1504226890855411,1.4817262438298484,0.2997687553674371,0.0489845641435838,0.1019927722543754,-0.0507789231662208,1.9563846460748,-0.0122642239625798,-0.0449211219680459,-0.0735304033807799,-0.0310352033250159,-0.016563425277525,0.0210775105644525,-0.016933764270305,-0.0609317011856872,0.0073171557885289,0
0.0,0.721612,0.62,1.6002324761749167,0.5688383828392007,0.0538,0.212,0.254,97.0,1182.0,107.365,0.22,0.015,0.035,0.005,0.44999999999999996,0.7,0.005,0.5700000000000001,0.895,0.045,0.252,0.42145,1.0,1.0,1.0,1.0,299,0.0,0.1895,0.0,1.0,1.0,0.0,0.0,0.0,-0.0332382021655794,-0.045240906296114,-0.0132470990790391,-0.018630513250674,-0.0321152934008616,-0.0275040960351248,-0.0561646604886933,-0.0375925786122917,0.3699579934868928,0.1371292075572711,0.3954429532820455,0.4323118159590908,0.8230540683612461,0.033447567793096,-0.0139307143687985,0.4420746024698249,0.1102725714942394,-0.0556343958829329,0.0426150473314483,0.0013304958256206,0.1152561869151314,0.0164746535395619,-0.0863271341014547,0.0107895555553498,0
0.0,0.570858,0.582353,2.149143570244332,0.574185777726418,0.029,0.161,0.1804,1182.0,73072.0,51.7388,0.22,0.21000000000000002,0.045,0.0,0.5800000000000001,0.14500000000000002,0.0,0.595,0.38,0.08,0.85065,0.38215,1.0,0.89585,1.0,1.0,3129,0.338,0.17700000000000002,1.0,1.0,1.0,0.0,0.0,0.0,0.3008540413697863,0.150762424611999,-0.022742412768129,0.0149143702024037,0.1271903999536609,0.0003407964442805,-0.0356307786939904,0.0668009826165821,0.6361786672680447,0.3335971128128244,1.1979782920566595,0.2935265355758059,0.7394526391663766,-0.0050794489092539,0.7019704839028694,0.5332968007581349,0.1463326524222162,-0.0001274543001323,0.1612661073772653,0.1063759505064987,0.3941664389939341,0.0185479613506418,-0.0715108831949165,0.4634558132387638,0
0.0,0.453511,0.447059,3.470947676023639,0.2393056437365813,0.0071,0.1235,0.0578,59.0,61667.0,17.741,0.57,0.045,0.02,0.0,0.55,0.605,0.14500000000000002,0.6799999999999999,0.72,0.785,0.48750000000000004,0.2229,1.0,1.0,1.0,1.0,306,0.2785,0.7309999999999998,1.0,1.0,1.0,0.0,0.0,0.0,-0.0751080120556576,-0.1046323633929682,-0.0831639064185028,-0.0832844166183742,-0.1050138750812479,-0.1003811079925725,-0.1318025951814459,-0.104142182448224,-0.1661863264987768,1.5592635415093394,0.2855975807708619,0.1499151499373489,0.2463699108023916,-0.0216183164888151,1.976522673147714,0.1263762264256341,-0.0864287849695396,-0.1242223181802145,-0.0985173617849561,-0.0548826812368566,-0.1048233105348605,-0.0279535808644917,-0.1210950769144741,-0.0559050172163907,0
0.0,0.717475,0.57,0.1209768942851188,0.972691280603298,0.0278,0.2131,0.1306,217897.0,1958.0,10.5316,0.71,0.005,0.03,0.0,0.195,0.11,0.0,0.36,0.195,0.0,0.05595,0.30274999999999996,0.9083,0.9312,1.0,1.0,5746,0.0,0.0,0.0,0.0,0.0,0.0,1.0,0.0,0.3074446495702684,0.0271955371632867,-0.0187170786916982,0.0128589068617439,0.0356532571205851,0.2040897925582244,-0.1025318282129407,0.0176554413493957,0.3346047107995881,0.1631227027847975,0.3421513949248006,0.0381275972430989,0.0997350133995378,0.3825614958354573,-0.0349827220431768,0.0600796007272918,0.4228602419130303,-0.0033083887061847,0.0353995048913046,0.0084357661727686,0.1142545129642549,0.596719822394458,-0.093132156980445,0.0183050764836965,0
0.0,0.542838,0.370588,1.0107077074726047,0.6444610849142023,0.1222,0.1999,0.6111,469331.0,75516.0,10.5316,0.72,0.025,0.025,0.0,0.81,0.71,0.0,0.94,0.88,0.01,0.25,0.23809999999999998,1.0,1.0,1.0,1.0,2118,0.272,0.201,1.0,1.0,1.0,0.0,0.0,0.0,0.0776199592798469,0.0023134417004421,-0.06054332442406,0.0096819477762743,0.0781279669806873,0.001246834957702,-0.0700832137681516,0.0657089573070378,0.6649431325458036,0.1886445294286496,0.9164065068344698,0.2605065556655986,0.9195983131529536,-0.0113001008527163,0.2109579015653423,0.966902239499263,-0.0041731209581494,-0.024710915149045,0.0395034836489235,0.0070348507833615,0.0440559963163358,-0.0248171497442502,-0.0329055539449076,0.0795586942013434,0
0.0,0.449959,0.44,4.622271587881382,0.236383036646803,0.0278,0.166,0.1673,386471.0,156083.0,10.5316,0.73,0.01,0.01,0.0,0.6599999999999999,0.6950000000000001,0.07500000000000001,0.8500000000000001,0.81,0.76,0.1262,0.14995,1.0,1.0,1.0,1.0,0,0.046,0.04590000000000001,0.71,1.0,0.0,1.0,0.0,0.0,-0.0654805953850201,-0.1143109805436516,-0.0800579566221823,-0.081868838856045,-0.0218887048412353,-0.0800377236113908,-0.1230831936588609,-0.0990545957814657,-0.0108237634078737,0.7499277321287964,0.2717337148380655,0.1630553173105487,0.306603486230346,-0.0262833133190621,1.1518707841602596,0.1526793670897078,-0.0995823619226402,-0.1212578729468149,0.0152703223396299,-0.0332615596665431,0.0096289236243457,-0.0747561834612998,-0.1142110921226664,-0.053799670288882,0
0.0,0.490316,0.4,4.295934535347191,0.215930806285258,0.0043,0.1694,0.0252,172220.0,265807.0,11.5034,0.55,0.01,0.015,0.0,0.525,0.53,0.0,0.875,0.685,0.47,0.10414999999999999,0.1616,1.0,0.97915,1.0,1.0,825,0.3739999999999999,0.1900000000000001,1.0,1.0,0.0,0.0,1.0,0.0,-0.0625950330041036,-0.0694570202165133,-0.0538287877840049,0.0166353760762459,-0.0649726453810918,0.0103299967970501,-0.07093224681178,-0.0443446510296088,-0.0269334464142846,0.4840935197770924,-0.026682836462402,0.0660766093731415,0.2020470035037476,-0.019787559174803,0.3751584321862834,0.0527111614913145,-0.0293629459265153,0.3918011762019133,-0.0164986189955458,-0.041339362357695,-0.0096679299274433,-0.0227037600195398,0.3742113911707877,-0.0285243345899567,0
0.0,0.619048,0.42,7.045555940328556,0.1764814705596566,0.0105,0.348,0.0302,10.0,435153.0,11.5034,0.55,0.08,0.03,0.01,0.795,0.47,0.15,0.87,0.735,0.585,0.8333,0.2456,1.0,1.0,1.0,1.0,0,0.0,0.2825,0.0,1.0,0.0,1.0,0.0,0.0,-0.0060573687957634,-0.0393386457532217,-0.0150275176406317,-0.0213960458519343,0.0017174245077621,-0.0171925274346238,-0.0647082710235675,-0.0285110105058366,-0.0174465311891411,0.3796322757585397,0.5553922170800608,0.259022991685911,0.4735601356674853,-0.0268530864722976,0.6612328849689593,0.2969453902214032,-0.0627418910687064,-0.0621002257288033,0.0090569318870561,0.0287165527850661,0.0226201063613954,-0.0058974897280365,-0.0568848703433165,-0.0070382288187193,0
0.0,0.424429,0.63,0.6606977493101088,0.8232981757669201,0.0199,0.1162,0.1716,155816.0,1211.0,7.20936,0.54,0.03,0.08,0.005,0.46,0.5,0.02,0.47,0.655,0.61,0.56105,0.59585,1.0,1.0,1.0,1.0,6504,0.16549999999999998,0.6170000000000001,1.0,1.0,0.0,0.0,1.0,0.0,0.3013865614452666,-0.0364151181510405,-0.0734182053234483,-0.0312742634883412,0.1316760000104072,-0.0293249045525956,-0.105918869880587,0.0332540906725281,0.8076502798678623,0.954192763004405,0.2497271873394956,-0.0737892280844731,0.1498015915041508,-0.0936708342862383,0.6941498081292173,0.1940591979493396,0.139818916763922,-0.0965903580249193,-0.0698317861596849,-0.0488592950747717,0.0555517472399299,-0.0479963598130612,-0.0996424379035274,-0.0267401286827979,0
0.0,0.732975,0.62,2.507936122383932,0.5612901523226044,0.0191,0.2958,0.0645,155.0,362.0,10.5316,0.53,0.05,0.025,0.065,0.715,0.83,0.155,0.85,0.9,0.215,0.5,0.375,1.0,1.0,1.0,1.0,94,0.0,0.94345,0.0,1.0,0.0,0.0,1.0,0.0,-0.0515947000604759,-0.0901411181449048,-0.0897299573901447,-0.0683701711400616,-0.0837748054428581,-0.0625635716602604,-0.0946498320102345,-0.09119884856237,0.3223995539203709,0.0181466850494993,0.1764043507718253,0.0701471212865298,0.2352444879283014,0.0057067854782605,-0.0819475881216452,0.0861931017849315,0.3800656662985217,-0.0189353451034676,-0.0083177571836036,0.0987870096103757,0.2006824158654652,-0.002019245394813,-0.0735691300481633,0.0852168352571092,0
0.0,0.673725,0.66,0.1498987177978992,0.955285702531803,0.0454,0.458,0.0991,109183.0,1220.0,17.2288,0.53,0.06,0.085,0.0,0.245,0.32,0.0,0.35,0.625,0.0,0.7777499999999999,0.47595,1.0,1.0,1.0,1.0,0,0.1365,0.321,1.0,1.0,0.0,0.0,1.0,0.0,0.2933320201799236,-0.0482298113544102,-0.063681252392929,-0.0101211736478104,0.0241454438325303,1.0546115423689286,-0.0822545490085494,-0.0121299173972954,0.8320352475257012,0.1841246225969207,0.2288826349137838,0.0518158764320747,0.0905028412491007,1.3637609942979507,-0.0894403722862947,0.0358722424379049,0.4751919902052675,-0.0836442696811989,-0.0339323598909656,-0.0192093202867386,0.046650564105514,1.16188799577758,-0.1106683386397653,-0.0030791267379315,0
0.0,0.463935,0.62,3.521072114699327,0.2507482601401007,0.0397,0.0894,0.4438,96.0,231.0,9.10026,0.56,0.14500000000000002,0.18,0.01,0.55,0.165,0.08499999999999999,0.735,0.395,0.545,0.91855,0.83335,1.0,0.875,1.0,1.0,3782,0.40460000000000007,0.0,1.0,0.0,0.0,1.0,0.0,0.0,0.5079415394173431,-0.0727545384855987,-0.0928892661136286,0.0942000862615199,0.2161358217094457,0.0239771860991619,-0.1031116148645523,0.1096739482095986,0.454318500143924,0.9471352875558734,0.3607433813137325,0.2132039266978512,0.557219383796257,-0.0481950301073439,0.9909384670431696,0.3386866624036533,0.1594013865261806,-0.0597336559015476,-0.0392978136183712,0.0476718145542703,0.1980915842475208,0.0171626769437131,-0.0682408585017533,0.0505636996288172,0
0.0,0.438861,0.52,2.1745040405078884,0.5540547885258013,0.0231,0.1065,0.2167,518.0,647.0,11.5034,0.57,0.02,0.005,0.0,0.635,0.16,0.01,0.7150000000000001,0.2,0.535,0.29164999999999996,0.09190000000000001,1.0,0.94335,1.0,1.0,2607,0.07550000000000001,0.06499999999999999,1.0,1.0,0.0,0.0,1.0,0.0,0.3325506118761226,0.1022523791027703,0.6162808752825538,0.1784828232778676,0.45845255294121,-0.0363436974700074,0.2201553940714878,0.3822795608322735,0.1461920015306788,0.7327804037962251,0.6021962440090574,0.3709990361200734,0.7165679872616935,0.0343277049205681,1.2669048263817924,0.512589002450945,0.1811008455475142,-0.0912528049487974,-0.050291733805937,0.0215097594513732,0.2225934604934011,0.0266617879962426,-0.0911687371358245,0.0884423352216142,0
0.0,0.514245,0.58,3.214474461486953,0.1938895265989686,0.0125,0.1091,0.1142,184.0,3897.0,6.69714,0.58,0.035,0.01,0.0,0.53,0.6,0.0,0.735,0.775,0.76,0.5456000000000001,0.08335000000000001,1.0,1.0,1.0,1.0,0,0.095,0.317,1.0,1.0,0.0,0.0,0.0,1.0,-0.0852278765297909,-0.0921233794188112,-0.0826428853439421,-0.0806610222114854,-0.0145123783354058,-0.0282770619138055,-0.1132154548516737,-0.0618559334485982,-0.097521882750711,0.8548760675419068,0.4790543801040261,0.4372920735760551,0.6760965755539143,0.0350735340176655,1.0989881322435875,0.3403789995694687,0.0717278016492252,-0.0845492901753229,-0.0419121132861052,0.0307195994577229,0.1887636071432785,-0.0212443961452399,-0.092409672201557,0.0170152702795204,0
0.0,0.71275,0.52,0.008326347492026,0.9435684742018386,0.0186,0.2682,0.0692,214745.0,49427.0,13.9065,0.6,0.025,0.035,0.0,0.65,0.14,0.0,0.825,0.235,0.0,0.33099999999999996,0.42110000000000003,1.0,1.0,1.0,1.0,1956,0.29900000000000004,0.17,1.0,1.0,0.0,0.0,1.0,0.0,0.4713153649139333,-0.0002282336333377,-0.0111488616011349,0.0044222958943313,0.0805567335097715,0.939603788041515,-0.1223304447126945,0.0244617780942653,0.1829516444805324,0.0881008783146399,0.3821363825174246,0.0190945566856393,0.1137297329668387,0.5257685394795145,-0.0282222921289344,0.1690980253421791,0.016086016955222,-0.065424870209715,-0.0332346784552867,-0.0053342629794802,0.0221407266194828,0.6017704282934548,-0.1080333787768672,-0.0389061385443215,0
0.0,0.514056,0.317647,3.299966681891,0.289857509562251,0.0379,0.1531,0.2476,3306.0,52683.0,25.3572,0.59,0.0,0.065,0.005,0.005,0.21500000000000002,0.0,0.435,0.41000000000000003,0.7050000000000001,0.0104,0.4153,0.125,0.9613,1.0,1.0,4979,0.0,0.0,0.0,0.0,0.0,0.0,1.0,0.0,0.3012096637214089,-0.0338003741898325,-0.036806713074572,-0.0239941450177058,0.0943149385209597,0.02041205550453,-0.1316411121419962,-0.0366911970127139,0.2019535908077149,0.6449939512866643,0.0651825937465594,0.1320811474669117,0.301889446610955,0.0470470266833329,0.4756671462595054,0.177907126329642,0.0404423500797592,0.6991180820210661,0.1869454381350245,0.0293413412114155,0.1322255708112739,-0.02935765226734,0.9367643122845424,0.0022615884972529,0
0.0,0.506146,0.51,3.503740312595897,0.6499430759893288,0.0113,0.1337,0.0845,106210.0,208.0,14.8256,0.62,0.065,0.065,0.005,0.39,0.35,0.005,0.595,0.525,0.655,0.41275,0.8125,1.0,0.9375,1.0,1.0,0,0.22899999999999998,0.42449999999999993,1.0,1.0,1.0,0.0,0.0,0.0,0.3201774176214095,0.0036917206227003,-0.0157724325241298,0.0465587676396989,0.2415163924639829,0.0908731586925575,-0.0769197343436883,0.1013022980309717,0.0743134892030156,0.7458164811447284,0.1710408695493253,0.0889977616699773,0.3704693696728972,-0.0285912811537606,0.8744223018720325,0.0768141960185298,0.1721772400179526,0.0717529777236512,0.5944812077520762,0.276285522944749,0.674362816549462,-0.0119783125034214,0.5141822133117928,0.5425646867344847,0
0.0,0.427469,0.61,4.935872057071651,0.1697151418055253,0.0204,0.0996,0.2043,55323.0,49274.0,14.8256,0.63,0.05,0.05,0.01,0.31,0.705,0.065,0.39,0.8,0.525,0.47429999999999994,0.5889,1.0,1.0,1.0,1.0,2375,0.30800000000000005,0.5108000000000003,1.0,1.0,0.0,0.0,1.0,0.0,0.015836126797012,-0.0532572801625262,-0.0905300680190507,-0.0262388785197348,0.009684345008843,0.0108343212910931,-0.0853218780592365,-0.0361708631960747,-0.0398165880704769,0.7644970367558122,0.2727345291038853,0.161722917902647,0.378203442788095,-0.050612967711603,1.1083735704864217,0.2163717845522301,-0.0268914542948147,-0.0297814062405096,-0.0604717241212108,-0.0233856249413469,0.1113158016755346,-0.0684663235418975,-0.0600863749257216,0.0124602574436653,0
0.0,0.519724,0.62,2.930599545204022,0.3747608416953255,0.0523,0.1441,0.3632,37.0,71999.0,13.4469,0.66,0.055,0.015,0.0,0.815,0.73,0.39,0.885,0.895,0.6399999999999999,0.6670499999999999,0.2333,1.0,1.0,1.0,1.0,0,0.026500000000000003,0.8030000000000002,0.53,1.0,0.0,0.0,1.0,0.0,-0.0474647416026123,-0.0431696179284152,-0.0448569933007284,-0.0466027689326117,-0.0128276610922512,-0.0113066378024037,-0.076851503878666,-0.0382427384956703,-0.0773413578031739,0.6450365174713275,0.1643990966387221,0.033849343687151,0.0857176178873665,-0.0557713775212265,0.7289781000620759,0.0275858389073711,-0.0094961121904734,-0.0234799207144438,-0.0030172172934893,0.0048985256397955,0.0227033464634722,0.0033827451567902,-0.0307450942055451,0.0326558696168645,0
0.0,0.420114,0.62,1.3075603014885389,0.4417055427550986,0.0361,0.1167,0.3098,30.0,317271.0,27.813,0.69,0.025,0.01,0.01,0.605,0.5349999999999999,0.25,0.78,0.715,0.665,0.1706,0.19335,1.0,1.0,1.0,1.0,857,0.0,0.034499999999999996,0.0,0.69,0.0,0.0,1.0,0.0,-0.0574078448118382,-0.0570849622614082,-0.0576153267999919,0.0353181197257707,-0.0577808388204876,-0.0214943222463669,-0.0913644960419497,-0.0352188496106556,0.0369626326538107,1.2591896161932077,0.1872674439165074,0.1066965595488341,0.2651359952810011,-0.071078218982446,1.3963347800710315,0.1635193577083439,-0.0155813447002366,-0.028732793909549,-0.026825361924157,-0.0170331627753711,0.04218442774575,0.0162844305440882,-0.039503513337039,0.0262706786272493,0
0.0,0.608491,0.51,0.6591087297188136,0.873125649834741,0.063,0.1386,0.4543,187684.0,138680.0,20.0915,0.71,0.065,0.04,0.0,0.13,0.675,0.0,0.25,0.89,0.035,0.46085,0.3927,0.775,1.0,1.0,1.0,3075,0.035500000000000004,0.6215,0.71,1.0,0.0,0.0,1.0,0.0,0.0003837874814508,-0.0233650481489005,0.0082135237090408,0.0273446913583665,-0.0151469421691317,0.1456000766600134,-0.0340264963200998,-0.0203596939359164,0.701140997184945,0.0594745250885518,0.0196948973114995,0.1860312268697275,0.2848115765196944,1.2271592595883476,-0.1122492106482698,0.0784024754266833,0.7972199534992559,0.044298902490115,0.0654317630449465,0.1423204232183472,0.2256007737842899,1.2018602712527229,-0.0768733033241591,0.0752664232515001,0
0.0,0.609195,0.56,6.714850557967271,0.1510342310805932,0.0084,0.3106,0.0271,11.0,1911.0,31.5948,0.76,0.13,0.01,0.0,0.425,0.09,0.0,0.54,0.585,0.0,0.7639,0.26085,1.0,0.92855,1.0,1.0,5244,0.49805,0.161,1.0,1.0,0.0,0.0,1.0,0.0,-0.1066538367892181,0.5595871133058805,0.5302096150536071,0.1090330850010035,0.2291052562503263,-0.0738324091622778,1.0380878934970648,-0.0279368170927879,0.0485599901737686,-0.0495283112176673,2.066038906077665,0.6315417141618839,0.9649708042627384,0.0410862925767658,1.1535543423108432,0.8321244718975869,-0.0187205556745776,-0.0540946918371119,0.0220257165429865,-0.002702549587556,0.0798387457985169,-0.0010523765850768,-0.0177275432150621,0.059604935964017,0
1.0,0.451193,0.66,4.243196933887463,0.2205234795951026,0.0206,0.1078,0.1911,537.0,678.0,9.55982,0.0,0.02,0.015,0.025,0.845,0.45499999999999996,0.435,0.895,0.575,0.8,0.3095,0.08175,1.0,1.0,1.0,1.0,0,0.0,0.09300000000000001,0.0,1.0,0.0,0.0,1.0,0.0,-0.1038323761864435,-0.1189599663978188,-0.0953741665222003,-0.063415352821882,-0.0963401670182552,-0.0191747064931385,-0.147777802320331,-0.1128652139325448,-0.1717964571395342,1.2473087640897649,0.1460327431387095,0.0130329632739499,0.1165385297473211,-0.0883871032318026,1.665766577529676,0.0028250637396889,-0.0734387009221903,-0.0984000445022901,-0.108483592261444,-0.0751306757822879,-0.0736320459512435,-0.0691744221511171,-0.1154456701183707,-0.059826662336144,1
1.0,0.626707,0.66,1.3435070129971751,0.282154929286622,0.021,0.1534,0.1368,330.0,2367.0,6.69714,0.56,0.035,0.0,0.0,0.6799999999999999,0.005,0.01,0.85,0.655,0.87,0.29164999999999996,0.10085,1.0,0.2,1.0,1.0,4049,0.18705000000000002,0.0,1.0,0.0,0.0,0.0,1.0,0.0,-0.026952963659198,0.6050472398838604,0.0506365259101203,0.0793594818665164,0.2173910157302563,-0.0529275988311452,0.9174665218564442,-0.0058628627598667,0.0786262376632315,0.4546241638251662,0.865314213536321,0.264342165801594,0.471164297052402,0.0330717862198854,0.7728565639714424,0.3809330118052882,0.0103845542178462,-0.0838525718994463,0.003498577027923,0.0206879963013811,0.123844682883642,-0.0277807814575508,-0.0908044826887171,0.0658264048268541,1
1.0,0.450476,0.6,3.364641684291632,0.1822544367151001,0.0208,0.1568,0.1326,1.0,4535.0,46.5258,0.64,0.035,0.02,0.01,0.355,0.56,0.24,0.33499999999999996,0.6799999999999999,0.755,0.35085,0.24105000000000001,1.0,1.0,1.0,1.0,0,0.03685,0.6705,1.0,1.0,0.0,1.0,0.0,0.0,0.0871987857634334,-0.0197602884845596,-0.0381159670052955,0.0548135634599864,0.0441064919818182,0.0258366053455635,-0.0676702115967096,0.0059738942283458,-0.1413827679350691,1.307577090510779,0.2794681228170989,-0.0456175816123636,0.0911475818732141,-0.0655694619024565,1.620039122258922,-0.0597070331878123,0.2323890213361535,-0.0773316898401489,-0.0738625121212955,-0.047137698959165,0.0466694987561145,-0.0045258406312207,-0.0933987699535249,-0.0272342791501678,1
1.0,0.667638,0.47,1.954920541969955,0.7675198205933554,0.0441,0.7913,0.0557,146.0,549.0,53.1702,0.64,0.025,0.05,0.0,0.6699999999999999,0.5349999999999999,0.0,0.78,0.705,0.0,0.18295,0.5492,1.0,0.96425,1.0,1.0,1084,0.4194999999999999,0.6940000000000001,1.0,1.0,0.0,0.0,1.0,0.0,0.0436018287182935,-0.0162421807129177,-0.0025991867197575,0.0310617431730488,0.0658189777644274,0.1233348062115658,-0.0295652301148405,0.0158994139951078,0.3297868787330357,-0.0351999656206982,0.2996805480399273,0.1146196820779294,0.2020899814444854,0.465761178941436,-0.0917430622816878,0.2187352341560248,0.1058734981943189,-0.1040338063768404,-0.0703345141062535,-0.0253718057242417,0.0221451469256738,0.448978737887176,-0.1205608239113352,-0.0287333321715697,1
1.0,0.458006,0.49,3.6687351709037928,0.1905505595531582,0.0409,0.1017,0.4016,217974.0,91081.0,11.5034,0.64,0.045,0.02,0.0,0.8049999999999999,0.8049999999999999,0.25,0.925,0.885,0.785,0.63425,0.16995,1.0,1.0,1.0,1.0,0,0.0,0.39150000000000007,0.0,1.0,0.0,1.0,0.0,0.0,-0.0433812006715702,-0.0817031250627128,-0.0743129855371823,-0.0441535557605681,-0.0896934165194929,-0.0314820354332899,-0.1179870423041777,-0.0513876312976487,-0.2595538738141209,1.3560725200081505,0.1699164014541764,0.0008677089623347,0.0441986980470378,-0.0966797807067168,1.705813854993418,-0.0802761386436217,-0.0144089146199294,-0.0112105371754939,0.0011694517119523,0.0091381219451645,0.011027212686973,-0.0108762860349226,-0.012709129345157,-0.0014261427661335,1
1.0,0.631791,0.54,0.4943270626919686,0.7662017402603183,0.0793,0.1962,0.4042,332144.0,618130.0,10.5316,0.3,0.045000000000000005,0.01,0.01,0.7150000000000001,0.71,0.49,0.905,0.88,0.67,0.3519,0.0889,1.0,1.0,1.0,1.0,0,0.9619999999999999,0.4805,1.0,1.0,0.0,1.0,0.0,0.0,-0.0244398297750976,-0.0762201162892397,-0.0384078944060162,-0.0261122692292906,-0.0350029500034474,0.2562485977019036,-0.1048125194084706,-0.0429235399411869,0.2726327504853522,-0.0652294526791074,0.1321777341558331,0.1015501262416887,0.193528622224478,0.6447760589787666,-0.2045013687613789,0.1124419677427496,-0.003748208751587,-0.0387374579056054,-0.0383517625324604,-0.0150097318806196,0.0220377764562269,0.096530980031093,-0.0665188603992154,-0.0133436313668189,1
1.0,0.473333,0.235294,5.206396840197775,0.2179654848052081,0.0402,0.0768,0.5228,306283.0,233322.0,9.10026,0.33,0.045,0.01,0.0,0.765,0.715,0.005,0.81,0.735,0.515,0.7294499999999999,0.10064999999999999,1.0,1.0,1.0,1.0,11068,0.0,0.30950000000000005,0.0,1.0,0.0,0.0,1.0,0.0,-0.0666015149165399,-0.0716196496938638,-0.0750510616060926,-0.0559092019492445,-0.0411883505375901,-0.025437382974697,-0.0370381587859115,-0.0736982616618243,0.0625190777994072,0.5356045071862244,0.609079732560269,0.2821519534093785,0.4895079561865602,-0.0954843139155555,1.0754309770569983,0.3703818833510119,-0.0567498501938923,-0.071171681800572,-0.0050118226366706,-0.025189276276663,0.0068101931515932,-0.0428782646154286,-0.0699993949938479,-0.025132609096922,1
1.0,0.459413,0.61,5.222799411497351,0.2034564461411954,0.0117,0.0877,0.1335,22.0,98049.0,13.4469,0.32,0.055,0.005,0.0,0.73,0.345,0.005,0.8049999999999999,0.375,0.565,0.375,0.0833,1.0,1.0,1.0,1.0,1130,0.6609999999999999,0.0,1.0,0.0,1.0,0.0,0.0,0.0,-0.0140759627554008,-0.0447469389536892,-0.0464395861438808,0.0028596487535318,-0.0626799437850458,-0.007545760718813,-0.1065741258110804,-0.0107287087405581,-0.080200919129572,0.8879414399588372,0.4470826488387809,0.1966966114084475,0.3212404027289146,-0.0614792566402876,1.4840549977094202,0.2120485351907242,-0.0713651956259333,-0.0977316904243092,-0.0553023046086986,-0.0383784694386538,-0.0372582230281919,-0.0335745281464093,-0.1215003983133329,-0.0609518400527681,1
1.0,0.479891,0.47,3.002224251777732,0.2561663333945747,0.0263,0.1151,0.228,65011.0,464228.0,9.10026,0.33,0.07,0.015,0.005,0.725,0.425,0.275,0.79,0.44,0.86,0.6971,0.1875,1.0,1.0,1.0,1.0,0,0.8080000000000003,0.15850000000000003,1.0,1.0,0.0,0.0,1.0,0.0,-0.0053588808422851,-0.0036580943726831,0.0004238773226572,-0.0007270376834796,-0.0067795521141404,-0.0042475303749067,-0.0062399292809371,-0.0123581819803804,-0.0727887839307665,0.6442271980416516,0.1928264172156175,-0.0032271691403188,0.0672612938386863,-0.064067015301555,0.9148760342406564,0.0642969699279187,0.0256858251157049,-0.0724877479600366,-0.0210708916181041,0.0452070049951616,0.069519490241521,-0.0037825119157101,-0.0846463771263534,-0.0042946353011633,1
1.0,0.437025,0.59,4.886833429668099,0.2312856937136128,0.0573,0.0973,0.5888,75.0,84378.0,23.9259,0.34,0.025,0.02,0.0,0.665,0.49,0.005,0.815,0.7050000000000001,0.66,0.2196,0.34165,1.0,1.0,1.0,1.0,1349,0.3484999999999999,0.4105,1.0,1.0,0.0,0.0,1.0,0.0,0.1010645916172792,-0.0790325493501324,-0.1042897107288239,-0.0751586542181082,-0.0104792303698712,-0.050037742587182,-0.1334354732421647,-0.0646845324345768,-0.0863289890235712,0.743471876118593,0.4482330468794416,0.3107500386043183,0.5939872386583616,-0.0458001134024247,1.244822695900412,0.2710776705572774,-0.0718085554589472,-0.1309386181855857,-0.0652766720378749,-0.0627726548636967,-0.0185095027383456,-0.0212152469739126,-0.111027651598828,-0.0284405706529589,1
1.0,0.458855,0.61,1.8623837288159688,0.520355530345438,0.0562,0.1145,0.4909,208.0,82717.0,15.7974,0.34,0.02,0.03,0.0,0.67,0.85,0.0,0.755,0.95,0.355,0.20704999999999998,0.19995000000000002,1.0,1.0,1.0,1.0,908,0.0,0.6936,0.0,1.0,0.0,0.0,1.0,0.0,-0.0424268173837456,-0.0303485908636017,-0.0393244421828439,-0.0171780689956649,-0.0400532040806179,-0.0225273559417029,-0.046653795027933,-0.0198524137614905,0.1176122588467989,0.6240394158218179,0.6610561357250132,0.5314273047513821,0.9518900268197024,-0.0355062925818121,0.9889522137311976,0.6495828229898637,0.1028594137362687,-0.1012428422227067,-0.0728504723909847,0.0991624245489398,0.3075591267483558,-0.0234731333854488,-0.1092391014599503,0.0593649751477043,1
1.0,0.657068,0.61,2.685816425269765,0.6188691688147916,0.0516,0.3119,0.1653,163637.0,2748.0,11.9629,0.35,0.03,0.04,0.0,0.77,0.61,0.0,0.8200000000000001,0.77,0.0,0.3611,0.4782,1.0,1.0,1.0,1.0,532,0.0525,0.5509999999999999,0.99,1.0,0.0,1.0,0.0,0.0,0.0659110406504942,0.0375052540827812,0.0087151910994133,-0.0188650482275934,-0.0414342693584343,-0.03332692872668,-0.0814289097551355,-0.0720693241562466,0.7269691764024546,0.0515147178280836,1.2854863115390505,0.1176671715292061,0.2239320848997149,-0.0281952656361789,0.3537149638205701,0.1676188881970643,-0.0643919985003523,-0.1249421614088108,-0.0793741197221938,-0.0841431417321383,-0.0749161968018686,-0.069250585769797,-0.1260083467793675,-0.0837483032906935,1
1.0,0.511445,0.52,2.4604628333008804,0.5432100291346984,0.06,0.0962,0.624,622.0,333.0,12.9347,0.35,0.045,0.03,0.0,0.8300000000000001,0.43500000000000005,0.005,0.855,0.675,0.53,0.3867,0.28864999999999996,1.0,1.0,1.0,1.0,2903,0.1423,0.24100000000000002,1.0,1.0,0.0,0.0,1.0,0.0,0.2467038777993284,-0.1375459791070215,-0.1261202018302941,-0.0335166670454911,0.0667473228730326,-0.0292402951581439,-0.1760971807899584,-0.0668102709066112,0.1212861731916866,0.5976686797054916,0.6960114708565813,0.5807176674060225,0.9690499576162604,0.0113206966858409,0.8066062400524145,0.6035270902073158,-0.012862519701689,-0.1004685848322665,0.1433700532999734,0.1102117921537073,0.3599587721135054,-0.0419443099366489,-0.0780311976463291,0.1747254833996498,1
1.0,0.584314,0.48,1.2835584281982082,0.596073298277631,0.0576,0.2365,0.2435,95.0,417526.0,11.9629,0.36,0.035,0.025,0.0,0.77,0.745,0.0,0.8600000000000001,0.865,0.0,0.29164999999999996,0.25,1.0,1.0,1.0,1.0,912,0.1861,0.12300000000000001,1.0,1.0,0.0,0.0,1.0,0.0,-0.1111698201253505,-0.0486221850033076,-0.0677036158558176,-0.1309991073832111,-0.0905511596473907,-0.0762190949111423,-0.1227919933954884,-0.104068073696417,0.4376375391341384,0.1581132769085128,0.6582153901190366,0.3955495618982338,1.0000954530797577,-0.0017850645719005,0.0854368385991795,1.2310549396456356,0.03940167733144,0.3140943111886235,0.9309050469820276,0.3627908016691495,0.6338453494917807,0.0110136703843225,0.7991349326555603,0.7428937614255536,1
1.0,0.383737,0.34,0.0210745505713302,0.7990981689949126,0.1,0.1812,0.5518,772741.0,101817.0,16.7692,0.67,0.05,0.01,0.0,0.675,0.535,0.0,0.92,0.625,0.04,0.5729,0.16365000000000002,1.0,1.0,1.0,1.0,0,0.7865000000000001,0.5444999999999998,1.0,1.0,0.0,0.0,0.0,1.0,-0.0365815720212332,-0.0622634424385119,-0.037260165722528,0.0001394819639708,-0.0519240797488702,-0.0307623897048574,-0.0811817668260287,-0.051886232127466,1.1449242472512755,0.6883763031246326,0.1845415810993312,0.0613924830597789,0.5479551042529173,-0.084670055247233,-0.1718194783468637,0.3569345626296943,0.0720952799506399,-0.0086248236178852,-0.0326928993493356,0.0024689273121576,0.0148863704107894,-0.0012592524382369,-0.057714379769691,-0.0067049110291866,1
1.0,0.478873,0.35,0.0050099080993229,1.0,0.2255,0.1869,1.2064,4379.0,3810.0,6.69714,0.66,0.01,0.03,0.03,0.8,0.4,0.5449999999999999,0.89,0.555,0.655,0.09720000000000001,0.39885000000000004,1.0,1.0,1.0,1.0,982,0.1066,0.09050000000000001,1.0,1.0,1.0,0.0,0.0,0.0,0.147023816199655,-0.0810262201101942,-0.119975521948768,-0.0674225328560283,-0.005343614455235,-0.0498361082489229,-0.1537590462064969,-0.0422341579677002,0.3642003508759389,-0.0111677540628641,-0.0491552430294365,-0.0075919054173199,0.0513528611395757,-0.0673779082751428,-0.1492543174019349,-0.0469809471882844,-0.0880183569369649,-0.1048605800605853,-0.090701536155626,-0.0480388560865263,-0.0761484434497268,-0.0339521581514425,-0.112527210610891,-0.0754286003748979,1
1.0,0.569975,0.64,4.017219302444207,0.1805645537843976,0.0219,0.122,0.1794,14.0,300087.0,8.58804,1.25,0.04,0.025,0.0,0.515,0.665,0.01,0.76,0.86,0.59,0.2641,0.17515,1.0,1.0,1.0,1.0,1015,0.5745,0.4439999999999999,1.0,1.0,0.0,0.0,1.0,0.0,-0.0191844815537723,-0.0505234217222355,-0.0904990411009826,-0.0171814893920104,-0.0191556989675615,-0.0253460724899987,-0.1017032620407526,-0.0377891553990455,-0.0992291058719698,0.9901397825242176,0.287223042092846,0.1873618947942953,0.3331025642745884,-0.0514204901116374,1.40597673600762,0.1960718499441036,-0.0061693154560218,-0.0757777229037159,-0.0263733810043183,-0.0271574037618699,0.0751765711948318,0.0051586421855111,-0.0758072670540532,0.0424134152017464,1
1.0,0.555556,0.62,2.50339234464378,0.3653006447589841,0.0311,0.1496,0.2078,91325.0,212057.0,8.58804,1.24,0.055,0.07,0.0,0.755,0.69,0.0,0.85,0.8200000000000001,0.435,0.55955,0.44999999999999996,1.0,1.0,1.0,1.0,698,0.16949999999999998,0.604,1.0,1.0,0.0,0.0,1.0,0.0,0.0099051331701799,0.0067440758523049,-0.0479359606020719,0.0093560474879081,0.0048329545146832,-0.0164624636708634,-0.0079522724452238,-0.0279438131718702,0.0725012934271113,0.5436944306164354,0.3538791704769689,0.1972301415962704,0.4167058514889534,-0.0480595294906162,0.7706238802980864,0.3995799920036529,0.1242876793855362,0.025600222060139,0.2164667625392578,0.043386451269514,0.2310820570945542,0.0142850996542046,-0.0501058809966416,0.3305237250528519,1
1.0,0.524552,0.59,4.658262241440321,0.2215688138930101,0.0323,0.123,0.263,120.0,1617.0,63.7544,1.14,0.015,0.11,0.0,0.715,0.56,0.04,0.76,0.655,0.59,0.18245,0.5774,1.0,1.0,1.0,1.0,1140,0.08800000000000001,0.27449999999999997,1.0,1.0,1.0,0.0,0.0,0.0,-0.0493274451451696,-0.0749588412468773,-0.0811572651947197,-0.0181200002828184,0.0193947826103934,-0.0389415797316008,-0.077458323346313,-0.0662266716791516,-0.091384261815322,1.004768441062623,0.4855843804739989,0.286847976313682,0.4468829514111691,0.0024545198900826,1.4487332423537598,0.2399334182809381,-0.0262076685701434,-0.1180568912250531,-0.0999378814828414,-0.025462657001789,0.0065512728715141,-0.0389643774578789,-0.1189039959304257,-0.0553711539985252,1
1.0,0.505051,0.658824,4.321037074724795,0.2534247456850034,0.0149,0.1339,0.1113,142.0,313578.0,76.5839,1.01,0.03,0.01,0.0,0.625,0.72,0.01,0.79,0.7350000000000001,0.715,0.28785,0.15835,1.0,1.0,1.0,1.0,2725,0.3350000000000001,0.0,1.0,0.0,0.0,1.0,0.0,0.0,-0.1052343692039571,-0.1073361665824686,-0.090033191042008,-0.0830403307397779,-0.0968584966322689,-0.0529020153706112,-0.105082359177796,-0.0922996774422302,-0.0424067158783284,0.9573311123954282,0.332071676228947,0.0443231507484084,0.2649119962116907,-0.0679881201746154,1.2928184878442308,0.1014493620004303,-0.0451721932956287,-0.0856221188761144,-0.0883439316659643,-0.0332091787929413,0.0058893266203792,-0.0147634756275999,-0.103560687342322,-0.0624939808120862,1
1.0,0.428674,0.45,0.5967070642123373,0.5860482787323531,0.0789,0.1022,0.7718,37856.0,72914.0,76.5839,0.99,0.015,0.04,0.01,0.755,0.505,0.045,0.945,0.62,0.38,0.23195000000000002,0.54295,1.0,1.0,1.0,1.0,0,0.5795,0.6535,1.0,1.0,0.0,0.0,1.0,0.0,0.1085362972155254,0.0438795911072613,-0.0046087228876859,0.0165170103278994,0.1391962785050283,0.0084399987006639,-0.0212834633377679,0.0409188127255267,0.4518298768344732,0.6624013279310476,0.2628272818608307,0.3145081530468646,0.7644832158747064,-0.0370944745773555,0.4641430668358518,0.7073668891745335,-0.0015752418084623,-0.009232482170825,0.0057847415285236,0.0123213593234727,0.0614546247385612,0.0093179540921476,-0.0379605133023184,0.0727258672718122,1
1.0,0.532091,0.44,4.979512725883121,0.1653447900647546,0.0183,0.1431,0.128,1470.0,270001.0,27.3008,0.81,0.05,0.015,0.035,0.5349999999999999,0.64,0.1,0.71,0.8049999999999999,0.33999999999999997,0.4232,0.21384999999999998,1.0,1.0,1.0,1.0,5499,0.4764999999999999,0.4125,1.0,1.0,0.0,0.0,1.0,0.0,-0.0832620960023017,-0.0359497339151673,-0.1144462224837004,-0.0395395384446697,-0.0353111084740359,-0.0428916761554086,-0.0885657801947712,-0.0952122080891409,0.2266876937793866,0.5203378354902269,0.5186216740942667,0.4130807834006783,0.7667714769006356,0.0196722161260641,0.6447487067758932,0.7140483899129964,-0.0542817847603756,-0.152203535175854,-0.042190387629428,-0.0142860478731632,0.039569145921269,-0.0486290621790528,-0.1276676614088734,0.0409132753240773,1
1.0,0.732704,0.64,0.2566568515591754,0.8098695741038241,0.0817,0.1464,0.5584,161422.0,111339.0,38.2919,0.71,0.060000000000000005,0.01,0.0,0.78,0.5,0.0,0.85,0.655,0.0,0.5521,0.27665,1.0,1.0,1.0,1.0,2563,0.8430000000000003,0.3525,1.0,1.0,0.0,0.0,1.0,0.0,0.4247419558093264,0.0989604831089374,0.0234976425509307,0.0120680497142055,0.1434097191671736,0.0167344581220651,-0.0890506038218317,0.0639526207791426,0.1669632161579649,0.040512781735305,0.1894182331393173,0.0390496821462294,0.0833484797756843,0.0092549972508647,-0.0194537155269485,0.0952809901940633,0.0137822807406089,-0.0547357806184517,-0.0487884057325169,0.0106792431451965,0.057955085810051,-0.0353545469589315,-0.0913889925810043,0.0087932659229479,1
1.0,0.694667,0.55,3.892967586782065,0.253269058833299,0.0455,1.2056,0.0378,5.0,150738.0,18.1478,0.52,0.08499999999999999,0.034999999999999996,0.0,0.5700000000000001,0.45499999999999996,0.0,0.7150000000000001,0.59,0.01,0.6806,0.2478,1.0,1.0,1.0,1.0,3203,0.6775,0.11449999999999999,1.0,1.0,1.0,0.0,0.0,0.0,0.0748719092297485,-0.0178941289171693,0.0690197267208418,0.1118630007952564,0.1187679127045318,0.0434056787125586,-0.0271016083494515,0.064657305622912,0.0996517784536708,-0.0151051946932986,0.8772667245096295,0.5759229747829298,0.583371766253333,0.0601392442640726,0.0763526828902605,0.5973266162236229,0.0081409523282269,-0.0150020151937208,0.001196077879923,0.0264466185620964,0.106576145758832,-0.0039614970804344,-0.0194037163339148,0.0339820216264487,1
1.0,0.599265,0.63,1.5437354172058704,0.5718632691921657,0.016,0.1987,0.0806,146493.0,539.0,8.6407,0.44,0.015,0.045,0.01,0.535,0.12,0.15000000000000002,0.675,0.165,0.61,0.23525000000000001,0.6242000000000001,1.0,0.9167000000000001,1.0,0.9375,0,0.11750000000000002,0.0915,1.0,1.0,0.0,1.0,0.0,0.0,0.6344486684569156,0.0389211377262819,-0.1119886896385329,0.1030885952575753,0.1709945478957328,0.0806251438003365,-0.1188946261824774,0.0895155078881577,0.5456490487493219,0.5756114566830743,0.3135894863240822,0.1056169572080156,0.3355077925993183,-0.0471648183297689,0.2622228344369128,0.2980333032339294,-0.0406371412532745,-0.1099781434745108,-0.0716343934370258,-0.0343922039787989,-0.0388757913968278,-0.0327095670759372,-0.1298095952768931,-0.0513097871701662,1
1.0,0.780627,0.7,1.8545559934620932,0.6362795541120349,0.0893,0.2205,0.4052,57.0,54498.0,29.7039,0.42,0.09,0.060000000000000005,0.0,0.505,0.58,0.0,0.5800000000000001,0.7050000000000001,0.0,0.65185,0.49,1.0,1.0,1.0,1.0,2489,0.29399999999999993,0.857,1.0,1.0,0.0,1.0,0.0,0.0,-0.0552022342295342,-0.141925231875731,-0.0979558229562104,-0.1083749247839283,-0.0286428923434166,-0.0858175328632817,-0.1452896743185972,-0.094565062554772,0.0517645745975635,-0.0056461360802298,0.4372982911996068,0.0389830391124905,0.0946073955280903,0.0102284131106671,-0.0087227203094945,0.126085047266145,0.2095513781882018,-0.0881583390816155,-0.0459169817404424,-0.0016786634219351,0.1229749023513374,0.068879730193879,-0.1201240667018101,-0.0070827778407573,1
1.0,0.518727,0.38,4.047248925213419,0.1831981844897734,0.019,0.1489,0.1276,295118.0,7614.0,19.6845,0.59,0.04,0.0,0.0,0.835,0.0,0.04,0.915,0.15,0.64,0.45830000000000004,0.05085,1.0,0.0833,1.0,1.0,5400,0.5705000000000001,0.036000000000000004,1.0,0.72,0.0,0.0,1.0,0.0,-0.0219486353367401,0.2561675665948101,-0.1108162815497049,-0.0085495376586447,0.2032915082602618,-0.0726522236482234,0.1950065273595052,-0.0463399626609305,-0.0917273868023984,0.7898440199727119,0.3728629435765726,0.1063342357709656,0.2343154387267751,-0.0411914299254174,1.2687262956176817,0.0950861131641068,-0.0826362617107387,-0.102093683480179,-0.0770897884257753,-0.0185220264554527,0.0248773149626142,-0.0448725502615398,-0.1144019971200007,-0.0832849416499041,1
1.0,0.67619,0.65,2.287685101508083,0.6082051684461056,0.0141,0.3909,0.036,60.0,23141.0,13.9065,0.53,0.08,0.07,0.0,0.515,0.475,0.005,0.655,0.725,0.0,0.7493,0.50355,1.0,1.0,1.0,1.0,3177,0.08950000000000001,0.4668500000000001,1.0,1.0,0.0,0.0,1.0,0.0,-0.0890274573799361,-0.1383009204838375,-0.110127318408123,-0.0646141047817971,-0.0863493683692581,-0.0652511651034557,-0.1589233527439729,-0.1092190850274623,0.3864374348090433,0.1618828782501566,0.6765637111079612,0.2932112696121026,0.8140444060442172,0.0111265233155443,0.1725536492484191,0.7710258849833029,0.1645023534623077,-0.1184222991475603,-0.0441762241614072,-0.0257871409330938,0.1465566967212484,-0.036720239776492,-0.1251858251163313,0.0162064139989359,1
1.0,0.680089,0.52,0.0466527337832895,0.9291928527630512,0.3327,0.656,0.5072,134010.0,381.0,13.9065,0.55,0.02,0.055,0.175,0.6950000000000001,0.25,0.265,0.89,0.4,0.46499999999999997,0.14265,0.5767500000000001,1.0,1.0,1.0,1.0,0,0.36900000000000005,0.142,1.0,1.0,1.0,0.0,0.0,0.0,0.2322917208882984,-0.0759588435768101,-0.0773095303790829,-0.0312038294613685,0.0698638182717676,-0.028318140257999,-0.1096946480975179,-0.0432124311658846,0.3571099543101775,0.0804357504463223,0.1243714462674034,0.0126590404014597,0.1908346597979235,0.1635562621563012,-0.0684843404033668,0.0888196714428658,0.1155396334653275,-0.0433273964395589,-0.0219378992655253,-0.0214241723612394,0.001067307350191,0.0640468059421081,-0.0772875988816057,0.0031592997050739,1
1.0,0.575092,0.45,6.409714410325525,0.109543860416023,0.0518,0.1889,0.2741,133584.0,4496.0,12.9347,0.55,0.05500000000000001,0.045,0.0,0.745,0.035,0.0,0.89,0.14500000000000002,0.56,0.4673,0.70835,1.0,0.58335,1.0,0.7917000000000001,740,0.6430000000000002,0.10800000000000001,1.0,1.0,0.0,0.0,1.0,0.0,0.26013999098222,0.2526057118940787,0.7251809136427056,0.225212056495688,0.5301882615557567,-0.023461390200326,0.6478922033548133,0.3314816448028766,0.0257575390411166,0.956591925512852,0.3539144659231308,0.1616102329968377,0.3554165114415533,0.0182623452848533,1.236526094335907,0.2887825677059155,-0.0310867061977474,-0.0454832110105723,0.0101244921344212,-0.0083180319718011,0.035472493537721,-0.0133661276410664,-0.0411098341758679,0.055410212966456,1
1.0,0.49679,0.6,1.5596797978442962,0.6125484913670206,0.0278,0.1044,0.2667,94389.0,40933.0,12.9347,0.55,0.02,0.02,0.005,0.6799999999999999,0.14,0.19,0.845,0.275,0.5700000000000001,0.14584999999999998,0.32730000000000004,1.0,0.9257,1.0,1.0,2812,0.049,0.11899999999999998,0.84,1.0,0.0,0.0,1.0,0.0,0.1739671948808409,0.2450258639238037,0.2531970072733037,0.2470030611932196,0.4692858854446881,-0.0222482536866412,0.2399604305395404,0.4945997503649557,0.0786087984117723,1.0487941625800488,0.3743281593535704,0.0039352821005869,0.1815852496561084,-0.0962359479175429,1.5262207725514951,0.041248927584895,-0.0379162270620299,-0.1049389014546222,-0.0734125337343049,-0.0381946110932287,-0.0255273765597851,-0.0519845818221622,-0.0989480582716536,-0.0732056183009633,1
1.0,0.638441,0.63,2.027690645826849,0.5933738206505408,0.0107,0.229,0.0469,132461.0,474360.0,7.66892,0.57,0.025,0.04,0.005,0.75,0.395,0.2,0.725,0.66,0.77,0.2365,0.5790500000000001,1.0,0.9,1.0,1.0,1845,0.335,0.3305,1.0,1.0,0.0,0.0,1.0,0.0,-0.032436419606198,-0.0450796761817132,-0.0639585333928493,0.02119561611137,0.0407395238855645,-0.0032628760311494,-0.1014685856699785,0.0365917984897174,0.097569532732554,0.5763833466226168,0.3482091654179633,0.0689434168713392,0.2281259598375306,-0.0377231046944217,0.8040731666666714,0.2249652259696911,-0.0149174389217005,-0.0581389334924525,-0.0465937366912966,-0.0032681264902831,0.0478320567917305,0.0013696670570458,-0.0710843391294086,-0.0127869016770622,1
1.0,0.507614,0.58,2.78799193308815,0.2788435119510129,0.0137,0.1299,0.1057,399447.0,203432.0,7.66892,0.57,0.025,0.035,0.0,0.77,0.81,0.04,0.885,0.86,0.74,0.19225,0.3353,1.0,1.0,1.0,1.0,1521,0.43650000000000005,0.1555,1.0,1.0,1.0,0.0,0.0,0.0,-0.0395475580303849,-0.0367284731756181,-0.0952787287303714,-0.0484198223506308,-0.0383242650078399,-0.0208057199004074,-0.0867896982833508,-0.0754888535604262,0.1011999452643415,1.1488503398197054,0.2650871071461379,0.0399170724791018,0.2816296657751748,-0.0538294844949302,1.5239072118171022,0.1734241732774469,-0.05389195444008,-0.0967224437810246,-0.0728454853129854,-0.0419938545453412,-0.0688932438926599,-0.0350416261546727,-0.0921313802317555,-0.0437009646135035,1
1.0,0.458465,0.4,4.5058981863777126,0.177966267276972,0.0182,0.0838,0.2171,515701.0,91151.0,6.23758,0.58,0.025,0.065,0.005,0.885,0.53,0.02,0.94,0.865,0.38,0.1736,0.40925,1.0,1.0,1.0,1.0,0,0.315,0.02915,1.0,0.8,0.0,1.0,0.0,0.0,-0.0186917638560846,-0.0633690914928693,-0.0765800286149523,-0.031818602136722,-0.0254881008298038,0.0039468553884219,-0.0928470289855864,-0.0624320116874181,0.1500673875741151,0.7048672115669108,0.2687382347624979,0.1478561661312555,0.400947279316695,-0.0639121613391253,0.968830069867582,0.282073164753855,-0.0047808405131446,-0.0050430868886853,-0.0078696716475364,-0.0003734859089788,-0.0030663620558144,-0.0040462606256041,-0.0078696716475364,0.0007321561273698,1
1.0,0.604329,0.56,0.4294886051735805,0.8797187313285206,0.0108,0.2995,0.036,26367.0,97.0,13.9065,0.59,0.04,0.005,0.05,0.305,0.565,0.43500000000000005,0.63,0.6,0.605,0.4236,0.03515,1.0,1.0,1.0,1.0,0,0.2115,0.9125,1.0,1.0,1.0,0.0,0.0,0.0,-0.0262334140470047,-0.0315626945294985,-0.0390186220755015,-0.0135607779021596,-0.0252346124211925,-0.0109195710397866,-0.0357812377379453,-0.0272573374734217,0.1595783186900478,0.0231893363421879,0.0943758614552665,0.0203468526466595,0.0442937745894113,0.0791601925689316,-0.0448571383741982,0.0491603131136202,0.2595312794825837,-0.0040643443878369,0.0122883933633917,0.0529614481059153,0.1517753828044147,0.377509146294293,-0.0734275938372839,0.0038086454420466,1
1.0,0.604321,0.52,3.4879096491811388,0.4242020896748847,0.0877,0.1884,0.4655,476.0,210.0,115.087,0.6,0.01,0.015,0.005,0.59,0.605,0.0,0.72,0.745,0.0,0.0726,0.09444999999999999,1.0,1.0,1.0,1.0,995,0.0,0.8795000000000001,0.0,1.0,0.0,0.0,1.0,0.0,-0.013819005077015,-0.0165658730158189,-0.0118963402644138,0.0140389494652425,0.0470553927028713,-0.0001484863939944,-0.0221338665549192,0.0130514254791832,0.0054467411020928,-0.0408464327849041,1.6850555607781654,1.1965126590100488,1.494354287404851,0.0524171251916743,0.6158852276179256,1.3602446926056686,-0.0948935932898202,-0.1254006686003732,-0.0415658821907132,0.0054408189291944,0.1773795345136916,-0.0133904010933083,-0.1092175552959453,-0.0027747149422339,1
1.0,0.603211,0.55,1.9752321174848504,0.2271960198139909,0.0543,0.142,0.3823,121017.0,17.0,10.5316,0.6,0.025,0.065,0.015,0.165,0.165,0.44,0.48,0.2,0.755,0.18464999999999998,0.5381,0.7976,0.8512,1.0,1.0,140,0.24400000000000002,0.14100000000000001,1.0,1.0,1.0,0.0,0.0,0.0,0.3125467912738037,-0.0828697189782441,-0.1010508430885543,0.4363069382827557,0.6311529094154391,0.3572294089198211,-0.1028266099239615,0.3717857871603034,-0.1105713138016808,0.9714052199164208,0.2658163856481557,0.2122308834982402,0.2620608788623829,-0.0271074861663021,1.0663133570261851,0.1004752194129677,0.1234917096173196,-0.0608950086133343,0.0477763940752275,0.2212616665264518,0.596850339455591,-0.0119990366127079,-0.0777546199284112,0.4613164643364379,1
1.0,0.681934,0.53,0.0147837126485727,0.979822194643866,0.02,0.3849,0.052,1519.0,125101.0,6.69714,0.61,0.095,0.03,0.0,0.5,0.7849999999999999,0.0,0.53,0.905,0.0,0.50005,0.39580000000000004,1.0,1.0,1.0,1.0,1227,0.08650000000000001,0.6715000000000001,1.0,1.0,0.0,1.0,0.0,0.0,0.0632842627771368,-0.030026583791873,-0.016965926101196,-0.0085060293964247,0.0062145775530486,-0.0306731313964803,-0.0636413707814312,-0.0278740130540516,0.3338633589801775,0.171162196488599,0.3967431641123694,0.0340001247713879,0.1442525351353553,0.0304809517488637,-0.0812671650407948,0.1135112785391417,0.2223427711201842,-0.0281843809102377,-0.0151003883223958,0.0173334097722943,0.1945154896270413,0.0333693793024705,-0.0554869336073185,0.0476404707747458,1
1.0,0.483558,0.32,4.211296679906373,0.2218485663611679,0.0486,0.1083,0.4488,100175.0,263817.0,6.69714,0.61,0.055,0.06,0.005,0.675,0.845,0.015,0.87,0.92,0.535,0.3355,0.34255,1.0,1.0,1.0,1.0,505,0.8694999999999999,0.3232,1.0,1.0,0.0,0.0,1.0,0.0,0.000873370844355,-0.002068003007518,-0.0059167132786724,-0.0039446057712311,-0.0050139993786894,-0.0076738537054853,-0.0115098587948171,-0.0139620511142076,-0.1122147095828965,0.8652910702969072,0.4288016868715475,0.2120847608068298,0.4426983041325769,-0.0970478216971238,1.504943056384993,0.206706517617198,-0.0010436750809628,-0.0249167640539638,0.0606583036465858,0.0190237739983526,0.064713057588423,-0.0052365041891643,0.000153377038536,0.0543729648377793,1
1.0,0.591837,0.49,1.7367698441940227,0.5857901513557537,0.0549,0.0558,0.9834,112100.0,257442.0,6.69714,0.61,0.035,0.034999999999999996,0.0,0.79,0.255,0.0,0.825,0.35,0.0,0.52565,0.5125,1.0,1.0,1.0,1.0,151,0.032,0.193,0.64,1.0,0.0,0.0,1.0,0.0,-0.0457161565887416,-0.0130452339163668,-0.0392838425282809,0.0015871220620078,-0.0396386326170483,-0.002107129685107,-0.0731797854271911,-0.0342614071953467,0.4171665927507379,0.1357721589152085,0.4359272126815211,0.2621134392640271,0.5953203460641332,-0.0694088035071306,-0.1279750337570023,0.7085227916051473,0.0646396632816951,0.0069285705248267,-0.0068970564967063,0.0040196775456074,0.0541875541855731,-0.0081295670140328,-0.0369063018160647,-0.0080897770491812,1
1.0,0.691896,0.62,0.3874182944178935,0.794889997086318,0.0208,0.3441,0.0603,164172.0,199451.0,6.69714,0.61,0.05,0.01,0.085,0.755,0.055,0.225,0.905,0.74,0.525,0.4184,0.14555,1.0,0.8309500000000001,1.0,1.0,2065,0.2985,0.179,1.0,1.0,0.0,0.0,1.0,0.0,0.135143874631783,0.7032981972488456,0.0142980865398866,-0.0611170174834657,0.0404067745097011,-0.0642492925343699,0.8350908715375734,0.0183885600950035,0.5948174751428924,0.3415287151310316,0.3025440004320577,0.2227192730574342,0.4858948639460013,0.0014947378361131,0.2961436229210435,0.4803447521356877,-0.0020948349743539,-0.051783691312241,0.0095203537639766,0.0225203277076893,0.100222489467316,-0.0083098354009575,-0.0663734077361887,0.0853953573753423,1
1.0,0.596154,0.55,0.302555782813352,0.9188878830943036,0.076,0.2628,0.2891,1802.0,155077.0,67.0767,0.63,0.235,0.045,0.035,0.37,0.585,0.215,0.415,0.7,0.47500000000000003,0.6595,0.5328999999999999,0.83335,1.0,0.9375,1.0,0,0.3440000000000001,0.039999999999999994,1.0,0.8,1.0,0.0,0.0,0.0,0.037725882578369,-0.1329770669665982,-0.1410840524208446,-0.0786610219511745,-0.0350431441534675,0.5610469499691462,-0.1731468150104739,-0.088283568473593,0.3884046654949099,-0.0057010287431679,0.102177179574561,-0.0411738970127082,0.0809191448072225,0.3691958863997105,-0.1084848493636431,0.0785668593205453,0.3798343565395564,-0.0075165800267905,0.1635272718041922,0.0307412309048653,0.1955078889258067,0.0574174008118648,-0.096524434757192,0.2811256334666998,1
1.0,0.599034,0.61,1.6463010347319535,0.5918173779454751,0.0678,0.2268,0.2989,16277.0,165428.0,21.0632,0.67,0.07,0.035,0.0,0.5900000000000001,0.7050000000000001,0.0,0.7050000000000001,0.765,0.0,0.39890000000000003,0.6126499999999999,1.0,1.0,1.0,1.0,5563,0.08349999999999999,0.09849999999999999,1.0,1.0,0.0,0.0,1.0,0.0,-0.0212018022721386,-0.0485925499170681,-0.0202552142278749,-0.0240757302974138,-0.0410689340615349,0.0123874709061295,-0.0529886891288424,-0.0449781351860234,1.0031833997261526,0.4029386616770353,0.922928070694858,0.2661877264558928,0.5373120415097367,0.076166265156705,-0.0388422533299692,0.5189006753208898,0.3985345016272557,-0.0942640659222747,-0.0617166562218395,0.0246052773593759,0.1686356493214143,-0.0072578577284495,-0.0992883763659369,0.011187280911645,1
1.0,0.704383,0.55,0.7299417614483109,0.7390027726000687,0.0253,0.2551,0.0992,131639.0,280326.0,8.6407,0.66,0.060000000000000005,0.045,0.0,0.74,0.195,0.0,0.875,0.275,0.0,0.8167,0.4749,1.0,0.8708499999999999,1.0,1.0,2927,0.8225,0.1175,1.0,1.0,0.0,0.0,1.0,0.0,0.1608238310867784,-0.0612952420001022,-0.0257904677696753,0.0194660903815556,0.0918621477645838,0.8663016609603351,-0.090793401467047,0.0148833150549444,0.3524218884013562,0.0395896237765303,0.4728236374230863,0.1472350529390404,0.3192911752207018,0.4195934119454049,0.0106214802845974,0.2009306696634255,0.032828719529063,-0.0603482094629854,-0.0140590795582623,-0.0054225340255184,-0.021166894700222,0.3325829887804893,-0.1125689575617977,-0.024486245809791,1
1.0,0.431235,0.39,1.291637599192365,0.5495733101490596,0.1392,0.1105,1.2599,146134.0,145451.0,29.2444,0.65,0.0,0.015,0.005,0.72,0.73,0.1,0.9199999999999999,0.905,0.86,0.08535000000000001,0.1172,1.0,1.0,1.0,1.0,0,0.8390000000000001,0.2535,1.0,1.0,1.0,0.0,0.0,0.0,-0.0674268119032535,-0.0770446941096786,-0.1003741584428966,-0.0514930677102734,-0.0450635247780844,-0.0364844362639049,-0.090119014852662,-0.0672047271897781,-0.0911185166875316,1.0530492204574875,-0.0186036450209078,-0.0810605574589092,0.0138056706838317,-0.0613505326231612,1.0601876884457462,-0.0610790418887356,-0.0080728062542219,0.5782203998182112,0.0355273464465974,0.0214986384157615,0.0036495056596113,0.0107708753003282,0.6096879704871891,-0.0095477010279694,1
1.0,0.453577,0.68,4.503444355744522,0.2430667445159844,0.0181,0.1194,0.1512,7655.0,2017.0,17.741,0.64,0.060000000000000005,0.08,0.005,0.56,0.29500000000000004,0.035,0.795,0.54,0.305,0.53335,0.65835,1.0,1.0,1.0,1.0,1262,0.3389,0.26990000000000003,1.0,1.0,0.0,0.0,1.0,0.0,0.1001502051175663,-0.0163370559914736,0.0407544242933992,0.067187714032388,0.2244043124150518,0.0357879738275305,-0.0329274140250472,0.1106702248998403,0.1038788830136282,0.458049412569976,0.5933381312859831,0.3732274351132947,0.6831611850044632,-0.0259462691795817,0.9230945172463946,0.4266455409996715,0.3878078456265217,0.0891897989437615,0.1403189090046158,0.1187164679049525,0.3637840849297392,0.007543427534503,-0.0487870830395062,0.3802163514292115,1
1.0,0.677083,0.53,0.2737032485678221,0.9246664325448514,0.0966,0.0736,1.3123,50307.0,3950.0,7.66892,0.64,0.05,0.025,0.215,0.7050000000000001,0.65,0.54,0.835,0.69,0.7150000000000001,0.4222,0.28500000000000003,1.0,1.0,1.0,1.0,0,0.5781,0.0,1.0,0.0,0.0,1.0,0.0,0.0,0.2909523737053623,-0.0875392589628426,-0.0726576428609124,-0.0056003256799935,0.0557949874382047,0.1104970712736624,-0.1114363960242859,-0.02412965334418,0.3241114691058943,0.1142732775290224,0.4046013524820998,0.0164523344957161,0.1833224833155504,0.0877119292901381,-0.0820910662497722,0.125915656853176,0.0390156108109496,-0.0804071218554995,-0.0303532187915476,-0.0672707230729424,-0.0101498195451597,-0.0417630711280304,-0.1365291421949986,-0.0686656999326502,1
1.0,0.672986,0.69,0.3934795444401286,0.8655112564982396,0.0473,0.1715,0.2759,135707.0,37472.0,14.8783,0.67,0.04,0.025,0.025,0.73,0.56,0.055,0.825,0.81,0.16999999999999998,0.25,0.3409,1.0,1.0,1.0,1.0,0,0.6084999999999999,0.21979999999999994,1.0,1.0,1.0,0.0,0.0,0.0,-0.0003655528239886,-0.0711918806610777,-0.0822033735046004,-0.0240477958113749,-0.0336573413270011,0.2837524907963319,-0.1199936577226217,-0.075073749857304,0.7080965212820415,0.1376582800390705,0.2009805840316614,0.0534623705642588,0.1267115065075487,0.7692729511423332,-0.1386064216169416,0.063839113269544,0.0762561842635414,0.0004284511249981,0.0954150279018117,0.0275970029656213,0.0264294566747021,0.3029197244467401,-0.0408628660205691,0.0159935795970105,1
1.0,0.530351,0.54,0.9755124981991168,0.7326631246504631,0.0317,0.2556,0.124,42466.0,128625.0,17.741,0.67,0.015,0.065,0.045,0.7250000000000001,0.825,0.045000000000000005,0.7949999999999999,0.875,0.22,0.14325,0.52765,1.0,1.0,1.0,1.0,0,0.382,0.9044000000000001,1.0,1.0,0.0,1.0,0.0,0.0,-0.0140312991426845,-0.0359479718873657,-0.0463538912812398,-0.0180361438851371,-0.0199227222974722,-0.0159082039206872,-0.0740826603862772,-0.0298966616845008,0.9167861972673024,0.3942270139490286,0.5234482369475602,0.2956648637954361,0.6675159995330537,-0.0031947989534829,0.0247965851151655,0.4556444831838222,0.1379477123124826,-0.085971775165484,-0.0703481976285574,0.0575278212315918,0.143572195901075,-0.0242377735050342,-0.1204595660791011,0.0212572017649596,1
1.0,0.622527,0.63,1.8100022539340932,0.559247975356393,0.0487,0.1296,0.3753,33.0,74207.0,14.3661,0.68,0.025,0.01,0.0,0.76,0.01,0.005,0.855,0.12000000000000001,0.2,0.34845,0.27605,1.0,0.13335,1.0,0.9582999999999999,4145,0.0,0.0,0.0,0.0,0.0,0.0,1.0,0.0,0.6752167011331541,0.205902748923472,0.3153683427586776,0.0513372477304399,0.2518698651130765,-0.0187046427141755,-0.054903782265521,0.2167299799607046,0.120867861677481,0.2463006038357246,0.9158419962903012,0.5264266504840796,0.8266148649823035,-0.023334130480265,0.7617239738500563,0.6458221747060101,-0.0186133216850685,-0.0839195476007684,0.0638993035042035,0.0809217440648005,0.1973774893851049,0.0123792794611056,-0.0397409034895005,0.1974961673659949,1
1.0,0.644824,0.64,1.5756488171822962,0.8223571668608836,0.0061,0.4294,0.0143,6424.0,337033.0,21.0632,0.68,0.02,0.045,0.005,0.56,0.405,0.015,0.73,0.565,0.025,0.3724,0.378,1.0,1.0,1.0,1.0,4753,0.0,0.42699999999999994,0.0,1.0,1.0,0.0,0.0,0.0,0.3665960864201546,0.1564680782301344,0.2633984897001469,0.224399358789735,0.4815329716202715,-0.017494511761495,0.0854644634029586,0.4961768757210087,1.0833059265228744,0.3664267108508349,0.5678548242149236,0.0883744063346106,0.339532303668778,0.0680010051453492,-0.1470833307651418,0.2780056753756557,0.0858656524469211,-0.115648065784206,-0.0767131764681905,-0.098668436882821,-0.0761612553089319,-0.0390350716797381,-0.1705704440711133,-0.0921917146489395,1
1.0,0.604111,0.65,0.4742313254448307,0.7177636798614293,0.1599,0.0804,1.9897,14251.0,326618.0,21.0632,0.68,0.045,0.025,0.035,0.44,0.775,0.09,0.575,0.935,0.155,0.40149999999999997,0.19440000000000002,1.0,1.0,1.0,1.0,5151,0.7315,0.9679999999999999,1.0,1.0,1.0,0.0,0.0,0.0,-0.0539388186514142,-0.0685065226143432,-0.0619613731253014,-0.0287648621336329,-0.0636677623748903,-0.0642528321639435,-0.0954904826878506,-0.0324572610654599,1.1875899826220324,0.6815073818012991,0.8411556138055071,0.33228961256392,0.7971850009831114,0.0245545205870793,0.2055038227558517,0.7796907448571748,0.1982667260041842,0.0502342935876536,0.0127297745076101,0.0614739242156788,0.1267316577265355,0.0113480225245367,-0.04060688266287,0.06553030747975,1
1.0,0.470628,0.62,1.1007832834041722,0.6261274931433993,0.0559,0.1398,0.3999,999.0,127826.0,21.1158,0.68,0.02,0.02,0.03,0.765,0.5700000000000001,0.055,0.905,0.925,0.445,0.21665,0.30555,1.0,1.0,1.0,1.0,0,0.22200000000000003,0.841,1.0,1.0,1.0,0.0,0.0,0.0,-0.0078463513625814,-0.00202066603392,-0.0301805114680593,-0.0083838518246982,-0.0133268318632064,-0.019640791107272,-0.0250180289302534,-0.00614520612387,0.621279707928142,0.5770382525478428,0.3198970480773528,0.2012250047319317,0.5519633119392013,0.0643287833454359,0.5465818011124043,0.5178018740393825,0.1172464171626347,-0.011559282069645,0.0204536190501074,0.0920097652905201,0.1243861957429621,0.1048283737363696,-0.0792220648094721,0.1227751578804238,1
1.0,0.624183,0.38,0.004299027797124,0.9719012918320026,0.0553,0.0909,0.6088,62179.0,32811.0,21.1158,0.69,0.07,0.060000000000000005,0.0,0.55,0.67,0.0,0.755,0.8200000000000001,0.005,0.6156999999999999,0.34845,1.0,1.0,1.0,1.0,0,0.08289999999999999,0.6095,1.0,1.0,1.0,0.0,0.0,0.0,0.0863621811639479,-0.0417851901392183,-0.0494839586979865,-0.0019704701454745,0.01541573709898,-0.0019900415923382,-0.0582577507924167,-0.0206503490786962,0.5208506752460605,0.1434222974662665,0.4347453815865118,0.0321018069039733,0.2249658738548808,0.1813471055961865,-0.1233669879233963,0.1363950031582598,0.0140070437568448,-0.1101680114357274,-0.1065862511117193,-0.0519618031507888,-0.0353661156912784,-0.0179845335172394,-0.1438947073717352,-0.105761262102537,1
1.0,0.455983,0.48,3.794937125376793,0.167210773711541,0.0164,0.1628,0.1009,185.0,86200.0,8.6407,0.69,0.025,0.02,0.0,0.31000000000000005,0.8200000000000001,0.1,0.33999999999999997,0.895,0.64,0.1985,0.21925,1.0,1.0,1.0,1.0,0,0.17300000000000001,0.5755,1.0,1.0,0.0,1.0,0.0,0.0,-0.0788006553442515,-0.0824172717269972,-0.057646289491515,-0.05317385812478,-0.0723533065953533,-0.0479851235504897,-0.1130845835541374,-0.0623373004799348,-0.1427425027418421,1.1933814423835047,0.3860782521068394,0.2156322030448873,0.4060192578639723,-0.0588997923364798,1.7053170613041635,0.216600691788766,0.085143004481872,-0.0515344785770782,-0.0790596311722823,0.0069410813374758,0.0720604362917365,0.0152763234561908,-0.0842081734477149,0.0235119762656781,1
1.0,0.710623,0.42,0.1163120165760785,0.8403485142508774,0.054,0.3111,0.1737,176391.0,1273.0,19.6319,0.69,0.02,0.115,0.0,0.03,0.575,0.0,0.11499999999999999,0.6799999999999999,0.0,0.38170000000000004,0.53355,0.49795,1.0,0.98335,1.0,6864,0.0,0.15499999999999997,0.0,1.0,0.0,0.0,1.0,0.0,0.3076343077543257,-0.0664335782777112,-0.0589643859461814,0.0586063726199737,0.2171277449618666,0.1753685657127782,-0.091889510764842,0.1442069628072259,0.3462272873844231,0.0351263777080025,0.1477432074783385,0.0475330314311836,0.0712643625717525,0.351337680419879,-0.0495006432623567,0.074341640821677,0.7059694361097447,-0.0431831483857782,-0.0091718917497464,0.0759350436416221,0.1167487467093049,0.8911286582855109,-0.1053034872786134,0.052055461378682,1
1.0,0.75,0.44,0.7562586716805352,0.884165029813898,0.1212,0.3351,0.3618,59115.0,108763.0,19.6319,0.69,0.1,0.015,0.035,0.56,0.82,0.68,0.67,0.91,0.8,0.519,0.21355,1.0,1.0,1.0,1.0,0,0.49900000000000005,0.9636499999999999,1.0,1.0,1.0,0.0,0.0,0.0,-0.023353614393832,-0.0454403708198488,-0.0318843605131485,0.0019565407294334,-0.0246884387677097,-0.0207235555391765,-0.0527862710401835,-0.0442876264574707,0.1325204603160507,-0.0537330686681555,0.0782457021398647,0.0625094302257363,0.0866441315131031,0.0955267820998238,-0.1469867651153485,0.0301972425111568,0.0939877319257496,-0.0519493422652605,0.0545024340042497,0.0401899866802408,0.1732467456832702,0.0036184675979346,-0.0608290949684859,0.0915479600252676,1
1.0,0.676554,0.56,0.8383688458117554,0.8704624455548968,0.1456,0.2587,0.5628,1069.0,176694.0,21.0632,0.69,0.04,0.025,0.0,0.07500000000000001,0.6100000000000001,0.0,0.33999999999999997,0.6699999999999999,0.0,0.27949999999999997,0.4296,0.675,1.0,1.0,1.0,594,0.09349999999999997,0.038,1.0,0.76,1.0,0.0,0.0,0.0,0.1634611935588595,-0.0219405122013142,0.0077239572207586,0.0201952727593118,0.0275460135567777,0.2132124219660469,-0.0740485676069012,-0.0287975431897608,0.2119645642411193,0.0994139144733378,0.5833439593083386,0.1211204245429617,0.1815478634517159,0.3566917545882413,-0.0149449139777189,0.2774540519461617,0.3364465532410658,-0.0490019210313108,-0.0032079609987739,0.0656982363404909,0.1434941897143216,0.1749915876540755,-0.0815788422656107,0.0584458695489335,1
1.0,0.491386,0.64,3.042521401889984,0.309458432391242,0.0621,0.0597,1.0396,146.0,823.0,14.3661,0.69,0.06,0.035,0.0,0.46499999999999997,0.565,0.005,0.6200000000000001,0.635,0.485,0.43889999999999996,0.45835,0.9582999999999999,1.0,1.0,1.0,0,0.26650000000000007,0.0,1.0,0.0,1.0,0.0,0.0,0.0,0.1223215723415718,-0.0888361658126167,-0.1099764784985961,-0.070445708892499,0.008843613060914,-0.0625751221565442,-0.1316237567115131,-0.0679975934592925,0.1728651154787745,0.6707086579418478,0.4424595060629013,0.1490006360415034,0.4358455285594155,-0.033359294926089,0.9026010527245588,0.2338107743236864,0.1843137495474628,-0.016903952199531,0.0483752007108737,0.0268908797919753,0.1695968856829269,0.0444299264236371,-0.0302239950692188,0.0620560106271444,1
1.0,0.628655,0.59,2.209829864764926,0.6668542926695988,0.0833,0.1828,0.456,111.0,7428.0,6.69714,0.69,0.2,0.125,0.005,0.6950000000000001,0.56,0.0,0.7649999999999999,0.69,0.0,0.8119000000000001,0.72915,1.0,1.0,1.0,1.0,160,0.8354999999999997,0.5819999999999999,1.0,1.0,0.0,1.0,0.0,0.0,0.068148770165205,-0.0944340410961324,-0.067041099309024,-0.0369277307136198,0.0763146115917678,-0.0402017691013436,-0.1277427333947755,-0.0423854525196329,0.4842664695147182,0.0684970803976917,0.6438002257996234,0.967942742953656,1.0417942057981462,0.0714600200743519,-0.1044393222473599,0.879613032543568,0.0666143063286671,-0.0253213302220432,0.009756146370309,0.1820016970578342,0.2540024092008802,0.0204030444390758,-0.0304113854622125,0.2432422263758561,1
1.0,0.619645,0.59,1.2474119119064062,0.5044302176750125,0.0395,0.1569,0.252,367.0,93472.0,6.23758,0.69,0.085,0.025,0.0,0.855,0.55,0.0,0.895,0.75,0.0,0.5417,0.26665,1.0,1.0,1.0,1.0,0,0.7040000000000001,0.2165,1.0,1.0,0.0,0.0,1.0,0.0,-0.0733300700341164,-0.0710962170843969,-0.0845347772221805,-0.0148634763340238,-0.0728990200821751,-0.0389607392433986,-0.1195722707901349,-0.0829666108710391,0.1446306676329423,0.1876228505259848,0.5714885150132141,0.2003099107732216,0.5118096305918051,-0.0120208594047464,0.3179184460643059,0.5905207040362929,-0.0137979059301704,-0.0211752387826154,0.1301658519161442,0.0190437305189979,0.062593888884163,0.0218228861162393,-0.019428447123703,0.1403584903036141,1
1.0,0.452381,0.52,2.7852968096838207,0.382919953312359,0.0204,0.0908,0.2242,32698.0,59602.0,10.5316,0.69,0.02,0.005,0.0,0.685,0.665,0.005,0.8049999999999999,0.895,0.5900000000000001,0.2107,0.07289999999999999,1.0,1.0,1.0,1.0,0,0.39299999999999985,0.0,1.0,0.0,1.0,0.0,0.0,0.0,-0.0800787015724428,-0.0373687368439993,-0.0699482473548103,-0.0548233792011826,-0.0699791021592478,-0.0078220281502778,-0.087352423504485,-0.0508926237741636,0.0491643102286976,0.6631675053901823,0.5783148387935769,0.277839676913863,0.523228295204002,-0.0294523673355994,1.0678203670092925,0.5574004434619096,-0.0002268765222485,-0.0449339529598737,-0.0277186797469672,-0.0162715187745548,0.037035672977312,-0.0394445661797216,-0.0621015664772027,0.0215681896455499,1
1.0,0.682119,0.59,2.039791254815748,0.5411563112868665,0.0263,0.3125,0.0843,4731.0,27274.0,10.5316,0.69,0.07,0.055,0.0,0.23500000000000001,0.415,0.0,0.305,0.6950000000000001,0.0,0.5972,0.42045,0.9722,0.96875,1.0,1.0,3350,0.0405,0.059500000000000004,0.81,1.0,0.0,0.0,1.0,0.0,-0.0434275925247378,-0.062890268268442,-0.0430685018536171,0.0023709191789961,-0.0475267001823049,-0.029247739848859,-0.078752445899964,-0.0482817412398229,0.1065087985392662,0.0102440142371263,0.9687193396274184,0.2374588360877277,0.5900364416106731,0.0221953659461808,0.1724549756352948,0.9131080731535004,0.441900197253684,0.0649140578534901,0.2636261668836696,0.2735109919890804,0.6814871435661232,0.0394289389061242,0.0336404719165142,0.6561019641822233,1
1.0,0.559554,0.58,0.973375387590858,0.798813096832372,0.0608,0.0621,0.9783,105.0,115542.0,27.813,0.69,0.04,0.060000000000000005,0.0,0.64,0.55,0.0,0.7150000000000001,0.86,0.45499999999999996,0.42535,0.35,1.0,1.0,1.0,1.0,38,0.05449999999999999,0.8259000000000001,1.0,1.0,0.0,1.0,0.0,0.0,-0.0455118879214519,-0.0341477070352955,-0.0056300731021366,0.0120455066837976,-0.0342744228103658,-0.0092077235011665,-0.0583762381090541,-0.0249681589581877,0.3768985807590639,0.5790490602374149,0.834349478873302,0.2488050701195834,0.6227023903037958,0.0261806446738531,0.8326077790204073,0.5071286949520319,0.2572791876772157,-0.0633179025943309,-0.0448310661633644,-0.0192542786245,0.0803321723498797,-0.0240142297680487,-0.0831785888830495,-0.0371009820302858,1
1.0,0.603064,0.52,1.567017617336037,0.5164034437498156,0.0317,0.2381,0.133,2892.0,1863.0,33.9979,0.69,0.11,0.12,0.01,0.265,0.27,0.05,0.37,0.46,0.69,0.5828,0.7222,1.0,1.0,1.0,1.0,1328,0.1505,0.08499999999999998,1.0,1.0,1.0,0.0,0.0,0.0,0.0598820024439615,-0.0401969638300493,-0.0690407191425156,0.1554451664830128,0.3618243221001903,-0.0198873828441573,-0.0985003467839749,0.1381543334096521,0.0275656931241671,0.4950155321420038,0.6556370153021309,0.7525439597309154,1.0599303195088936,0.0068397883780144,0.6255053022725313,0.7193908267750266,0.3206277911311309,-0.0790839679311642,-0.0223883068472576,0.2901040963429273,0.5931195961783026,0.0126626418194145,-0.0820494152736179,0.1049513786636351,1
1.0,0.432759,0.54,3.8405522118324975,0.2571430271291664,0.0434,0.157,0.2764,58019.0,88000.0,5.2658,3.94,0.05,0.02,0.005,0.61,0.5349999999999999,0.31,0.765,0.655,0.7949999999999999,0.46685,0.40104999999999996,1.0,1.0,1.0,1.0,449,0.7514999999999997,0.034499999999999996,1.0,0.69,1.0,0.0,0.0,0.0,-0.0250963092739686,-0.0092056347696484,0.0055659913514967,0.0023270063162303,-0.0066487636831954,0.0047850136801949,-0.0176684519457442,-0.0107801801372271,-0.0746782353873503,1.520700769790161,0.2779120653668485,0.0668312037938488,0.1148356795156757,-0.0268897804088077,1.837514396199118,0.0255458976422783,-0.0271046228269612,-0.0433064835252321,-0.0536298197108687,-0.0047911557853943,0.0160206166973084,0.0071050445096333,-0.062952038766252,-0.0239065390386106,1
1.0,0.492958,0.35,2.8901851349826355,0.4187723636670951,0.0152,0.0926,0.1639,2561.0,150495.0,5.2658,3.85,0.035,0.015,0.005,0.28,0.815,0.2,0.35,0.89,0.755,0.352,0.1659,1.0,1.0,1.0,1.0,1089,0.1315,0.6204999999999999,1.0,1.0,0.0,1.0,0.0,0.0,-0.0331250624491421,-0.0709294915450184,-0.0537353862493122,-0.0165709836612655,-0.0553335694447123,-0.0307102585106993,-0.0811312565980686,-0.0538885602040369,0.1054275944414049,0.5922326127585554,0.2358511842147833,0.0436835193788168,0.2091200523958325,-0.0315861426672346,0.5252057271008755,0.1894235056494705,0.1558168062839896,-0.0636356405995914,-0.0113669337703657,-0.0359412716959776,0.0209184674428198,-0.0162637404893642,-0.061475596044546,0.0059265266183778,1
1.0,0.607759,0.59,1.3825931349762188,0.7643149622103003,0.0524,0.3501,0.1496,37.0,294.0,27.3008,3.83,0.060000000000000005,0.035,0.0,0.385,0.07,0.01,0.44999999999999996,0.105,0.0,0.4619,0.32665,1.0,0.69995,1.0,0.87495,4091,0.12,0.0,1.0,0.0,0.0,1.0,0.0,0.0,0.3020751187354178,0.0979838253181432,-0.0729411728587828,0.0203609085898814,0.3557805262533509,-0.0665319977813329,-0.0918830438366528,0.1889906977242205,0.6358508468035313,0.1159891717189226,1.2310790943872592,0.6482442947806526,1.0706948590142915,0.0200498575504222,0.3455732860364887,0.9391492091580064,0.3738373808911809,-0.0197737075546765,-0.0488746422958857,0.1136930174940743,0.3348926408685778,0.0575103587754252,-0.0901859150391155,0.2033053126230909,1
1.0,0.574855,0.652941,2.477160336072303,0.256414726466399,0.0212,0.14,0.1515,351.0,44292.0,106.905,3.74,0.02,0.04,0.01,0.88,0.55,0.01,0.835,0.72,0.315,0.1596,0.61665,1.0,1.0,1.0,1.0,545,0.6375,0.311,1.0,1.0,0.0,1.0,0.0,0.0,-0.0397413661074457,-0.0355610823730012,-0.033321865891115,0.0059626821796263,-0.0375100070748991,0.0057111892769758,-0.0511839457497956,-0.034639463403303,-0.0031402841870338,0.4988400864623822,0.4544378833566322,0.164554824532615,0.363819889479697,-0.0107893554168461,0.9781410749672684,0.1708125159388897,-0.0011279863925395,-0.0149533683377655,0.0168225494619572,-0.0037386150076693,0.0509109162349632,0.0074167035523358,-0.0085517402315796,0.0249539214580356,1
1.0,0.422112,0.36,2.246090657077259,0.3604056650053988,0.0326,0.0863,0.3773,255043.0,6139.0,8.6407,3.37,0.115,0.02,0.0,0.8049999999999999,0.49,0.28,0.98,0.6699999999999999,0.81,0.62395,0.24445,1.0,1.0,1.0,1.0,1307,0.23,0.4395,1.0,1.0,1.0,0.0,0.0,0.0,-0.0370367624805361,-0.0314594100083869,-0.0030085926718664,-0.0036959150056136,-0.0332114368592008,-0.0163674954451593,-0.0397168287862191,-0.0157590948737118,-0.0284735676473381,1.6340486572322792,0.2232708509692429,0.0405691616763074,0.3294723205251008,-0.0574730419468429,1.9390110407813057,0.1564092179782865,-0.0428119009103711,-0.0523206392526412,-0.0277875776511368,-0.0113725118266152,0.0039042278964999,-0.0247785259244052,-0.04639740722015,0.0025676407185367,1
1.0,0.694888,0.65,1.809395009172597,0.6073609067912445,0.0693,0.3211,0.2159,67.0,559.0,20.5509,2.2,0.135,0.21500000000000002,0.0,0.595,0.305,0.0,0.655,0.365,0.0,0.6407499999999999,0.81935,1.0,1.0,1.0,1.0,0,0.567,0.24049999999999996,1.0,1.0,1.0,0.0,0.0,0.0,0.1055688041523252,-0.0736334918526218,-0.0661271483447105,0.3005958949983822,0.5925027922712882,0.0416676185478435,-0.0827980395851452,0.2622550359012418,0.1554506274971551,-0.04066621055799,1.159507458365319,0.8024947999411891,1.127204363577834,-0.0028213932650386,0.1676797909810478,1.060300859237588,-0.0001882999209728,-0.0837794048038503,-0.0410646081976874,0.0678011656010304,0.3106704140169574,-0.0061041854189829,-0.0660772719555619,0.0977952410765397,1
1.0,0.459119,0.67,1.3910948748192522,0.647203755156376,0.0255,0.1234,0.2069,180.0,69518.0,4.80624,2.19,0.045,0.025,0.0,0.79,0.76,0.015,0.87,0.84,0.5549999999999999,0.46665,0.2172,1.0,1.0,1.0,1.0,348,0.057999999999999996,0.7025,1.0,1.0,1.0,0.0,0.0,0.0,-0.1039530594944586,-0.1007328601472253,-0.1032607855382657,-0.0797329448150407,-0.122719006956371,-0.0649299840794378,-0.1618041896072458,-0.0942688164507215,0.5676400177684281,0.8276531225772052,0.390481067099699,0.1559611176744658,0.5167362756349694,-0.0252912711912111,0.8666331124437354,0.4235087268598,-0.0398483397775212,-0.046199957173425,-0.011361786879146,-0.0017109593030654,0.0117269748772732,-0.0052260292914293,-0.0618988100691677,0.0106640699876374,1
1.0,0.535572,0.44,4.983644669086336,0.3339344316742385,0.0112,0.1367,0.082,84332.0,457813.0,4.80624,1.91,0.025,0.025,0.0,0.445,0.69,0.0,0.6,0.775,0.6100000000000001,0.19045,0.2622,1.0,1.0,1.0,1.0,6340,0.6420000000000001,0.0,1.0,0.0,0.0,0.0,1.0,0.0,0.0916791261174843,-0.01831393731667,-0.0770425539348323,-0.0291108952291562,0.0073626202241973,-0.0468760588206078,-0.0890257548160532,-0.0431306537879307,0.4392782428764831,0.6314218997235008,0.3258039264596669,0.1667211408564429,0.3439820783687313,-0.0288027874633282,0.7621289990481287,0.2149124770315196,0.1378448546707365,-0.0507411049109392,-0.0222269371359448,0.0066439102208736,0.1161320333459369,0.0698695251192374,-0.0758419017968002,0.0137508157229549,1
1.0,0.595109,0.62,1.5626949942010435,0.5526066655966385,0.0341,0.1799,0.1896,193.0,77141.0,9.10026,0.72,0.1,0.14,0.0,0.265,0.545,0.04,0.405,0.74,0.375,0.59185,0.72055,0.8511500000000001,1.0,1.0,1.0,9943,0.07050000000000002,0.23949999999999996,1.0,1.0,0.0,0.0,1.0,0.0,0.3799558556222111,0.1520120835515207,0.0005577183236207,0.0340357865110658,0.2279779564913697,-0.0379513659370607,-0.0720717108836666,0.1270904040912064,0.4791415097080825,0.5407321712214302,0.5810842990844869,0.1584754955270815,0.4397287521510453,0.0505267309607178,0.5335738732588027,0.2361043566903388,0.5377401568681639,-0.0622827113198223,-0.0554046698104816,0.0315958371869305,0.1980168598457158,0.087928564325586,-0.0872965167101413,0.0643972254028354,1
1.0,0.612444,0.54,0.8873933230271897,0.68935779747413,0.0713,0.2158,0.3305,37149.0,42477.0,9.10026,0.74,0.025,0.02,0.0,0.43,0.4,0.0,0.665,0.5800000000000001,0.0,0.18055,0.3718,1.0,1.0,1.0,1.0,0,0.7155,0.07300000000000001,1.0,1.0,1.0,0.0,0.0,0.0,0.3013998307724802,0.1946797719408271,0.0571040292949597,-0.0439881343861894,-0.0016944094659902,0.0653940934419777,0.0038713605527474,-0.0471131267225199,0.6836911923269487,0.1555965397544184,1.0472542290051154,0.1609421081533969,0.3249248947646125,0.1256860572444171,0.4402146515542277,0.3616217380957625,-0.0518027616997564,-0.0678353866762701,-0.0146816903451417,-0.0400378848849984,-0.0108133566252214,-0.0446252095387133,-0.0768293253680338,-0.0328056329026307,1
1.0,0.633174,0.62,0.6681354423071576,0.8780669334440473,0.0159,0.1866,0.0854,84258.0,133446.0,7.1567,1.17,0.015,0.025,0.04,0.6950000000000001,0.645,0.2,0.765,0.7949999999999999,0.25,0.09615,0.28625,1.0,1.0,1.0,1.0,0,0.1545,0.0,1.0,0.0,0.0,1.0,0.0,0.0,-0.0275012765514904,-0.0885122850767463,-0.0505439588619295,0.011286225572302,-0.0425946616564687,0.0681294331734248,-0.1038956276617734,-0.0680639941230886,0.3104584133161998,-0.0243707903876632,-0.0061510941641381,0.013259591040332,0.0635046171886191,0.6679931759121164,-0.0664152762448986,0.0013764092480567,0.1308914600522581,-0.0632780803405186,-0.0264969445040881,-0.0117217613711808,0.0238127073219059,0.794872839674727,-0.0958671291545919,-0.0420554018073939,1
1.0,0.530256,0.46,4.451489569993691,0.1614296888926377,0.0311,0.1433,0.2172,31260.0,40532.0,7.1567,1.42,0.075,0.055,0.0,0.27,0.5449999999999999,0.0,0.36,0.715,0.785,0.47650000000000003,0.67885,1.0,1.0,1.0,1.0,8760,0.018000000000000002,0.4625000000000001,0.36,1.0,0.0,0.0,1.0,0.0,-0.0146149739745063,-0.0326943367398114,-0.0207797010715499,0.002840701085802,0.0711640403021301,0.0091712531573081,-0.0806105594918619,0.01195070017477,-0.1152715189445841,0.8662222493165123,0.353185509890919,0.1292170427280135,0.2301186227975557,-0.0864222749239041,1.3649062503597844,0.1100274351530431,0.2274270698861125,-0.0096606055024784,0.2196933620124923,0.0797847139134873,0.1680867410936612,0.0122777824072678,0.0580102096207398,0.0619126003583264,1
1.0,0.570907,0.488235,1.955449564457173,0.4935971854299523,0.0288,0.191,0.1506,6280.0,13060.0,18.6601,1.58,0.03,0.05,0.0,0.445,0.04,0.005,0.51,0.135,0.61,0.33925,0.6333500000000001,1.0,0.8125,1.0,1.0,5639,0.2875,0.129,1.0,1.0,0.0,1.0,0.0,0.0,0.342249150686033,0.0519440972993025,-0.0639778145854783,0.073321978140598,0.3563440003728291,-0.0304003851362926,-0.0057948313463063,0.197635660496145,0.2529857001932025,0.5218209330566401,0.7377797541917859,0.5144713380641331,0.9625935472347044,0.0018555787808381,0.8761429548725287,0.8429615933333778,0.108990006828582,-0.0915373129262042,-0.0229875021432633,0.0308907334870153,0.1680901950681212,-0.0214049046549586,-0.0995238626984517,0.0419201151632398,1
1.0,0.530184,0.54,2.8262801427305715,0.3151631558224503,0.0594,0.3064,0.1938,97.0,824.0,18.2005,1.59,0.03,0.03,0.0,0.44999999999999996,0.56,0.0,0.54,0.775,0.4,0.31885,0.31345,1.0,1.0,1.0,1.0,0,0.0,0.0,0.0,0.0,0.0,1.0,0.0,0.0,0.2043723783774643,0.0269599282204923,-0.0535087387951593,0.0263570024142395,0.2000036941682978,-0.0179392343583838,-0.0346751398490053,0.0483385909612404,0.2893006452415446,0.5586403299860082,0.8659109149287454,0.3000843041450337,0.6584380344618885,-0.0370633328367723,1.1084172612187522,0.5471341035725098,-0.0441355527873381,-0.157412471288249,-0.0725173729256063,-0.0734123896260863,-0.0184117294114683,-0.0230749051036855,-0.1147213646800374,-0.0095067689537047,1
1.0,0.44506,0.46,4.377549134142988,0.2762018571461853,0.0239,0.1489,0.1605,134772.0,142076.0,12.9347,1.44,0.060000000000000005,0.01,0.01,0.75,0.585,0.175,0.925,0.675,0.785,0.48439999999999994,0.09445,1.0,1.0,1.0,1.0,0,0.8403,0.7709999999999999,1.0,1.0,0.0,1.0,0.0,0.0,-0.0282957373270825,-0.0188218475261798,-0.0415691216630777,-0.0218992903726869,0.0042365304682471,-0.0201496681769348,-0.0092320064664796,-0.0395772799253777,-0.2111189909083701,1.6840377270431983,0.3183755004565671,-0.0343749950257367,0.0644241909657835,-0.0772656824714254,2.232791994965843,-0.0678485718166221,-0.100404154460673,-0.1198791202562615,-0.1074737533208127,-0.0497864584816117,-0.0227837522454675,-0.0680451893082392,-0.1372876947622806,-0.0879949860230152,1
1.0,0.45674,0.53,2.5803144439247965,0.3509622345239806,0.0193,0.1724,0.1118,100380.0,136457.0,14.3661,1.32,0.015,0.04,0.005,0.8300000000000001,0.43,0.15000000000000002,0.895,0.84,0.63,0.1389,0.37275,1.0,1.0,1.0,1.0,191,0.0675,0.867,1.0,1.0,1.0,0.0,0.0,0.0,-0.0038645962192498,0.1682642549209316,0.1153614793945519,0.0202606604928545,0.1198075047349217,-0.0404969434282574,0.3538530466632903,0.0039200913429732,0.0223365762638423,1.0342158943817386,0.29909938011021,0.0152775732865488,0.1741249137735216,-0.067386861652681,1.341705623858919,0.1169857346044212,-0.0197030443894759,-0.0092340955113687,0.0329382255125288,0.0302121638142379,0.041246306423555,0.0135052255425344,-0.0448473320883754,0.0207547418254569,1
1.0,0.48076,0.58,4.489690663677608,0.2334817097088026,0.0263,0.1412,0.1863,14.0,292246.0,14.3661,1.35,0.055,0.04,0.0,0.785,0.23,0.0,0.9199999999999999,0.345,0.535,0.70035,0.40959999999999996,1.0,0.9047499999999999,1.0,1.0,0,0.3075,0.0,1.0,0.0,0.0,0.0,1.0,0.0,0.1106704424834314,-0.0218336642170696,-0.0625699538268195,-0.0275251825753686,0.0066214243118988,-0.0009881795742189,-0.0856714179554593,-0.0370874705021046,-0.025369283776618,0.7781327451288355,0.3908641897058915,0.2296238118924127,0.3611657155510577,-0.0720191499842556,1.3295367937766034,0.1485986820523315,-0.0291803381641492,-0.0398461490599701,-0.0161543205616098,0.0105589403576959,0.0012099869125609,-0.0144813708015193,-0.0559537527721533,-0.0156773359720533,1
1.0,0.519562,0.44,2.192448688286746,0.276767186267247,0.0348,0.1277,0.2725,274204.0,21166.0,14.3661,1.36,0.03,0.04,0.0,0.7849999999999999,0.61,0.005,0.8899999999999999,0.8300000000000001,0.5,0.3389,0.31389999999999996,1.0,1.0,1.0,1.0,278,0.617,0.21900000000000003,1.0,1.0,1.0,0.0,0.0,0.0,-0.0334967224622528,0.0833907742804198,-0.0726492833840959,0.0184055210668728,-0.0116793552564362,0.0236897025828772,0.0066126459742023,-0.0411831572377533,0.1167162825367228,0.4968668411549576,0.5963846049754812,0.2712514622586365,0.5456073788093885,-0.0236201848230379,0.8890340041571022,0.6023526443594591,0.0017269527571797,-0.0149178912166267,0.1530822801126629,0.1383733187819433,0.1997763517134202,0.0158057486369313,0.0164874198031246,0.2446429792174806,1
1.0,0.460511,0.54,0.2202808808627677,0.7724252022537946,0.0161,0.1424,0.1129,116982.0,173318.0,14.3661,1.42,0.045,0.005,0.035,0.55,0.07,0.14500000000000002,0.6599999999999999,0.295,0.445,0.47619999999999996,0.07765,1.0,0.6905,1.0,1.0,0,0.5499999999999998,0.0,1.0,0.0,1.0,0.0,0.0,0.0,-0.0505202602908829,0.8303636422262601,0.01547865224263,-0.0005627459872746,0.0115503688342086,0.0270167333190733,0.6425815997002109,0.0014339393377685,0.8382203197215418,0.747145074866525,0.4363985206331511,0.0720754810585873,0.3111069717059497,-0.0100982662499762,0.3440903958162005,0.3089741887451629,-0.0020829954423263,-0.0649454051320483,-0.0340930340552702,-0.0563008844737363,0.0103508122513417,-0.0273248225767343,-0.1143637041512744,-0.0012758007211273,1
1.0,0.58871,0.44,5.254037497703881,0.1355272140285954,0.0099,0.1492,0.0663,159536.0,125035.0,14.3661,1.43,0.015,0.005,0.005,0.715,0.04,0.3,0.83,0.175,0.77,0.1583,0.11904999999999999,1.0,0.62505,1.0,1.0,0,0.069,0.0,1.0,0.0,0.0,0.0,1.0,0.0,0.4135222313123587,0.0897046069895994,-0.0589707136953219,-0.0695221508730124,0.0986330230676581,-0.0750099807907494,-0.0989903013976906,0.0261554451939696,-0.1301174136393868,1.0251665464768285,0.2218030596751128,0.0891818198401357,0.1299294491860183,-0.0271337744233235,1.2657817669828362,0.1006834750003857,-0.0244324654142485,-0.0639389483757986,-0.075492390141289,-0.0107871261969019,0.0190137916932577,-0.0547590565068059,-0.0887911095887157,-0.0139191464068464,1
1.0,0.553852,0.55,1.9155102580547787,0.4840136761936456,0.0997,0.1496,0.6669,431.0,30590.0,15.3378,1.35,0.035,0.07,0.0,0.45,0.56,0.0,0.705,0.685,0.8300000000000001,0.29355,0.4206,1.0,1.0,1.0,1.0,0,0.18999999999999997,0.44900000000000007,1.0,1.0,1.0,0.0,0.0,0.0,-0.0368425197906703,-0.0603941074809171,-0.0951242285412438,0.005353801785564,-0.0060282299191796,-0.0256312052528277,-0.0919831812832479,-0.0469790600260504,0.0844035217209252,0.5815176266981821,0.339045836341875,0.1749260491154022,0.3225569965880938,0.0221368212756281,0.7641851601302726,0.1611861860900252,0.0127438102174199,-0.1289228123263008,-0.0062707989226335,-0.0126469352938682,0.1976736500451537,-0.0466464403593955,-0.0947166936332688,0.1316120032602045,1
1.0,0.662813,0.46,1.0679916472429754,0.7906833531134584,0.1084,0.1842,0.5884,49564.0,36512.0,19.1723,1.37,0.05,0.025,0.0,0.655,0.11,0.0,0.8300000000000001,0.435,0.0,0.7769,0.30265,1.0,0.775,1.0,1.0,4295,0.11399999999999999,0.0,1.0,0.0,0.0,0.0,1.0,0.0,0.2772171447393976,0.0694719431068947,-0.0369653248448548,-0.0411363705373669,0.0850613611113972,-0.0545431689584296,-0.0554581046370628,0.0075011667727337,0.2210704964969219,0.0664092989220675,0.3084384554697262,0.0445565535585978,0.0670041657260583,0.0698089643791676,-0.0343174566838188,0.0934733571969995,0.1277956786611682,-0.0407049889436375,-0.0009180696768828,-0.0318387420647146,0.0097049653958319,-0.0282246956146224,-0.0947603229813211,-0.0130913384835649,1
1.0,0.596667,0.382353,4.502985792200766,0.213447496950256,0.0211,0.1219,0.1734,30423.0,52148.0,19.1723,1.37,0.06,0.015,0.01,0.51,0.02,0.1,0.6200000000000001,0.13,0.65,0.7778,0.3415,1.0,0.31410000000000005,1.0,0.96875,1935,0.2861,0.0,1.0,0.0,0.0,0.0,1.0,0.0,0.2146316571939519,0.0009067284984041,0.1655287795356456,-0.0110742415609238,0.0616345292631392,-0.0070935075489201,-0.0860311065690958,0.0225400943764994,-0.044233686978437,0.6905073300547522,0.6217072984189731,0.1826543428883629,0.3741996315316799,0.0026900433135226,1.219502134110924,0.2640164222017362,0.2540018345645099,-0.0330404810511486,-0.0318193852879464,0.027100577643254,0.1499224282704503,-0.038961553502376,-0.0672940841014348,0.0044252225313705,1
1.0,0.540971,0.58,3.2826423218025,0.3888424126827342,0.0146,0.1256,0.116,42015.0,79926.0,41.26,1.47,0.060000000000000005,0.035,0.0,0.77,0.69,0.0,0.865,0.78,0.325,0.7167,0.6154999999999999,1.0,1.0,1.0,1.0,3824,0.17800000000000005,0.1515,1.0,1.0,0.0,0.0,1.0,0.0,-0.0115559343593181,-0.0713850553840659,-0.1369841648893742,-0.0578526835033091,-0.0159280742993752,-0.0623728193917252,-0.1509815061694734,-0.0358567459280483,0.3931934436465765,0.500361725823508,0.480231123860953,0.1473842453060255,0.5028289132155185,-0.0426782640136339,0.3235914033359174,0.4584085720554253,0.0539282257599928,-0.025428312963182,0.0627670818264821,0.0638094833944954,0.0678840938954817,0.0033704076853725,-0.0699535485709153,0.0900817919266362,1
1.0,0.64296,0.488235,0.1477229205600168,0.9843318238743988,0.1373,0.1955,0.702,125280.0,1552.0,12.9347,1.56,0.05,0.01,0.07,0.455,0.065,0.14,0.645,0.34,0.21000000000000002,0.47025,0.1636,1.0,0.70535,1.0,1.0,0,0.35099999999999987,0.17650000000000002,1.0,1.0,1.0,0.0,0.0,0.0,0.0685221328288054,0.3151712477869973,0.8286059244093327,0.274113795944282,0.6786675046918348,-0.0231195899745802,0.7632586759183341,0.8065900774051631,0.8144126258494475,0.2438112714093656,0.3079012508495132,0.0697928249748704,0.2345130090922708,0.9722015822994748,-0.0862262471988072,0.1317192846063237,0.1696629395825601,-0.0554418591404035,-0.0566594513231685,0.0001178827179396,0.1236545057961364,0.4760271966158164,-0.0799077112528346,-0.0027730122024,1
1.0,0.619195,0.64,3.643466247517051,0.6234000045844613,0.25,0.1797,1.3913,1509.0,124732.0,11.9629,1.72,0.03,0.02,0.0,0.21999999999999997,0.685,0.0,0.54,0.88,0.0,0.2007,0.1958,0.8611,1.0,1.0,1.0,0,0.0,0.30400000000000005,0.0,1.0,1.0,0.0,0.0,0.0,-0.051469264378739,-0.0966294441945771,-0.0892701111582338,-0.0609000308261296,-0.0995526689009991,0.582005247165495,-0.1029486768504662,-0.0876976627694438,0.5927705208063904,0.1749203590471773,0.2369574303661232,0.0340440411532249,0.0768426461415273,1.1818909774467077,-0.0699902218305096,0.0575386317752238,0.5306112912105789,0.0818121553691883,0.084101661397391,0.0524137841417444,0.0775531758161278,1.1454676458229471,-0.0656352427513444,0.0148144752649522,1
1.0,0.563218,0.62,3.561186151417447,0.3678442025888879,0.0433,0.1446,0.2995,120.0,410297.0,18.7127,2.57,0.025,0.05,0.0,0.73,0.63,0.005,0.88,0.825,0.38,0.21195000000000003,0.61195,1.0,1.0,1.0,1.0,788,0.16720000000000002,0.544,1.0,1.0,0.0,1.0,0.0,0.0,-0.0359041508036772,-0.0528352872567664,-0.0341611494288746,-0.0176662911676421,-0.0495966160458431,-0.0193212877768339,-0.0554112003380019,-0.0399989695434342,0.1374274984481525,0.372979213367438,1.1012843410252118,0.3094910769354659,0.6933545628947576,-0.0134218610242795,1.0600185064176235,0.5264466996400259,-0.0771595081335885,-0.0800444492053563,-0.0585641710058292,-0.0224113634028989,-0.0414448207850817,0.0096387335505451,-0.0828675907634654,-0.0492043168545481,1
1.0,0.508333,0.59,1.5131969921926542,0.590261337206558,0.0944,0.1233,0.7655,248147.0,35538.0,18.7127,2.67,0.01,0.07,0.0,0.52,0.49,0.0,0.6599999999999999,0.665,0.07500000000000001,0.1006,0.5625,1.0,1.0,1.0,1.0,0,0.0,0.16149999999999998,0.0,1.0,0.0,1.0,0.0,0.0,0.5790808386432185,0.15995602288385,0.4028239202642556,0.0717399859875568,0.1935654747813011,0.3084197717488245,-0.0189409057406823,0.148232870426041,1.0825813730385447,0.5871570630318889,1.07973872124284,0.0914991195596144,0.2782419673778071,0.0417803627859551,0.8339916904361984,0.2844622847714513,0.1878683035717536,-0.0498976600353437,0.0074211711339367,-0.0282595602495265,0.009370363228568,0.0049070801129673,-0.080596437911272,0.0197590414705427,1
1.0,0.702492,0.45,0.3251086182333269,0.7460861008158721,0.0778,0.2274,0.3423,243357.0,43040.0,18.7127,2.68,0.04,0.02,0.005,0.625,0.455,0.0,0.845,0.645,0.0,0.30595,0.30915,1.0,1.0,1.0,1.0,2085,0.48694999999999994,0.0,1.0,0.0,0.0,0.0,1.0,0.0,0.2120748535478464,-0.0306344404533117,0.3465499343272024,-0.0008581259479076,0.0272509224910081,0.0258667529139751,0.0219638137832588,0.0850237626658701,0.3526977565038888,0.1356866786230255,0.4449014377634755,0.0498377679930327,0.1481231449295607,0.0061415943920037,-0.0388536663290346,0.197351284801133,0.0186498186177078,-0.0500014940146679,-0.0456647188401795,0.0091946049384847,-0.0116117102956286,-0.0150862504476076,-0.0751052313239656,-0.013399356150088,1
1.0,0.533735,0.39,3.1805340454878994,0.2055403672393322,0.0379,0.1079,0.3517,203152.0,75787.0,18.7127,2.74,0.03,0.02,0.0,0.655,0.7,0.03,0.8200000000000001,0.815,0.675,0.19755,0.23625000000000002,1.0,1.0,1.0,1.0,10024,0.3195,0.2145,1.0,1.0,0.0,0.0,1.0,0.0,-0.0275106945652099,-0.0374889181443725,-0.0511798681591168,-0.0118488267417605,-0.0462762704163876,0.0032103181467699,-0.0638953459237478,-0.0342822391800948,-0.1525177810811123,1.065297553604107,0.32023201947169,-0.0214636325038663,0.1477371536242652,-0.0687712018346724,1.614029656974217,0.0379019494883013,-0.045200401934025,-0.0761705142308777,-0.0192651855740938,-0.0287137513996667,-0.0213654276877438,-0.018478760359476,-0.0655322398456104,-0.0452093672065718,1
1.0,0.52548,0.517647,4.979803214992386,0.3300251028333189,0.0346,0.1261,0.2746,25.0,12925.0,10.072,3.21,0.07500000000000001,0.035,0.0,0.5,0.8,0.005,0.615,0.89,0.585,0.675,0.5278,1.0,1.0,1.0,1.0,0,0.171,0.23549999999999996,1.0,1.0,0.0,0.0,1.0,0.0,-0.0572165877360442,-0.0357989439605338,-0.026260002121663,0.0081938087736512,-0.0388175005517463,-0.0237066617688657,-0.0830043647496146,-0.064811684601292,0.1850373635877776,0.6159078566460232,0.4472270687008106,0.3004435449978312,0.5488090445238746,0.0274572881364707,0.9469410278884204,0.3026239561252212,0.1931584181998221,-0.1094330040658018,-0.0905738651517197,-0.0303050797533875,0.1222322818010215,-0.0605224679746739,-0.1478964925092994,-0.0312241771799674,1
1.0,0.508197,0.54,3.7477556536002488,0.2623662509840795,0.0088,0.1211,0.0727,95186.0,266.0,16.3096,3.34,0.11,0.0,0.0,0.42500000000000004,0.01,0.01,0.55,0.27,0.495,0.67015,0.0764,0.91945,0.2,1.0,0.96875,808,0.6259,0.09880000000000001,1.0,1.0,1.0,0.0,0.0,0.0,0.2552529620697742,0.1706472365417497,-0.0181583248540333,0.0827401006540693,0.3465949912337206,-0.0110375709835338,0.023217809876484,0.1409168948315092,0.1023166416521182,0.6028890038476648,0.6047398423835711,0.232566907901647,0.5733406512560799,-0.0511401541694424,1.0820869075354755,0.4492415651603718,0.0053809496162427,-0.0453137119909191,0.0481605465899675,0.03048651202226,0.1109757011002611,0.0012756730217877,-0.0191838832402517,0.0823562953682916,1
1.0,0.464512,0.54,5.1566554703255525,0.253043546518736,0.0193,0.1464,0.1319,67643.0,235158.0,8.12848,3.54,0.05,0.035,0.03,0.72,0.765,0.21,0.795,0.86,0.805,0.4266,0.4757,1.0,1.0,1.0,1.0,0,0.30849999999999983,0.0342,1.0,0.68,0.0,0.0,1.0,0.0,-0.0443464119689341,-0.0604604279188967,-0.0586901293742733,-0.0422340010018667,-0.0320633322183205,-0.0528565082052717,-0.0949013309125232,-0.0754078933725838,0.0767940967620148,1.0968969982067227,0.3434708353510299,0.1230420407031251,0.2888702909437665,0.0328292959415645,1.484850506875271,0.1250909856395063,-0.0703340395351254,-0.1021545663466537,-0.0503731719892314,-0.0515224967407684,-0.0694476055206709,-0.0577707730155635,-0.1005401896835827,-0.0862467784438575,1
1.0,0.456265,0.71,6.204159192977279,0.1524046705536188,0.0088,0.1112,0.0795,231.0,22753.0,212.681,3.89,0.07,0.15000000000000002,0.0,0.74,0.505,0.0,0.895,0.645,0.5,0.3363,0.73005,1.0,1.0,1.0,1.0,1560,0.4975,0.5036499999999999,1.0,1.0,0.0,1.0,0.0,0.0,0.0086484692916482,-0.0218176372453718,-0.0753747097919631,-0.0428317442378515,0.0876935102485411,-0.0563603079165999,-0.0852034984422997,-0.0424914304654466,-0.0014203460574701,0.4781882382973227,1.0211109602950492,0.7232419761502146,1.005573293903529,0.029835821274711,1.1566643234885343,0.5951947802287169,-0.0626988437001817,-0.082291172228033,-0.0676596137243361,0.063756020488841,0.2457730435714375,-0.0247889915901665,-0.0968210375830321,0.0583234605413115,1
1.0,0.659879,0.59,0.0081985687152053,0.9164717262478972,0.04,0.4746,0.0842,500819.0,57437.0,23.4663,3.96,0.035,0.025,0.0,0.71,0.47,0.0,0.815,0.74,0.0,0.29164999999999996,0.205,1.0,1.0,1.0,1.0,2702,0.043,0.11199999999999999,0.86,1.0,0.0,0.0,1.0,0.0,-0.0362433948574719,-0.0882014654030237,-0.0936360217826064,-0.0094262262011879,-0.0392286409591387,-0.0291245854197765,-0.097161419033652,-0.0568609870571772,0.6000735034721328,0.2637816853171775,0.812882017189645,0.1019560832307765,0.3158845051507674,0.4691747695100961,-0.0784771878071534,0.2077762999770948,0.1439791624502366,-0.0282305025116103,0.0080552597181402,0.0439561646504193,0.1132576645540376,0.1403700844158038,-0.0938396750982526,-0.0075375854056337,1
1.0,0.507219,0.52,5.051045165970861,0.1726252375023243,0.0228,0.172,0.1323,196455.0,358120.0,23.4663,4.05,0.035,0.025,0.0,0.845,0.6000000000000001,0.0,0.91,0.6799999999999999,0.73,0.3623,0.31665,1.0,1.0,1.0,1.0,0,0.9339999999999997,0.07950000000000002,1.0,1.0,0.0,0.0,1.0,0.0,0.1339524356542064,0.036569335785443,0.0002653905853091,0.032594158484046,0.1651870844013648,0.0556995888282585,-0.0166907787437658,0.0469225397100284,-0.0408218888873681,0.8914562343622034,0.4235211295832307,0.0949085026859602,0.2734524811089101,-0.0657342038287802,1.3976495890454552,0.16857709073745,-0.0462456180369979,-0.0893194213199342,-0.0248386401990712,-0.0125117929112166,0.0374505716083393,-0.050341376227364,-0.0781466922523542,0.0369314647530703,1
1.0,0.43573,0.4,3.954725952465208,0.3026600203379116,0.0732,0.1085,0.6748,277175.0,280747.0,60.3796,4.29,0.02,0.015,0.01,0.595,0.395,0.095,0.7150000000000001,0.575,0.51,0.1625,0.16315000000000002,1.0,1.0,1.0,1.0,1728,0.3779999999999998,0.0625,1.0,1.0,0.0,0.0,1.0,0.0,0.4408568249147261,0.1237609021114771,0.1430555834424357,0.0368762283206378,0.1153397656141611,0.0798109724127911,-0.0441829829377151,0.0602025216235938,0.1371155218699558,0.5282246920182034,0.2973623208083281,0.1608891913278432,0.4021070286568374,-0.0113129131505293,0.5694960490932395,0.3792845026807553,0.0210098839263487,-0.0337366731652727,0.0824643184110665,0.0847661448562379,0.1999365380674861,-0.0389736408071606,0.0099795501056022,0.2011910208270539,1
1.0,0.487548,0.48,0.986291184743116,0.6237721747135072,0.0736,0.0914,0.8059,156503.0,381744.0,60.3796,4.59,0.05,0.02,0.01,0.76,0.635,0.44499999999999995,0.905,0.75,0.765,0.4763,0.28790000000000004,1.0,1.0,1.0,1.0,0,0.8385000000000002,0.11100000000000002,1.0,1.0,0.0,1.0,0.0,0.0,-0.0755884665522516,-0.0930626481579772,-0.1159511097192438,-0.0341295678429491,-0.0959046729721777,-0.0689587568814862,-0.1085284064959087,-0.0824720272637768,0.0986277860204147,1.3288593817960637,0.1797482052781164,-0.019562394732819,0.13432371382095,-0.0518862107764772,1.3536158023053626,0.0621631215905483,-0.0079445202902911,-0.0092279018263593,0.0023028371635569,0.0008007390069745,0.0156495765160326,-0.0027902268500442,-0.0240908585438396,0.0554237785796966,1
1.0,0.538855,0.66,4.562881269001159,0.2951525097950948,0.1804,0.1907,0.9459,6.0,12687.0,12.9347,4.95,0.15500000000000003,0.045,0.0,0.485,0.38,0.005,0.475,0.605,0.385,0.6637500000000001,0.2667,1.0,1.0,1.0,1.0,841,0.2825,0.5089999999999999,1.0,1.0,0.0,1.0,0.0,0.0,-0.0140880550422032,-0.0140880550422032,-0.0140880550422032,-0.008670432227762,-0.0140880550422032,-0.0040955250051034,-0.0140880550422032,-0.0140880550422032,-0.0235281874822268,0.6028352645578311,0.5428979644073199,0.3187995864445602,0.5499786261913313,-0.036075669852876,1.04846278608049,0.2646950827055608,0.1372128135351813,-0.0873722414106325,-0.0857815082147008,0.1051177320847283,0.3176246280385827,0.0432898026523304,-0.1129266271291503,0.1050991630569951,1
1.0,0.596206,0.411765,3.407610211061875,0.2297988077753575,0.0233,0.1414,0.1648,54192.0,1936.0,19.6319,5.11,0.075,0.115,0.005,0.615,0.27,0.26,0.765,0.45999999999999996,0.57,0.42845,0.6948000000000001,1.0,0.975,1.0,1.0,500,0.924,0.3459999999999999,1.0,1.0,0.0,0.0,1.0,0.0,0.1491296927537215,0.0042748547059966,-0.0432594369203585,0.0018789642617416,0.1218364260742011,-0.0162805455248242,-0.0302808769633773,0.0019433438890666,0.1832312492931384,0.9382803335957816,0.2920641149101243,0.0620301259889193,0.2898486261550413,-0.0005762904055574,1.1659782330612702,0.1756348233722791,0.0389428441459638,-0.0243282781048565,-0.015962524288936,0.0130911763151402,0.0314548882841985,0.0125873494247743,-0.0307064165413071,0.0337422168073857,1
1.0,0.562215,0.54,4.108994754641187,0.2957959573291495,0.0221,0.1781,0.124,144.0,44397.0,17.2288,5.16,0.02,0.015,0.0,0.7050000000000001,0.175,0.0,0.79,0.42,0.245,0.10264999999999999,0.2051,1.0,0.90415,1.0,0.9722500000000001,2549,0.0,0.21015,0.0,1.0,0.0,0.0,1.0,0.0,0.4463969751680944,0.0022575903676592,-0.046276542049849,-0.002810332519038,0.0647497892576244,-0.0331027943107775,-0.0638132897419806,0.0119740159207712,0.5960638702755908,0.4107602554305486,1.299970950058544,0.146640172846938,0.3527049826513423,0.0662001277260808,1.1689974228027078,0.3772047492809306,-0.0306025518397872,-0.0853556411796755,-0.0402686813195468,-0.0274343270254223,-0.0536948401280514,-0.0466292780597683,-0.0483241094854283,-0.0096926795090554,1
1.0,0.526652,0.7,2.3069910405689025,0.3835257399283339,0.0597,0.1206,0.4953,294.0,180150.0,57.0047,5.24,0.035,0.015,0.0,0.825,0.5700000000000001,0.02,0.88,0.7050000000000001,0.565,0.2625,0.16465000000000002,1.0,1.0,1.0,1.0,3622,0.41900000000000004,0.0,1.0,0.0,0.0,0.0,1.0,0.0,0.4108876497301788,-0.0102398310175808,-0.0221076833522489,0.0383455223940614,0.0742421639964364,0.7797888250516698,-0.0464061619550642,0.0469496719967411,-0.0897899123098436,0.7491779591346515,0.4928389085338257,0.2058847283862415,0.4283521243802058,-0.0394140970362614,1.0964804918328392,0.3053611284654837,-0.0918540649679923,-0.1166178346579224,-0.067668961280902,-0.0109207475325824,0.025058351901123,-0.0566020002866661,-0.1302010931339355,0.009264596461201,1
1.0,0.516667,0.49,3.22930595773529,0.3137459763069201,0.0262,0.1285,0.2041,56.0,29453.0,25.4098,5.24,0.07,0.04,0.0,0.495,0.735,0.21000000000000002,0.605,0.865,0.675,0.39585000000000004,0.29510000000000003,1.0,1.0,1.0,1.0,0,0.574,0.2925,1.0,1.0,0.0,1.0,0.0,0.0,-0.0159326466498051,-0.0379822582877571,-0.0048229698687717,-0.0180847264529643,-0.0357352612899471,0.0055811282373405,-0.0708400368968041,-0.0296173203606522,-0.0641368937286256,1.155348760807332,0.3251796499577545,0.0073163461561454,0.1830615136073949,-0.0368372487724808,1.423208142779719,0.0785537443625284,0.0520074434089012,-0.0417493953655195,-0.0438856365725014,-0.0211979672031228,0.1317960377317145,-0.0010989585664592,-0.0799779753662118,-0.0222971811776357,1
1.0,0.422716,0.51,1.7108215176271395,0.523659142836542,0.0207,0.1123,0.1843,82689.0,37971.0,25.4098,5.23,0.025,0.015,0.01,0.79,0.7,0.445,0.91,0.7849999999999999,0.74,0.30800000000000005,0.10515,1.0,1.0,1.0,1.0,0,0.16549999999999998,0.16,1.0,1.0,1.0,0.0,0.0,0.0,-0.069838331491057,-0.0814728964433866,-0.0934066930979583,-0.0476453757453436,-0.0924605128855332,-0.0477948339234665,-0.1199055178109526,-0.0667867855594105,0.4347428567965503,1.4300303656379063,0.408354865912528,0.1026847899871733,0.2481162374795928,-0.0943392804346454,1.7301493571552118,0.1729885962822601,0.0161651367011732,-0.020685937454207,-0.0117581928807209,-0.0020700485507866,0.0153160403972004,-0.0176083120675391,-0.0486983645321656,-0.0311009996953366,1
1.0,0.442913,0.42,3.827425017334244,0.2202850936042015,0.025,0.1129,0.2218,53424.0,76664.0,25.8694,5.22,0.015,0.02,0.0,0.63,0.545,0.045,0.72,0.65,0.56,0.11105000000000001,0.1533,1.0,1.0,1.0,1.0,0,0.079,0.748,1.0,1.0,0.0,1.0,0.0,0.0,-0.0117785275357346,-0.0143014401520134,-0.0126021954790577,-0.0083097520551028,-0.0088979208892611,-0.0146708856592254,-0.016157620538401,0.0005946669231303,-0.0410087595371226,1.054549008985316,0.3248145162652401,0.0660247250120971,0.3558196486077291,-0.0738221964038052,1.5306794492115017,0.2141034075008332,-0.0464730054463043,-0.0682923339558926,-0.014233745478969,0.0346314619595723,0.0699632375285195,-0.0037291082116134,-0.0532093134108573,0.0158431086257688,1
1.0,0.494792,0.411765,3.6093718883482,0.2389956962436033,0.047,0.1082,0.4341,224.0,99417.0,15.7974,5.12,0.03,0.02,0.015,0.14,0.775,0.09,0.255,0.83,0.635,0.3198,0.27775,0.85185,1.0,0.9509000000000001,1.0,0,0.06999999999999999,0.8615,1.0,1.0,0.0,0.0,1.0,0.0,-0.0634014528888728,-0.0800870329454211,-0.0799433945526242,-0.0517471073997075,-0.0732148520082084,-0.0544100108433485,-0.0888989529637423,-0.0661868095346747,0.0375145513454063,0.9229064460839788,0.3061263607184209,0.1393993690005671,0.3380147722455112,-0.0386467267173876,1.3264671793724525,0.2078840951282991,0.475780977152397,0.3543116322911489,0.0825920974297372,0.0373981384301511,0.2119450594645497,0.0141574470544506,0.3713162433180334,0.0998966229309949,1
1.0,0.541254,0.58,1.5425096667226648,0.7964346450631915,0.0354,0.0959,0.3692,3792.0,51169.0,11.5034,4.98,0.06,0.01,0.005,0.215,0.8,0.09,0.48,0.855,0.20500000000000002,0.42445,0.06325,0.95835,1.0,1.0,1.0,6029,0.23200000000000004,0.0,1.0,0.0,0.0,0.0,1.0,0.0,-0.0133993354400021,-0.077758292369902,-0.0564808772776683,-0.0517553657041028,-0.0850958459757392,0.0366416424984671,-0.106358104063432,-0.0581522133883221,0.7126481201230844,0.0365579800699053,0.0724293093849761,0.006419559011058,0.0987007754560102,0.587906157048173,-0.1258534183710278,0.0063702070623647,0.5980622392805388,-0.012656531182311,-0.0284774969059664,-0.0228332141860976,0.0949252905746877,0.3774037348071505,-0.0763881141269662,0.0436132450395696,1
1.0,0.545244,0.68,0.7626212436104526,0.5818514156098855,0.0526,0.1289,0.408,13.0,53293.0,6.69714,4.9,0.025,0.0,0.0,0.765,0.76,0.03,0.87,0.955,0.185,0.27455,0.0,1.0,0.8375,1.0,1.0,0,0.0,0.39049999999999996,0.0,1.0,0.0,0.0,1.0,0.0,-0.0045505814552654,0.0266509771602671,-0.0045505814552654,0.0066769963142883,-0.0024483972857798,0.0029132121510125,0.0107603624334009,-0.0045505814552654,0.4192946985384752,0.3646148830278936,0.3081375305363048,0.0241670664255726,0.224258759047185,-0.0774896173460327,0.2157666738173871,0.2047899462181667,0.0246671475978637,-0.0634714330599587,-0.0644850325251299,0.0067704405238402,0.0141831769020743,0.0191300681500679,-0.0980136858995494,-0.0239372334511912,1
1.0,0.457859,0.71,1.1281350363423652,0.824836787841077,0.0578,0.1585,0.3648,59.0,98324.0,30.1634,5.55,0.03,0.015,0.0,0.66,0.75,0.0,0.645,0.825,0.175,0.19945000000000002,0.14579999999999999,1.0,1.0,1.0,1.0,2500,0.5855,0.2065,1.0,1.0,0.0,0.0,1.0,0.0,-0.0180259076851943,-0.0255301999984196,-0.0442883735929174,-0.0263814924471018,-0.0392222165007929,-0.0397213652395742,-0.063859024676071,-0.0188047544143678,1.0876046421540064,0.7745704750356417,0.5181704273900282,0.0979030223887611,0.5135498806571706,-0.0607109852779346,0.3385368082475922,0.4117231277185871,0.0488030546331472,-0.0703107655711208,-0.0877019471179137,-0.0249189340951438,0.0152804721288636,-0.0125408251337464,-0.0968348050791348,-0.0251269544283891,1
1.0,0.519481,0.55,5.755355515595135,0.1727747615356731,0.0,0.1171,0.0,3.0,135626.0,30.1634,5.33,0.03,0.11000000000000001,0.0,0.6799999999999999,0.575,0.005,0.89,0.645,0.425,0.2847,0.59165,1.0,1.0,1.0,1.0,0,0.4125,0.22344999999999995,1.0,1.0,1.0,0.0,0.0,0.0,0.1401346770067543,0.0014327231524779,-0.0737770408666018,-0.0514521370619194,0.0803899052547013,-0.0299915573745188,-0.0663499843573768,-0.01722383401749,0.1079129415399617,0.6292854877315543,0.7884142761058467,0.2875163884827006,0.4580036204608763,0.0014827497930494,1.2335668928399497,0.3752314335897972,-0.0308795744266172,-0.0575436248984515,0.001941310171387,-0.0275571357370495,0.0210957132478146,-0.0165755886426247,-0.0722428080932085,0.0200280120724972,1
1.0,0.544271,0.55,5.928771949654816,0.238001624224037,0.0032,0.1684,0.0193,229535.0,82060.0,31.6475,4.84,0.0,0.01,0.0,0.03,0.665,0.0,0.46499999999999997,0.84,0.0,0.0282,0.1111,0.3889,1.0,1.0,1.0,5174,0.037000000000000005,0.1045,0.74,1.0,1.0,0.0,0.0,0.0,-0.0247097442731734,-0.0402458971961549,-0.0165913040704279,0.0048172716401332,-0.0350929421382307,-0.013291790152832,-0.0587979952100811,-0.0116777434790361,0.1253148062952231,0.3917073315578573,0.0227433705671405,0.1394680161893787,0.2077317173213846,-0.0181003024020264,0.2801023030528521,0.0605170526118483,-0.0159903333220333,0.719409036046125,0.2406274341256836,0.1256031303220531,0.2851692513300898,-0.055775447222181,1.0675217265289707,0.1364344139582592,1
1.0,0.529869,0.54,1.7237850167868407,0.4323106897496242,0.0371,0.1025,0.3625,45849.0,257245.0,56.0329,4.81,0.06,0.015,0.015,0.575,0.815,0.25,0.705,0.87,0.645,0.54915,0.1,1.0,1.0,1.0,1.0,0,0.46949999999999986,1.0,1.0,1.0,0.0,0.0,1.0,0.0,-0.0687861362574407,-0.0847996505379848,-0.0600044015655507,-0.0429578668509161,-0.0793845067713191,-0.0531550105295737,-0.0939795969535459,-0.0582254849090304,0.1697773255724989,0.5095988258828691,0.244592939384354,0.2329368007485834,0.6326404168437877,-0.0670361174360824,0.5864769714402418,0.5392312632035133,0.0938212102037372,-0.09429777620126,0.0023047242698722,0.0075994826416105,0.2346916766469451,-0.0093328322376214,-0.097309403636419,0.1164614544098573,1
1.0,0.723837,0.65,2.359356860111572,0.4504061573501874,0.0597,0.7306,0.0817,299.0,1847.0,26.8412,4.79,0.065,0.11499999999999999,0.0,0.29000000000000004,0.5,0.0,0.445,0.665,0.0,0.4222,0.5881000000000001,1.0,0.9722500000000001,1.0,1.0,4730,0.0,0.0,0.0,0.0,0.0,0.0,1.0,0.0,0.5312419112407516,-0.0421578415783855,0.0038831260156778,-0.0107346716530742,0.1207879964125825,-0.0128131653399934,-0.0683655919889554,-0.0005917031246141,0.223430194131204,0.0019256233044041,0.7798731399282677,0.2418482601871952,0.4452664030374685,0.0292372171569309,0.0725691706809732,0.367461133244411,0.1994998621071476,-0.1031502652786469,-0.0473037205505574,0.022407215812277,0.1054347880807142,-0.0026921955997734,-0.119345804116221,-0.0001215228827278,1
1.0,0.462585,0.45,2.693110094501403,0.3499429916481439,0.1123,0.1323,0.8489,143017.0,1637.0,6.69714,4.74,0.025,0.01,0.005,0.605,0.5249999999999999,0.22,0.7949999999999999,0.515,0.56,0.1876,0.05955,1.0,1.0,1.0,1.0,0,0.4904999999999999,0.1655,1.0,1.0,1.0,0.0,0.0,0.0,0.4317419247961107,0.0657640203237019,1.112843460509232,0.1629724967669699,0.3356425470266083,0.0080523160403466,0.3714398468548167,0.2826421006006882,0.2651868412177804,0.9750746735011128,0.4042927852380278,0.1251435824650019,0.3434454895578621,-0.0416612302240986,1.240780001247876,0.2491489499792945,-0.0060607220095606,-0.0600726445537135,0.011192730562448,0.0220711720591513,0.1289599616548581,0.019318211996344,-0.0533412170568007,0.0651619667619027,1
1.0,0.684783,0.51,2.013340330305633,0.6602060009842432,0.0145,0.3095,0.0469,63.0,149751.0,6.69714,4.74,0.015,0.01,0.0,0.855,0.14,0.0,0.925,0.41000000000000003,0.0,0.24995,0.15625,1.0,1.0,1.0,1.0,2250,0.9525,0.16670000000000001,1.0,1.0,1.0,0.0,0.0,0.0,-0.0446753655064938,0.8674485589176782,0.0309895655922914,-0.0001226322569382,-0.0148397309407937,-0.0485088479667344,0.8993959339815476,-0.0589916336460638,0.5099004006137478,0.0744244060544167,1.3489444586442962,0.1990319369899102,0.3893507607721883,0.0169696334488799,0.4433480213263555,0.3420134525941361,-0.0289501716038978,-0.0576377453662589,-0.0067302399292224,-0.0178227909942321,0.0112742764755507,-0.030714591462627,-0.0646247816123523,-0.0351092815473626,1
1.0,0.557018,0.46,6.895927041149942,0.1424148523089486,0.0343,0.1411,0.2433,27130.0,60290.0,6.69714,4.72,0.015,0.06,0.0,0.685,0.5549999999999999,0.0,0.835,0.76,0.35,0.13485,0.46295,1.0,1.0,1.0,1.0,3591,0.0,0.059000000000000004,0.0,1.0,0.0,1.0,0.0,0.0,-0.0350629913028924,-0.0739825393842921,-0.1183394073684141,-0.0034328824280549,0.0557442586688595,0.0181655070911624,-0.105716785774537,-0.0303649387028458,-0.041148741296752,0.5800363358014247,0.4458663171214326,0.3068073485620443,0.4904639384292218,0.00368702167379,1.0943414788729664,0.3443176268394374,-0.012660115966912,-0.0497218383447293,-0.0275438424811097,0.0048540667708106,0.0278101015830958,0.0237430258427565,-0.0643660924495774,0.0267152014694547,1
1.0,0.443951,0.735294,3.705894800527167,0.4858570852852068,0.0229,0.3186,0.0717,300.0,146880.0,88.6521,4.18,0.03,0.005,0.0,0.725,0.005,0.005,0.835,0.025,0.56,0.2361,0.10835,1.0,0.10414999999999999,1.0,0.6890000000000001,5163,0.17450000000000002,0.08450000000000003,1.0,0.95,0.0,0.0,1.0,0.0,0.3577666518394822,0.1215916171140465,0.4118877078003042,0.0517389499061598,0.1640663132152628,0.0049459889230694,0.0479647189540662,0.15585793797169,0.3429747771738297,0.9567776879115156,0.4547075852582812,0.09815030231166,0.3404181287650426,-0.093263235970646,1.3456405757411651,0.1994918371848792,0.0048086512300004,-0.0967483952488703,-0.0298856660924203,-0.0352085246900511,0.0511548073059113,-0.0305145506850324,-0.0883727507557841,-0.01701198101936,1
1.0,0.485428,0.58,4.523397868697997,0.2294477249644916,0.0101,0.0819,0.1239,30575.0,196036.0,16.7692,3.97,0.07,0.03,0.0,0.47,0.56,0.02,0.675,0.76,0.7,0.52605,0.19390000000000002,1.0,1.0,1.0,1.0,4443,0.3609999999999999,0.0,1.0,0.0,0.0,0.0,1.0,0.0,-0.0556098149799171,-0.0390129657436807,-0.0794163397793247,-0.0030851126007775,0.0266607620587483,0.0062082356293897,-0.0595669075907184,-0.036835241715495,0.0188415569000346,1.004293326563968,0.308186448419905,0.0668431771109848,0.2884348503434089,-0.0670492352315873,1.369472722540365,0.1489717234914832,0.0707394378541442,-0.0940692757706987,-0.0471013940277896,-0.0111376800710797,0.0761134981797265,-0.0451366974657124,-0.0989847177473715,-0.038808202211409,1
1.0,0.507375,0.56,4.26206342313322,0.3315737299993563,0.0269,0.1528,0.1758,168224.0,52236.0,16.7692,3.95,0.060000000000000005,0.055,0.01,0.86,0.81,0.12000000000000001,0.91,0.88,0.725,0.40700000000000003,0.38244999999999996,1.0,1.0,1.0,1.0,0,0.9373000000000001,0.9475,1.0,1.0,1.0,0.0,0.0,0.0,-0.0081556106451695,-0.0341264084688511,-0.0164379056577816,-0.0200267295814143,-0.0263683154291264,-0.0272615540293656,-0.0510666208710892,-0.0063230450167301,0.171445677327908,1.0590538099204605,0.3261966990937915,0.0043647412601639,0.2184086716347719,-0.0555859504881345,1.4555334897528915,0.1211767144650686,-0.0102238375798577,-0.0130391171995524,0.002111261843479,0.0062830392350648,0.0159662318353485,-0.0057159390619767,-0.0090385508249534,0.0050150019653439,1
1.0,0.590278,0.43,1.881255809028576,0.3504436130386054,0.0338,0.1789,0.1888,44606.0,187880.0,7.66892,3.87,0.035,0.04,0.0,0.805,0.665,0.005,0.84,0.79,0.05,0.47914999999999996,0.37729999999999997,1.0,1.0,1.0,1.0,6249,0.7484999999999999,0.7216499999999999,1.0,1.0,0.0,0.0,1.0,0.0,-0.0190182017098874,-0.0314638987511373,-0.01507807492007,0.0202963797151417,-0.0216594489897265,-0.0084178036191803,-0.0192707868953441,-0.0096508368748207,0.2196364745675095,0.2141023644104468,0.9682499489485622,0.4714584178071652,0.9638036965263488,0.0321045182683242,0.564482131884469,1.06732628065522,-0.049363021938964,-0.084296573905103,0.0328372120340975,0.0137728977283972,0.0544879394377792,-0.0599449110999408,-0.0722879077968075,0.0668218884852141,1
1.0,0.434483,0.364706,4.724077150368487,0.2061589727623604,0.04,0.0986,0.4051,161777.0,49748.0,7.66892,3.81,0.03,0.02,0.005,0.605,0.7849999999999999,0.16999999999999998,0.69,0.845,0.71,0.28454999999999997,0.17204999999999998,1.0,1.0,1.0,1.0,1425,0.0,0.32380000000000003,0.0,1.0,0.0,0.0,1.0,0.0,-0.0064899436605769,-0.0209448189772359,-0.0187054727554563,-0.0225958578365801,-0.0157796846854115,-0.0049286412579707,-0.0247861368014007,-0.01560048396098,-0.1266094597885847,1.0873459598638244,0.319169594022797,0.0946131280153449,0.2313605575439665,-0.0564078378303224,1.6026578051931666,0.1497325543573439,0.0061738840858252,-0.0729360896890976,0.0184785781499443,0.0470715986662266,0.1745489660935078,-0.023037007022432,-0.064118108020532,0.1392814830779107,1
1.0,0.422939,0.46,4.031720327107506,0.2641460203792625,0.0064,0.2855,0.0224,25928.0,184809.0,7.66892,3.72,0.11,0.05,0.005,0.615,0.345,0.03,0.7,0.375,0.635,0.81585,0.6667,1.0,1.0,1.0,1.0,1803,0.2985000000000001,0.09499999999999999,1.0,1.0,1.0,0.0,0.0,0.0,0.058433682131078,-0.018856385535513,-0.0193515166221312,-0.0128188936783331,0.0498999925863336,-0.0041341892900789,-0.0562614241999196,0.0233037846764975,0.0889341295541239,1.061846630408365,0.2136013197281151,0.1116492658059029,0.4863596626603548,-0.0721126001239537,1.502591819363311,0.2973244688026034,0.0776832051534711,-0.1014593112666437,-0.0679420598664583,-0.0493955483907009,0.1238380751339074,-0.0376434656026677,-0.0998082386000804,0.020362577383824,1
1.0,0.599837,0.6,3.965457392742632,0.5820544998355296,0.0078,0.3111,0.0251,22.0,319.0,11.9629,3.7,0.04,0.03,0.005,0.71,0.585,0.01,0.76,0.7849999999999999,0.28500000000000003,0.63015,0.29059999999999997,1.0,1.0,1.0,1.0,3180,0.15454999999999997,0.056999999999999995,1.0,1.0,0.0,0.0,1.0,0.0,-0.0739684842948006,-0.0788923933175642,-0.040405672011138,-0.043704693285113,-0.0906648289902533,-0.0154446484363735,-0.1023552465120101,-0.0755439399160594,0.4207656550858963,0.0879008603935044,1.5564672839232716,0.2402321691115872,0.5221247112298087,-0.0097192894060255,0.8871109157877266,0.4217022096874251,-0.0021464586336582,-0.0833529838034782,-0.0217794582521474,-0.017047299043157,0.1040870332231962,-0.0378638431790143,-0.0916299744878898,-0.0133808674994726,1
1.0,0.706935,0.611765,1.0126257175147657,0.8051914682147033,0.0234,0.2333,0.1002,49588.0,89455.0,11.9629,3.66,0.02,0.01,0.0,0.28,0.595,0.0,0.52,0.76,0.0,0.31625000000000003,0.13874999999999998,1.0,0.95,1.0,1.0,1901,0.3464999999999999,0.27754999999999996,1.0,1.0,1.0,0.0,0.0,0.0,-0.0655283879350487,-0.1290181696007592,-0.1180333186315858,-0.0936770431219035,-0.0981769144631075,-0.0952530297524548,-0.1616998111087922,-0.1327126936127526,0.1389339743774095,0.0676579710792135,0.5061194063067344,0.0685680563826365,0.17808843319191,0.0895352965774838,0.0908361257630427,0.1682543338876627,0.198883316332879,-0.0433449601393854,0.237387600659581,0.0582370846769925,0.199487984214302,0.159387139250117,-0.0554993950917928,0.1445135666215838,1
1.0,0.577181,0.42,3.47483466827728,0.5936767074869255,0.0249,0.1281,0.1946,82861.0,56264.0,11.9629,3.65,0.01,0.025,0.0,0.030000000000000002,0.455,0.0,0.14,0.655,0.28,0.2425,0.2197,0.30955,0.9762,0.9375,1.0,0,0.10450000000000001,0.19400000000000003,1.0,1.0,1.0,0.0,0.0,0.0,0.0014005558391073,-0.0786647738973026,-0.0503055077793887,-0.0363758933877742,-0.0221544612248417,-0.0167334916429942,-0.0998122605171199,-0.0577994130035465,0.3752688028056903,0.2795584129400086,1.2521786423692187,0.4300857244394197,0.8331523355056998,0.0341062075939684,0.903247616036631,0.6938625308944262,0.4782341670017053,-0.0245249381809244,-0.011628615640882,0.016208325191459,0.2446191304414247,-0.0150250130365124,-0.0685357644363534,0.0971376762784879,1
1.0,0.446763,0.59,4.2598238272404725,0.3059630390471178,0.0891,0.1595,0.5588,224200.0,4407.0,131.291,3.41,0.01,0.095,0.0,0.51,0.33999999999999997,0.0,0.745,0.365,0.42000000000000004,0.10535,0.40105,1.0,0.9330499999999999,1.0,1.0,0,0.3644999999999999,0.0,1.0,0.0,1.0,0.0,0.0,0.0,0.4784489842274716,0.162699458222749,0.1953780826046696,0.0123281900507043,0.1817102329162216,-0.008858907304043,-0.0751024359221743,0.1770479484889244,0.3121169727729806,0.757732350065524,0.4358616675872774,0.0510032731799588,0.2398650466338745,-0.077717432104021,1.2253098732666907,0.1443202823238706,-0.0212254677238928,-0.0501103180823914,0.0004295895896785,-0.027263205239587,0.0365026204967946,-0.008758725103909,-0.0469432537803229,0.0273443436444758,1
1.0,0.52183,0.48,4.589575910103284,0.2220493902876648,0.0076,0.1541,0.0492,112.0,69265.0,9.10026,3.35,0.06,0.005,0.0,0.785,0.365,0.005,0.885,0.41000000000000003,0.5800000000000001,0.60975,0.0625,1.0,1.0,1.0,1.0,0,0.7579999999999996,0.0,1.0,0.0,1.0,0.0,0.0,0.0,-0.0643143748027608,-0.0994621351380414,-0.0834571512683013,-0.0532879547219732,-0.0728906890287469,-0.0248371391726789,-0.1277621073105778,-0.0804886746369307,-0.0624219716481732,0.8409832867275199,0.8031298715791152,0.1434837953762963,0.3898245946132541,0.0179926839674682,1.5475457044819128,0.2492713997571148,-0.0624250976824465,-0.0691269608025864,-0.0497014858650333,0.0254631073053137,0.0001136088052083,-0.0309349727311104,-0.0784460354811044,0.0052058624638768,1
1.0,0.541667,0.64,4.523663795001178,0.3776282606279153,0.0162,0.337,0.0481,276712.0,64301.0,9.10026,3.29,0.10500000000000001,0.015,0.0,0.64,0.07,0.005,0.72,0.41500000000000004,0.14500000000000002,0.77085,0.4528,1.0,0.75,1.0,1.0,2084,0.7710000000000001,0.0,1.0,0.0,0.0,0.0,1.0,0.0,-0.0082937445245787,-0.0466619459065805,-0.0303449440355011,0.0285122877677883,0.0633438387712684,-0.0107410630639581,-0.0716232189495545,-0.0394470783567335,0.1539278600398819,0.2602921275249212,1.3084543760363956,0.4869122347245859,0.9160688006588782,0.0115890914831248,1.133897291235853,0.8597608638413036,-0.0313232168193905,-0.1132807894190237,-0.0681924326701248,-0.061436441433575,0.0618351764986045,-0.0205900268819707,-0.1261443717292056,-0.0475468384745374,1
1.0,0.487923,0.34,4.393212690618228,0.1801339275863226,0.0237,0.1207,0.1966,119995.0,218396.0,9.10026,3.25,0.01,0.03,0.0,0.73,0.725,0.005,0.8500000000000001,0.865,0.5,0.09045,0.2529,1.0,1.0,1.0,1.0,516,0.9300000000000002,0.30400000000000005,1.0,1.0,0.0,1.0,0.0,0.0,-0.0288958321590131,-0.0056571625955813,-0.048766153224097,0.0006131261358807,-0.0049784974460159,0.0038996519771282,-0.0553905970099429,-0.0365005600799522,0.0292713872540148,0.7429466060606991,0.4259117806150758,0.2627498264103074,0.5634902974209745,-0.0193577202155254,1.2077895692576823,0.3922980058240599,-0.0759103038883252,-0.1061372997502353,-0.0314642776837281,0.0035156986308641,0.0618316857673062,-0.0257621208044626,-0.0724498616087782,0.0794584264627496,1
1.0,0.694574,0.56,2.742785126637289,0.7339824239993112,0.0431,0.4211,0.1023,54428.0,287560.0,15.7974,3.11,0.01,0.04,0.0,0.75,0.21500000000000002,0.0,0.8300000000000001,0.375,0.0,0.0611,0.40049999999999997,1.0,1.0,1.0,1.0,7153,0.1875,0.2985,1.0,1.0,0.0,0.0,1.0,0.0,0.1132205243126844,-0.038139881700285,0.4893099521682657,0.2692242654725237,0.4715959441711922,0.0131560681274413,0.2877866904095042,0.5362335233909769,0.2151799091139664,0.0820362691767823,0.4332043698938047,0.007594291971434,0.1387366008148654,0.1233071722905681,-0.0590039639056397,0.1826298585639093,0.1420025599478941,0.0072154698227806,0.0134192176110372,0.0367672667154098,0.0482580761453217,0.0857289110423847,-0.0502629544564006,0.0270251930551343,1
1.0,0.735962,0.48,0.3428468256475585,0.9092537106662372,0.0599,0.2978,0.2011,158905.0,77.0,12.4752,3.07,0.16999999999999998,0.005,0.34,0.61,0.025,0.45999999999999996,0.6699999999999999,0.39,0.515,0.62225,0.09789999999999999,1.0,0.34375,1.0,1.0,581,0.628,0.04,1.0,0.8,0.0,1.0,0.0,0.0,0.2423868889686126,0.3629501087023365,0.5103824323549953,0.0441807688375624,0.3217487328239566,-0.031958184639163,0.7006631118646272,0.2000361916287973,0.1625042194368537,0.0077846211637233,0.2184567928716363,0.0379112533962367,0.135211455025534,0.0072571866831468,-0.0388696645181848,0.1325710715284066,0.098320318917005,-0.0246100012190346,0.0419338322921934,0.0166831757966709,0.1431517331810205,0.0273984793380604,-0.0501252383815501,0.0340210559246996,1
1.0,0.558559,0.482353,0.0441646912940198,0.9203576437311856,0.0257,0.1273,0.2018,31336.0,127888.0,30.1634,2.97,0.025,0.05,0.0,0.65,0.36,0.005,0.8200000000000001,0.7250000000000001,0.0,0.4018,0.46665,1.0,1.0,1.0,1.0,0,0.263,0.595,1.0,1.0,1.0,0.0,0.0,0.0,-0.0077292697197387,0.0127227703302456,-0.011449534461852,0.0727901854679659,0.0240495476715796,0.029836321447618,-0.0299357194975927,0.0242834833994804,0.5851990234693324,0.118252633103039,0.2924333546986799,0.2534594158756127,0.7896762690850928,-0.0171148802651626,-0.0866273639225131,0.7885169157212604,0.0639463458259415,-0.0535584582640273,-0.0198936508109237,0.0128365501642067,0.0966173001872667,-0.0553424380010565,-0.1097395892571853,0.0469571575004684,1
1.0,0.623891,0.605882,0.9869652706541552,0.8262808725582833,0.0831,0.2291,0.3629,240.0,156654.0,30.1634,2.94,0.07,0.015,0.0,0.755,0.485,0.0,0.845,0.6399999999999999,0.0,0.61285,0.2326,1.0,1.0,1.0,1.0,0,0.6869999999999998,0.496,1.0,1.0,1.0,0.0,0.0,0.0,-0.0225390105685897,-0.0392309983579985,-0.0380603409926813,-0.0218590343728479,-0.0374264639790636,0.003409246728575,-0.0537736082500809,-0.0140708279112555,0.6997698275226798,0.3082922694958211,1.0163487019641757,0.2083499099109732,0.4735490048086491,0.150373990234694,0.2917687973333113,0.567490490458803,0.0441618964981868,-0.0599469730655299,-0.0072275588229886,-0.0045090207773431,0.0295065764442327,0.0011650088432369,-0.0979348736413015,0.0002939871463036,1
1.0,0.546136,0.57,3.576806504096876,0.38838270255127,0.0228,0.114,0.1996,70.0,110683.0,46.9326,2.9,0.01,0.060000000000000005,0.01,0.74,0.375,0.105,0.815,0.43000000000000005,0.41,0.12765,0.5375,1.0,1.0,1.0,1.0,0,0.3655,0.13849999999999998,1.0,1.0,0.0,1.0,0.0,0.0,0.385667032093866,0.0882981580400756,0.0754815634999631,0.0032960623747046,0.1063807171087136,0.0023870049102636,-0.0849969120716677,0.0250508214502306,0.0962328937806318,0.8038871028528863,0.4023408674481376,0.1119450911777121,0.374556024673213,-0.0042972857371638,1.121645954311849,0.2288014642007238,-0.0554136483150076,-0.0714743179953474,-0.0134308354468469,-0.0379292568426942,-0.0358563093755039,-0.0134911352616053,-0.0933153454022394,-0.0256871831589841,1
1.0,0.480916,0.39,0.5186925671291203,0.8327074156567105,0.0379,0.1237,0.3068,35458.0,80947.0,46.9326,2.87,0.0,0.05500000000000001,0.0,0.08,0.36,0.0,0.26,0.505,0.005,0.04165,0.39105,0.59585,1.0,0.9,1.0,4919,0.0,0.267,0.0,1.0,0.0,0.0,1.0,0.0,0.4216810122166989,-0.0760985902100201,-0.1105061555947632,-0.0878301789144558,-0.0607155466192963,1.177730284756641,-0.1748744783809391,-0.0966746373344954,0.7698161096540972,-0.0040620516433226,0.0073149569843223,0.0555160210596338,0.1322201626397046,1.0351285761347575,-0.0820387739171974,0.023452653121835,0.362719667073203,0.0414972517568096,0.1767676676676469,0.0492981947663561,0.1190639733001855,0.5577499674210937,-0.0686942634106604,0.0485983874719286,1
1.0,0.568966,0.52,3.934766528205883,0.5605990427637184,0.0127,1.1507,0.0111,40732.0,76252.0,46.9326,2.87,0.08499999999999999,0.025,0.0,0.35,0.5549999999999999,0.0,0.46499999999999997,0.81,0.0,0.67225,0.2222,1.0,1.0,1.0,1.0,4472,0.5025,0.38499999999999995,1.0,1.0,1.0,0.0,0.0,0.0,0.1624048005576659,-0.0461442970985884,-0.0344443388338973,-0.0202914937294839,0.0434069277689525,0.278032163802058,-0.1020891399254706,-0.0044797357879654,0.7285833628192926,0.1203683264706416,0.4730982589771216,0.2677510681951743,0.514441325558232,0.3139202663654731,-0.0708421305434473,0.326176619399172,0.2231958213528055,-0.1126098526133393,-0.0568581767334385,0.0017891547594879,0.0678647104636641,0.4538016096846841,-0.1155990352419972,8.959522814423957e-05,1
1.0,0.610644,0.68,0.5520310170092486,0.7657741741968991,0.0541,0.0977,0.5537,239.0,116475.0,45.554,2.81,0.04,0.02,0.0,0.725,0.74,0.0,0.835,0.8,0.0,0.5278,0.21299999999999997,1.0,1.0,1.0,1.0,332,0.6979999999999998,0.685,1.0,1.0,1.0,0.0,0.0,0.0,0.0601071717858227,-0.1041519145082658,-0.0863555375577085,0.0094419971457442,0.0826519670756019,0.1269913837373345,-0.1180403566670716,-0.0580699615112062,0.4513736404429792,0.0413497429173915,1.193140647766548,0.5902541133180885,0.8194344451168327,0.2931588462164928,0.0344984357215934,0.6617980102673029,0.0136769031265427,-0.0378295773152891,-0.0096524485051557,-0.0083141158142037,0.018722444814817,0.0495032164386442,-0.0535034011698117,0.0057205763111054,1
1.0,0.530623,0.61,3.087532522448818,0.54710446852896,0.017,0.1301,0.1306,105.0,56374.0,33.0261,2.55,0.135,0.015,0.01,0.135,0.275,0.01,0.135,0.89,0.45,0.9051499999999999,0.32805,1.0,1.0,1.0,1.0,5828,0.078,0.026999999999999996,1.0,0.99,0.0,0.0,1.0,0.0,0.1989613814989102,0.5088571239697874,0.5464847829842326,0.1765634916055099,0.4660877255467039,0.013452004408755,1.0372455720365028,0.354816039655155,0.1668276923258941,0.7242490741900828,0.738539733094173,0.4114807768151624,0.858087693563299,-0.0156538237930934,1.1982308078033683,0.5938822210877214,0.3444964929084414,-0.0826596334168249,-0.0256202883888681,0.1783287438981382,0.3705325058647444,0.0543654554092658,-0.0663666705687338,0.2188582793165155,1
1.0,0.474608,0.56,5.391151473544266,0.118992804743411,0.0129,0.1294,0.0999,15.0,7223.0,11.9629,1.54,0.05,0.02,0.005,0.81,0.745,0.055,0.88,0.8400000000000001,0.605,0.5527500000000001,0.28495000000000004,1.0,1.0,1.0,1.0,5644,0.39000000000000007,0.21100000000000002,1.0,1.0,0.0,0.0,1.0,0.0,-0.0749417772197461,-0.0938794732849528,-0.1077123887512048,-0.0350064373465271,-0.0944174117250566,-0.0665270774852533,-0.1541231113681193,-0.1090002983644338,-0.1260417137252266,0.9711737329604768,0.2722159007787335,0.0255172176599227,0.2285945717468456,-0.0336025002525655,1.4001776296116113,0.078460155308459,-0.0812030708138505,-0.1293753511278948,-0.0600109737497259,-0.0379494255846558,-0.0608790587964795,-0.0564456911915279,-0.1288543268639335,-0.0285684764058438,1
1.0,0.543651,0.58,2.997518527922591,0.3408620002074658,0.0462,0.1018,0.4539,114.0,25574.0,6.23758,1.52,0.165,0.04,0.0,0.45499999999999996,0.345,0.015,0.655,0.425,0.39,0.733,0.5569999999999999,1.0,0.975,1.0,1.0,0,0.4425,0.147,1.0,1.0,0.0,0.0,1.0,0.0,0.6527631854318753,0.1423643130757088,0.0865707847871865,0.0179461162649955,0.1170745223178737,0.1850802794382391,-0.0534400859740428,0.0251398458838566,0.207689662315313,0.4004113616901533,0.4103310058012905,0.1217367881561759,0.3076257950985032,-0.0658478256707719,0.6584189025287341,0.2385614361064195,0.3466171456924204,-0.0489547480656173,-0.0375871860590562,0.023213643058064,0.1169184042537756,-0.0078763343193276,-0.0896783170304779,0.0624617110251718,1
1.0,0.70129,0.53,0.8083400525845771,0.8225382613581769,0.0129,0.3972,0.0324,210.0,24887.0,11.9629,1.52,0.04,0.02,0.0,0.11499999999999999,0.14500000000000002,0.0,0.12000000000000001,0.42,0.005,0.64305,0.27755,0.8542000000000001,0.69585,1.0,1.0,0,0.15500000000000003,0.14950000000000002,1.0,1.0,1.0,0.0,0.0,0.0,0.0175431888164028,-0.0375369280362995,-0.0081691778590042,-0.0148390303844337,-0.0067417133737182,0.6598989110667998,-0.0459109459298742,-0.0076297183122644,0.4263981721642042,0.1476184973730716,0.3838123212868928,0.0206502093893896,0.0930292786997981,1.0456134935487609,-0.0949352793455873,0.0653706511369392,0.6197971733254743,0.058636260410135,0.1555766494069889,0.0418154803702831,0.123668200208863,1.0539612476426532,-0.0817130341230478,0.0894473021024672,1
1.0,0.641087,0.62,0.8352839992124674,0.7219931829978197,0.1393,0.1191,1.1699,365811.0,2043.0,18.2005,1.45,0.01,0.035,0.005,0.18,0.115,0.01,0.22000000000000003,0.365,0.0,0.1279,0.3303,0.95835,0.6576500000000001,1.0,1.0,3642,0.0,0.24100000000000002,0.0,1.0,0.0,0.0,1.0,0.0,0.6960392395170307,0.2742138132434634,0.0905017078667436,0.0288964868746653,0.1659016353569207,0.0451388682022913,0.0116195645535641,0.0752013131874859,0.5322842160321779,0.1803604981254271,0.7574388752953464,0.1046641348459571,0.2474035419292174,0.0372217079762338,0.3733911847409449,0.2442440118204058,0.6213701564721911,0.1368834039150617,0.303504673446169,0.0206892435151169,0.1774212433490338,0.2549317541311536,-0.0307700273495869,0.1083098010289182,1
1.0,0.513889,0.62,3.0450331078175346,0.3912695102553209,0.0629,0.2996,0.2099,33.0,378.0,30.6757,1.45,0.02,0.03,0.0,0.065,0.13,0.0,0.51,0.355,0.265,0.40675,0.40595000000000003,0.575,0.70835,1.0,0.95835,7948,0.16509999999999997,0.23200000000000004,1.0,1.0,0.0,0.0,1.0,0.0,0.6243107382132285,0.2481278212864023,0.609556525133297,0.111706822668905,0.2047793487093082,0.0307612839218396,0.3639489894668862,0.1613629683122658,0.2501535227995296,0.4529498360791745,0.3988970963673841,0.2980048811914748,0.6688641581658624,-0.0372207385502475,0.6226279883773154,0.6395015333511515,0.3483618407471276,0.2393525935079679,0.1619729781812173,-0.0211926507853314,0.0214495268414563,0.0233737075036621,-0.0554636011404721,0.1339049690361636,1
1.0,0.440488,0.62,4.909433205291234,0.2777345762064036,0.0159,0.092,0.1732,9.0,650.0,6.23758,1.36,0.065,0.025,0.0,0.35,0.705,0.0,0.665,0.8400000000000001,0.71,0.385,0.18,0.83335,1.0,1.0,1.0,504,0.7810000000000002,0.405,1.0,1.0,0.0,0.0,1.0,0.0,0.0045770440943266,-0.0398482925257214,-0.0735358487894767,0.0071957566445352,0.1137226189412471,0.0006627935072595,-0.072579493434572,0.0096294493654738,-0.1514345949472239,1.1099017330876966,0.4131404698180416,0.0695915293981634,0.3478235035828809,-0.0715267239662065,1.7840809515332416,0.0981539292244647,0.0051780311351621,-0.0171816785402085,0.0144728943815927,-0.0107614836879889,0.0382504283262145,0.0165867820081119,-0.0083844114139232,0.0226169011527556,1
1.0,0.453083,0.51,1.9697940819238708,0.3978285526970974,0.0148,0.0999,0.1484,59.0,109263.0,5.2658,1.33,0.05,0.06,0.0,0.71,0.49,0.05,0.835,0.5800000000000001,0.715,0.57475,0.37915,1.0,1.0,1.0,1.0,0,0.24399999999999994,0.1405,1.0,1.0,1.0,0.0,0.0,0.0,-0.008698816652202,-0.029772275852655,-0.0260723682180043,-0.0321001100705183,-0.0113758345538037,0.0140306055458094,-0.0375269445413812,-0.0315657026192707,0.0388252252796374,0.9745066183507968,0.3746214379293494,0.1539725529038121,0.3566557699390578,-0.0149881866093483,1.5351984876653582,0.1214504673267403,0.0899708019012417,-0.0356400453556506,-0.0277102687285389,-0.0080252290589371,0.0392673690837628,0.0160551807152921,-0.0554113918709997,0.0077541893900077,1
1.0,0.607246,0.45,0.2557900561245339,0.8817932205504541,0.05,0.306,0.1633,4324.0,1501.0,16.3096,1.31,0.05,0.015,0.015,0.25,0.32,0.535,0.38,0.435,0.625,0.583,0.19875,0.9028,1.0,1.0,1.0,0,0.1955,0.1005,1.0,1.0,0.0,1.0,0.0,0.0,-0.0202202302519378,-0.0262161336927232,-0.0381282131001143,0.0028817264028694,-0.0116768743461044,-0.0058442489455735,-0.0321088676982795,-0.0192973804806061,0.2692738349824488,-0.0223212107346703,0.1103214727474065,-0.0062303574361075,-0.063488933379556,1.0842681717174385,-0.1575481719191693,-0.0101783080152264,0.4440593868609238,-0.0468435760614912,0.0189305537295671,0.0151989798455099,0.046240349088936,1.129745971362874,-0.0981938822404036,-0.024494529795809,1
1.0,0.586103,0.647059,0.4611150076182826,0.6789677396935785,0.0927,0.0682,1.3583,50100.0,44381.0,24.9504,1.28,0.055,0.015,0.01,0.7050000000000001,0.815,0.0,0.7749999999999999,0.87,0.45999999999999996,0.5597,0.11460000000000001,1.0,1.0,1.0,1.0,2148,0.8204999999999998,0.079,1.0,1.0,0.0,0.0,1.0,0.0,0.0804062691612922,0.0459200729790206,-0.0224603091231403,0.0671804607323218,0.0977691452150757,0.0453199022208337,-0.0231145056784739,0.0672485915747527,0.6268118960783653,0.6641784395358734,0.2612417911155297,0.1817423361045596,0.3778069342074833,-0.0754923888531584,0.4769439853097458,0.1867912347276886,0.008997751736955,-0.0477097116627196,0.1098480853283331,0.0224367093216353,0.0288767896252702,-0.0117821646835956,-0.0414557692235988,-0.0304504309291218,1
1.0,0.620721,0.53,2.862825337840985,0.7240962618856347,0.0375,0.3807,0.0986,142.0,785.0,5.72536,1.25,0.04,0.085,0.025,0.42000000000000004,0.07500000000000001,0.045,0.5700000000000001,0.245,0.165,0.36155000000000004,0.55835,1.0,0.35414999999999996,1.0,0.96665,0,0.0,0.2365,0.0,1.0,1.0,0.0,0.0,0.0,0.3310177182061521,-0.0470467137527484,-0.0484742155727855,0.0027683899830994,0.0319495520005827,0.2613318776314901,-0.0937282640298135,-0.0209309526919757,0.64391257773924,0.1322358881865345,0.2082838555473282,0.027220227957204,0.0857910739092122,0.6413099867280682,-0.0781922432401893,0.0371537595193858,0.106883177125774,-0.1029619025908082,-0.0172391945896653,-0.0629246796535869,0.0355131033970713,0.1302828650289671,-0.1146960925020596,-0.0219792871946593,1
1.0,0.705566,0.65,1.230529616938592,0.683782621594908,0.0389,0.1791,0.2172,197.0,485.0,53.6825,1.25,0.01,0.065,0.0,0.01,0.47,0.0,0.20500000000000002,0.605,0.0,0.134,0.47214999999999996,0.186,1.0,0.9083,1.0,0,0.013649999999999997,0.3984,0.69,1.0,1.0,0.0,0.0,0.0,-0.002627705060349,-0.144776042857788,-0.1250854483448934,-0.0784210482198341,-0.0285088135393937,-0.0181112146701784,-0.1418436718005871,-0.103472294813011,0.1541942984302754,0.0810745390397737,0.9827400095446788,0.2465309460739549,0.4068213956229478,0.0904785428658622,0.0879515565534003,0.5563546624278473,0.3612457520688238,0.1809128370634006,-0.0109933047382091,0.103973474731306,0.4925851158235894,-0.0052638539417895,-0.0188268428543034,0.2123116712146158,1
1.0,0.5,0.72,2.6910863512283902,0.382285373712246,0.0305,0.1961,0.1555,11.0,100.0,15.7974,1.25,0.02,0.0,0.01,0.845,0.0,0.1,0.89,0.0,0.605,0.24325,0.0,1.0,0.0,1.0,0.0,0,0.0,0.0,0.0,0.0,1.0,0.0,0.0,0.0,0.105846164916512,-0.011887613099204,0.7679772409355325,0.2040426217595104,0.4231134874446079,0.0514001983065306,0.02191452231525,0.5762783317005857,0.4248712038164772,0.8456869707478905,0.298790092073772,0.1808049244816366,0.5842319755020245,-0.0228145610361441,0.9048205109094316,0.3185711325231568,-0.0839831080831503,-0.1456146716345695,-0.1069148680384044,-0.0805245147289417,-0.0735126785121299,-0.054571992935272,-0.1662573041976198,-0.1134616238925068,1
1.0,0.541106,0.52,4.308415361933322,0.2538527829645207,0.017,0.1091,0.156,24455.0,102.0,14.4187,1.24,0.05,0.025,0.0,0.7,0.30000000000000004,0.015,0.825,0.4,0.745,0.8889,0.33135000000000003,1.0,1.0,1.0,1.0,2512,0.08,0.0325,1.0,0.65,0.0,1.0,0.0,0.0,0.1649753076328933,0.0474999357163861,-0.0643420767626287,-0.0349621192464339,0.0694003776661351,0.0597063446609118,-0.0679565168596391,0.0144933994207958,-0.1572805155075604,1.0282451340217402,0.2515168396999679,0.0677213912675178,0.1297826903213074,-0.0074863046153596,1.5292842371567208,0.0337464850414079,-0.1216606572543867,-0.1384486525531242,-0.1057532887068972,-0.0853281045615041,-0.1213306195910546,-0.1177802458601648,-0.1429444249264686,-0.1604339082387732,1
1.0,0.550031,0.63,2.327153771050662,0.6569625348937331,0.0222,0.2187,0.1015,49871.0,67584.0,16.3096,1.21,0.025,0.02,0.0,0.605,0.445,0.07,0.8,0.61,0.61,0.16885,0.3828,1.0,1.0,1.0,1.0,321,0.5139999999999999,0.307,1.0,1.0,1.0,0.0,0.0,0.0,-0.0155193188554867,-0.0309461375230591,-0.0189008123549546,0.0259126453160992,-0.0460969046738473,-0.0206930982249618,-0.079667647901339,-0.0128995225149521,0.4836819007969172,0.49328869195226,0.9838010317767508,0.2956819601510504,0.5713572846035667,-0.013265225327271,0.9177975859341438,0.4690591084157184,-0.024798679934235,-0.0478174116970998,0.0153823160778703,-0.0099125841313085,0.0437139141649937,-0.0118601532332058,-0.0490812495120154,0.0113401035274463,1
1.0,0.557407,0.46,6.1882482226410005,0.2370063339573684,0.0224,0.2855,0.0785,70.0,118628.0,16.3096,1.2,0.015,0.0,0.0,0.675,0.015,0.0,0.825,0.44499999999999995,0.18,0.0833,0.04445,1.0,0.35414999999999996,1.0,1.0,8011,0.035500000000000004,0.0,0.71,0.0,1.0,0.0,0.0,0.0,0.195406783724937,0.4687223488296599,0.6867934566116164,0.2830021475009364,0.6839038933911952,-0.0046843697139204,0.9714776495607668,0.6049693802384978,0.0595402018442032,0.4808201199933218,0.8861559217352415,0.2907006583188293,0.5685583089390058,-0.007187935519685,1.2931338000259514,0.3083894885117317,-0.1021631477849869,-0.1193717803261813,-0.033261132972991,-0.0211763215265979,-0.0471807364906122,-0.0391519573655937,-0.0815564779651235,-0.0688691163951302,1
1.0,0.712522,0.54,0.5740982718916658,0.8908499966943297,0.0847,0.1851,0.4574,41.0,268.0,10.5316,1.19,0.005,0.07500000000000001,0.005,0.005,0.585,0.0,0.025,0.87,0.0,0.0701,0.8294,0.07145,1.0,0.39285000000000003,1.0,7840,0.0,0.33199999999999996,0.0,1.0,1.0,0.0,0.0,0.0,0.165933109311368,0.3887884124801348,-0.0418810554882132,0.0013124379922477,0.1071321582145694,-0.0086765038099002,0.2332760234308185,0.0134534363704711,0.3760280380398064,0.07416686108326,0.6055589112530025,0.1583101835827046,0.4485848486307402,0.0336529792898653,0.1259040616252325,0.3351463740755459,0.6232647483567947,-0.0396887209371709,-0.0048127186139243,0.0273479431596616,0.1071343166044584,0.6048955241063756,-0.056925937417232,0.0781277118608067,1
1.0,0.495544,0.5,1.733941819592293,0.3914474152593408,0.0536,0.1774,0.3023,154342.0,46837.0,41.7195,1.16,0.035,0.025,0.0,0.815,0.8200000000000001,0.01,0.855,0.875,0.49,0.2914,0.22475,1.0,1.0,1.0,1.0,0,0.7645000000000002,0.319,1.0,1.0,0.0,1.0,0.0,0.0,-0.1012191021391889,-0.0925927032949208,-0.1447241719529877,-0.0567980638826161,-0.1039027829924906,-0.0798918274491808,-0.1260608078102076,-0.1093572387557168,0.1404585102539068,0.5976332569892531,0.4205575352362302,0.1066015377287609,0.288055214282775,-0.0712500039405581,0.891175704759517,0.3103667458894177,-0.0707932465429235,-0.1044141075536996,-0.0460662898455468,-0.0728685060531361,-0.0583347103133877,-0.0804787532360283,-0.1078431457870794,-0.0403204005644024,1
1.0,0.527938,0.523529,1.7485087754148416,0.3889236426151304,0.0779,0.1098,0.7094,115.0,5288.0,41.7195,1.15,0.060000000000000005,0.075,0.01,0.265,0.225,0.01,0.435,0.465,0.49,0.3536,0.5012,0.96875,0.92535,1.0,1.0,0,0.0,0.0255,0.0,0.51,0.0,1.0,0.0,0.0,0.4889916548997043,0.2204291530584813,0.0757212506505726,0.0077832640299832,0.2215584941082888,-0.0098765969365938,-0.052253805160199,0.1909222139044479,0.4583365895275437,0.6439074815378103,0.4308529080267211,0.0794514713429489,0.3005821430812373,-0.041420756507446,0.9941707983737896,0.2912819576525544,0.1766871826931191,0.0461187180926686,0.4799441882053888,0.0801672208521369,0.2378437889493177,-0.0016174169130765,0.0720608396351685,0.1478408096602074,1
1.0,0.556483,0.41,0.9508670766755072,0.5500227851050227,0.0503,0.1819,0.2767,110.0,91228.0,19.6319,1.14,0.11,0.03,0.0,0.73,0.025,0.01,0.8300000000000001,0.24,0.395,0.6198,0.47375,1.0,0.58335,1.0,1.0,1914,0.2165,0.05000000000000001,1.0,0.99,0.0,0.0,1.0,0.0,0.4040483351912449,0.4966378796197691,0.0678621489118699,-0.0365185310677002,0.176881839304543,-0.0957981177908938,0.0818542833225231,0.1290848612747842,0.4795597910764081,0.2455534958049935,0.8364236777356068,0.2198289440437767,0.6390279431594198,-0.0116985611611172,0.3346254831325654,0.8526655744154219,-0.0533372144108228,-0.113948708622128,-0.0350378642489823,-0.0161022955783981,-0.0166682677536296,0.0214496932098786,-0.1339375392065794,-0.0053652626955108,1
1.0,0.551471,0.54,5.448788444708385,0.2683267973582839,0.0161,0.2976,0.0541,68556.0,33945.0,13.9065,1.13,0.055,0.035,0.0,0.5549999999999999,0.49,0.0,0.725,0.6000000000000001,0.0,0.43025,0.30984999999999996,1.0,1.0,1.0,1.0,0,0.0,0.1775,0.0,1.0,1.0,0.0,0.0,0.0,0.0954571410418292,0.0543399460636036,-0.0318367579451391,-0.0399772568680215,0.0277712426598242,-0.0364207037863106,0.0219968122661656,-0.016261762378861,0.3426825286404816,0.1708090528546734,0.6858293758144044,0.4809450326175294,0.8267890150597562,-0.0250828819670736,0.6185219825928808,0.7285599027002874,0.0887905286050012,-0.0624190950562488,0.0099447623673357,0.0588986096745546,0.1888436915169268,-0.0435730342525735,-0.0686978270762448,0.0761836240742002,1
1.0,0.397163,0.54,1.040209204029954,0.7063136418582784,0.1198,0.1664,0.7199,17436.0,2893.0,6.23758,1.12,0.035,0.0,0.0,0.20500000000000002,0.0,0.015,0.64,0.085,0.075,0.38655,0.02,0.9236,0.03125,1.0,0.75005,4462,0.0,0.0,0.0,0.0,1.0,0.0,0.0,0.0,0.539081635035819,0.0062554764207033,0.1563098983861966,0.3452934277042586,0.6988914087850913,0.0241238315523237,-0.0657632583065925,0.5337956584851298,0.4540211559023344,0.5336298232515821,0.5085503981477977,-0.0148429293589537,0.1458190639321763,-0.069318990048058,0.9616103771070584,0.0569027507442432,0.0614140870580993,0.0702599264637821,-0.0258688765650281,-0.0508684456490324,0.0588068991335251,-0.0249439108907116,0.009095406488425,0.0115764429790562,1
1.0,0.555844,0.264706,2.601060390171969,0.2079839984974774,0.0228,0.1763,0.1293,8396.0,15501.0,15.7974,1.09,0.01,0.04,0.01,0.1,0.76,0.015,0.22000000000000003,0.925,0.445,0.11555,0.2389,0.8011999999999999,1.0,1.0,1.0,0,0.2,0.4105000000000001,1.0,1.0,0.0,1.0,0.0,0.0,-0.0508651953187256,-0.0528072745070731,-0.0657100184529369,-0.0160816723045096,-0.0559756414295785,-0.0461393187339046,-0.0713533541827462,-0.0542395686466707,0.0244344293086504,0.4973504603980628,0.5810248367871508,0.2402644072517413,0.5221240939796117,-0.0488457026636293,0.8962587651601274,0.5168481324454013,0.5513994598338658,0.2445507121663923,0.1527690358538502,0.0272703466183747,0.2165850534548131,-0.0003393287800597,-0.0724519165753222,0.2283930387616069,1
1.0,0.551696,0.48,0.0143809972691393,0.9323485012660504,0.1065,0.1665,0.6395,20575.0,4468.0,15.7974,1.09,0.01,0.0,0.0,0.11,0.01,0.015,0.385,0.54,0.0,0.127,0.0148,0.83335,0.2722,1.0,1.0,4772,0.20000000000000004,0.039999999999999994,1.0,0.8,0.0,1.0,0.0,0.0,0.1444880975079235,0.5886114839189264,0.0574790968435149,0.0342659256577354,0.1770136179874796,-0.0035875986265354,0.7694771424405953,0.011653223543416,0.9845318273288596,0.417543358379902,0.2124995445495789,0.0741782042990663,0.3153068428996926,0.0504848026415225,-0.0061297763132334,0.3020867905485905,0.1953530353349891,0.0452424134763131,0.5033819459957691,0.2501478936138204,0.5631610568440519,0.0160678388392827,0.0505136758704845,0.7681110890739833,1
1.0,0.502622,0.47,2.692567159923396,0.2523613163081536,0.0681,0.1101,0.6186,9766.0,23297.0,12.4752,1.08,0.045,0.025,0.0,0.165,0.45999999999999996,0.0,0.245,0.6799999999999999,0.915,0.4292,0.2884,0.9405,1.0,1.0,1.0,3193,0.09500000000000001,0.1515,0.7,1.0,1.0,0.0,0.0,0.0,-0.04819899850479,-0.0380216985671759,-0.0474952356898739,-0.0075298471391084,-0.0450813175214587,0.0128415917997801,-0.0682835812032127,-0.0189927662711246,0.08626726954012,0.6382945023720386,0.7431722482429054,0.4419257326629123,0.7247609158717803,0.0282317714514252,1.0872781167926688,0.7024067879597924,0.4453975298580619,0.0304538176527751,0.120287199071373,0.1713447137713991,0.3737001679093209,0.1359994322099439,0.0056257838995309,0.2813562059277462,1
1.0,0.455417,0.482353,0.0161282595643964,0.9008004969511206,0.038,0.167,0.2277,50685.0,169.0,14.3661,6.68,0.015,0.0,0.0,0.6950000000000001,0.0,0.005,0.79,0.54,0.09,0.2222,0.023,1.0,0.0238,1.0,1.0,7311,0.452,0.0,1.0,0.0,0.0,0.0,1.0,0.0,0.4706765266543813,0.449556483346137,0.9957883913402906,0.2410437662412399,0.5187853517405472,0.0213300368770544,1.0193129430033685,0.5865500898725904,1.1340012763650626,0.5468121909596353,0.1019061152190806,-0.0050612273594032,0.2529569086690959,-0.000497690366883,-0.1614553201731849,0.1269851883684938,0.0135388623977849,-0.0722850479470981,-0.0979178644668764,-0.0451110993934837,-0.0320543632255352,0.0503366022248151,-0.1264818789022026,-0.0659513671694491,1
1.0,0.715152,0.62,1.2203504085408008,0.6813135254359819,0.0268,0.3072,0.0872,130.0,446.0,28.2199,6.93,0.035,0.02,0.0,0.715,0.33999999999999997,0.0,0.7,0.545,0.01,0.3304,0.265,1.0,0.95455,1.0,1.0,4932,0.47400000000000003,0.0,1.0,0.0,0.0,0.0,1.0,0.0,-0.0417384568923697,-0.136453692197092,-0.0916458930120072,-0.0828806596446244,0.0331435929349354,-0.0387367487358314,-0.1387533265666959,-0.0664659365396997,0.1180916386041738,-0.020055876406639,1.0265893785729527,0.1625325034199691,0.3762902465081646,0.0043607811462745,0.352993691813951,0.3600048008334968,-0.0321385837956879,-0.0987742412401676,-0.0807784058272998,-0.062962470499785,0.0264775094368507,-0.0485833568290714,-0.1113752253000382,-0.0910961500101014,1
1.0,0.455814,0.61,2.057854423509226,0.4275097799829023,0.0548,0.1442,0.3798,168.0,42597.0,27.7603,7.05,0.025,0.025,0.005,0.815,0.3,0.01,0.925,0.45499999999999996,0.5,0.52085,0.25815,1.0,1.0,1.0,1.0,6182,0.06549999999999999,0.0,1.0,0.0,0.0,0.0,1.0,0.0,0.2081734904677986,0.0246498357236308,0.3028622947455967,0.0370411099828748,0.1865010058030558,-0.0164776790570941,-0.0063753367931486,0.0946415603832559,0.3284765437371307,0.5938248459996989,0.4172833806476884,0.2830153334611808,0.7610528323768821,-0.0049806823054328,0.948340914664645,0.5087982500286092,-0.0437080030175026,-0.0678073309090985,-0.0012719275310794,-0.0269733192104237,-0.0099900865330732,-0.0198979453573488,-0.0779608486039619,0.0306828568105655,1
1.0,0.741333,0.44,0.5389900529515727,0.7990293033839183,0.0395,0.34,0.1161,40731.0,3708.0,27.7603,7.05,0.03,0.005,0.0,0.55,0.015,0.0,0.75,0.595,0.0,0.37085,0.1652,1.0,0.375,1.0,1.0,4316,0.52,0.0,1.0,0.0,0.0,0.0,1.0,0.0,0.1382432497482784,0.310714099015196,0.5821584404350351,0.2845255056693718,0.6678728440831404,-0.0264511346971628,0.8058087224481945,0.6325925777334931,0.2013282019068784,0.0242022360718908,0.3060711434595319,0.0454243833619332,0.1804282475950894,-0.01188978024323,-0.0047371357817482,0.1035720809399547,0.0626180299554613,-0.0774016856216285,-0.0727080611917724,-0.0645390420422522,0.0630908811042475,0.0205715180904832,-0.1175509397308159,-0.0220846838576217,1
1.0,0.703963,0.54,3.4619044104748777,0.5473478462339287,0.058,0.5357,0.1082,88.0,191.0,16.2569,7.16,0.025,0.07,0.0,0.525,0.105,0.0,0.575,0.2,0.0,0.2708,0.63575,1.0,0.96955,1.0,1.0,0,0.055,0.19549999999999998,1.0,1.0,1.0,0.0,0.0,0.0,0.4774752912811214,0.1211480094661493,-0.0272518155200408,0.0581792930899457,0.1596831441107775,-0.0268288003251324,-0.0679203315371728,0.0114702103281357,0.143773283014342,0.0614281124235114,1.1261424289884183,0.3345905806274092,0.6112608390664628,0.0275230331912218,0.2379268979202027,0.7045086888479777,0.1812135386600817,-0.0740526965699913,-0.0221790687995242,0.0869468849287885,0.3407840413024342,-0.0103160923764145,-0.0920912896290548,0.0653411306673195,1
1.0,0.607018,0.58,7.275011426721381,0.1808037565708452,0.0084,0.2221,0.0377,15.0,458.0,23.0594,7.17,0.08499999999999999,0.07500000000000001,0.0,0.16,0.61,0.0,0.255,0.74,0.08,0.6476999999999999,0.85005,0.9158999999999999,1.0,1.0,1.0,2116,0.1955,0.064,1.0,1.0,1.0,0.0,0.0,0.0,-0.026309441537163,-0.0337902528526699,-0.0748299788896072,-0.0013044079730145,0.1021180496819927,-0.0279626379002467,-0.070136374260174,-0.006370804608632,0.1092634098431116,0.198096130628194,1.2836578258744695,0.4288625961194833,0.7839206856147245,-0.0102971847382328,1.0787735633547928,0.4739599813624754,0.4586852676481251,0.1149272401117025,-0.0082549870651388,0.0631889974447816,0.1677423337835502,-0.0242919431177094,-0.0632043903489422,0.030888196860589,1
1.0,0.478805,0.42,0.0019479237599344,1.0,0.1749,0.254,0.6884,4448.0,53019.0,18.2005,7.28,0.1,0.0,0.0,0.35,0.01,0.0,0.515,0.049999999999999996,0.0,0.72905,0.03335,0.9375,0.1,1.0,0.3675,0,0.4049999999999998,0.0,1.0,0.0,1.0,0.0,0.0,0.0,0.3638124208811185,0.0349480653379584,0.1657345830344883,-0.0060265563585941,0.0690059729108622,0.145169182865609,-0.0726570125493299,0.0363828363215557,0.779036393993794,0.3188965122452779,0.0617284521484331,0.0676000775549572,0.3709265789805344,0.04064753951483,-0.0879052550057472,0.3611008810964099,0.5039410204524073,0.0565419147250396,-0.0586093982533982,0.0093727845475636,0.1125811951393828,0.150335460030355,-0.0704853417859385,0.0301735539590891,1
1.0,0.534019,0.41,4.063655390780527,0.2947437809002806,0.0424,0.1764,0.2402,41429.0,1472.0,11.5034,7.34,0.07,0.09,0.0,0.8,0.235,0.0,0.84,0.41500000000000004,0.37,0.75005,0.53915,1.0,0.8229,1.0,1.0,127,0.8029999999999999,0.09499999999999996,1.0,1.0,1.0,0.0,0.0,0.0,0.1833669808633428,0.0368410967196099,0.254583741851589,0.1575908194193883,0.3271175303069786,0.0268822040820035,0.0540402662944393,0.2871681996841191,0.1142250710018738,0.6556231864431518,0.4880250249541301,0.1428630919454699,0.2871410238968409,0.0185214619079546,1.064654727165303,0.123460609840513,-0.0612307200990296,-0.0791647463141055,-0.0745610727175234,-0.0568758557391564,-0.0547853102289392,-0.0382658096294142,-0.0878564445052295,-0.0549357773450951,1
1.0,0.562751,0.658824,5.701063492403233,0.1982031097019904,0.0199,0.2816,0.0706,265.0,17.0,71.3707,7.39,0.05,0.015,0.0,0.11,0.5900000000000001,0.005,0.11,0.67,0.435,0.49525,0.15475,0.73335,1.0,0.7375,1.0,0,0.0325,0.0,0.65,0.0,1.0,0.0,0.0,0.0,-0.0111841721911311,-0.0100037905649456,-0.0163322240817841,-0.0029055456320659,-0.0071694784160509,5.286190900239025e-05,-0.0152187625695741,-0.0081509170036927,0.391103347382466,0.3596112188735388,1.0818350734355735,0.1787349085304076,0.5815355434745169,0.0227603691987242,0.7974818623128574,0.3652383613108584,0.4715734207665448,-0.059610808591491,-0.0145101698331464,-0.0207519366712192,0.0293809584160385,0.227781941665369,-0.0758845843468573,0.0184417050912936,1
1.0,0.559552,0.59,3.855520904218983,0.2586489995079793,0.0379,0.2219,0.1707,128.0,3061.0,14.3661,7.39,0.095,0.0,0.0,0.185,0.0,0.005,0.195,0.26,0.685,0.6071500000000001,0.0125,0.95275,0.09720000000000001,1.0,0.9375,5333,0.15649999999999997,0.038,1.0,0.76,0.0,1.0,0.0,0.0,-0.0609661502970756,0.50991434915387,0.1100470103559904,0.2086098193817646,0.406838592639605,-0.041066400423225,0.7431365091290709,0.0934479111676164,0.2170285957727599,0.4968026959752739,0.5101741839199767,0.1634337272788293,0.4776200445881373,0.0116263924107874,0.983453317222947,0.2506671141269392,0.4839708819388184,0.1098713478557098,0.1610872143765815,0.0320646932833492,0.108067235003138,0.2240785785770078,-0.0546380106929266,0.0765241932805901,1
1.0,0.509299,0.7,5.584037806716105,0.2109284822902881,0.0264,0.2313,0.1142,160.0,3263.0,37.3728,7.4,0.025,0.0,0.0,0.035,0.005,0.0,0.195,0.665,0.27,0.3816,0.024600000000000004,0.45,0.09895,1.0,1.0,2432,0.0,0.0,0.0,0.0,0.0,1.0,0.0,0.0,0.2944123416928768,0.1703488496590964,0.6542452775102351,0.1892006693310433,0.4076947736712358,0.0489227787888762,0.5235625505628365,0.312421472322083,-0.0288291009942018,0.4771070689115105,0.4630490661198007,0.5076726660357979,0.7974484573481762,-0.0449619198680108,0.9000337638468319,0.4502788238773383,0.0996400948206925,0.0380749579637779,-0.0750293183755879,0.0550651234721503,0.3385878226403854,-0.0384592177000697,-0.074702127224158,0.099223134042447,1
1.0,0.633411,0.58,1.9815303740292496,0.4207101574252994,0.0347,0.3008,0.1152,150.0,58468.0,5.2658,7.57,0.060000000000000005,0.0,0.005,0.345,0.0,0.0,0.515,0.385,0.435,0.5870500000000001,0.02745,1.0,0.06665,1.0,1.0,2638,0.3155,0.034,1.0,0.68,0.0,0.0,1.0,0.0,0.1631033672789413,0.4359672786481846,-0.0311264168274282,0.0372182996796173,0.2146352219579823,-0.0356610736798229,0.4741811912945403,0.0240168931057113,0.3460171647344329,0.399896637708934,0.8238408324311062,0.3078465452602561,0.6998435631710309,0.0376084155203747,0.7988921184493543,0.7149658713345631,0.2708730307093004,-0.023371246187293,0.0317545385626687,0.0212651434920211,0.2089939615599381,-0.0344250143070442,-0.077924086169691,0.1693085047999042,1
1.0,0.483548,0.435294,5.161372425726386,0.3191910802024466,0.0341,0.1303,0.2618,90.0,6812.0,19.1723,8.46,0.03,0.015,0.0,0.07,0.585,0.0,0.345,0.76,0.41000000000000003,0.3811,0.13255,0.93015,1.0,1.0,1.0,786,0.034,0.12599999999999997,0.68,1.0,1.0,0.0,0.0,0.0,-0.031748465149783,-0.0021647259766511,-0.037933682710436,0.0192508079329145,0.013373460396755,0.0232266887117429,-0.0130610074789042,0.0207833862562577,0.1310157986423688,0.498353705000798,0.8508067030535648,0.3562195845424689,0.6549791874076627,0.0375815631180587,1.0774023206332626,0.4609210845643424,0.3576463939431983,-0.0004763628989838,-0.0199450679187387,0.0266060204854699,0.238009506076514,0.0013073491748253,-0.0202873145264902,0.0404493670513517,1
1.0,0.511681,0.388235,3.2454461195496878,0.2711120725446651,0.0241,0.1205,0.2,57621.0,4007.0,21.1158,8.45,0.015,0.01,0.0,0.68,0.15500000000000003,0.015,0.865,0.5800000000000001,0.76,0.1992,0.15015,1.0,0.91665,1.0,1.0,10973,0.17700000000000002,0.30399999999999994,1.0,1.0,1.0,0.0,0.0,0.0,0.0517380319423156,0.011447155704407,0.1882221677385616,-0.0140400402273287,0.1285956180450786,0.004767918065841,0.0915498249899996,0.1189264752509207,0.0629320153241167,0.7723688908346904,0.4424667773645837,0.0853167168469001,0.3105856378675967,-0.0550958635595729,1.2295043455557415,0.1774272211201008,0.0379404087938294,-0.0235234280631574,0.184672855914136,0.184120707382176,0.4091679869693209,-0.0240987637731893,-0.0331806501267224,0.4504765383012798,1
1.0,0.796537,0.747059,0.3274299921009269,0.8345003351131078,0.2071,0.5956,0.3476,153.0,49956.0,17.2288,8.48,0.08,0.03,0.0,0.27,0.55,0.0,0.36,0.685,0.0,0.60355,0.45,1.0,1.0,1.0,1.0,2115,0.16099999999999998,0.56,1.0,1.0,0.0,0.0,1.0,0.0,-0.0042478851291338,-0.0539507532821153,-0.0022057198148436,-0.0232455480201452,0.0457042060720786,-0.0464719488102848,-0.057472691636335,-0.0032511683625934,0.2241211393674481,0.0210688859829752,1.0880031949561693,0.2038901211434962,0.4902450341633574,0.031059765572041,0.5446411527468902,0.5355023715083933,0.2142626089206405,-0.0006140146860215,-0.0370650166412897,-0.0068918515066568,0.1088509750620266,-0.0246483658868414,-0.0658909585248709,0.0052153281645725,1
1.0,0.490566,0.35,6.152896578907977,0.127019526841369,0.0125,0.1842,0.068,7232.0,931.0,8.6407,8.62,0.060000000000000005,0.015,0.0,0.77,0.43,0.005,0.88,0.595,0.61,0.33925,0.19335,1.0,1.0,1.0,1.0,3430,0.8639999999999998,0.24500000000000002,1.0,1.0,0.0,1.0,0.0,0.0,0.0622281080120417,0.0041447713265033,-0.1070699268233418,0.0835693688890553,0.2916061501897,-0.0309939620056672,-0.0343417316098267,0.0430864955053133,0.0082460811301834,0.8253733353437468,0.4832275881530671,0.299916640286663,0.5419753765248252,0.0110216208305555,1.3148591354104324,0.3944446454782344,-0.0539929148661391,-0.0728113771555313,-0.0371152467134356,0.0169072058470724,-0.0038284236037067,-0.0205105334848975,-0.0675034023985632,0.0039565188465976,1
1.0,0.546772,0.48,3.700794735811711,0.4029162415658587,0.0289,0.1189,0.2429,871.0,70129.0,14.8783,8.37,0.09,0.015,0.0,0.415,0.575,0.005,0.62,0.845,0.505,0.85,0.14995,1.0,1.0,1.0,1.0,0,0.4735000000000001,0.17105,1.0,1.0,1.0,0.0,0.0,0.0,-0.0614710945425062,-0.0673569673164097,-0.0785951257237705,-0.0123176976507167,-0.0549326879655154,-0.0176267017485501,-0.0983513724859946,-0.057372162226455,0.4918275444758253,0.4607343998887011,0.324522724377481,0.0086161048445485,0.2220689266587519,-0.0449997454999636,0.388396783883043,0.240569785277333,0.0932814194313339,-0.0764365136748973,-0.0546707170054639,-0.0166066386172209,0.0295042332784219,0.0154821636628456,-0.0694278398530898,-0.0444980837000443,1
1.0,0.676389,0.62,2.203817566201909,0.6371872955668006,0.0479,0.5055,0.0948,8.0,13046.0,8.6407,8.55,0.055,0.01,0.0,0.735,0.64,0.0,0.885,0.83,0.0,0.44555,0.14579999999999999,1.0,1.0,1.0,1.0,2332,0.8515,0.74,1.0,1.0,0.0,1.0,0.0,0.0,-0.0708872912771891,0.5413787799840124,-0.0323832160549546,-0.0334116216332224,-0.0742372800001859,-0.0775457518644695,0.5052412310427341,-0.0953370050721095,0.2277394206729601,0.0423932575219372,0.7111205747687037,0.1875671205972949,0.3723388683878353,0.0572557466615508,0.2798679692863685,0.2473788797337601,-0.0320637497401238,-0.0797451598714548,0.0091289057740604,-0.0369144649195892,-0.021830467742576,-0.0577829350874145,-0.0776590295241427,-0.0430076597737624,1
1.0,0.59009,0.43,2.6874706253711373,0.232852082158831,0.0292,0.1532,0.1904,103825.0,4435.0,12.9347,8.52,0.085,0.0,0.0,0.81,0.01,0.025,0.9450000000000001,0.025,0.5900000000000001,0.41935,0.0488,1.0,0.1333,1.0,0.2917,1296,0.8058499999999998,0.0,1.0,0.0,0.0,0.0,1.0,0.0,0.6330732515590475,0.1894934491748314,0.3208943988525257,0.0351528088963923,0.1832506994135858,0.213683850751651,-0.0254287035123668,0.1856491519165322,-0.0017459732807602,0.7961796159284764,0.3471572520450056,0.0410784039477517,0.1996169143100837,-0.0245421281212192,1.2011860982699958,0.0967446604731092,0.0317308779780254,-0.075579246675432,-0.0091728505654396,-0.0105647106817683,0.0747619667223523,-0.0149598275940982,-0.0686166569123917,0.0072250374091151,1
1.0,0.630108,0.41,2.9485032310093064,0.1627201636057874,0.0729,0.19,0.3835,25008.0,459.0,39.7759,8.18,0.15,0.0,0.0,0.39,0.01,0.015,0.5,0.44,0.62,0.6528,0.0048,1.0,0.13885,1.0,1.0,2169,0.11449999999999999,0.0,1.0,0.0,0.0,0.0,1.0,0.0,0.1237066347941093,0.5646166786874536,0.017760391830887,0.0136124190468745,0.1917523567956257,-0.0098914930407891,0.6473632660244657,0.0555157871833301,0.0971131270080807,0.6060623154650683,0.544092878701203,0.13259581181928,0.3920256851420473,-0.0078763704496374,0.9606655031101528,0.3117149442280492,0.0349122826240214,-0.0624968802747655,0.0108590305875625,-0.0598465262438243,0.03604541838852,-0.0221764522243228,-0.078721611204077,0.0011311210535247,1
1.0,0.554497,0.63,2.0024820764645344,0.6062871112625842,0.0408,0.2246,0.1815,37.0,6734.0,39.7759,8.17,0.0,0.005,0.0,0.01,0.06,0.005,0.56,0.31000000000000005,0.42000000000000004,0.0237,0.1098,0.25834999999999997,0.64435,1.0,1.0,5802,0.0,0.083,0.0,1.0,0.0,0.0,1.0,0.0,-0.0425420148917233,0.6848255247122933,-0.0046452901709852,0.0139905095708182,0.1148314183868479,-0.043003703265615,0.9344131593253168,-0.0144608778937817,0.2310457572745476,0.5555630732070014,0.4112306313135569,0.1827128223200976,0.5611508658302599,-0.0212216744899775,0.8929428689876626,0.3326228818055502,-0.0100808417788544,0.4239768680830181,0.0457651677663945,-0.0107748050532932,0.1747818112436994,-0.0342874120272914,0.4879212476539137,0.0573948261636708,1
1.0,0.475565,0.59,4.071955226606843,0.2315297711383092,0.0078,0.1428,0.0548,26.0,5057.0,10.072,8.16,0.155,0.005,0.0,0.365,0.08499999999999999,0.005,0.585,0.525,0.55,0.8690500000000001,0.10554999999999999,1.0,0.6014,1.0,1.0,188,0.4673,0.0078000000000000005,1.0,0.51,0.0,1.0,0.0,0.0,0.172952160955785,0.1405728391500268,-0.0257552742694494,-0.0139712231872706,0.2241217529374812,-0.050712436712569,0.1188601789895274,0.0463851850513016,0.0198921992715497,0.7972757141996267,0.3812681069980144,0.1317323211565196,0.2986089299339178,-0.0629910347275402,1.2235015026135765,0.2124721618127056,0.1637104904325656,0.0827537943614721,0.0210320374251719,0.0640278775668422,0.1697854215915044,0.0247784547694855,0.0223792234916828,0.1310948523314556,1
1.0,0.678715,0.48,1.9615715996461616,0.3149590492671968,0.0288,0.2726,0.1057,6.0,26111.0,8.12848,7.96,0.005,0.035,0.01,0.055,0.605,0.11,0.655,0.735,0.45999999999999996,0.16665,0.36665000000000003,0.6291500000000001,1.0,1.0,1.0,0,0.16,0.29350000000000004,1.0,1.0,0.0,1.0,0.0,0.0,0.0478998953636012,0.0821136967834196,-0.0639834083401187,-0.0094267378247869,0.0561765894247427,-0.0285554342213124,0.0101017960161964,0.0053068868225576,0.0826018387829288,0.5484943878294136,0.4761400627890749,0.1415583717787797,0.5085003283304079,-0.0389354379318252,0.8342872546994068,0.4491899712271827,0.1229648694097383,0.6169986875802348,0.2032334425674531,0.1127106765355492,0.4133178491465232,0.0118087995560045,0.6802810867749983,0.303967495783088,1
1.0,0.666667,0.51,5.326101423087457,0.2443152822270606,0.0938,0.3422,0.2743,5.0,3151.0,9.10026,7.96,0.03,0.015,0.015,0.87,0.08,0.04,0.89,0.255,0.6000000000000001,0.475,0.2979,1.0,0.56245,1.0,1.0,0,0.0,0.0,0.0,0.0,0.0,1.0,0.0,0.0,0.2651350756169719,0.4847398334428564,0.0212278972454458,0.059091015064181,0.2835329814143098,-0.0303108036972853,0.5305215208720445,0.0853722139316564,0.2318345578819587,0.4149426984306359,0.6301121220482353,0.132124722663586,0.3437042025895447,0.0276277622299606,0.7470682085864379,0.3265562799737989,-0.0285258139347286,-0.0271351752860897,0.0060033862016366,0.0100867820261673,-0.0308692377285053,0.0148149638069306,-0.0470778009869819,-0.0141079685067946,1
1.0,0.442874,0.711765,6.768816466443482,0.1791943933959727,0.0205,0.1739,0.1179,159.0,10233.0,53.6298,7.97,0.005,0.015,0.0,0.185,0.74,0.0,0.9,0.915,0.535,0.0689,0.22744999999999999,1.0,1.0,1.0,1.0,1982,0.04150000000000001,0.1309,0.83,1.0,0.0,1.0,0.0,0.0,-0.0565918756958543,-0.048672912901115,-0.0817351619250161,-0.0393172303306636,-0.0194764197956923,-0.0241661661097715,-0.0751664737060248,-0.0582252140445754,-0.0459515225973857,0.7260633447750731,0.586023338987159,0.1880300896292286,0.3161623827170398,-0.0346948310453346,1.3507051454046732,0.1763072631265712,0.1267349712898726,0.4342356995093922,0.6463434226964209,0.1891170068436944,0.3164836535644674,0.0289608999156417,0.9013214450240474,0.4006849994920858,1
1.0,0.540249,0.7,1.9886897790059124,0.453954873029183,0.0315,0.1576,0.1999,6.0,10979.0,53.6298,7.97,0.0,0.0,0.0,0.0,0.005,0.29,0.6699999999999999,0.48,0.7949999999999999,0.01435,0.10595,0.04285,0.07085,1.0,1.0,6088,0.0,0.0515,0.0,1.0,0.0,1.0,0.0,0.0,0.0125622589842468,0.646783740166574,0.1858915767989982,0.0320997419731962,0.1107555257621545,-0.0661076042411678,0.995891606460213,0.0439013461363402,0.0770867949608408,1.0350729498521232,0.2841028087074831,0.1100967711611161,0.2577524908093094,0.0256294851718377,1.3365549354887736,0.197453998655566,-0.0183611992801969,0.4511011063033416,0.9243091850779974,0.2351961748471413,0.4272767885870145,-0.0205896460957094,1.1878909535683158,0.374435429429774,1
1.0,0.48951,0.3,1.094288463287146,0.5184937896438161,0.0679,0.1244,0.5459,6529.0,11470.0,13.4469,7.97,0.03,0.0,0.005,0.20500000000000002,0.12,0.025,0.585,0.52,0.5449999999999999,0.4952,0.05,0.9375,0.63335,1.0,1.0,12959,0.041499999999999995,0.0,0.83,0.0,0.0,0.0,1.0,0.0,0.1606481334578612,0.5360035409699656,0.0631823473571392,0.1452851760041563,0.3821155394121999,0.0601201716715464,0.5971090609261024,0.1658358050510993,0.0108542691110218,0.6645590797185351,0.2059388107492395,0.0619162837937813,0.2688234235261208,-0.0771797539977042,1.0268154520111707,0.1768287054874008,0.2011440797974883,0.0717966845546488,0.003590218467552,0.0384990820755638,0.2165135721763211,-0.0081860053965371,0.0080498254440511,0.1235104584937404,1
1.0,0.485987,0.59,2.9788437926305886,0.2981887510028843,0.0642,0.1396,0.4602,77618.0,1018.0,13.4469,7.98,0.08,0.0,0.015,0.7949999999999999,0.01,0.11000000000000001,0.815,0.41000000000000003,0.65,0.6271,0.061649999999999996,1.0,0.14995,1.0,1.0,1993,0.2935,0.1105,1.0,1.0,0.0,0.0,1.0,0.0,0.1453249717525425,0.2026498698327371,0.3816855948100506,0.050312596486152,0.1754154803210445,-0.0084541170974126,0.3364841779817541,0.1584069751651974,0.3074645894722566,0.6738521102309842,0.722332441549465,0.0666006523000518,0.2462128918967991,0.0129616289409985,0.9233810988775902,0.1697671727042475,-0.0611761861804127,-0.0657358492898437,-0.0154748670828492,-0.018708543278412,0.008451194701371,-0.0081958261815937,-0.0747163562123433,0.0356109670023544,1
1.0,0.471764,0.56,4.352074582585983,0.2015301820118007,0.0264,0.1364,0.1937,99.0,564.0,14.3661,7.87,0.02,0.0,0.0,0.825,0.005,0.015,0.8300000000000001,0.015,0.6,0.24595,0.0,1.0,0.125,1.0,0.1875,0,0.0,0.2835,0.0,1.0,1.0,0.0,0.0,0.0,0.8142924538737377,0.2333693314731653,0.2299029017630872,0.0460925973203131,0.1809494051099211,0.0493964523948773,-0.0955638745698585,0.2506252507371339,0.0391745556618094,0.708922293282356,0.5764706206463187,0.2418296440368657,0.6076154543639584,0.0184676996426944,1.2513991281093546,0.4020182712958277,-0.0001221842568982,-0.0083385213054347,-0.0099948536975094,0.0082355581251252,0.0388059994290325,0.0145190296695976,-0.0152377711591501,0.0221471629479832,1
1.0,0.722222,0.41,2.3484683791088616,0.3964366495158035,0.0757,0.3966,0.1908,1754.0,3491.0,9.10026,7.85,0.10500000000000001,0.025,0.0,0.4,0.505,0.01,0.5700000000000001,0.5900000000000001,0.445,0.7367,0.29995,0.9375,1.0,1.0,1.0,5292,0.30349999999999994,0.477,1.0,1.0,1.0,0.0,0.0,0.0,0.0348266474006255,0.0338233220079157,-0.0476376349139404,0.018733936743939,0.1069565613459408,-0.0040045208776342,-0.0124022729277298,0.0240364140258319,0.1512822514750769,0.4193220008757907,0.3354393905683775,0.1885303647517905,0.3545136152692756,0.0022564195221692,0.5562233484724652,0.1960089158968614,0.0592754786114468,0.0307919523243341,0.0123951271403191,0.0566366693891159,0.2206361840670622,-0.0104686712415995,-0.0093515202935478,0.1651369215957496,1
1.0,0.695122,0.62,1.67688395735418,0.4532061712097591,0.055,0.8181,0.0672,314.0,504.0,71.3707,7.76,0.07500000000000001,0.085,0.0,0.655,0.375,0.0,0.75,0.35,0.0,0.47455,0.5423,1.0,0.95555,1.0,1.0,2353,0.26849999999999985,0.21899999999999997,1.0,1.0,1.0,0.0,0.0,0.0,0.1619464702830043,0.3707467070715895,0.4423547067078496,0.3657865646894094,0.7280533234585224,-0.0148248633030729,0.6672338456855991,0.5886546543055919,0.283935591388804,0.0029838881683189,1.0557135839549487,0.3520886888013864,0.7055575474456102,0.0396820587405964,0.1496052947419436,0.7353996025490558,0.0369744321930189,-0.0698640302613158,0.1344731759050553,0.0576688538229563,0.1660641136364787,-0.0179471371981128,-0.0819424672477625,0.1595417929760392,1
1.0,0.444574,0.58,3.0151513634287586,0.2112019934718041,0.0396,0.1558,0.2541,0.0,1766.0,10.072,7.72,0.05,0.06,0.01,0.745,0.33999999999999997,0.095,0.88,0.56,0.7849999999999999,0.38885000000000003,0.7,1.0,0.9375,1.0,1.0,0,0.6575,0.0875,1.0,1.0,1.0,0.0,0.0,0.0,-0.0994719806541043,-0.1359691018864028,-0.1470074380516856,-0.1174646025025407,-0.0802187278331186,-0.1016248163393708,-0.1303405197523071,-0.1428231653483402,-0.1362147911195807,1.4548232770919365,0.3494915574195157,0.0451503933880019,0.2178323526832602,-0.0218650426421365,2.0020576545927584,0.0529787993773759,-0.0554397191296159,-0.1027494359832998,-0.0736177715860529,-0.086730227245692,-0.0497493281297237,-0.0469404213233088,-0.1074481971372697,-0.0305317214110935,1
1.0,0.472947,0.62,3.558476158124458,0.2906678993148376,0.0281,0.1544,0.182,10.0,5438.0,24.9504,7.74,0.085,0.015,0.0,0.35,0.045,0.09,0.375,0.455,0.7,0.622,0.2979,1.0,0.7458,1.0,1.0,0,0.35950000000000004,0.0655,1.0,1.0,0.0,1.0,0.0,0.0,-0.0559413484545772,0.683125597029127,0.1269780295360888,-0.0075510168935105,0.0606650887975485,-0.0396091231131704,1.126359201597531,-0.0306493086655184,0.1173416254821878,1.4326292770265023,0.3572071634095827,0.0593830751204742,0.4403534830571705,-0.1179898054703027,1.911555665300348,0.2572194109369642,0.1439015538305776,-0.0772109707728929,-0.0563642812581759,-0.0126771130066138,0.1318260293326734,-0.0012962050969866,-0.086052866632667,0.0268656034672205,1
1.0,0.645963,0.64,1.3136592709442618,0.5633614244375493,0.1264,0.4885,0.2588,109.0,7920.0,69.4798,8.74,0.135,0.0,0.0,0.645,0.005,0.0,0.76,0.44,0.0,0.94815,0.05905,1.0,0.15415,1.0,1.0,2577,0.09849999999999998,0.0,1.0,0.0,1.0,0.0,0.0,0.0,0.2097985836816701,0.4495051040896786,0.0299053207880666,0.0691960238031633,0.3118081280741165,0.0419806505899364,0.4840157401741496,0.1766626640455182,0.4737325507422963,0.0620345114474747,1.379003141035195,0.5207270455594233,0.985577005810018,-0.0013367947311757,0.5996774986248197,0.9170333951346108,0.4289927332093762,0.0558322992763608,0.115452186964159,0.1450297252368004,0.4275182612277239,-0.0165888954053147,-0.0684090170120233,0.3095836718142533,1
1.0,0.564465,0.59,2.571961520946466,0.3357122477823575,0.0285,0.1872,0.1523,354.0,8643.0,25.8694,8.76,0.0,0.0,0.005,0.005,0.02,0.0,0.755,0.51,0.48,0.0185,0.0368,0.10835,0.37915,1.0,1.0,12541,0.0,0.0395,0.0,0.79,0.0,0.0,1.0,0.0,0.3467820217885891,0.4164028195026964,0.4293222175353666,0.2062429616358894,0.5435843883448188,0.0068649078411297,0.42421703389962,0.5447157470891045,0.3557758324765625,0.4626744418853368,1.3354708616860658,0.6617564379441498,1.144422265035813,0.0778867218829857,1.2013662638451132,1.1964058425824942,0.1089950577080121,0.3292758846379782,0.9664161034951924,0.3124845049810513,0.6663119120277634,0.0241712424998639,0.9352699759023606,0.6748045553708122,1
1.0,0.518865,0.54,2.76855577137148,0.2476848031386627,0.0048,0.1599,0.03,103.0,68483.0,25.8694,8.76,0.0,0.015,0.0,0.005,0.14500000000000002,0.0,0.44,0.41000000000000003,0.8400000000000001,0.06665,0.26144999999999996,0.060899999999999996,1.0,1.0,1.0,10198,0.0,0.0,0.0,0.0,0.0,0.0,1.0,0.0,-0.0991646984922734,0.4747399372407545,-0.0221375291653157,0.0191137770473721,0.131076988316085,-0.0884741350012721,0.5755159950321178,-0.0076019761979964,0.0114777231188796,0.8508910427353171,0.5643475596803804,0.1387604965825217,0.3388701889333552,0.0287120533217307,1.4074385037864874,0.2288925129411221,0.2615996170323253,0.4049691724577394,1.1369839956835184,0.5606566195421758,1.011140736161249,0.0459092674836139,1.0990981238018225,1.0752719789737832,1
1.0,0.481523,0.247059,5.411373461906518,0.1540034520204872,0.0067,0.1667,0.0402,63597.0,153.0,25.3572,8.74,0.025,0.09,0.0,0.745,0.305,0.005,0.845,0.44,0.77,0.18330000000000002,0.67265,1.0,1.0,1.0,1.0,3273,0.6845000000000002,0.221,1.0,1.0,1.0,0.0,0.0,0.0,0.1814178991450472,-0.0909687043943761,-0.0811773539052063,-0.0259437497045331,0.1120444447294382,0.0761469570481281,-0.089441852977276,0.0153955342742731,-0.1688399497103123,1.0746325528587295,0.3191173607778578,0.1617612981416731,0.4073742697195061,-0.1405818562049117,1.6539965599675943,0.1752294526239083,-0.1034382573156947,-0.1442465696567917,-0.0680939424313764,-0.0483234595954268,-0.0418982759548947,-0.0735277635815255,-0.1316077534327156,-0.0587530593159891,1
1.0,0.690577,0.55,0.8700741882386693,0.8461092999980204,0.0642,0.0652,0.9847,534.0,909.0,57.9765,8.74,0.015,0.015,0.0,0.275,0.19999999999999998,0.0,0.35,0.345,0.0,0.16525,0.25945,1.0,0.95835,1.0,0.98,0,0.047,0.11599999999999999,0.94,1.0,1.0,0.0,0.0,0.0,0.4112302054659791,0.1271393579163003,0.0516242451895532,0.0361986734316426,0.3256723356525377,0.0036976073312564,-0.0964017989717861,0.1146144974345491,0.1565216146814478,0.02500340036259,0.7724805741417129,0.1934855845470389,0.4136708516879486,-0.034884869130117,0.0378486565216689,0.368559343353453,0.2656882749224753,-0.0590959839489528,0.3394546914091523,0.1677708833544532,0.4594299320407459,-0.0145403273044852,0.0302787447407691,0.2838709649440264,1
1.0,0.609428,0.38,0.8599434517007781,0.5486392797517942,0.0265,0.5539,0.0479,31894.0,8045.0,10.072,8.44,0.06,0.035,0.055,0.62,0.325,0.21000000000000002,0.74,0.355,0.505,0.40375000000000005,0.25884999999999997,1.0,1.0,1.0,1.0,2639,0.5075,0.0,1.0,0.0,0.0,1.0,0.0,0.0,0.3273779842973328,0.5391929338104351,0.2607325237404544,0.1243466754355621,0.3786700876034802,0.019690838043999,0.3082192882015605,0.3084089753494687,0.5036741708448857,0.3338673017163634,0.7012502904579192,0.2383413609114293,0.597703509730876,0.0907841953225494,0.4273850153966916,0.5322131058230918,0.0884144279887815,-0.0447902185832489,0.0245234448146974,-0.0306191760558218,0.0319077951592649,-0.0077710071213242,-0.0499590747213858,-0.0028813456363132,1
1.0,0.513333,0.53,9.062222356823067,0.1687728276744884,0.0,0.204,0.0,14.0,712.0,16.7692,8.38,0.015,0.0,0.0,0.73,0.0,0.0,0.85,0.2,0.645,0.2255,0.04525,1.0,0.0139,1.0,1.0,7183,0.0,0.0,0.0,0.0,1.0,0.0,0.0,0.0,0.2121605359153886,0.172174895324314,0.019081451336273,0.137914896709274,0.4699124207623907,-0.0064108681970922,0.2161664981764169,0.1812801859516201,-0.0105488655514325,0.4951501731885617,0.838864496696036,0.2373149879047447,0.379065493927415,-0.0298973687975258,1.2752197955300812,0.1017066070410362,-0.061532218772748,-0.1224965951651513,-0.0297016460219483,-0.0438797524553662,-0.0082446399662378,-0.079760370016175,-0.1027558832381868,-0.0479312288471185,1
1.0,0.635884,0.62,1.8154423501185963,0.6686270147709479,0.0231,0.1823,0.127,9515.0,64695.0,19.1723,7.85,0.05,0.005,0.025,0.52,0.015,0.015,0.61,0.765,0.245,0.3771,0.12265,1.0,0.26665,1.0,1.0,0,0.52275,0.2025,1.0,1.0,0.0,1.0,0.0,0.0,0.1910906679776752,0.5201945163821999,-0.014592637706523,6.576023269034038e-05,0.0884127713085088,-0.0347634343526401,0.6292247254243228,0.0029783199065695,0.3129735093993907,0.3629294178907919,0.2852421290265788,0.1390103653518386,0.2866517534444271,-0.0420667239759605,0.4523071349366718,0.1466333571716528,0.0505554694675616,-0.0290371307998795,-0.0088079071248923,0.0090059250658996,0.0740198169364083,0.0054691097982029,-0.0397943133440755,-0.0235615366261,1
1.0,0.638554,0.66,1.18115421317214,0.5699935714658203,0.0353,0.2242,0.1573,175.0,1922.0,7.66892,7.54,0.11499999999999999,0.055,0.0,0.43,0.11,0.0,0.56,0.155,0.02,0.58485,0.70555,1.0,0.92915,1.0,1.0,11791,0.36450000000000005,0.28450000000000003,1.0,1.0,0.0,1.0,0.0,0.0,0.010767735143304,0.3854951276145562,-0.0325318975389117,0.0073194598251971,0.199444662801065,-0.0470045057206815,0.2191474053381448,-0.0142322351088151,0.0111857065317706,0.5215694719233408,0.7077664663229571,0.2303402411411053,0.4845027323043126,-0.0362350997789166,1.116678717092404,0.2261795723845526,0.0750666651047685,-0.0950534997298949,0.0654360356892115,-0.0118851508563032,0.1596375020082826,-0.0473565598804633,-0.0806585281335834,0.0864544408687197,1
1.0,0.568536,0.46,0.0487231131091587,0.9357198263774316,0.0299,0.3229,0.0925,126521.0,31414.0,11.5034,7.44,0.01,0.01,0.045,0.735,0.23500000000000001,0.485,0.865,0.36,0.675,0.10075,0.06135,1.0,0.9,1.0,0.96145,0,0.036,0.0,0.72,0.0,1.0,0.0,0.0,0.0,0.4860057351877238,0.1872789426214945,0.3699774319086052,0.0476439433084055,0.0943129153544513,0.1921818869780934,-0.0501959527912229,0.0855537407739157,0.4371567898197218,0.1166726228598622,0.2223557897624624,0.1108168354134958,0.3355878860274195,0.0400766189705793,-0.105349533447784,0.3441001700442292,0.0456432668294705,-0.0299241027992856,0.0168821784942643,-0.0306725558670656,0.0173655850479493,-0.0261148388374697,-0.0817499676843218,0.0027264385477944,1
1.0,0.532181,0.517647,3.481165261202776,0.2731549164954442,0.0474,0.3244,0.1462,5133.0,1974.0,48.8762,7.25,0.03,0.060000000000000005,0.0,0.33999999999999997,0.675,0.01,0.47,0.7949999999999999,0.5700000000000001,0.3289,0.4487,1.0,1.0,1.0,1.0,2733,0.0,0.5285,0.0,1.0,0.0,1.0,0.0,0.0,0.2961296662578492,-0.0062696464493988,-0.0477519453125884,0.1118618915812495,0.2266892366011685,0.1170585412442372,-0.0365501748221471,0.1194153318605848,0.2988098846059702,0.4473452521916329,0.5139922861329842,0.4307649813420918,0.8347850763167575,-0.0223981943032244,0.8027894913436219,0.6688175640444068,0.4478243338725801,-0.0321287496068355,-0.044207111161119,0.0284339169042546,0.1818411648291688,-0.0326505609664031,-0.0972474877645086,0.0653268317935459,1
1.0,0.587387,0.48,5.416346041466575,0.2059336712146346,0.0351,0.2499,0.1405,113823.0,19316.0,23.9259,6.95,0.04,0.13,0.0,0.03,0.32999999999999996,0.005,0.515,0.455,0.3,0.6139,0.7709999999999999,0.65,0.9129,1.0,1.0,1433,0.09850000000000005,0.32299999999999995,1.0,1.0,0.0,1.0,0.0,0.0,0.2887255975686906,0.0856325993700568,-0.0296479070685651,-0.0286524695761225,0.0891925549603756,-0.03123197909987,-0.0108218280757065,0.0148012365973103,0.4803341646277586,0.321437039714212,0.587414188115253,0.1601522027473866,0.3593570626734219,-0.002335896122393,0.4921144331116461,0.3855687159221921,0.3238321595944536,0.1569236882978531,-0.0410206892327038,-0.0439566869085149,0.2179221225994901,-0.0543444924482371,0.0142661007876728,0.0821401145887771,1
1.0,0.502404,0.57,4.56955151704484,0.4242041332832459,0.0249,0.1036,0.2402,7.0,56169.0,23.9259,6.92,0.08499999999999999,0.005,0.01,0.595,0.035,0.015,0.665,0.15000000000000002,0.675,0.59975,0.0972,1.0,0.41664999999999996,1.0,0.93335,4747,0.5505,0.0087,1.0,0.54,0.0,0.0,1.0,0.0,0.8666371668116021,0.2206286680498509,0.1029670449524759,0.1130906841413738,0.1972802079204131,0.1508530931642429,-0.0275062698807802,0.150552697350138,0.662310767833823,0.785824132438722,0.4042947949882494,0.0988541657484301,0.2724022110507945,0.0331262267211195,0.8407952629201334,0.2543417222736081,0.3084913932141392,-0.0200187544282539,0.0248543502875775,0.0374019279298501,0.122127636065812,0.027024579549487,-0.038879575192946,0.044512725365186,1
1.0,0.474286,0.56,3.513923422035574,0.3782623254644672,0.0339,0.205,0.1653,85728.0,2365.0,33.0788,6.24,0.015,0.08499999999999999,0.015,0.715,0.49,0.07500000000000001,0.76,0.745,0.495,0.14165,0.6528,1.0,1.0,1.0,1.0,0,0.05399999999999999,0.58,1.0,1.0,0.0,1.0,0.0,0.0,-0.018565259519848,-0.0265103767418291,0.0516745647991482,0.0129383997142627,-0.0054272888289151,0.00965583946032,-0.0325276793785942,0.0133514230862851,0.2045594132628375,0.5660837275463095,0.3856881529349483,0.1961815547068122,0.4134913051759433,0.003673440553926,0.6096271379529941,0.3338953537119578,-0.0619019238373063,-0.0765706476979141,-0.0680747063968149,0.0170185671555383,0.0314847757572123,-0.059418865667689,-0.107650517582052,-0.0007253396376315,1
1.0,0.48548,0.57,4.712676749492645,0.1996950098871313,0.0157,0.1066,0.147,69686.0,5160.0,6.69714,6.08,0.02,0.005,0.01,0.72,0.275,0.20500000000000002,0.75,0.415,0.795,0.20604999999999998,0.0875,1.0,1.0,1.0,1.0,0,0.04799999999999999,0.0,0.96,0.0,1.0,0.0,0.0,0.0,0.3407679367767078,0.1806675982745619,0.2602350522001391,0.2941573211391295,0.6122649863282524,-0.0618316033828576,0.1456699070053247,0.4825201477617098,0.1658207474531876,1.513653533336771,0.2206353752476896,0.0790908255711238,0.4641053746098274,-0.0494087356107562,1.789026619273162,0.287887310164075,-0.0335956555485044,-0.1174482387477465,0.0257356652952256,-0.0279985696714794,0.0418650941863398,-0.0886350753558645,-0.1107017385577178,-0.0066427413836606,1
1.0,0.579317,0.39,2.0063345174169176,0.3576046138572984,0.0396,0.1314,0.3014,28.0,130232.0,6.69714,6.04,0.08499999999999999,0.03,0.0,0.515,0.76,0.0,0.565,0.885,0.645,0.66415,0.2881,1.0,1.0,1.0,1.0,300,0.0,0.08150000000000002,0.0,0.75,1.0,0.0,0.0,0.0,-0.0890102309374026,-0.0440772102511842,-0.0932406482733989,-0.0321321796824468,-0.0490581520501809,-0.0482846323314915,-0.1033776858032343,-0.1106287286347052,-0.012570730600796,0.4430126004976844,0.4238798482134098,0.0452933971455306,0.217257332341686,-0.034644092619867,0.7963389516025507,0.1131737068764334,0.2372842695114226,-0.0747452510380947,-0.0661944163124848,-0.0342137756083808,0.1418033390742245,-0.0581398020807263,-0.1316701012046481,-0.013278024776463,1
1.0,0.699039,0.69,0.0138306106222353,0.9056248181112624,0.0337,0.3289,0.1024,52661.0,78861.0,6.69714,5.92,0.015,0.07500000000000001,0.0,0.755,0.69,0.02,0.9,0.79,0.405,0.14165,0.5667,1.0,1.0,1.0,1.0,0,0.02665,0.0,0.92,0.0,1.0,0.0,0.0,0.0,-0.024712706255951,-0.0478056340640744,-0.0405032005887706,-0.0067014758257035,0.008606123233808,-0.0378454925301571,-0.0922302621198148,-0.0354435207992763,0.3484991744115643,0.1271589448038875,0.4363518463954194,0.0399320901181553,0.1943376946279324,0.0705980683310602,-0.0184396567002638,0.1382211516601176,-0.0554905986076662,-0.0637641086705325,-0.0874086271099503,-0.0244921180636508,-0.009639505886889,-0.0259529893941825,-0.0970690978429817,-0.0880451515256529,1
1.0,0.474277,0.45,7.527579750018344,0.1136593907459603,0.005,0.1597,0.0314,16038.0,42627.0,35.9415,5.67,0.05500000000000001,0.0,0.0,0.565,0.79,0.005,0.6799999999999999,0.87,0.505,0.60495,0.033,1.0,1.0,1.0,1.0,0,0.1485,0.0,1.0,0.0,1.0,0.0,0.0,0.0,-0.0066508058252314,-0.0127110699518768,-0.026922536811728,-0.0125172589496691,0.0133997445722495,-0.0080902457798328,-0.0330183549464173,-0.0017887186002366,-0.1405779191951227,0.8497315909854504,0.4147372456040649,0.0540648260820297,0.292121705947855,-0.0788996139203049,1.4128369104861114,0.1170594886402083,-0.0666420218376775,-0.1259730427423467,-0.1219538347014171,-0.1001664706778016,-0.0348104828509981,-0.0491111066332888,-0.1391317447765299,-0.0991959453881799,1
1.0,0.448158,0.45,2.5034202528492653,0.3729758862913868,0.0218,0.0948,0.2295,55640.0,278.0,6.23758,5.56,0.045,0.005,0.01,0.635,0.045,0.305,0.77,0.515,0.77,0.61315,0.063,1.0,0.6071500000000001,1.0,1.0,0,0.44154999999999994,0.0685,1.0,1.0,1.0,0.0,0.0,0.0,0.0355404374576448,0.3457634422105076,-0.0198412987203051,0.0966233653837946,0.3793724547831217,-0.0434381061932048,0.3318289778747497,0.1434542659950929,-0.0008054292121426,1.319299073211822,0.3296667612008211,0.0773745001313932,0.1814632315870235,-0.0523444213254875,1.6711427407885542,0.1340429276715173,-0.0572796381094274,-0.0646639018060201,0.0092558261245388,-0.0042433236611765,0.0969550352491172,-0.0101740943783961,-0.0544846226379298,0.0378044966820929,1
1.0,0.580357,0.65,2.9557277687901777,0.2325265475338326,0.0603,0.194,0.3108,63.0,413.0,15.7974,5.54,0.085,0.01,0.005,0.07500000000000001,0.03,0.035,0.155,0.56,0.62,0.80495,0.16110000000000002,0.75,0.31945,0.9167000000000001,1.0,0,0.04150000000000001,0.022099999999999998,0.83,0.61,1.0,0.0,0.0,0.0,-0.0282506585173185,0.7734737391594859,-0.0076526061220827,-0.0526201686219937,0.049931073910578,-0.0661245979984404,0.9586050817890852,-0.0324898690277112,-0.0207619427995061,0.6856720560274154,0.4525103887309454,0.2674199980289052,0.5467505304202243,0.0040584895828713,0.9497341036576572,0.4286254887486015,0.1124116649830975,-0.0587253470123329,0.0755516695413317,0.1135373812294859,0.2404228482189264,0.0029663812258588,-0.0693331649262186,0.0790860023766257,1
1.0,0.445726,0.58,3.0967983666774064,0.3879971467567692,0.0685,0.0638,1.0735,298.0,2385.0,26.7886,5.51,0.095,0.1,0.005,0.84,0.09,0.10500000000000001,0.89,0.21500000000000002,0.71,0.66665,0.8785000000000001,1.0,0.83335,1.0,0.9167000000000001,505,0.8985,0.1717,1.0,0.92,0.0,0.0,1.0,0.0,0.0973984938756364,-0.0314724469891874,0.1757312053329532,0.1434309153760422,0.2362065719092191,0.0124955127939046,-0.0432585536348208,0.1338123398243838,0.0191172857275709,1.2186941719430666,0.3337622673662671,0.0321541005082561,0.2654827698254072,-0.0661056008230163,1.8222800113088589,0.0930915999107901,0.0020892516731922,-0.0200652060194485,-0.0049489375333492,-0.0104905236742348,0.0128831775517408,0.0391120450173128,-0.0104347690711875,-0.0109793195753188,1
1.0,0.605769,0.41,3.203716961215616,0.2750316317570013,0.0078,0.196,0.04,3621.0,915.0,12.4752,5.28,0.095,0.01,0.015,0.33499999999999996,0.015,0.0,0.42,0.035,0.03,0.93055,0.1583,1.0,0.15415,1.0,0.49355,0,0.3145,0.10850000000000001,1.0,1.0,0.0,0.0,1.0,0.0,0.0256994382108515,-0.0530778210776393,0.414883702619057,0.171566826163433,0.2642065887205871,0.0100401379573367,-0.0093470062197307,0.1875559235595346,0.21992680339862,0.1930477264001444,0.8709205338166377,0.5230869564054473,0.7638517470976863,0.0290877330835642,0.6033076955798988,0.7246642843273057,0.2519431854344513,-0.0466340335129763,-0.0182058552935997,0.0063448479318973,0.1920176857624454,0.0199868785892293,-0.0490719011676431,0.0261842748884274,1
1.0,0.674857,0.45,0.0574620966289,0.9868821814458826,0.0829,0.3307,0.2507,16251.0,1223.0,8.6407,5.19,0.09,0.0,0.14,0.665,0.02,0.14,0.81,0.095,0.28,0.62565,0.015250000000000001,1.0,0.18255,1.0,0.54165,0,0.8905,0.0,1.0,0.0,0.0,0.0,1.0,0.0,0.3609702398946954,-0.0690175142391633,-0.0880564881452642,-0.0676832567564805,-0.0395155956026252,0.7054293489365363,-0.1127786166243589,-0.0920508431450806,0.7819172347211498,0.0210532214582597,0.060628868415957,-0.0470546581693995,0.0016632717921988,1.2936287450470725,-0.1361228111080879,-0.0092305852351492,0.0257736284433883,-0.0214897710812672,-0.0173936424294102,-0.0115874820550552,-0.0067544531985736,0.1363354337228836,-0.0282796624463633,-0.0145865152264297,1
1.0,0.471264,0.435294,5.033119816580615,0.2689115947396747,0.0219,0.0725,0.3016,44.0,1280.0,12.9347,5.17,0.13,0.0,0.0,0.615,0.015,0.0,0.63,0.085,0.585,0.7785,0.00875,1.0,0.14125000000000001,1.0,0.54165,0,0.6019999999999999,0.0,1.0,0.0,0.0,0.0,1.0,0.0,0.5872665768731762,-0.0191259444791486,-0.0322130719359856,-0.0422213724490966,-0.0022018483024525,1.1972156726743115,-0.1131608258783205,-0.0367009209890058,0.2444750856778326,0.5400585196213618,0.6120451314864571,0.2313117130464288,0.4643295263326883,0.0292141134982901,1.013538014780188,0.5048159148317863,0.0625764109804479,-0.0584019813233678,0.006003611104015,0.0128475464914731,0.0908609775788394,-0.0188844730277667,-0.0399636778147431,0.0451270977351221,1
1.0,0.486678,0.62,4.064869529157769,0.372606565923961,0.0336,0.1404,0.2391,157.0,16614.0,68.4554,5.1,0.03,0.045,0.0,0.705,0.44,0.235,0.76,0.69,0.71,0.25570000000000004,0.3592,1.0,0.96665,1.0,1.0,1043,0.11499999999999998,0.035500000000000004,1.0,0.71,0.0,0.0,1.0,0.0,-0.0015168604850884,0.0007818579188528,-0.0015168604850884,0.0039285591773729,-0.0009727356876395,0.0118169538255199,-0.0003438604084752,0.0069574952392587,0.1394493207177232,0.9940610834431948,0.3598867014969854,0.1154472297853545,0.3011507187534139,-0.0312329324785861,1.1760158234814635,0.1892855472772801,-0.0499066103843938,-0.0747308335891548,-0.0225106006482449,-0.0284059562653331,-0.0093516928333243,0.0318879770517945,-0.0915937377351886,-0.044190642510729,1
1.0,0.604762,0.211765,4.2083019249559,0.2748933585929344,0.0053,0.4124,0.0128,90353.0,7675.0,8.6407,4.13,0.02,0.025,0.045000000000000005,0.8,0.045,0.035,0.92,0.16,0.04,0.42335,0.34755,1.0,0.60005,1.0,0.96065,7713,0.6748499999999998,0.084,1.0,1.0,0.0,0.0,1.0,0.0,0.2364902662006548,0.1311168514098338,0.816210863811718,0.2037406556259096,0.5505813515080669,0.0344863148512939,0.349126276865657,0.6248419652050489,0.2333126313390149,0.1551519559205918,0.7390858302702515,0.5029106472737903,0.9125662437093582,-0.0172605187835811,0.6294349921956319,0.8081723218015531,0.0129271315827479,-0.0086828614662138,0.0692403283844979,0.0417649622748033,0.0879305874902647,0.0115436246727177,0.0070026866887244,0.1034414884653635,1
1.0,0.60061,0.49,1.876196302405948,0.6066634282164849,0.0192,0.3327,0.0578,3982.0,92281.0,8.6407,4.14,0.015,0.045,0.025,0.02,0.26,0.035,0.125,0.35,0.19,0.21284999999999998,0.50235,0.28675,1.0,0.8705,1.0,9641,0.040999999999999995,0.0,0.82,0.0,0.0,0.0,1.0,0.0,0.2263340330217374,0.143309515184465,0.7578077250997427,0.5078352202003907,0.9188249234417316,-0.0175685668697236,0.6128308230039462,0.8459329015612393,0.2260762297782322,0.3264511380660947,0.5518704405215674,0.1783372413910483,0.5632533642321121,-0.0108941821944811,0.6020211400246616,0.4219975522024293,0.3253346346114643,0.0486282901796663,0.1498097728596406,0.0811646640945111,0.2101042498567861,0.0421512464170189,-0.0500662803040036,0.1820228795200918,1
1.0,0.480994,0.4,2.072604477993562,0.2471898665065785,0.029,0.1173,0.2477,16.0,33144.0,10.5316,4.37,0.065,0.015,0.0,0.785,0.735,0.015,0.87,0.88,0.5,0.44694999999999996,0.1583,1.0,1.0,1.0,1.0,409,0.41475000000000006,0.28550000000000003,1.0,1.0,0.0,1.0,0.0,0.0,-0.0613363882688285,-0.0302026171203504,-0.0500925561244288,-0.0208201474286065,-0.0160774129306068,-0.0340115681311006,-0.065518647213171,-0.0658315152658553,0.1870308360288733,0.5897103187184422,0.6586651863922172,0.3849189684153465,0.8189202166997704,-0.0219456976519051,0.9342405141220936,0.7657631630855254,-0.0193578473758973,-0.0551115783842115,-0.0045467930159575,0.0244226785300672,0.0552098688023692,-0.0563566842720886,-0.0551111267814657,0.0614237966265044,1
1.0,0.475976,0.42,4.018301974602939,0.4605645998857891,0.013,0.1428,0.0912,11.0,31347.0,17.741,4.62,0.03,0.08,0.0,0.10500000000000001,0.495,0.0,0.28500000000000003,0.535,0.645,0.5458500000000001,0.6381,0.95835,1.0,1.0,1.0,3676,0.034,0.062,0.68,1.0,0.0,0.0,1.0,0.0,0.0924965018517623,-0.0417908683382008,-0.0685162704022785,-0.0118155140364628,0.0442330080665895,0.0372813904458882,-0.083138238049274,0.0294812685741322,0.025625389952597,0.6403121498059579,0.5049577749977399,0.2773648013774194,0.4864560983372513,-0.0154343951045386,1.080755941230487,0.3210309152680299,0.6108927075227644,0.1949900316637176,0.0827496770162085,0.06981913358906,0.314851168264165,-0.031981718692401,-0.0831067496134905,0.2030376196218797,1
1.0,0.701201,0.49,0.0541880592527517,0.98867141282156,0.0247,0.3126,0.0789,30485.0,3237.0,12.4752,4.68,0.05,0.15000000000000002,0.0,0.13,0.3,0.0,0.26,0.5,0.0,0.70835,0.5764,0.91665,1.0,1.0,1.0,2877,0.0,0.0675,0.0,1.0,1.0,0.0,0.0,0.0,0.1939533669365357,-0.0380391080873826,-0.0284105511289237,0.3807412045580979,0.5824041293372562,0.0929467998432578,-0.0452113807762173,0.4380447928998942,0.5270065964590109,0.154207374931148,0.1637214904648431,0.1399157269524549,0.1564149970085618,0.1532837972563362,-0.0603175432327787,0.1288677581809115,0.6735391585629066,-0.0576149494498359,-0.0644669548157336,0.0043414741743942,0.0595104026421057,0.519620767298378,-0.1185360890777645,-0.0344091808683144,1
1.0,0.721532,0.61,1.481451692314818,0.7632784816304534,0.0568,0.5141,0.1106,111.0,59105.0,24.9504,4.69,0.16,0.115,0.295,0.205,0.235,0.46499999999999997,0.4,0.36,0.705,0.8,0.7456499999999999,0.75,0.91665,1.0,1.0,0,0.11850000000000001,0.3825,1.0,1.0,1.0,0.0,0.0,0.0,0.0860203248959755,-0.0759520103903196,-0.0504635588068138,0.0197515491423773,0.1266299157766596,-0.0431856714789971,-0.0812158561488297,-0.0242361539408015,0.044721230737028,-0.0140728131264027,0.6266668867952058,0.3170149121098924,0.2111041067936122,0.1845801363080637,-0.0529522337238306,0.3986031827041931,0.1406527928067982,-0.0592996011580531,-0.0346279089991691,0.3026738461855037,0.3802940367078962,0.0349011313792206,-0.0656467554090574,0.2637863035208895,1
1.0,0.69084,0.43,1.6212350599019465,0.5234227307234073,0.1428,0.0911,1.5672,1146.0,3526.0,20.6036,4.84,0.07,0.065,0.10500000000000001,0.375,0.565,0.17,0.62,0.65,0.125,0.3125,0.5374,0.83335,1.0,0.95835,1.0,0,0.5305,0.20199999999999996,1.0,1.0,0.0,1.0,0.0,0.0,-0.0408140990120192,-0.0584729472751159,0.0340875634786493,0.025567739189108,0.037859654631369,0.0042981291992118,-0.0445686040711289,0.018734830517226,0.3080312120469333,0.1572753156747461,0.3608482626465165,0.5270696686602652,0.9498739708879566,0.0083760057778555,-0.0123981710186368,0.5997500321659394,0.0503760622196193,-0.0324168733184816,0.087496016386782,0.0499923572622851,0.1164954858301705,-0.0068967399465515,-0.0213508754677927,0.0266403600145926,1
1.0,0.594792,0.54,3.578283129987579,0.2187538406241943,0.0088,0.2757,0.032,64.0,74038.0,14.3661,4.85,0.07,0.015,0.005,0.605,0.07,0.015,0.7,0.10500000000000001,0.41000000000000003,0.49560000000000004,0.23265000000000002,1.0,0.5278,1.0,0.975,3062,0.6955,0.0,1.0,0.0,0.0,0.0,1.0,0.0,0.1263696422870559,-0.0584960837233729,-0.0681862505619128,-0.0220830376736213,0.0270544559000133,0.0290423986063782,-0.0810356245034683,-0.0324571135041293,0.0860430000927247,0.540775047395555,0.3950037655991368,0.3083623350114571,0.5498129393269118,-0.0017326064734743,0.7957173417759225,0.2945197894570929,-0.0355217020859911,-0.0635150154951012,-0.0341168725774507,0.0158250372268013,0.015421662211833,-0.0036946366388232,-0.0732249753501918,-0.0249340400854058,1
1.0,0.500675,0.64,4.757362934440752,0.2816084334559234,0.0875,0.2378,0.3679,435.0,6900.0,6.69714,3.98,0.015,0.045,0.0,0.515,0.305,0.0,0.575,0.565,0.5549999999999999,0.2222,0.45075,1.0,0.96665,1.0,1.0,2207,0.163,0.245,1.0,1.0,0.0,0.0,1.0,0.0,0.2503633694394872,0.154619910207702,-0.0805638532376105,-0.0458036056045204,0.0874564926441121,-0.0794075821732204,-0.039518214508074,-0.0380905909092565,0.0757076034782827,0.7243119961159257,0.264569511282708,0.1905251250104545,0.3679457086599459,-0.0017178508519234,1.033269235318533,0.1435109724146302,0.1222090959542595,-0.1042848523885436,0.3498712050885025,0.2123517600108689,0.4429448573363725,-0.0280569915905718,0.1516449086583935,0.3731297659595244,1
1.0,0.510465,0.43,3.974892299426601,0.3646603841205352,0.01,0.0953,0.1047,1303.0,3914.0,8.12848,3.97,0.16499999999999998,0.035,0.005,0.36,0.12,0.175,0.43,0.45499999999999996,0.52,0.835,0.45835000000000004,1.0,0.7302,1.0,1.0,2,0.4286999999999999,0.24499999999999997,1.0,1.0,0.0,1.0,0.0,0.0,0.0238763969625994,0.7737919739263452,0.0387639074867018,0.108098637054288,0.206110996412766,-0.0231396387414507,1.002420346209627,0.0214863490369995,0.6313511117082078,0.6945296618144796,0.4111365422370301,0.1451857002252149,0.4998255166153105,-0.0549738188481012,0.5039761648567579,0.3459265859427371,0.3062007531935311,-0.0358735809468867,-0.0472054552301562,0.0148170511250937,0.1246696415816863,0.0153733287991145,-0.0609809684800814,0.0102996949054582,1
1.0,0.650794,0.71,3.6816718966451063,0.2747404871160731,0.0935,1.0844,0.0862,137.0,22165.0,21.0632,3.91,0.04,0.02,0.02,0.45499999999999996,0.795,0.6499999999999999,0.64,0.9199999999999999,0.785,0.38885000000000003,0.13885,1.0,1.0,1.0,1.0,0,0.63,0.9788499999999999,1.0,1.0,0.0,0.0,1.0,0.0,-0.0335392092890382,-0.0309998589920178,-0.0274183705833379,-0.0221310015008183,-0.0307270578552696,-0.0076018269476518,-0.0359333743346525,-0.0186147637165632,0.1550219250780262,-0.0140931034582231,0.3112291435068686,0.1145351635126966,0.1635546866124524,0.01465717372411,0.053018117895959,0.1767470196432138,0.0008335558058941,-0.0834737101197969,-0.0797805444331166,-0.0741707370959354,-0.0035063824441845,-0.0439029113558947,-0.0990213928742213,-0.060668556664625,1
1.0,0.471136,0.52,2.739017102435509,0.3672828024765719,0.0213,0.1958,0.1086,28.0,59555.0,21.5754,3.89,0.07,0.025,0.0,0.365,0.37,0.005,0.55,0.485,0.52,0.7643,0.23909999999999998,1.0,1.0,1.0,1.0,2764,0.09849999999999999,0.31399999999999995,1.0,1.0,0.0,1.0,0.0,0.0,0.2223412487861764,0.0013754724316194,-0.1122858874956265,-0.1031556991016686,0.091578655294623,-0.096479315682713,0.0369258307354805,-0.0352540442514659,0.3903328026233406,0.4179143310538199,0.6273389921347721,0.1607844919867034,0.4292950109097884,-0.0704179795727302,0.8120298588407726,0.4647222729768073,0.3803061986689171,-0.0976527552385061,-0.0365963782189334,-0.0296344181246109,0.0955373950284804,-0.0246611848407799,-0.0954304013419409,0.0317602838747617,1
1.0,0.507426,0.54,1.5733019248100335,0.4338118890278379,0.0167,0.1409,0.1186,56239.0,1530.0,21.5754,3.8,0.065,0.02,0.01,0.7649999999999999,0.175,0.025,0.88,0.385,0.625,0.58955,0.42475,1.0,1.0,1.0,1.0,2107,0.5130000000000001,0.2165,1.0,1.0,1.0,0.0,0.0,0.0,0.0874190269370101,-0.0014512935857305,0.3327882495513514,0.0620262657703946,0.2656406620641147,-0.0201683468232114,0.1328767816416495,0.3029244996869637,0.1813566892528994,0.571662200686009,0.3724064420582814,0.0448474377534443,0.2268665748615958,-0.0752769401301177,0.8812694388955826,0.2165199035380355,-0.0078762982970325,-0.0808637396083472,-0.0587741943903374,0.01898897110994,0.027736974442732,-0.0388716134519728,-0.121563241904939,0.0191720012368824,1
1.0,0.578182,0.45,3.5114849655515434,0.2265067170246283,0.0458,0.1097,0.4177,49903.0,137609.0,21.5754,3.71,0.04,0.095,0.02,0.125,0.31,0.0,0.35,0.5449999999999999,0.515,0.41645,0.5629,0.83955,0.95,1.0,0.975,0,0.0,0.23260000000000003,0.0,1.0,0.0,1.0,0.0,0.0,0.139016024593455,-0.0652805273503698,-0.0067551408294352,-0.0482261890480065,0.0579082659611137,-0.0651983088539857,-0.1002675997704679,-0.0293287563773573,0.2388802605391212,0.5438401717922074,0.5084549278970296,0.2956778972789405,0.5757556318303577,-0.0573716697106316,0.8059546038455379,0.515899593953518,0.4525429860231352,-0.0477550590955467,-0.0938111199926056,-0.0517672539594342,0.0848672554877615,-0.0220341268960883,-0.113770653417808,0.036140445077442,1
1.0,0.678571,0.43,2.9667794879097635,0.6829573114776155,0.02,0.3588,0.0557,67595.0,121164.0,20.1441,3.6,0.035,0.015,0.045,0.645,0.665,0.125,0.675,0.885,0.26,0.33035000000000003,0.1204,1.0,1.0,1.0,1.0,879,0.45599999999999996,0.4015000000000001,1.0,1.0,1.0,0.0,0.0,0.0,-0.0099307166096731,-0.0096902401069395,0.0076740791103319,-0.0003564228716904,-0.0076239689049632,-0.0095386519507697,-0.0100058176190239,-0.0048635349558232,0.4275187909335309,0.1061656161799583,0.9510843690340128,0.1767658547448107,0.4465818178238524,0.0585966810997181,0.4936142659962135,0.30577918026763,0.1654673746541663,-0.0735662916427724,-0.0171255993437284,-0.034739667340138,0.1296918329975011,-0.041759619070492,-0.0938946489428597,-0.0050921834499025,1
1.0,0.645161,0.4,0.2050143152346652,0.9667026287672964,0.117,0.28,0.418,1486.0,227.0,21.5754,3.41,0.0,0.055,0.0,0.0,0.43000000000000005,0.0,0.045,0.545,0.015,0.0125,0.49535,0.0,1.0,0.475,1.0,0,0.0,0.301,0.0,1.0,1.0,0.0,0.0,0.0,-0.0920487788908671,-0.139252479443359,-0.1242626800203442,-0.081121489395796,-0.1219811491406821,-0.0622688061040445,-0.1723106101033917,-0.0899187764965206,0.7967535685707791,0.0865680675462782,0.1558157757370353,0.0529316507323924,0.0802702188900887,0.1556004626276984,-0.0669746710112619,0.0971363972181943,0.5437907289067138,-0.0498230282754925,0.3558717867272014,0.3352269042887698,0.5135111152382942,0.0695641176910986,0.1338595162980004,0.5510173943752175,1
1.0,0.697993,0.67,0.8798697660530851,0.7713827727481342,0.0271,0.2592,0.1047,59019.0,3430.0,10.072,2.09,0.060000000000000005,0.08,0.0,0.49,0.27,0.0,0.61,0.45499999999999996,0.0,0.45075,0.7405,1.0,1.0,1.0,1.0,4661,0.204,0.0,1.0,0.0,0.0,0.0,1.0,0.0,0.2131449315329193,-0.0248309757525711,-0.0285063723652428,-0.0089229714381303,0.1643991303297212,-0.027870709567695,-0.0798248491816465,0.0054228155242199,0.0681982195215229,-0.0081992188559992,0.8188684036683656,0.3890343001663574,0.5537226857287197,-0.0034031582493095,0.010329319790463,0.7149676052463936,0.0967228958349423,-0.1032337704037095,-0.0586511055754646,0.0662305666973636,0.3592261730340518,-0.00933180307048,-0.1247794969360853,0.0834483267238368,1
1.0,0.628118,0.44,0.5611833388699021,0.7480489416709561,0.1011,0.0833,1.2131,75.0,144738.0,10.072,2.07,0.095,0.045,0.0,0.29,0.865,0.0,0.52,0.905,0.0,0.76905,0.26605,0.98,1.0,1.0,1.0,10244,0.111,0.7835000000000001,1.0,1.0,0.0,0.0,1.0,0.0,0.0989042442224815,0.0426064860704015,0.174002245985296,0.0473267568324224,0.0300121493474913,0.0046435744474772,0.0331422184883886,0.0053484359192856,0.6207617646267748,0.0866581294339476,1.2961099582867892,0.2144411558943951,0.3707098429983355,0.0310926573326446,0.2915944300915191,0.3669603011604996,0.225511979676474,-0.0301172581869184,-0.0409930653857719,-0.0503847091365309,0.1238618548924635,-0.0557504943781771,-0.1261661084369635,-0.0237778031747209,1
1.0,0.484848,0.38,4.667969078319312,0.2728564905700365,0.0071,0.1072,0.0658,16417.0,28365.0,36.4011,1.7,0.02,0.035,0.0,0.58,0.77,0.04,0.72,0.8300000000000001,0.585,0.22799999999999998,0.21725,1.0,1.0,1.0,1.0,0,0.046000000000000006,0.9009999999999999,0.91,1.0,0.0,0.0,1.0,0.0,-0.0014423026389203,-0.004085238095517,-0.0032923772217013,-0.0012993104784908,-0.0066064216031044,0.0097901059262927,-0.0084275290984712,-0.0103825292261599,0.1866768220203187,0.9486345111990716,0.3223052721029386,0.1551971585542887,0.4993699890351665,-0.0564814738767026,1.4461620315340935,0.3560275003945242,0.1319617182685102,0.0247314570477225,-0.0026849156803945,-0.0062215350574652,0.085296896551425,-0.0373212491930089,-0.0132234524018832,0.0477537274174239,1
1.0,0.671818,0.52,3.9874524500504234,0.6645523494310431,0.0467,0.677,0.069,7.0,785.0,153.785,1.42,0.08499999999999999,0.035,0.0,0.535,0.47500000000000003,0.0,0.665,0.63,0.0,0.7327,0.4,1.0,1.0,1.0,1.0,2624,0.0,0.0855,0.0,1.0,0.0,0.0,1.0,0.0,-0.0652419976248847,-0.0710008641522451,-0.0750595225569908,-0.0577434053511097,-0.0634121340627058,0.0089758665395846,-0.1066087112942497,-0.0622698140950235,0.2190073642946538,0.0218686544123337,1.2411871897576456,0.5862237463963893,0.4823254548307504,0.7605476681138755,-0.0657020819147881,0.6166711054721562,0.0254991002447837,-0.1365400963570721,-0.0940265616498034,0.2879061864427904,0.6752896980842735,0.5026659500903128,-0.1587279402608716,0.2579528411151871,1
1.0,0.522845,0.45,2.7362585423403463,0.2441819515852954,0.0337,0.0847,0.3975,71630.0,1110.0,239.115,1.34,0.055,0.045,0.005,0.84,0.645,0.07500000000000001,0.89,0.72,0.785,0.68255,0.5972,1.0,1.0,1.0,1.0,0,0.0,0.3015,0.0,1.0,0.0,0.0,1.0,0.0,-0.0859348187998445,-0.1319093522497695,-0.1001495001860393,0.2732032771253805,0.7141131554481956,-0.0827229200395582,-0.1531629789160241,0.1558389973224986,-0.176661900473834,1.638177917746472,0.2299543458300956,0.3770539461878607,0.7641116349411425,-0.0622264245264078,2.10850593748161,0.2503281172375872,-0.0668984575035212,-0.0854899515349515,-0.0425708186788377,-0.0280092869522905,-0.0262013404111674,-0.0317599388457839,-0.0751235198068336,-0.0457316571823801,1
1.0,0.543124,0.482353,5.882227958562829,0.1367312024602504,0.0306,0.1745,0.1753,904.0,14845.0,10.072,1.29,0.07500000000000001,0.0,0.0,0.5700000000000001,0.005,0.0,0.6499999999999999,0.030000000000000002,0.605,0.6394,0.0639,1.0,0.09584999999999999,1.0,0.5104,3946,0.43634999999999996,0.0,1.0,0.0,0.0,0.0,1.0,0.0,0.2375471778234747,0.581949015277467,0.2237862286090678,0.1881557374551015,0.4682999015998516,-0.0040509549053889,0.682824120799969,0.3767755575633966,-0.0483441171626712,0.2512215807579943,1.3671783351139952,0.3570729429957906,0.5149828063182598,0.0125586694344766,1.0921244554861194,0.1060589786452633,-0.0510927289414931,-0.0853453287435005,0.8703401692741709,0.4569582996906975,0.6441202170182831,-0.0200873454997335,0.554739727389092,0.4875944404088643,1
1.0,0.494774,0.382353,3.385079174670757,0.3033617783515297,0.0288,0.1416,0.2031,111733.0,124313.0,10.072,1.27,0.02,0.015,0.0,0.71,0.6699999999999999,0.055,0.835,0.845,0.6499999999999999,0.1628,0.12154999999999999,1.0,1.0,1.0,1.0,68,0.0,0.0705,0.0,1.0,1.0,0.0,0.0,0.0,-0.0727511447563837,-0.0340355161622649,-0.0489563383511752,-0.0583573855983083,-0.0744380441567356,-0.0744961902737278,-0.0911866309852052,-0.0910964686109006,0.2871792629588529,0.4706629208710939,0.5235174920840819,0.1318374595344804,0.2815120984222143,0.0014100104944004,0.680442770271268,0.2742633778469349,-0.0190383073942238,-0.0793666146189907,-0.0604435861253036,0.003419581042078,0.0351857737172019,-0.041397130061979,-0.0844371928995559,0.0202179670140453,1
1.0,0.536474,0.405882,2.764508440365512,0.3198151249068976,0.0235,0.1503,0.1567,46564.0,185578.0,5.2658,1.29,0.035,0.02,0.005,0.81,0.825,0.015,0.87,0.955,0.69,0.6266,0.1944,1.0,1.0,1.0,1.0,799,0.19330000000000003,0.585,1.0,1.0,0.0,0.0,1.0,0.0,-0.0400448499753506,-0.0346366885159558,-0.0392120883942176,-0.0059102677702757,-0.0337124488870131,-0.032725986258037,-0.0447748811457837,-0.0357557718828419,0.1110492082871491,0.9716164536208266,0.2069271554951709,0.0893188057278982,0.3942373296924114,-0.0173883667060737,1.2993085000353537,0.2221916200872022,-0.010285298693136,-0.0188068311872194,0.0311275750553474,0.073412674081287,0.0250674551421617,0.0044422805753545,-0.01388068473721,0.0100965512572455,1
1.0,0.67655,0.38,0.0,,0.1033,0.1114,0.9272,15741.0,13603.0,15.3378,1.4,0.05,0.04,0.0,0.695,0.735,0.0,0.85,0.885,0.0,0.3705,0.5076,1.0,1.0,1.0,1.0,1878,0.3075,0.0,1.0,0.0,0.0,0.0,1.0,0.0,-0.0547393249736831,-0.0565348436946538,-0.0648287210682871,-0.0275533469386351,-0.0487111178977521,-0.0502815942904961,-0.0897886237064716,-0.0584174490628213,0.3897232397544409,0.1859347984178536,0.5462705562322383,0.018216989780257,0.1597686656862024,0.167579356198525,-0.0608323201797245,0.0703187076386189,0.0534154691960043,-0.0755844752981117,-0.0243129121665424,-0.019407618805403,-0.0027331467601663,-0.0276034265141236,-0.100582835145803,-0.0601236338909564,1
1.0,0.481297,0.39,5.417845070398227,0.1579297647282259,0.0011,0.1632,0.007,26164.0,54255.0,33.5384,1.49,0.05,0.04,0.005,0.8400000000000001,0.54,0.025,0.945,0.765,0.645,0.5,0.25725,1.0,1.0,1.0,1.0,0,0.4640000000000001,0.762,1.0,1.0,0.0,1.0,0.0,0.0,0.0015905589983908,-0.0057023448776265,-0.0003286744772779,0.0105072299187398,0.0017446348783391,0.0237272468467215,-0.0069021178098398,4.001502195215426e-05,-0.0018383588897413,0.7633436712040872,0.5004360058498946,0.2513298495399121,0.491177294398835,-0.0113177971142768,1.1996447121626803,0.3937923044334188,-0.020935720664494,-0.0485896002389867,-0.0221658408996806,0.0302077322532718,0.0429581688255754,-0.0020095194753221,-0.0517377848085228,0.0227146000928953,1
1.0,0.481696,0.61,1.9990283505074609,0.5741924225889841,0.0677,0.2232,0.3032,77998.0,880.0,33.5384,1.52,0.015,0.035,0.0,0.725,0.6000000000000001,0.03,0.79,0.725,0.71,0.1,0.5249,1.0,0.975,1.0,1.0,88,0.07150000000000001,0.0575,1.0,1.0,1.0,0.0,0.0,0.0,0.0332363469013801,0.0035205304904942,0.0516056801706021,0.0273355571182146,0.1215311794912162,0.0171782585168062,-0.0638360852207018,0.0916107419600789,0.1140952358172102,0.766870999738264,0.4604166124100345,0.1683675977161276,0.4111376748679531,-0.0453170814930713,1.0978549876800678,0.2888226256540602,0.0066197580714028,-0.0669951002757572,-0.0023565035519784,-0.0149014793684258,0.0356964276528627,0.0071821177361687,-0.0823011962051053,0.0094881180293438,1
1.0,0.498325,0.48,2.793173654795241,0.3786628591306268,0.0729,0.1059,0.6885,48679.0,3030.0,10.5316,1.6,0.03,0.1,0.0,0.5549999999999999,0.41500000000000004,0.0,0.6799999999999999,0.505,0.615,0.31245,0.7722,1.0,1.0,1.0,1.0,3368,0.1545,0.06799999999999999,1.0,1.0,0.0,0.0,1.0,0.0,0.3768492405967616,0.1306924822373441,-0.0422788884948052,-0.0139275365871043,0.1354713428504259,-0.034707878588134,-0.0604610061735348,0.0170002894202238,0.127332666473093,0.6239710191842263,0.5570452687075338,0.2641566136733762,0.5912528624447901,-0.0270070151196053,1.17410462619304,0.465169840963662,0.1434924504045956,-0.0916513681125857,-0.0372659910500227,-0.029982556935595,0.0936558282971644,-0.0643372937829092,-0.0953575236518743,0.025359200547273,1
1.0,0.590491,0.62,3.0378244031622024,0.231900109366405,0.0222,0.1193,0.1859,711.0,2786.0,40.2355,1.58,0.11499999999999999,0.09,0.0,0.32,0.475,0.005,0.45,0.585,0.29000000000000004,0.60835,0.6146,1.0,1.0,1.0,1.0,8083,0.1025,0.3925,1.0,1.0,0.0,0.0,1.0,0.0,0.1083640237656024,-0.0118970111392033,-0.059624297380724,0.0127424976468066,0.0986311393558679,0.0262503537437113,-0.0661685128587526,0.0201474541582121,0.0283365979855343,0.4658847114901704,0.8313217471337653,0.3819242416952274,0.6290406762615036,-0.0106512520516899,0.9569800482278584,0.4321797892776879,0.1750296686963334,-0.1009602973014936,-0.0546234706146174,0.0220981531593208,0.2235423370960547,0.0373516199982835,-0.0607593777386228,0.0531039508687966,1
1.0,0.485149,0.59,3.364321206651205,0.4006388436965999,0.0359,0.1969,0.1824,91.0,76688.0,12.9347,1.56,0.14,0.04,0.0,0.36,0.55,0.005,0.5,0.8,0.41000000000000003,0.63475,0.3375,0.95835,1.0,1.0,1.0,2162,0.231,0.5375,1.0,1.0,0.0,0.0,1.0,0.0,-0.0609162292204049,-0.0379131421894952,-0.1071403948834854,-0.0515393545742905,-0.0019567827944452,-0.0526751030301616,-0.0889189785475498,-0.0707778267210774,0.1316606858114622,0.4687828067536378,0.6379235488162684,0.3378878602476886,0.6343887858444074,0.0277388994595785,0.8702000632481202,0.5170051505488382,0.159584337493963,-0.0620474444331452,-0.027647155562338,-0.001083978412862,0.1723678462058393,0.0030397664810192,-0.0683570356668397,0.0802549687767947,1
1.0,0.736597,0.6,1.3380777266730004,0.6864230429654671,0.0629,0.1997,0.3151,77557.0,813.0,17.2288,1.39,0.055,0.02,0.0,0.745,0.33499999999999996,0.0,0.89,0.405,0.0,0.359,0.25815,1.0,1.0,1.0,1.0,0,0.801,0.0,1.0,0.0,0.0,0.0,1.0,0.0,0.2541365322861711,-0.0452308285295108,0.3640408376856788,0.0099259155603027,0.1457328382464213,0.0778497066168234,0.0160357864845866,0.1705050946226171,0.1257025195441761,0.0335060192564518,0.2361384094440135,0.0557191161918785,0.1085359727438635,0.1279240976775568,-0.0213073249343244,0.0393228502412712,0.0332966109249884,-0.0146771114526783,0.0041588890319418,0.0298969290683862,0.0177754428084661,0.025022603300695,-0.0579220207179232,-0.0147580744262278,1
1.0,0.644689,0.48,3.3018165945430904,0.3836771700000611,0.0135,0.4084,0.0331,93.0,1030.0,20.0915,0.5,0.01,0.09,0.005,0.63,0.59,0.035,0.875,0.655,0.2,0.1432,0.70835,1.0,1.0,1.0,1.0,0,0.8075,0.045,1.0,0.9,1.0,0.0,0.0,0.0,-0.0042426340715428,-0.0523868510519903,-0.0306757330074194,0.0330423209869889,0.0226605799484059,0.0336652125878122,-0.0719368153061589,-0.0343118722409452,0.9622763891496624,0.5710886349387988,0.3516082992855739,0.2990800055648854,0.6843850362373802,-0.000385745692159,-0.0663462840921441,0.5638523349165347,-0.0143032452393791,-0.0435529947616324,-0.0441061957598561,0.0146848315243064,0.0661952417979874,-0.0044289799542242,-0.0500205315508515,-0.0271579339148666,1
1.0,0.481301,0.62,4.328559775878207,0.2602979346885286,0.0538,0.1267,0.4244,116.0,219149.0,13.8538,0.62,0.095,0.01,0.0,0.625,0.7050000000000001,0.0,0.735,0.835,0.765,0.51875,0.11715,1.0,1.0,1.0,1.0,3087,0.316,0.0,1.0,0.0,0.0,0.0,1.0,0.0,0.010993315474237,-0.0337927716034359,-0.0281137645672671,0.0195681314346177,0.0152040989125352,0.0274560059337061,-0.0615641527194075,-0.0316025720741845,-0.0174644323004664,1.194477280969819,0.2131965191098833,0.0958202746078165,0.2991975188459164,-0.0565886009935017,1.6790269621448892,0.1307587261654943,0.0436625503024463,-0.1039457672548506,-0.0748380786380165,0.0193885918355288,0.1032369702630165,-0.0127151747646691,-0.1159857483396064,0.0713972124593981,1
1.0,0.707885,0.74,0.3066219121089995,0.8160855605698447,0.0254,0.3121,0.0814,13116.0,232.0,18.2005,0.9,0.045,0.045,0.0,0.56,0.715,0.0,0.72,0.845,0.0,0.5383,0.36665000000000003,1.0,1.0,1.0,1.0,0,0.1415,0.795,1.0,1.0,1.0,0.0,0.0,0.0,-0.0363688284837539,-0.0825929320202511,-0.0636406630899973,-0.0418582825981245,-0.0869396145918748,0.2038995456492164,-0.1054382428451621,-0.0584052461973177,0.2758767856206565,0.0778850853564427,0.384623777122602,0.0563929480605224,0.1444316914454286,0.1284830931052291,-0.0860357618127305,0.1279258069949601,0.1148725823124599,-0.0806123823942558,0.0233121537604008,0.0226158334722391,0.0320989782453703,0.0817542601632463,-0.1027645059300986,-0.0063090233370856,1
1.0,0.497242,0.32,5.670447018131554,0.1313943505832245,0.0038,0.1659,0.023,1611.0,13135.0,14.3661,0.94,0.12000000000000001,0.03,0.0,0.365,0.505,0.015,0.445,0.7949999999999999,0.72,0.64015,0.2304,0.9898,1.0,1.0,1.0,614,0.4910000000000002,0.755,1.0,1.0,0.0,1.0,0.0,0.0,-0.0050876596471271,-0.0030551704124067,-0.0137016194184309,-0.0019939320845854,-0.0115994352489453,-0.0001032171438367,-0.0109179656379058,-0.0108677618845491,-0.0343402671036843,0.8370330062572702,0.3053572572751162,0.2024638821869548,0.3852851907999586,-0.0484852712018791,1.2642507278233848,0.1473849409852402,0.0562942148619192,-0.029791816440983,-0.013578109226985,0.0108886747912372,0.0651135100718794,0.0086421509969932,-0.0375650130541172,-0.0048457324696215,1
1.0,0.452599,0.54,3.451382498258733,0.2378800306207829,0.0327,0.0947,0.3448,50660.0,559.0,7.66892,0.89,0.05,0.005,0.0,0.615,0.125,0.015,0.765,0.33,0.725,0.45999999999999996,0.055349999999999996,1.0,0.6875,1.0,1.0,303,0.8680000000000001,0.0845,1.0,0.96,0.0,0.0,1.0,0.0,0.3597046458447532,0.0310685851679175,0.1484183743620524,0.0972868524260282,0.3310248845824124,-0.0002047138436099,-0.002504029139373,0.2890070803679902,0.115243370097934,1.1947206213965311,0.2805341946424415,0.1223398485903119,0.4055299116960965,-0.0421532187101445,1.626356585218662,0.2638428019833575,0.0027797960819112,-0.0229238161054085,0.0456928974091228,0.0256763921727881,0.0487639338320516,-0.0072795765209189,-0.0009843677955551,0.0821280269777361,1
1.0,0.479803,0.55,2.894998075220169,0.2570325336596952,0.0466,0.1206,0.3865,67976.0,356.0,10.072,0.82,0.025,0.035,0.0,0.745,0.5700000000000001,0.125,0.875,0.745,0.79,0.24245,0.3333,1.0,1.0,1.0,1.0,1702,0.5159999999999999,0.5065000000000001,1.0,1.0,0.0,0.0,1.0,0.0,0.017360978709081,0.0614371838021628,-0.0692889768430174,0.019417235687592,0.0405559303829424,0.0159423278622047,-0.078865895923771,-0.0253336197618845,-0.0409708029485124,0.9867353878375884,0.2154907249496577,0.0717140099248982,0.2273900930363333,-0.0279583181193305,1.336274035483091,0.1129793837522361,-0.0135204256120754,-0.0546910178567475,-0.0045556998982952,0.0281643020895182,0.0178884898519591,0.0156262072253477,-0.0524982666865974,-0.0047843331063641,1
1.0,0.48169,0.56,3.977484900377171,0.2650274678741196,0.0538,0.1242,0.433,91.0,73.0,30.2161,0.75,0.045,0.015,0.005,0.725,0.31,0.01,0.87,0.36,0.54,0.5095000000000001,0.1597,1.0,1.0,1.0,0.9722500000000001,0,0.27699999999999997,0.1106,1.0,1.0,1.0,0.0,0.0,0.0,0.1415017662959201,-0.0251886975516403,0.1642880069746141,-0.0223501291728911,0.0417191455527176,-0.0003561693085344,-0.0580580146745884,0.1138197416899449,-0.0199083247281702,0.960370832659262,0.3749494115236624,0.1547525514314389,0.391320048054432,0.0006805077385929,1.416884199823606,0.231965383106969,-0.0580269014551805,-0.10544207985094,-0.0703969205253705,-0.0175521343686807,-0.0163397418924236,-0.0342280798540993,-0.1117475286389232,-0.0378723871774095,1
1.0,0.526384,0.49,4.973900431568636,0.1604174780860666,0.0172,0.1038,0.1652,140647.0,72559.0,7.66892,0.5,0.02,0.02,0.0,0.75,0.265,0.16499999999999998,0.66,0.405,0.5700000000000001,0.16825,0.28005,1.0,1.0,1.0,1.0,3095,0.10600000000000001,0.12450000000000003,1.0,1.0,0.0,0.0,1.0,0.0,0.0865599436939061,-0.0452341253201967,-0.0772239680733134,-0.0546364964807951,0.0633062639690892,-0.0281448703359705,-0.1234176581896267,-0.0192821601900215,-0.0736794836026624,1.0222007940496494,0.4824435512248811,0.2222441943319824,0.4026485052773438,-0.0254905483057568,1.4479200793932734,0.2382049743078054,-0.1143523356116676,-0.1698303183322335,-0.1410807397568286,-0.1282286045155869,-0.0088626764079556,-0.0972811642093336,-0.1712387125385137,-0.1172988402242376,1
1.0,0.528481,0.47,4.570551486866143,0.2039929907059827,0.18,0.2458,0.7326,204611.0,56051.0,17.741,0.44,0.07,0.015,0.005,0.745,0.825,0.14500000000000002,0.825,0.945,0.72,0.45189999999999997,0.09165000000000001,1.0,1.0,1.0,1.0,0,0.5880000000000001,0.0,1.0,0.0,0.0,1.0,0.0,0.0,-0.0525687660251393,-0.0548825111249124,-0.0547962670580432,-0.036265259986144,-0.0639079171515527,-0.0530575499134279,-0.0697564355310436,-0.051122897814578,-0.233879148699096,1.345794960555963,0.3716639261421679,0.0415969965696721,0.1210206040586442,-0.0617952903603712,1.831232183062024,-0.0079484131697733,-0.0219053773733581,-0.0176235385085773,0.0442923905662429,0.0169834578868794,0.0518677729987087,0.0116516509520902,-0.0149575715137122,0.0118306635107471,1
1.0,0.460749,0.46,5.050143849729047,0.1900402279369689,0.0252,0.1678,0.1504,28096.0,117424.0,18.2005,0.42,0.055,0.035,0.0,0.785,0.33,0.025,0.885,0.46499999999999997,0.505,0.6246,0.4408,1.0,0.91665,1.0,1.0,0,0.91,0.10149999999999998,1.0,1.0,1.0,0.0,0.0,0.0,0.1185677503878565,-0.0188751306243031,-0.0817557436796068,-0.0792855352880253,0.0249500143089992,-0.0301096864072197,-0.0951702710726458,-0.0628544941617861,-0.0987147675431287,1.0247118573186929,0.2683338672061445,0.1570791824228212,0.3989734417949137,-0.0701083188568151,1.547290098627556,0.1904205744877992,-0.0870977651177747,-0.1082082274703202,-0.0370496200988772,0.001077481405254,0.0703470976872969,-0.0567519887874948,-0.1143965086339503,-0.0212851993482453,1
1.0,0.477169,0.52,5.5157842384791325,0.2650496125810267,0.0344,0.1474,0.2334,3.0,201249.0,22.5472,0.43,0.015,0.095,0.01,0.855,0.515,0.035,0.905,0.7050000000000001,0.445,0.2625,0.7219,1.0,1.0,1.0,1.0,1330,0.0,0.40700000000000003,0.0,1.0,0.0,1.0,0.0,0.0,0.1003114699025789,0.0251700618945378,-0.0203157801851975,0.0238786191439072,0.0903328253932195,-0.0025519404757087,-0.0502205718942321,-0.0182898461095965,0.0845858591552191,0.6317869171765546,0.6333398426953636,0.1781469297293709,0.4937917927476248,-0.0612609107748473,1.084915334508741,0.1926494062678988,-0.029676835931308,-0.0773419729878553,-0.0275923540003412,-0.016250322381294,-0.0522373095803755,-0.0272351796577317,-0.0987407145296954,-0.0589264617411542,1
1.0,0.527879,0.51,5.537267313734954,0.1667094661253007,0.0233,0.1181,0.1977,738.0,200991.0,8.6407,0.48,0.02,0.045,0.005,0.88,0.76,0.030000000000000002,0.885,0.8,0.605,0.13055,0.41090000000000004,1.0,1.0,1.0,1.0,0,0.0,0.23749999999999993,0.0,1.0,0.0,1.0,0.0,0.0,0.0716492500302162,-0.0617470114602618,-0.07924094894508,-0.0277193891093881,-0.0123906498984507,-0.0430072125283972,-0.1291768785377197,-0.025413012658571,-0.0614658493025045,0.6588810943571746,0.4238786350823942,0.2145717913670292,0.3673215397874226,-0.0389102034968829,1.142331159210468,0.2325790018946189,-0.1066702486184089,-0.0872525687106473,-0.0987105628899796,-0.0740418545159177,-0.0724332584333073,-0.0753541161880897,-0.1182596592275061,-0.0531465386370712,1
1.0,0.687179,0.52,2.164104496313899,0.3666329830060741,0.0489,0.7933,0.0617,192281.0,116808.0,9.10026,0.64,0.03,0.095,0.055,0.6950000000000001,0.45999999999999996,0.035,0.84,0.495,0.04,0.18075,0.825,1.0,1.0,1.0,1.0,0,0.15495,0.4860000000000001,1.0,1.0,1.0,0.0,0.0,0.0,0.3267214501979348,-0.0838079840069997,-0.047518777303924,0.0153521904782326,0.1621226249325026,-0.023468467572837,-0.0906027766879772,-0.0120672056474221,0.3116466419294241,0.0400508520138185,0.8356130036453869,0.2651923048250805,0.5393597290242452,-0.0030534812269972,0.082148497742065,0.468455758165121,0.1948069494780371,-0.0275494051312021,0.0303373506745099,0.0916829030188199,0.2458298026901817,-0.0002929417777842,-0.0928126669185754,0.1208631909867739,1
1.0,0.548665,0.44,4.828952005163127,0.1499973782641229,0.0365,0.1475,0.2478,306723.0,1139.0,9.10026,0.71,0.025,0.045,0.0,0.74,0.3,0.0,0.86,0.45999999999999996,0.64,0.2521,0.36075,1.0,1.0,1.0,1.0,364,0.034800000000000005,0.25900000000000006,0.68,1.0,1.0,0.0,0.0,0.0,-0.0360305821067452,0.0308739074396774,-0.0494145334735053,-0.0674137661072865,0.0340559270809176,-0.0428735455336534,-0.0657266756316043,-0.0671535656746167,-0.0698409332513997,0.8397306162552235,0.6341188933611187,0.1710237540285981,0.3924564656232611,-0.0386694290775416,1.490400584030415,0.150553540491925,-0.080687549448657,-0.1082730313909753,-0.0661622595693037,-0.031741766034005,-0.0570933770804827,-0.0179188294527226,-0.096387773120368,-0.0659851792698442,1
1.0,0.522317,0.59,2.7003803455288584,0.4894234909641939,0.022,0.2051,0.1072,2747.0,229.0,7.66892,0.76,0.035,0.09,0.0,0.405,0.45,0.0,0.675,0.605,0.21,0.2969,0.6544000000000001,0.95455,1.0,1.0,1.0,587,0.086,0.0,0.92,0.0,0.0,0.0,0.0,1.0,0.4085470809152757,0.0166648190178712,-0.0546768373999036,0.0226343065559733,0.1666984395137871,0.007342720447916,-0.0789100708965565,0.0513770428796226,0.6334930000899801,0.4375808794811102,0.9872766609369232,0.3094573771428096,0.7611115466997547,-0.003567446255082,0.6357496164852287,0.5846293636068632,-0.0271791766459557,-0.0761311720213266,-0.0244986556996257,-0.0491838367878466,0.0208045463638099,-0.0198373243375578,-0.0556092347920004,-0.0490622308003337,1
1.0,0.505109,0.45,1.8156348995709903,0.3484369196004346,0.042,0.1163,0.3609,216612.0,134534.0,23.9785,1.02,0.025,0.01,0.02,0.72,0.635,0.04,0.835,0.745,0.635,0.1958,0.097,1.0,1.0,1.0,1.0,5438,0.061200000000000004,0.3829,1.0,1.0,0.0,0.0,1.0,0.0,-0.0384737279230675,-0.0568583930607674,-0.0502121718803584,-0.0133589799941644,-0.0492876417059272,-0.0264413980374044,-0.0766275367712606,-0.0374211184275051,0.0301609760718678,0.764292212909577,0.2146342900996558,0.0820934673985625,0.3026112960108517,-0.0777529439802681,0.9048194556761896,0.1584566961193407,-0.0740594189673441,-0.1207560381966506,-0.0580862683072974,-0.0370426074519234,-0.0185905727360282,-0.0671377383881878,-0.1302597805463796,-0.0474255045084151,1
1.0,0.619452,0.72,1.7995633552162305,0.526583448199772,0.0255,0.1926,0.1322,405.0,819.0,7.66892,1.0,0.015,0.005,0.0,0.16,0.03,0.0,0.30500000000000005,0.07,0.0,0.2232,0.12895,0.6970000000000001,0.53845,1.0,1.0,3614,0.0,0.13349999999999998,0.0,1.0,0.0,1.0,0.0,0.0,0.2522718528926034,0.2499579925404763,0.6172899129889742,0.4446692877173303,0.8448459589465737,0.0116954599243477,0.3881965191279727,0.6593021915714645,0.3271324719181344,0.2116363262156951,0.7095142339165859,0.5343345480482931,0.9508084676534708,0.0142812421172345,0.3067518105292207,0.887949652845253,0.4987021217813045,-0.0827892723546241,0.0884011654359271,0.0212140894343721,0.1335677993458142,0.3349605261856706,-0.0857898644196475,0.1516681207304526,1
1.0,0.481918,0.35,4.859851386270976,0.1725713302361113,0.0091,0.1219,0.0747,138643.0,15697.0,12.9347,0.99,0.115,0.015,0.005,0.765,0.565,0.005,0.835,0.76,0.6,0.7097500000000001,0.24164999999999998,1.0,1.0,1.0,1.0,0,0.2125,0.0,1.0,0.0,1.0,0.0,0.0,0.0,-0.0700046339393514,-0.0411992919963062,-0.1083585706219817,0.0140935211676736,0.0291739665018345,-0.0217783425951061,-0.0970237321583697,-0.0103851118674818,-0.0780612514522372,0.7958528304514635,0.3307076569690377,0.2625504840546996,0.5235837336827561,-0.0343572362459343,1.205647617363915,0.2052828107389862,0.0218064858665003,0.0007542527540163,0.0356414417431881,0.0665670122442795,0.1314611716586542,0.0289008577049288,0.007192204335778,0.0223590618723776,1
1.0,0.512993,0.43,2.7780691937445123,0.2707563390756382,0.0764,0.1062,0.7197,19900.0,14662.0,14.3661,0.96,0.065,0.01,0.0,0.665,0.44,0.01,0.745,0.9,0.8,0.52,0.22225,1.0,1.0,1.0,1.0,2010,0.6845000000000002,0.0,1.0,0.0,0.0,0.0,1.0,0.0,-0.0631394972787044,0.7396790179799808,0.0180202978253836,-0.0282030577274934,-0.0305744337467375,-0.0363781374874134,1.068589800337651,-0.0483508545317315,-0.0854091463923457,0.7875144804732067,0.5037845877302809,0.1732364054726677,0.4416099790603596,-0.007799439574294,1.2310974173235094,0.4930668998871153,-0.0615232582088556,-0.1245880140193545,-0.0155388173925847,-0.0229882824343257,-0.0003290296941756,-0.0773257760668585,-0.1028051011978251,-0.0375901270169081,1
1.0,0.521739,0.62,5.114463235818642,0.305910602706749,0.0052,0.1371,0.0379,124829.0,167593.0,20.0915,1.08,0.060000000000000005,0.01,0.0,0.755,0.805,0.045,0.83,0.93,0.6950000000000001,0.66875,0.10605,1.0,1.0,1.0,1.0,3173,0.35949999999999993,0.039599999999999996,1.0,0.99,1.0,0.0,0.0,0.0,-0.0558732595563994,-0.0817826152227749,-0.083064866934984,-0.0688384917742384,-0.1068864896156265,-0.0827891629333323,-0.106969112733106,-0.1186443455758467,0.5362032104033616,0.9466433538045108,0.4620419808383477,0.0426736256840898,0.3222326276723225,-0.0594343858260118,0.7989540622076793,0.2958093976503007,-0.0936815728796705,-0.1095257995528329,-0.066778379663445,-0.0623585671063751,-0.0603785108888971,-0.0448550524848702,-0.1155904266880292,-0.0131260520202594,1
1.0,0.458634,0.51,3.4170011478412,0.2508430626680358,0.0337,0.1731,0.1946,1845.0,261.0,11.5034,1.07,0.060000000000000005,0.045,0.0,0.32499999999999996,0.56,0.005,0.45499999999999996,0.5449999999999999,0.755,0.4927,0.4712,1.0,1.0,1.0,1.0,1286,0.05950000000000001,0.18350000000000005,1.0,1.0,1.0,0.0,0.0,0.0,-0.0815611627828431,-0.1183111602319798,-0.1196093669443908,-0.0770824335668633,-0.1038781794261898,0.0176667140967222,-0.1396945967802628,-0.1166702366252004,-0.0448713436076516,1.1311065835994696,0.3938608126244716,0.1100849599389776,0.3717380838588411,-0.0267494011410221,1.7403006127048066,0.2184835360460046,0.1265872267815075,-0.1009793471620679,-0.0234947151091485,-0.017944002494611,0.1059432680678792,-0.0036153397050665,-0.0785708319109258,-0.0067616148934242,1
1.0,0.537037,0.58,2.43944469545093,0.2359771728697879,0.0181,0.158,0.1149,136.0,60991.0,13.9065,1.06,0.04,0.2,0.0,0.74,0.375,0.02,0.765,0.6599999999999999,0.685,0.30679999999999996,0.85335,1.0,0.9345,1.0,1.0,3790,0.46349999999999997,0.6,1.0,1.0,0.0,0.0,1.0,0.0,0.0163264289102602,-0.0470329897451996,-0.049464241611193,0.0353812548327655,0.0621405231799367,0.0065487397304713,-0.0827534300366479,0.0033788825808206,0.0977623219617429,0.7738039161798744,0.6173462367406239,0.2499704468302799,0.57249336868779,0.0312670068850987,1.1956105611134027,0.4395778422259638,0.2679290778998506,-0.027010349858637,-0.0326553693236044,0.0415026172862779,0.1584359961929378,0.008543310379376,-0.092213331988858,0.0926137182999013,1
1.0,0.637747,0.45,0.7751410585258162,0.5687500921975246,0.0444,0.2003,0.2215,976.0,90519.0,11.9629,1.05,0.01,0.02,0.0,0.055,0.545,0.005,0.26,0.8400000000000001,0.11,0.13055,0.1429,0.7243999999999999,1.0,1.0,1.0,55,0.42550000000000004,0.4609,1.0,1.0,1.0,0.0,0.0,0.0,-0.0402570881945441,-0.0768324728628149,-0.0705947785815769,-0.0507039934485327,-0.05080066922778,-0.0211307756491766,-0.1095118916560654,-0.0432511028165389,0.5648714718671861,0.1993836885101336,0.519034293322633,0.1536857573982548,0.5623331696103122,0.0292614977226664,0.1642003232769657,0.6543582520326848,0.2724498012280261,0.3394344604492459,0.0643364129637944,-0.0480645292710265,0.1093124638776639,-0.0382251235695117,0.2069923063492704,0.108879595760899,1
1.0,0.444444,0.41,0.5675983805546077,0.7679287878221059,0.0504,0.1699,0.2968,259467.0,2184.0,11.9629,1.05,0.02,0.01,0.0,0.675,0.085,0.0,0.86,0.265,0.04,0.30235,0.1414,1.0,0.7243999999999999,1.0,1.0,0,0.503,0.3445000000000001,1.0,1.0,1.0,0.0,0.0,0.0,0.4828553477128615,0.1891070490255473,0.284594176613715,0.0980730569447971,0.4467914494843753,0.0172858649738844,0.1072060489798826,0.4205754605250124,0.7502530374385344,0.6313757462894758,0.1631416485512818,0.0650039908839631,0.4363434658087594,-0.0563248291365462,0.2450318352746598,0.2186044609558436,0.0298880325602052,-0.0064159174500937,-0.0113545607317583,0.0096607661625628,-0.0292281539834133,0.0138018366180182,-0.097104886851265,-0.0304248662273653,1
1.0,0.693694,0.51,0.6436780806033792,0.8445099021395628,0.0566,0.4263,0.1328,83.0,832.0,23.9785,1.02,0.02,0.05,0.0,0.375,0.61,0.0,0.56,0.725,0.005,0.20829999999999999,0.5328,1.0,1.0,1.0,1.0,2703,0.196,0.431,1.0,1.0,0.0,0.0,1.0,0.0,0.0614555774790854,-0.0205000859175403,0.0976978876554337,0.0611675453643345,0.2968529780436765,0.0318502587902573,-0.0753425987682914,0.3635950810826215,0.2879534023882914,0.0591938061454661,0.9590709017739496,0.2567442822676499,0.5743783588092958,0.0302572963426147,0.3452782457894655,0.2458741051707228,0.1249584169061494,-0.0937524104670213,0.0234827232942072,0.0453065435873559,0.3014147883933546,0.0225332867955766,-0.0952056768129025,0.0171996516021943,1
1.0,0.720665,0.54,0.1961399696154727,0.8456631010500744,0.0354,0.5068,0.0699,172334.0,43829.0,10.072,0.92,0.035,0.04,0.07,0.73,0.255,0.11,0.8049999999999999,0.43,0.0,0.3526,0.37975000000000003,1.0,0.8854,1.0,1.0,1160,0.0,0.0,0.0,0.0,1.0,0.0,0.0,0.0,0.4928096191646028,0.0397613542243006,0.0491213964969036,0.0710256523602912,0.1601325605402204,1.1266624569119137,-0.0549159554649644,0.0417399124616749,0.0463948805015662,0.0400083531542681,0.1380460100580608,0.0095975536958682,0.039319726200329,0.2930436797138782,-0.0060203023232914,0.0130190436568103,0.3283147974808421,0.0790280102457086,0.1114587622923526,0.1021517265211765,0.1729078336139649,0.7251380413040818,-0.0473676392006234,0.0678724303498894,1
1.0,0.53655,0.68,2.7508790182796297,0.2552089705016221,0.0534,0.145,0.3681,34.0,122.0,10.072,0.91,0.065,0.115,0.005,0.73,0.14,0.02,0.8400000000000001,0.35,0.81,0.5105999999999999,0.83335,1.0,0.8875,1.0,1.0,0,0.9852,0.2695,1.0,1.0,0.0,0.0,1.0,0.0,0.148087706040864,-0.0061004348761578,-0.0353296510404927,0.1079696464024786,0.3153736648182262,0.0518463945147287,-0.0205115759010817,0.0693225360255635,-0.0240026383365942,0.9356840409154816,0.4988081529265754,0.1706305158512447,0.3712734356891748,0.0155275842596762,1.4067763999569969,0.2368163267430465,-0.0363417444781427,-0.0761983077092792,-0.0339196656408727,-0.0163848588045716,0.003684601394301,-0.0460094427870467,-0.0670884032501674,-0.0116833784497243,1
1.0,0.586597,0.65,3.5312121399333773,0.4349124986963805,0.0255,0.1351,0.1891,197.0,104130.0,10.072,0.91,0.045,0.045,0.01,0.655,0.33999999999999997,0.075,0.795,0.585,0.4,0.58725,0.4074,1.0,1.0,1.0,1.0,0,0.5855000000000001,0.33649999999999997,1.0,1.0,0.0,0.0,1.0,0.0,0.1580032351216982,0.0586514417365497,-0.0248498112436656,0.0785171555852411,0.1543555532080617,0.0413776533739359,-0.0275029479193339,0.0631836912239986,0.05706816372769,0.5091902413503553,0.6747376989590885,0.2578068732635726,0.5273128080515813,0.0149637438702845,0.7808645081169747,0.472113640738449,-0.0262586798599909,-0.042601509820864,-0.0592681032750319,-0.0121983962477475,-0.0038833090274367,-0.039209331798674,-0.0804706327642663,-0.0371534485997651,1
1.0,0.573446,0.49,0.6432246994489489,0.916560767596008,0.3429,0.281,1.2204,20071.0,5352.0,11.9629,0.84,0.025,0.02,0.0,0.6,0.6,0.0,0.69,0.72,0.0,0.3318,0.26665,1.0,1.0,1.0,1.0,888,0.11300000000000003,0.072,1.0,1.0,0.0,1.0,0.0,0.0,0.2596467357779671,0.0357270985128998,0.00963292109065,0.0486873023723146,0.0677488790958806,0.1735701642206644,-0.0609306332552369,0.0348919607997614,0.6774742105445829,0.2171190063005434,0.2919556038668927,0.1760302450757023,0.3585935632808336,0.2209920316820267,0.006048545219974,0.2811439291634205,0.288392015369379,0.0602178825149146,0.0778876014187222,0.0534582802751818,0.1816838051504148,0.0844831645305023,-0.035753368998987,0.0594752524181028,1
1.0,0.52514,0.42,3.506011132332761,0.3527352805402203,0.0202,0.1211,0.1672,71474.0,1173265.0,59.3551,0.75,0.04,0.015,0.005,0.835,0.64,0.09,0.905,0.8200000000000001,0.775,0.8470500000000001,0.23809999999999998,1.0,1.0,1.0,1.0,0,0.3511999999999999,0.353,1.0,1.0,0.0,0.0,1.0,0.0,-0.0559627635000263,-0.0665491024396616,-0.0923669189267976,-0.0094128669126614,-0.0708052985020037,-0.021370673630174,-0.0904680902927431,-0.0445620609371811,-0.0286393685552362,1.1693729348870414,0.214485255311128,0.0841961449320889,0.4308744509859673,-0.0469481218184893,1.388510805040782,0.310814238138353,-0.0373011681742304,-0.0738517083046204,-0.0123334775359447,0.0037294636856659,0.06188186831423,-0.0287266489987537,-0.048787829087979,0.0520887115275933,1
1.0,0.659021,0.54,2.573669781138307,0.5121822686004963,0.0184,0.6083,0.0302,36089.0,1143.0,12.4752,0.74,0.03,0.01,0.025,0.65,0.795,0.20500000000000002,0.79,0.915,0.28,0.20555,0.14049999999999999,1.0,1.0,1.0,1.0,0,0.4890000000000001,0.37450000000000006,1.0,1.0,0.0,0.0,1.0,0.0,-0.0707660013057085,-0.1142637211097063,-0.1120366975791702,-0.0465232043306139,-0.0681010424626759,-0.0434677795382382,-0.1349586897374584,-0.0915530191971792,0.5293374775295314,0.1656007025657296,0.8645360062684952,0.4015275697573434,0.8144515704832186,-0.0239439563901606,0.4991457164873877,0.5148938041524728,-0.0109498534477452,-0.0759618969130973,-0.039808398504459,0.0176512240374056,0.0259254210703087,0.0188341408335064,-0.0561494362096049,-0.0105261131159224,1
1.0,0.694074,0.57,0.4605437027038367,0.8387059730008161,0.0626,0.5525,0.1133,140414.0,52701.0,19.6319,0.73,0.01,0.02,0.06,0.605,0.81,0.215,0.7849999999999999,0.895,0.245,0.0528,0.5463,1.0,1.0,1.0,1.0,4370,0.0,0.12959999999999997,0.0,0.88,0.0,0.0,1.0,0.0,-0.0375211564257234,-0.0536231871527155,-0.0643278126554878,-0.0139063486565932,-0.0586841196018289,-0.0015130885889509,-0.0721419781237039,-0.0429899614845619,0.5928754029605476,-0.0407366152326835,0.0922918225411128,0.0746209644152523,0.2352565049948357,0.5148343660336041,-0.1453539023129146,0.1280148444690232,0.3486750172739243,-0.0066490084466189,0.0326194325383204,0.0825129672721055,0.1673800632766637,0.1119972848507671,-0.0818848365553152,-0.009411101160731,1
1.0,0.664894,0.54,0.0453755698778844,0.9758313551375912,0.0691,0.2706,0.2555,36652.0,158118.0,9.10026,0.72,0.045,0.045,0.0,0.43,0.735,0.0,0.62,0.88,0.0,0.42205,0.30455,1.0,1.0,1.0,1.0,0,0.35,0.82525,1.0,1.0,1.0,0.0,0.0,0.0,-0.0226337004817228,-0.0351897012523409,-0.0324894756003479,-0.0142589324455697,-0.0282931772828326,0.0292152122007613,-0.0332548980099795,-0.0236759121440599,0.6300954861959909,0.0615975821955276,0.2331273603031931,0.0255196414945865,0.0758463295121668,1.363012116108171,-0.1034909696427679,0.0322579027060088,0.3421163202250356,-0.0270945636842894,-0.0189324756420103,0.0469151895875364,0.0891179956574633,0.9548384411213692,-0.0916494594931462,0.0429896337311141,1
1.0,0.491309,0.4,2.1197114931802834,0.2644372778465271,0.0453,0.1222,0.3703,69363.0,100199.0,26.8412,0.68,0.04,0.01,0.0,0.175,0.74,0.005,0.5449999999999999,0.915,0.485,0.46665,0.1834,0.8142499999999999,1.0,1.0,1.0,14167,0.1408,0.32799999999999996,1.0,1.0,0.0,0.0,1.0,0.0,-0.0562670376718729,-0.0707775039644987,-0.1107679060903056,-0.0475787434697046,-0.0786245442051372,-0.0404535264453506,-0.1027567513894162,-0.0812499324681225,0.105829877068481,0.7027479560476557,0.3527923633152809,0.1872375766856441,0.4585453806430002,0.0008771794122994,0.899295129276805,0.391810535261364,0.4488103680952446,0.1481194857563343,0.0635856317114041,0.0148766411527433,0.1275294886305122,-0.0074547226705845,-0.0867020324024784,0.0220116137594268,1
1.0,0.491122,0.62,0.8721258357295659,0.7166964311894997,0.0414,0.1631,0.2536,173.0,169001.0,26.8412,0.68,0.015,0.01,0.005,0.645,0.81,0.01,0.775,0.94,0.475,0.2111,0.11245,1.0,1.0,1.0,1.0,10,0.0,0.0,0.0,0.0,1.0,0.0,0.0,0.0,-0.0220628180376359,0.0025452449074665,-0.0529201991719585,0.0045609183959369,-0.0267694804117453,-0.0278548307922819,-0.0584721910690246,-0.0349078433600215,0.6921337951977873,0.5978098026361858,0.7992097421661302,0.1955770469695275,0.6037211729113594,-0.0277468138932895,0.615535406608732,0.4907917946351484,-0.0588137128838998,-0.1529194582852576,-0.1089269383437563,-0.0723616325823454,-0.0432166809696391,-0.0947362356993849,-0.1702129302540181,-0.1183479942666847,1
1.0,0.577997,0.405882,3.0601286417194142,0.3339185621063012,0.0552,0.2571,0.2149,3253.0,169276.0,6.23758,0.67,0.01,0.03,0.0,0.07500000000000001,0.645,0.0,0.3,0.7949999999999999,0.02,0.1986,0.2407,0.83335,1.0,1.0,1.0,4132,0.1465,0.174,1.0,1.0,0.0,0.0,1.0,0.0,-0.0333470097173543,-0.0834447298689444,-0.0577034800421485,-0.0299417922296551,-0.0655149027280874,-0.0192250924850574,-0.0836727757508208,-0.0495100108410855,0.3206069608411576,0.3602511960380697,0.6766421285082223,0.3100937739554483,0.8049898144119748,0.0426911422223729,0.3916004351925882,0.757799268625295,0.0630941431208182,0.6222765172883186,0.1615980761109702,0.0553032936598004,0.284505164631165,-0.0481454734080759,0.9721685615014564,0.0442224784806432,1
1.0,0.565789,0.38,3.852085292841637,0.4261932047633707,0.0178,0.1332,0.1335,104792.0,16626.0,6.23758,0.67,0.135,0.015,0.0,0.6799999999999999,0.345,0.01,0.8049999999999999,0.5449999999999999,0.6699999999999999,0.70835,0.18030000000000002,1.0,1.0,1.0,1.0,0,0.215,0.122,1.0,1.0,1.0,0.0,0.0,0.0,-0.0201377618597642,-0.1027740919306298,-0.0864969005699689,-0.0754572612270576,-0.0061470095340283,-0.055917117753877,-0.1142512095645778,-0.0850519484021175,0.0244002474972045,0.755624814067783,0.4885755845805382,0.1426685237577238,0.3301051974173711,-0.0202550746319804,1.2216179211456972,0.2585183443189959,0.2737778038486874,-0.090350272052194,-0.0356038927282658,0.0514231718176057,0.2615777727981944,-0.0689684328560334,-0.1324549925053144,0.1183705372700656,1
1.0,0.508674,0.523529,3.054227972479755,0.4124820463719053,0.0335,0.146,0.2295,690.0,129.0,23.0067,0.56,0.055,0.015,0.01,0.71,0.645,0.42000000000000004,0.76,0.79,0.73,0.6493,0.154,1.0,0.96425,1.0,1.0,5261,0.6839999999999997,0.179,1.0,1.0,0.0,0.0,1.0,0.0,0.0087350935902129,-0.0729023146900387,-0.0660568235630456,0.00892917159532,0.0635701167115881,-0.005322457308115,-0.0866902943251047,-0.0086898404990002,-0.0062456318986379,1.120285489863092,0.2991810497504679,0.100199476420337,0.188090019372821,-0.024301410921723,1.4130126311337192,0.1072536580689037,-0.0174309829798581,-0.044336564978202,0.0044553534546541,0.0228450092256911,0.1132131199706878,-0.0204789025048661,-0.0171568338216513,0.0988321456183394,1
1.0,0.537515,0.51,0.6055196808066857,0.5929579752211193,0.0743,0.1374,0.5406,161289.0,143334.0,31.1879,0.59,0.035,0.045,0.0,0.745,0.56,0.005,0.875,0.815,0.6,0.31795,0.38425,1.0,1.0,1.0,1.0,895,0.9518500000000002,0.07599999999999998,1.0,0.58,0.0,0.0,1.0,0.0,0.0016429094218579,0.140993048041281,-0.0637799970739384,-0.0424754820543386,0.0744474268485417,-0.0404927861203881,0.0379878789594374,-0.0460861158827066,0.2083049247656578,0.4470727446386025,0.8458790547926031,0.2440864002627624,0.5448922554016178,0.000441417902542,0.843195702824594,0.5217108818338039,-0.0343504035567497,-0.0699882244067083,0.0051777520960572,0.018532671773568,0.0296225722312793,-0.0185087008953982,-0.0644210464012915,0.0171387371567697,1
1.0,0.701802,0.44,0.8481122561234944,0.684314679001497,0.0436,0.2177,0.2004,4.0,410.0,18.2531,0.61,0.03,0.045,0.0,0.675,0.68,0.0,0.685,0.76,0.0,0.34675,0.6354,1.0,1.0,1.0,1.0,902,0.1515,0.629,1.0,1.0,1.0,0.0,0.0,0.0,-0.0845270443602996,-0.0669249083701986,-0.0720225255516666,-0.0533009954073826,-0.0832707362610244,-0.0438150992780293,-0.0937555983944308,-0.0712453369516485,0.2611935615497435,0.0203356943837725,1.0168593031542623,0.1363346816296058,0.3137455692582428,0.0042728355509836,0.103627046360218,0.51919579725192,-0.0208730280192309,-0.0524073923934323,-0.0570069449444269,-0.0024736660013875,-0.0022853502798097,-0.0178744327222919,-0.0731604636357792,-0.0436422040241966,1
1.0,0.564374,0.62,5.592813413482617,0.1261056596813809,0.0045,0.1625,0.0278,51.0,46475.0,20.5509,0.63,0.025,0.02,0.005,0.745,0.8200000000000001,0.125,0.85,0.915,0.645,0.17325000000000002,0.19295,1.0,1.0,1.0,1.0,0,0.8085000000000001,0.21964999999999996,1.0,1.0,1.0,0.0,0.0,0.0,-0.0825071386842785,-0.0822590368105099,-0.0639464230956902,-0.0464080057812688,-0.093681131332605,-0.0584814212775384,-0.1018057479978938,-0.0611744846442694,0.0939474612117918,1.0073164588591474,0.3627325298254065,0.1399183305526873,0.4427063327769543,-0.0137034243320819,1.268418403142889,0.3024774858276025,-0.0602877422066718,-0.0596995383568391,-0.0047445994924037,-0.0097660377147652,-0.0357243782947401,-0.0159194062572396,-0.0879077052632399,-0.0407033948888864,1
1.0,0.438831,0.48,2.7159744714697616,0.2940311087822888,0.083,0.1632,0.5084,2777.0,165307.0,13.3943,0.64,0.065,0.005,0.0,0.04,0.655,0.01,0.595,0.745,0.6699999999999999,0.90715,0.10450000000000001,0.70835,1.0,1.0,1.0,0,0.0,0.0695,0.0,0.76,1.0,0.0,0.0,0.0,-0.0691100339011711,-0.1014055364105052,-0.0744506707339774,-0.0374533122228497,-0.08653212061868,-0.0618092456056322,-0.1248817236197425,-0.0729704869354022,-0.1249702994627276,1.0147722260326786,0.0582916257268513,-0.047833971415517,0.0870249086603693,-0.0145219490720467,1.354289935513637,-0.0318260828213452,-0.0647332716117676,0.7564364370639984,0.6714773760475814,0.0332778383370204,0.1454758660141351,-0.0166328830565963,1.4162591500728925,-0.0363735711125265,1
1.0,0.653581,0.63,0.1057748455077298,0.9006998618245976,0.0113,0.6675,0.017,153380.0,19105.0,6.23758,0.35,0.05,0.015,0.0,0.76,0.685,0.01,0.89,0.915,0.045,0.54165,0.22710000000000002,1.0,1.0,1.0,1.0,273,0.22,0.0,1.0,0.0,0.0,1.0,0.0,0.0,-0.0470176762147944,-0.0864460335396121,-0.1126183294112409,-0.0168503821046537,-0.0512158752805064,0.0834344711836785,-0.1087427800636357,-0.076738789085844,0.6247548653456443,0.1678018721371661,0.5795417211355272,0.1696165287427746,0.3514920148747676,0.1971544163290219,-0.0474339030337621,0.302991552193141,0.0761174407907293,0.0046148105490722,0.0647919986051021,0.0631083905437175,0.1403514894727223,0.060237854539285,-0.0260250689249543,0.0883045477814635,1
1.0,0.465801,0.66,5.558125569050227,0.222621682341346,0.0169,0.0936,0.181,165.0,160033.0,55.1664,0.36,0.03,0.08,0.01,0.375,0.665,0.42000000000000004,0.575,0.815,0.735,0.2455,0.75,1.0,1.0,1.0,1.0,0,0.28165000000000007,0.2934999999999999,1.0,1.0,1.0,0.0,0.0,0.0,0.0544005189680359,-0.004969757292529,-0.016809118035833,0.0060068547117474,0.1434142424260904,0.0047714252955568,-0.0520300024651328,0.0947704017901534,-0.022230310308161,1.1423278344362962,0.2007507929184264,0.0188590584686266,0.1599803829456981,-0.0534958448187886,1.540025782490209,0.0827079890734121,-0.0227830991281328,-0.0777691868403435,-0.026951013832035,-0.0492968882496084,0.0998239836045802,-0.0239480148798169,-0.0725622248558908,0.0172250691297499,1
1.0,0.531288,0.42,3.39865939713518,0.2789654210084538,0.0879,0.1538,0.5715,269785.0,127515.0,8.6407,0.35,0.04,0.015,0.0,0.6699999999999999,0.1,0.0,0.805,0.46499999999999997,0.58,0.19369999999999998,0.3556,1.0,0.95835,1.0,1.0,899,0.528,0.0,1.0,0.0,0.0,0.0,1.0,0.0,-0.0453982663268402,0.0234209234742293,-0.1312377136097145,-0.0678139573148106,0.0788304354706713,-0.0750487890369226,-0.0950127878985157,-0.0854884598223297,0.149665465373578,0.4671319173685909,1.2455899163716473,0.6613114410240827,1.056413377757863,0.0223150247215856,1.2849765456367008,1.0521317293181434,-0.035718591847634,-0.0885757213018245,0.0299588540717434,0.0657225718151648,0.1248187563963807,-0.0344947538282754,-0.0472967955693929,0.1321732223818544,1
1.0,0.543103,0.45,2.4946567805219044,0.2437228598979363,0.0121,0.168,0.0722,53688.0,1077.0,28.2725,0.37,0.045,0.02,0.0,0.615,0.025,0.005,0.875,0.08499999999999999,0.6499999999999999,0.2679,0.14815,1.0,0.16665,1.0,0.4405,643,0.7839999999999999,0.0,1.0,0.0,0.0,0.0,1.0,0.0,0.5657813095062958,0.2172423330565686,0.4048190786278527,0.2031234852176383,0.3508585524218851,0.5478026810141843,-0.0269392736047314,0.3513444796076314,0.1584235792900068,0.6602252647084648,0.5637092659800835,0.1625598590645653,0.3309321080798545,0.0103888493078743,0.960574393129442,0.2981937442570953,-0.0120588180258801,-0.0222815917249259,0.0163754035397294,-0.0090617754683453,0.0369249930172356,-0.0094268663648699,-0.0118542113132351,0.0155423812028974,1
1.0,0.430294,0.58,2.7395236689171063,0.2452626490863558,0.044,0.1055,0.4168,2903.0,87775.0,7.66892,0.44,0.08,0.01,0.015,0.615,0.42500000000000004,0.305,0.8,0.635,0.79,0.6640999999999999,0.07405,1.0,1.0,1.0,1.0,0,0.37499999999999994,0.03300000000000001,1.0,0.66,0.0,1.0,0.0,0.0,-0.0204169434182072,-0.0722164986233846,-0.0943486203805529,-0.0231665060745401,0.0738425282606806,-0.0547901303792535,-0.1115338721564031,-0.0113649299591096,-0.2099396564206314,1.576714167301758,0.205908051846777,-0.017003580515305,0.0271851173624662,-0.0961172505482614,1.9893634085214331,-0.0475596343374777,0.0291787543313887,-0.0330721440779097,0.0316204340065582,0.0003987318582457,0.0550905262369691,0.0443979403404224,-0.061267262701745,0.0010859670597709,1
1.0,0.465953,0.45,3.21714004877145,0.2922007262060536,0.0335,0.0936,0.3582,121432.0,36589.0,13.4469,0.45,0.015,0.01,0.005,0.6000000000000001,0.62,0.21,0.77,0.65,0.755,0.11845,0.1071,1.0,1.0,1.0,1.0,502,0.24850000000000003,0.023000000000000003,1.0,0.46,1.0,0.0,0.0,0.0,0.0001174066375315,-0.0860743612352922,-0.0780780766703398,-0.0474722083607802,0.0402169997831824,-0.0248752074890721,-0.1007301850953733,-0.0266680934820692,-0.2177943711360737,1.4407988700279808,0.2020399134060059,-0.0829674818406615,-0.0177670497753126,-0.1129059974559512,1.876096525181837,-0.1269273616891622,-0.0420948760026536,-0.0813678947470819,0.0057345078498035,-0.020690508360076,0.0103899568251261,-0.0374429757207758,-0.0616729652602749,0.04251631921953,1
1.0,0.418284,0.6,4.210359471271202,0.3113179184496477,0.057,0.1132,0.5035,101.0,52346.0,86.249,0.46,0.03,0.045,0.0,0.615,0.595,0.2,0.6699999999999999,0.8999999999999999,0.725,0.2545,0.40315,1.0,1.0,1.0,1.0,233,0.16899999999999998,0.7880000000000001,1.0,1.0,0.0,0.0,1.0,0.0,-0.013246935849801,-0.014415303067573,-0.0123301806141135,-0.0024356730688233,0.0089392655401889,0.0145143943308662,-0.0250855537540898,-0.0023386125479763,-0.2831296649828098,1.4977755903882672,0.2694049934547018,-0.0092690272902893,0.0949440327582988,-0.1343590722715719,2.102936511913325,-0.0436755548079061,0.1209068624354424,-0.0837864739325775,-0.0573765536125565,0.0137747427980657,0.1178080135358772,0.03839510486821,-0.0806926751158027,0.0115613982954064,1
1.0,0.577285,0.64,1.4891367180240973,0.5972535147678985,0.0309,0.1532,0.2014,612.0,30438.0,10.072,0.45,0.015,0.045,0.045,0.7050000000000001,0.64,0.165,0.86,0.8300000000000001,0.24,0.1005,0.20834999999999998,1.0,1.0,1.0,1.0,1592,0.0,0.303,0.0,1.0,0.0,0.0,1.0,0.0,-0.0060528513281255,-0.0108606873914047,-0.0166052523883879,-0.010156295359652,-0.0093874819065638,-0.0055246655803082,-0.0189577290378405,-0.0159988790758246,0.893872065310768,0.0559533402824151,0.0449589834784139,0.1430384579615666,0.317349710590516,0.0818918058838847,-0.1749860869415306,0.1657034993300532,0.185966514800756,-0.059188678036001,-0.0697283489030509,-0.0024585680896509,0.0801425637348683,0.0054035887537201,-0.1132843127456808,0.0195139661015484,1
1.0,0.469697,0.48,0.0,,0.0697,0.0716,0.9743,77152.0,79641.0,8.12848,0.53,0.05500000000000001,0.02,0.1,0.605,0.515,0.03,0.755,0.7949999999999999,0.79,0.5448500000000001,0.26515,1.0,1.0,1.0,1.0,1784,0.21449999999999997,0.19399999999999998,1.0,1.0,0.0,0.0,1.0,0.0,-0.0372203344423526,-0.0206796100939304,-0.0293998306074294,-0.0252056381545851,-0.0283652475457659,-0.0125870798886046,-0.0425199689607054,-0.0163467760875191,0.4269306195667172,0.0457429851646444,-0.0783574533921525,0.0796055648977504,0.2096888944285681,-0.0725185625440618,-0.1043321323410921,0.0755218461933332,0.1728705268288168,0.0437963710416872,0.0083288822705353,0.0607190323433354,0.1744713106024225,0.0114350247965445,-0.0320584984220902,0.121139258390379,1
1.0,0.636491,0.66,5.165904064091897,0.1965174874158931,0.014,0.3806,0.0367,127.0,112494.0,126.484,0.77,0.02,0.035,0.005,0.41500000000000004,0.46499999999999997,0.015,0.5449999999999999,0.645,0.52,0.30169999999999997,0.4181,1.0,0.95835,1.0,1.0,1437,0.0425,0.1575,0.85,1.0,1.0,0.0,0.0,0.0,0.3807471174678457,0.1742455870103447,-0.0660203743021154,0.038635874599082,0.1636141050700066,-0.0092185064887151,-0.0735137433007388,0.0599588626922995,0.0890118425838696,0.6897284278456443,0.6035209533069317,0.1316832754001565,0.378944594209788,-0.0089072660762956,0.9738282113837552,0.1411073857113872,0.1652045861214426,-0.0638241385102328,-0.0483455179488217,0.0113352443041516,0.1352149742495959,-0.0295497568965512,-0.0984415139604224,0.0218431431792576,1
1.0,0.705882,0.61,0.1573671738100167,0.8734237421081887,0.0799,0.748,0.1068,184667.0,1411.0,14.8783,0.84,0.035,0.01,0.05,0.56,0.7050000000000001,0.11499999999999999,0.7050000000000001,0.91,0.32,0.83335,0.12875,0.96425,1.0,1.0,1.0,1218,0.044500000000000005,0.37975000000000025,0.89,1.0,0.0,0.0,1.0,0.0,-0.0384048585060408,-0.0616897256866571,-0.0185446783082415,-0.024549591444782,-0.0295518192863439,0.0781511535991761,-0.0892906151997986,-0.0070743235230729,0.2259252033069731,0.041101601770758,0.2489867686545735,0.0167018572956381,0.1157116545092676,0.084537259401568,-0.1035318886819486,0.1187527643315118,-0.0590947913873651,-0.1429546539993606,-0.1070557300355345,-0.1109237632777719,-0.032363792592745,-0.0709932998522693,-0.1580410804724947,-0.080133400715563,1
1.0,0.430811,0.42,3.124632161856054,0.2966818129469097,0.1022,0.0663,1.541,348043.0,81055.0,14.8783,0.86,0.065,0.0,0.0,0.765,0.0,0.005,0.895,0.215,0.69,0.5667,0.01855,1.0,0.04165,1.0,1.0,49,0.02495,0.0,0.5,0.0,0.0,0.0,1.0,0.0,0.1312238291255984,0.658662854577315,0.1500642206573327,0.0509962042461567,0.1853854060933362,-0.0433100180828954,0.9867253676075955,-0.0367860907060362,0.0666016922858354,1.0359114236048546,0.404292312275737,0.240680610834043,0.4975643166935536,-0.0065030906100916,1.4460417940943209,0.3519135201332268,-0.0244883770277778,-0.060450551612147,-0.0070552767655941,0.052769633963722,0.0652759156685123,-0.0073579469231603,-0.0590282831951838,0.0966677030819466,1
1.0,0.711864,0.54,0.7443935487879255,0.8466419881954939,0.1309,0.2275,0.5754,147775.0,287533.0,11.5034,0.89,0.035,0.025,0.0,0.4,0.78,0.0,0.545,0.9,0.0,0.38835,0.36905,1.0,1.0,1.0,1.0,53,0.308,0.0,1.0,0.0,1.0,0.0,0.0,0.0,-0.1087661340462648,-0.1166644644994689,-0.0880477003176824,-0.0834426606952893,-0.0921304293109527,-0.0367544028479597,-0.14145561788469,-0.0905347045475154,0.3219315615439696,0.040202481673923,0.1457379591760106,0.0284320044035788,0.0980641346016781,0.4956423646839777,-0.0454236971761619,0.0485475499992389,0.4565036832507613,0.0309408343595329,-0.0033957405368317,0.0570140091503533,0.1156803597397854,0.6300348213535457,-0.0933530226935538,0.0328193603181933,1
1.0,0.586608,0.641176,5.064517333145511,0.2899538933833751,0.012,0.1964,0.0611,433672.0,60.0,11.5034,0.91,0.02,0.01,0.0,0.86,0.06,0.0,0.8500000000000001,0.14,0.365,0.28125,0.17595,1.0,0.6667,1.0,1.0,7091,0.0345,0.078,0.69,1.0,1.0,0.0,0.0,0.0,0.0253910448995636,0.1303349493661727,0.0101472897822244,0.122351610071541,0.2743955660968957,0.0649139124251351,0.0479260769762318,0.06224506384964,0.0938881161833213,0.2658220933747112,0.8455977940400716,0.2811062488525058,0.6228089346179756,0.0192689821998524,0.90855871982927,0.344981647660555,-0.0610292029704277,-0.0928620876937918,-0.0532054610594514,-0.0294739878940117,-0.0241031645730442,-0.0332574889924374,-0.0865444505408074,-0.0385028056859666,1
1.0,0.552326,0.39,2.2110956906809496,0.4596981410207907,0.0351,0.1125,0.3123,118718.0,284477.0,21.5228,0.92,0.015,0.025,0.01,0.72,0.655,0.295,0.8400000000000001,0.715,0.58,0.24405,0.2681,1.0,1.0,1.0,1.0,0,0.46349999999999997,0.7345,1.0,1.0,1.0,0.0,0.0,0.0,-0.0122908632342275,-0.0243701487091715,-0.0090598744764006,0.0066787950618672,-0.0374859391136374,-0.0036259278170192,-0.0403659311625409,-0.0302172283272156,0.0304352769737058,0.9115935276369715,0.3336495290173478,0.0785245376260057,0.3055780910252296,-0.0718544428065743,1.117288352853139,0.2381705146922434,-0.0027543108448518,-0.0712990300206544,-0.0012712102235513,-0.0302616559375557,0.0540669773344675,-0.0143248942835946,-0.0686679449708736,0.0404169480008889,1
1.0,0.496633,0.59,3.476121246863544,0.2909175469228119,0.0318,0.17,0.1872,61.0,405910.0,21.5228,0.9,0.08,0.035,0.0,0.21000000000000002,0.72,0.02,0.33499999999999996,0.8,0.44499999999999995,0.4385,0.25695,0.9167000000000001,1.0,1.0,1.0,0,0.24300000000000005,0.4435,1.0,1.0,1.0,0.0,0.0,0.0,-0.089886426588513,-0.0643968816371687,-0.0937329084693428,-0.0399175990352038,-0.0918453254049714,-0.0311753728617265,-0.1066878600300998,-0.0496157465325006,0.2093468578713809,0.6481688922154858,0.5784859177397893,0.0674497547607564,0.3153837409875257,-0.0554178211104207,1.0393469518366527,0.250273659130335,0.4270271316488766,0.0060428080677473,0.1559621607058547,0.009826390020435,0.0578151987933425,0.645038368954748,-0.072659097312383,0.0061710646865108,1
1.0,0.53798,0.36,3.2244399605841463,0.3228735522418615,0.0318,0.1729,0.184,29408.0,36904.0,22.035,0.86,0.005,0.01,0.0,0.45,0.025,0.0,0.42500000000000004,0.475,0.735,0.0838,0.36195,1.0,0.48715,1.0,1.0,969,0.5185,0.09450000000000001,1.0,1.0,0.0,0.0,1.0,0.0,-0.0767600041048409,0.7824653856662827,0.095905263773124,-0.0524401738878033,-0.0007960158160489,-0.0359950309200415,1.1537846080476877,-0.0484259481905006,0.0469041928398534,0.7163109298206805,0.3878939186726636,0.0585664722374278,0.208685472556081,-0.0722019854997884,1.212763862927187,0.1692185626496445,0.1948223624929033,0.0252619805154803,-0.0300436267279921,-0.0044314644796459,0.0726969250403481,-0.0086793325314004,-0.0467647949757976,0.0262181222968097,1
1.0,0.599291,0.59,6.278022369375826,0.1361921263113388,0.0,0.2765,0.0,26.0,204089.0,30.2161,0.7,0.015,0.045,0.0,0.065,0.595,0.0,0.29000000000000004,0.66,0.625,0.29825,0.4432,0.68255,1.0,1.0,1.0,1585,0.0,0.3475,0.0,1.0,0.0,0.0,1.0,0.0,-0.0615924713302623,-0.092381245177094,-0.115158691127969,-0.0994258360018074,-0.0423397373105053,-0.0553171050091593,-0.0769339137788638,-0.0989187962207507,0.0297280724620597,0.6169319372905552,0.4625004502652292,0.3426182424696662,0.5708483680457075,-0.0206151376944378,1.0552396145214686,0.4307134905180781,0.0394648674391459,0.0465310344589753,-0.0696203229709548,-0.0092863315487756,0.1473128785796324,-0.0361457777757498,-0.0034692145239393,0.0842980312476564,1
1.0,0.607804,0.61,3.9690435366449215,0.4640558100190659,0.0568,0.8708,0.0652,329.0,13.0,42.6386,0.73,0.12,0.0,0.155,0.56,0.0,0.2,0.605,0.38,0.26,0.5851999999999999,0.02,1.0,0.1111,1.0,1.0,4999,0.111,0.0837,1.0,1.0,0.0,1.0,0.0,0.0,-0.0863377406586621,0.3731803865216339,-0.067710957738534,-0.0206127308815675,0.1051008657051624,-0.0593477591401885,0.2963495195522114,-0.0604571921842749,0.6476459849004793,0.3179814274503716,1.223024424919877,0.1556643470040018,0.4990066694501647,-0.0128183022728043,0.4373470764816556,0.3944378092602799,0.1579992000822752,-0.0360350429071212,-0.0393800520042638,0.0418301207035434,0.2550853648157624,0.0306293577725028,-0.0419574890367282,0.1712794387816718,1
1.0,0.527363,0.54,7.978615422106589,0.1638246416206353,0.0125,0.1891,0.0663,149.0,6368.0,11.4507,0.75,0.095,0.14,0.0,0.655,0.495,0.0,0.755,0.52,0.27,0.7053,0.57585,1.0,1.0,1.0,0.96425,758,0.6747,0.15250000000000002,1.0,1.0,1.0,0.0,0.0,0.0,0.0826421568764331,-0.0074770271693963,0.0155598338550271,-0.0717432361174624,0.0146793528352654,-0.0227230923212876,-0.034145575416633,-0.0096463351767349,0.0549943728005627,0.4308155494156224,0.9395389800656002,0.1632873613679934,0.4164783149636442,-0.0324769980270359,1.2036359738246492,0.2534648478650866,0.093890847561665,-0.0984768963480459,-0.1089041712991032,-0.067940127315152,0.0272774118989342,-0.0551234085228506,-0.1178725319375487,-0.0802902199663906,1
1.0,0.526049,0.37,3.937542490313303,0.2364775878709763,0.0341,0.1059,0.3217,97317.0,2875.0,10.072,0.75,0.045,0.05,0.005,0.8049999999999999,0.27,0.01,0.88,0.47,0.595,0.5982000000000001,0.45314999999999994,1.0,1.0,1.0,1.0,160,0.040999999999999995,0.08455,0.82,1.0,1.0,0.0,0.0,0.0,0.2344314570393499,0.0966621060335448,0.4950440391527785,0.0867945111357057,0.3854130165011849,-0.0102938487033572,0.2528099119028172,0.4998008389070256,-0.1604763033521055,1.0397650831777352,0.2145794585589229,0.058845980939682,0.254609767204216,-0.1131984840742319,1.6167205518503287,0.1106221346785623,-0.0202687100128771,-0.061934198734594,0.0245657523246157,0.0463608638614268,0.0908142807812036,-0.0174375552572183,-0.0369598172183343,0.0176836482641473,1
1.0,0.475266,0.66,3.91039357640924,0.594079937807127,0.0476,0.1285,0.3703,326.0,15157.0,23.0067,0.75,0.04,0.02,0.01,0.56,0.6,0.625,0.72,0.85,0.8049999999999999,0.2286,0.2208,1.0,1.0,1.0,1.0,0,0.2220000000000001,0.7845,1.0,1.0,0.0,0.0,1.0,0.0,-0.0712585679483098,-0.0957249963947896,-0.0787055832696173,-0.0681747842914907,-0.0665933855451202,-0.0445557695843747,-0.1057037306096104,-0.0925002326509109,-0.0738485005126281,1.412517100046825,0.2284124454939483,0.079591403862374,0.0409883931335871,-0.0621808871794642,1.1382662467301423,0.0772046190835496,0.0547005523431996,-0.0552544898864706,-0.0497241229283273,-0.0507665614595032,0.0592185987460558,-0.0051194546828017,-0.0698255536041537,-0.0447468028416267,1
1.0,0.492447,0.62,4.737388956759355,0.2068814408677696,0.0621,0.115,0.5403,106.0,4611.0,61.404,0.73,0.060000000000000005,0.04,0.0,0.45499999999999996,0.58,0.0,0.56,0.76,0.44999999999999996,0.3169,0.5773999999999999,1.0,1.0,1.0,1.0,2273,0.122,0.1335,1.0,1.0,0.0,0.0,1.0,0.0,0.3417697104125533,0.0437465363466854,0.1572888746498449,0.118436051117202,0.1860850875915595,0.1553364297028895,-0.0744145393464123,0.0702260481329884,0.0178993862368618,0.5296955686315894,1.035516940328649,0.5794308509515789,0.8169015725962444,0.0424903685484742,1.114932327283103,0.5435663850570914,0.1418373818760561,-0.0693826429540115,-0.0416915651279847,0.0178168891912615,0.2129656313717849,-0.049805810550315,-0.1049697079747841,0.0428578735843582,1
1.0,0.58179,0.53,0.2017844618293062,0.715214825174353,0.0631,0.3999,0.1578,128795.0,158903.0,37.3728,0.6,0.11,0.015,0.0,0.765,0.77,0.0,0.815,0.9299999999999999,0.0,0.8052,0.175,1.0,1.0,1.0,1.0,8403,0.2626,0.3865,1.0,1.0,0.0,1.0,0.0,0.0,-0.0907946842286734,-0.0913894160053281,-0.0819976830304751,-0.064714597083216,-0.1073400469910276,-0.0415341364149389,-0.1189437920210625,-0.0962639132387752,0.4641484040976532,0.109899300394214,0.8992931358824894,0.4706495653268847,0.9795763925288432,0.0761080828574691,0.1080701700700158,1.458379615254969,0.2989237442056981,0.0257635375697504,0.0811067047595696,0.1717580505038241,0.3298889260478937,0.0885881987204511,-0.0393220578507959,0.2715270836425402,1
1.0,0.668582,0.5,0.2523757955111118,0.6772853350154182,0.0299,0.2164,0.138,230695.0,53544.0,37.3728,0.59,0.075,0.04,0.0,0.62,0.79,0.0,0.855,0.88,0.0,0.6528,0.44075,1.0,1.0,1.0,1.0,1343,0.7620000000000001,0.8604999999999999,1.0,1.0,0.0,1.0,0.0,0.0,-0.0258822551471255,-0.1003395332479704,-0.1058800209526988,0.0041593177756005,-0.0408942835245889,0.5330942264873813,-0.1310271568207413,-0.0776414229945861,0.9705746267623652,0.1487418514625179,0.1323364744389001,0.157108659470103,0.2270118361846852,1.3914833985919848,-0.0886059470774838,0.1300519652853789,0.0794703443234793,-0.0514385092003556,-0.0305475190647378,-0.0352196717938296,-0.0205350830908815,0.550036612125389,-0.0803150793960353,-0.0390877170450389,1
1.0,0.678596,0.57,4.2859016617356005,0.5185528358983874,0.0273,1.1021,0.0248,102.0,2657.0,70.9111,0.57,0.165,0.055,0.1,0.225,0.165,0.125,0.335,0.29500000000000004,0.13,1.0,0.6042,1.0,0.875,1.0,1.0,571,0.069,0.0,1.0,0.0,1.0,0.0,0.0,0.0,0.2599021637168972,-0.0984104326342552,-0.0783934063345637,-0.0347469774765009,0.0714829440102659,0.0615544383403339,-0.1126409128512863,-0.0169486872067695,0.0725473124864163,0.0188878473722221,1.2912865158515374,0.8299184030429559,1.226637058611169,0.0673290499015728,0.1074730704071642,1.1255873425077263,0.1090534587802364,-0.0958147987990481,-0.0609597718107711,0.4103381549278588,0.8246058321352313,0.0344816927523083,-0.1072621124083775,0.5030002414062562,1
1.0,0.591045,0.45,1.0872661448579,0.4606951508844801,0.0173,0.3706,0.0468,96442.0,12436.0,51.2794,0.53,0.065,0.015,0.0,0.27,0.78,0.0,0.515,0.865,0.0,0.45355,0.2389,1.0,1.0,1.0,1.0,1840,0.3165,0.04449999999999999,1.0,0.89,0.0,0.0,1.0,0.0,0.0183921197717218,0.0638505324568501,0.0074646754179675,-0.0056128866537976,-0.0101576666453335,-0.0040728198388464,-0.0152236401898781,-0.0075214729479339,0.9202889150676,0.2457693715119517,0.7945087535072878,0.0510367868723749,0.3460029456192829,0.0060982327613736,0.0596273876626441,0.2513417422816636,0.3834403174491852,0.0508855743281049,-0.0633172891851605,-0.0156029047439389,0.0643251372331739,-0.027095857943793,-0.106200793765959,-0.0061243974352477,1
1.0,0.579085,0.58,7.490409916977621,0.1635936681111762,0.0036,0.2464,0.0147,13.0,136.0,30.623,0.5,0.0,0.015,0.0,0.0,0.71,0.0,0.585,0.715,0.585,0.0456,0.18885000000000002,0.04165,1.0,1.0,1.0,2280,0.0,0.8065000000000001,0.0,1.0,0.0,0.0,1.0,0.0,-0.0170998484794953,-0.0288644096152908,-0.0143337884835328,0.0029654106715845,-0.0255669304113852,-0.0247716060050877,-0.0374477372188777,-0.0047269926631028,0.1149253653154283,0.3669691006769867,1.2278945054314747,0.2510275005477677,0.494617800539248,0.011702997082543,1.2161875937504143,0.3531695188745097,0.2213343841337424,0.3586280168269905,1.0672724644559135,0.360238504442205,0.8237907241321214,0.011130171498175,1.0778548245272437,0.9143144261798988,1
1.0,0.478448,0.7,5.842756878942872,0.1870098178535404,0.0129,0.1237,0.1043,2154.0,2321.0,25.8694,0.44,0.015,0.035,0.035,0.755,0.405,0.265,0.9199999999999999,0.525,0.6799999999999999,0.1111,0.37495,1.0,1.0,1.0,1.0,1762,0.0,0.0975,0.0,1.0,0.0,0.0,1.0,0.0,-0.0128398066382977,0.3658898182251834,-0.033812225651326,0.0015884952604529,0.1445453826362437,0.0233559647505941,0.2733832762095821,0.0234253463308153,0.0420831047213672,0.4741305115898108,0.4102957563713862,0.1779460549845796,0.4093517633145501,-0.0277328731510432,0.8270204138176709,0.293655014144056,-0.095319587636442,-0.0869354934571386,-0.0941181005551757,-0.019797249368217,-0.0707536457702514,-0.0026274745568958,-0.1142726475242412,-0.0451307129546783,1
1.0,0.680412,0.688235,0.1869510395777178,0.8844471841246646,0.0506,0.8614,0.0587,264.0,506774.0,40.2881,0.4,0.02,0.065,0.0,0.45,0.605,0.0,0.59,0.755,0.0,0.1399,0.51875,0.8875,1.0,1.0,1.0,545,0.40499999999999986,0.7515000000000001,1.0,1.0,0.0,1.0,0.0,0.0,0.0234915441771366,-0.0371821121144548,0.0268005508865187,-0.0063275456738001,0.0227837619951762,0.1055196757847776,-0.059328697422684,-0.0064808033720465,0.1523800940792344,0.0468345502622388,0.6874881371309608,0.1165230829551047,0.1406367120685416,0.1828504554163849,-0.0432522965504259,0.2610907678697224,0.0473133399792506,-0.0639061106048687,-0.0226517937773267,0.026027958515921,0.084916216063981,0.2021654614936434,-0.0873270103512139,0.0496115542436707,1
1.0,0.47027,0.5,2.8616378494514305,0.2406198422537276,0.0246,0.1743,0.1411,222214.0,278393.0,40.2881,0.34,0.05500000000000001,0.060000000000000005,0.0,0.6950000000000001,0.325,0.235,0.8200000000000001,0.46499999999999997,0.6799999999999999,0.6136999999999999,0.45935000000000004,1.0,0.9722,1.0,1.0,215,0.8444999999999999,0.37550000000000017,1.0,1.0,0.0,1.0,0.0,0.0,0.3485809100645524,0.0247486719705716,0.0153774629798621,-0.0621265754450185,0.000311110802671,0.1053951915881031,-0.1522460984941489,-0.0128059892134728,0.0598476064934816,0.5566088549376808,0.273640985660272,0.1407752862986488,0.2917503878220172,-0.0052147302779859,0.7949738795209917,0.1748879458625832,-0.0043825403695703,-0.0549917297561307,-0.0490625314402696,-0.011229141982218,0.0272629187182872,-0.0216186609124061,-0.066372239147239,0.0203808968348677,1
1.0,0.463636,0.56,1.886547498353496,0.4450441832350837,0.0203,0.1123,0.1807,17.0,5577.0,13.4469,0.28,0.095,0.015,0.0,0.845,0.095,0.005,0.94,0.305,0.5549999999999999,0.67085,0.1625,1.0,0.82085,1.0,0.96425,0,0.7754000000000002,0.16329999999999997,1.0,1.0,0.0,1.0,0.0,0.0,0.3670515447264538,0.26685496273526,-0.0416000618885905,0.0696471809588982,0.4032576053856099,-0.0718461326810525,0.0039031932782418,0.3548239921673572,0.1639561320348165,0.8365491047477501,0.5409013734380739,0.1155634887169335,0.379374075490733,-0.003235421177179,1.3869729030155655,0.2318875997515183,-0.0315412699493026,-0.0485557474181309,-0.0268983332831149,0.0011826557470847,-0.0094337597188014,-0.006912664494542,-0.0513544731357138,-0.0200370506259667,1
1.0,0.521024,0.65,3.487252384793034,0.3873761659853467,0.0678,0.1117,0.6069,73.0,8953.0,14.3661,0.28,0.03,0.015,0.01,0.49,0.095,0.015,0.515,0.155,0.76,0.4391,0.1625,1.0,0.82085,1.0,0.9087000000000001,4789,0.0,0.172,0.0,1.0,0.0,1.0,0.0,0.0,0.1163114233279847,0.4848853266357885,-0.0093898019121603,0.088122900253173,0.2608572267693142,0.0263615605009354,0.445105376443876,0.1065521436716833,0.0743014006247398,0.6091900515268647,0.5228040726638572,0.2034676229854205,0.4492029319053087,0.0398002677266155,0.9886923511949772,0.4369192878842386,0.2214271945215807,-0.1171740155245397,-0.0494515969056922,-0.0893626792445185,0.0257221698804953,-0.0072302366589016,-0.1259509847336287,-0.0154560782623504,1
1.0,0.756997,0.617647,1.6016146413202828,0.7076539505243851,0.0734,0.1811,0.4055,202.0,1525.0,11.0438,0.21,0.07,0.01,0.0,0.38,0.32,0.0,0.445,0.515,0.0,0.5458000000000001,0.28500000000000003,1.0,1.0,1.0,1.0,1911,0.065,0.0,1.0,0.0,1.0,0.0,0.0,0.0,-0.0095413652476822,0.0019055252004196,-0.0236522325716017,0.0082531262111806,-0.0015517921533919,0.0009181543490269,-0.0205675381861277,0.0155900359358921,0.0395446372607855,-0.0143434104643847,0.5827555705237766,0.0826712048656024,0.2030512968170617,0.0366938100341007,0.0970770238066739,0.2603340265538815,0.1884717452328308,-0.0667626539119177,0.0164836817134977,0.1208932877940302,0.3567862997128243,0.0494742787212065,-0.0768814982482242,0.0881429427511913,1
1.0,0.620898,0.46,0.473869926593883,0.7950114757750582,0.1576,0.0821,1.9197,211741.0,104160.0,10.072,0.19,0.055,0.03,0.015,0.47,0.8049999999999999,0.005,0.66,0.9299999999999999,0.115,0.49165000000000003,0.3369,1.0,1.0,1.0,1.0,10073,0.0685,0.9997,1.0,1.0,0.0,0.0,1.0,0.0,-0.0275525186942182,-0.0241801371601992,-0.021495180806563,-0.0004484106389017,-0.0127545459446284,0.0542919607349193,-0.0285250936479767,-0.031490409405455,0.7769537806845322,0.1612215694841453,0.1816026308955314,0.1030289331549921,0.2430724519522811,1.2380697406860717,-0.0909947869354489,0.1704055943600409,0.3400124945542573,-0.0268866427687732,-0.0243410749376323,0.0425673028005726,0.0957861372088954,1.26866351208957,-0.0866992145052487,0.0064598255805531,1
1.0,0.598942,0.335294,3.869592753426345,0.28331032914646,0.0766,0.1967,0.3891,189816.0,126635.0,8.6407,0.18,0.035,0.015,0.0,0.66,0.54,0.005,0.84,0.77,0.625,0.2515,0.29910000000000003,1.0,1.0,1.0,1.0,197,0.161,0.0473,1.0,0.68,1.0,0.0,0.0,0.0,-0.0678460018871937,-0.0726753102994938,-0.0732766303007645,-0.0365704638491948,0.0036808014336257,-0.0717887092626472,-0.1190387011226771,-0.0508638556345249,0.0072281205792674,0.3486305737733629,0.5622109871945709,0.2631847661973208,0.5414336495358004,-0.0456789897426266,0.7408425868821814,0.3096604878321932,0.0061679270343267,-0.0733656232673248,0.0290033055849186,0.0086604483915149,0.0724343905657687,-0.024415081508949,-0.0474141789387269,0.00450631896388,1
1.0,0.452728,0.55,3.6132195133506406,0.1980964291579539,0.0356,0.1206,0.2951,303374.0,3058.0,8.6407,0.17,0.035,0.04,0.0,0.675,0.42,0.02,0.76,0.6,0.69,0.40835,0.42915000000000003,1.0,1.0,1.0,1.0,1321,0.0,0.31305,0.0,1.0,1.0,0.0,0.0,0.0,-0.0283981895148535,0.0308769981668485,-0.051686889588791,-0.0478052198575659,0.0066630959705091,-0.0097388684824011,-0.0294577294052471,-0.0354384015516656,-0.0191358211666643,1.204120747569384,0.4225942351606934,0.0957576724378451,0.3137838814747632,-0.0274670852966207,1.7654359408412037,0.1735935783047066,-0.0118173406178199,-0.1085636862494894,-0.0617063693139319,-0.0654524744606097,-0.0449998383794822,-0.051984237427606,-0.1342070210848909,-0.0456874266578393,1
1.0,0.552778,0.62,5.044186546122985,0.2577979954627706,0.007,0.266,0.0264,41979.0,45100.0,11.5034,0.22,0.015,0.01,0.0,0.435,0.045,0.0,0.51,0.16,0.29500000000000004,0.15855,0.19645,1.0,0.5007999999999999,1.0,0.96875,3171,0.10550000000000001,0.298,1.0,1.0,0.0,1.0,0.0,0.0,0.472833707308484,0.1481399652771092,-0.0228919106028348,0.0113628020720062,0.2423230354325698,0.0092583606274198,0.0114047134248565,0.0945600494313261,0.2440271715044122,0.2960786630306499,0.7779524617636236,0.3935405097864368,0.6916242578797607,0.0245336127245545,0.8394046915321016,0.5503263477570863,0.0682800431682282,-0.1138499444319989,-0.0526853941852926,-0.0157524821463562,0.1012136913013322,-0.0111578393799383,-0.1075535997325611,-0.0011618104617576,1
1.0,0.659794,0.65,3.7640916847359978,0.3129292141924446,0.033,0.3807,0.0866,191.0,170.0,41.1546,0.26,0.035,0.015,0.0,0.75,0.33999999999999997,0.0,0.79,0.355,0.025,0.4631,0.27085000000000004,1.0,1.0,1.0,1.0,5272,0.05550000000000001,0.13695000000000002,1.0,1.0,0.0,0.0,1.0,0.0,0.1175258632180899,-0.0316698338069993,-0.1422324920543336,-0.0931746067874102,0.0259745825725645,-0.0877838593222834,-0.1321951784365881,-0.0855080963988301,0.3370887281854901,0.1076975342795724,1.1466835998160438,0.1714716171111348,0.3783927752192523,0.0401954813423588,0.5590500290254021,0.3511009328794371,0.0148025780004947,-0.0888353538988576,-0.0949391545943824,-0.0358240344023844,-0.0297615641118984,0.0031579865644825,-0.1051108888223501,-0.0409256115716792,1
1.0,0.421414,0.34,0.2731028467725735,0.7251618962624159,0.0396,0.0864,0.458,167204.0,155041.0,10.0194,0.38,0.035,0.005,0.005,0.22000000000000003,0.26,0.33999999999999997,0.73,0.4,0.5800000000000001,0.26039999999999996,0.08615,1.0,1.0,1.0,1.0,373,0.30849999999999994,0.09249999999999999,1.0,1.0,0.0,0.0,1.0,0.0,0.5360948568828847,0.1812217340621792,-0.0203352153198416,-0.0291461537775517,0.1943169565811808,-0.0056240007535065,-0.1299728231913917,0.1509749502480566,0.2982321735823126,0.4641014037985571,-0.0278693124394098,-0.0060482392766048,0.0976953896830621,-0.065812492156115,-0.0779735545348232,0.1247190960538463,0.014839179722945,0.0066281530459486,-0.0309991381294957,-0.038074488336884,-0.0270708983085998,-0.0317835106921278,-0.046124652159454,-0.0217357104455762,1
1.0,0.446314,0.38,2.8043463943507176,0.2467963686860224,0.0871,0.1295,0.6728,239126.0,55946.0,11.5034,0.55,0.065,0.01,0.0,0.425,0.30000000000000004,0.005,0.8300000000000001,0.49,0.5800000000000001,0.391,0.4039,1.0,1.0,1.0,1.0,1812,0.23099999999999998,0.0,1.0,0.0,1.0,0.0,0.0,0.0,-0.0119680874976136,0.0049080588208628,-0.0477817481889061,-0.0448158877740349,0.0243532684298613,-0.010236922354809,-0.0648221430460944,-0.0769144061435407,-0.0921697467597453,0.88532993894754,-0.0218001356773278,-0.0462447145503775,0.0712442721294994,-0.055848343515065,1.113706409169914,-0.0277316108955759,0.025737271185579,0.4104782155849295,0.6001349649115713,0.5048736020800744,0.7641405123490814,0.0451190134722874,0.9355606861713756,0.8543886389017183,1
1.0,0.519068,0.52,2.1819658914994258,0.3642539845308302,0.0342,0.1186,0.2883,926.0,4290.0,12.9347,0.57,0.045000000000000005,0.005,0.015,0.025,0.01,0.12,0.055,0.265,0.425,0.39585,0.0793,0.125,0.1475,0.29165,1.0,7278,0.0,0.16209999999999997,0.0,1.0,1.0,0.0,0.0,0.0,-0.0554794538356785,0.3342145009865916,-0.0268288833910481,0.002700524772812,0.1692164836715225,-0.0437422102237116,0.5477073593799893,-0.004562293736996,0.1610675232709785,0.4695041291313638,0.2377505274327335,-0.008612399952403,0.2097061977054639,-0.0306782398524243,0.6768980788266149,0.1819691831361353,0.6982861169624078,0.2171546662271899,0.5062488475629872,0.0862924671946559,0.2037985092598976,0.0592563842317183,-0.0170066536865479,0.26389761026901,1
1.0,0.466189,0.311765,3.158564327827565,0.2459599381219864,0.0351,0.1399,0.2506,48.0,8193.0,8.12848,0.57,0.02,0.005,0.0,0.775,0.01,0.005,0.8200000000000001,0.235,0.29000000000000004,0.1357,0.11645,1.0,0.1691,1.0,1.0,3191,0.1325,0.1805,1.0,1.0,0.0,0.0,1.0,0.0,-0.0627449241682996,0.5811322221867374,-0.0277135308765975,-0.0718304193998425,-0.0101622582930282,-0.0642883215595471,0.8439168003084161,-0.0733073899524106,-0.0245603806061383,0.6054527879262369,0.6483280656109963,0.3313441173077927,0.5756181905055613,-0.0056301304592008,1.2863145061663157,0.4087516417973345,-0.0177943959082189,-0.0783897764089114,0.0153202019139264,0.0307897221193472,0.0055785030963455,0.0248182538263815,-0.0742361472036092,0.0044366728319644,1
1.0,0.448023,0.5,2.039660708106663,0.2442076727586463,0.0501,0.1064,0.4706,6244.0,71918.0,14.8256,0.56,0.015,0.01,0.0,0.89,0.08,0.135,0.955,0.5900000000000001,0.525,0.09725,0.19445,1.0,0.83335,1.0,1.0,0,0.6092,0.08800000000000001,1.0,1.0,1.0,0.0,0.0,0.0,0.0202383515270374,0.3460581058685113,-0.0580395690827411,-0.0231068679988056,0.1450423580212405,-0.0145698682014289,0.3549643494422125,-0.0204277399202936,-0.058307557004094,1.0495337965893132,0.0242000675453435,0.0153444175429327,0.2013671078609792,-0.0256786923376301,1.2356310409029698,0.012843758733772,-0.0349313713487359,1.0717252300634568,0.1248211957514381,0.0871654607776893,-0.0405331712519395,-0.0035308022362808,1.2303557068788715,-0.0117221257211507,1
1.0,0.578947,0.552941,3.471439242629769,0.4112296041389215,0.0781,0.2704,0.289,68399.0,12922.0,14.8256,0.56,0.045,0.01,0.0,0.24,0.060000000000000005,0.015,0.46499999999999997,0.305,0.475,0.3889,0.1751,1.0,0.85,1.0,1.0,1288,0.37050000000000005,0.055999999999999994,1.0,1.0,1.0,0.0,0.0,0.0,-0.0528172206797128,0.7599669083432435,0.0780946691966476,-0.0044967317598752,0.0914605949115649,-0.0055204177292555,1.0965383900124857,-0.0025058522575056,0.1028812078257885,0.5842870184128459,0.3334822427584402,0.2468792976429289,0.5373703680458763,-0.0075379529536528,0.7961810473001647,0.4282375894232025,0.0038390693540407,0.0460718961632635,0.1885096237506932,0.165059128196417,0.3464767084565169,-0.0234064021457726,0.0834122285304077,0.4299481580666603,1
1.0,0.476829,0.59,4.667983849169645,0.1674840894647596,0.0479,0.1319,0.3631,178.0,15113.0,11.0438,0.53,0.01,0.0,0.0,0.645,0.025,0.02,0.765,0.5449999999999999,0.715,0.15025,0.01985,1.0,0.37725,1.0,1.0,3129,0.0,0.0815,0.0,1.0,1.0,0.0,0.0,0.0,-0.0263239846363,0.6259082786917394,0.0402278013806211,-0.0017520362341904,0.0145997703584074,0.0406444145862908,0.638033432973584,0.0245956542926958,0.0503196844351039,0.6764990201774733,0.6152887292291671,0.2688057667652622,0.47756348171173,0.0671731282449604,1.1888191796186438,0.3682460771161745,-0.0721082955881474,-0.1017263488864892,-0.0681060630823862,-0.0389353765307847,-0.0142466997322919,-0.0530236180301571,-0.1035968440543864,-0.0565382636196737,1
1.0,0.522076,0.42,3.395600343116464,0.2219282461574604,0.0211,0.1566,0.1347,113298.0,11533.0,14.3661,0.51,0.035,0.015,0.0,0.74,0.74,0.015,0.8049999999999999,0.81,0.705,0.39165,0.19165,1.0,1.0,1.0,1.0,264,0.0,0.705,0.0,1.0,1.0,0.0,0.0,0.0,-0.0438216918322877,-0.0774109426541951,-0.0939428754149339,-0.0673672289447393,0.0088259111449289,-0.0536926687420032,-0.103143367277065,-0.0785931984349755,-0.0216036129761119,0.8838877085281369,0.4102055210664838,0.2387814155391329,0.5014983149540166,-0.0602869218972132,1.183817547052717,0.3674405821166798,0.0144531566298869,-0.0137042709091182,0.0762711719684259,0.0399085558100582,0.094924117196115,-0.0149929692716305,0.0052302339294663,0.1079297395301557,1
1.0,0.534229,0.45,4.134628364404142,0.1696392398619858,0.0446,0.1469,0.3035,123577.0,40738.0,8.6407,0.65,0.135,0.10500000000000001,0.0,0.815,0.07,0.0,0.87,0.20500000000000002,0.665,0.59525,0.735,1.0,0.575,1.0,0.9685,831,0.9839999999999999,0.1464,1.0,1.0,0.0,0.0,1.0,0.0,0.4702771070659216,0.2749989739810031,0.332563875608323,0.1637845100676571,0.4653794858330682,0.0426267249584159,0.0426879630464974,0.6125098434269665,0.1550897210298524,0.7504954028935498,0.5228378981291214,0.3623770492275687,0.6091961373927328,-0.020588630361709,1.245111661350426,0.578454646336737,-0.0055238438892396,-0.0092694205175104,0.0345310018666417,0.0481434740388199,0.0815010510378261,-0.0040827813365947,-0.0097004397622396,0.0813721122660897,1
1.0,0.536398,0.56,2.615853408910989,0.3219333301236756,0.0728,0.1685,0.4321,146057.0,65900.0,8.6407,0.68,0.055,0.03,0.0,0.6000000000000001,0.32499999999999996,0.0,0.785,0.535,0.485,0.3076,0.3333,1.0,1.0,1.0,1.0,5065,0.6325,0.0087,1.0,0.54,0.0,0.0,1.0,0.0,-0.0026287684508648,-0.0452187822897303,-0.0416928072489477,0.0258447520324087,-0.031819817855766,0.1885865994435616,-0.0868109084768697,-0.0240803022078185,0.0921669645987937,0.5429752383644433,0.6134820283812453,0.3542343684888204,0.4835240758625761,-0.0303742311686036,0.9709599392845348,0.3305715814195686,-0.0618976069157212,-0.0934987064143258,-0.0312637853526871,-0.0098250521421671,-0.0011285596073699,-0.0234154833763912,-0.0702573001960144,0.0138676007900121,1
1.0,0.539158,0.65,3.0478623487044185,0.4379912880634232,0.0465,0.1765,0.2634,23.0,67823.0,7.66892,0.69,0.07500000000000001,0.01,0.0,0.75,0.33,0.005,0.845,0.7,0.52,0.9582999999999999,0.11115,1.0,1.0,1.0,1.0,0,0.6315000000000002,0.1125,1.0,1.0,1.0,0.0,0.0,0.0,0.2319976829745241,0.1826528615736658,-0.0411270543673941,-0.0073724336848197,0.0811271146643204,-0.0637156819891021,-0.0770088654840276,-0.0106906018708562,0.475892433979602,0.681940476919537,0.5908638488525717,0.123268465385864,0.4926458136609801,0.0127014208594398,0.9489997454232444,0.3927753807149031,-0.0291387724276828,-0.0304221691489901,0.01832981956358,0.0132511733775668,0.0351023467196866,-0.0008663959934555,-0.0430480121267824,0.0233281061133147,1
1.0,0.566265,0.45,6.606050886450531,0.2479961458050782,0.0223,0.2089,0.1068,148.0,31680.0,7.66892,0.69,0.01,0.025,0.0,0.8,0.63,0.005,0.95,0.885,0.41500000000000004,0.0683,0.31225,1.0,1.0,1.0,1.0,751,0.3264999999999999,0.7045,1.0,1.0,0.0,0.0,1.0,0.0,0.0041174580355859,0.0146137570267527,-0.0339556779487665,-0.0220971043153952,0.0147963196239401,0.0027869545388298,-0.0273156886157895,-0.0217507612798219,0.086932398873891,0.4312195903170774,0.7336500360143254,0.1130475916390189,0.3714874508325517,-0.0104206229611934,0.9350815660029388,0.2979638248132457,-0.0566142852612012,-0.0591019352480551,-0.0239951356207419,-0.006019459538308,0.0103058054130442,-0.0306038261948138,-0.0811959343436019,-0.0124202941259785,1
1.0,0.502555,0.63,5.383318247551955,0.1867951781249937,0.0378,0.1744,0.2164,44.0,190679.0,39.8286,0.6,0.075,0.0,0.0,0.23500000000000001,0.22,0.005,0.27,0.38,0.655,0.8611,0.0125,1.0,1.0,1.0,1.0,3535,0.13799999999999998,0.0,1.0,0.0,0.0,0.0,1.0,0.0,-0.0045029651625006,-0.0337541148135991,-0.0275024328183029,-0.0028118691311371,-0.0129679610848941,0.0187934291801821,-0.0410803939479632,-0.0154903425273149,0.0108904035913433,0.9912410573698892,0.554981785160116,0.2122051503238672,0.4029514389274918,0.0310973797553003,1.5850677529844948,0.2300341956756801,0.1962876081685162,-0.0622195384978246,0.5821742781735076,0.2280620165837962,0.5617976162432411,-0.0148652192976155,0.23225303565292,0.5336394173337007,1
1.0,0.490099,0.41,2.675039349097421,0.3074633067571898,0.0331,0.1184,0.2797,210251.0,2845.0,18.6601,0.62,0.095,0.03,0.0,0.51,0.14500000000000002,0.125,0.785,0.4,0.785,0.36705,0.2889,1.0,0.80215,1.0,1.0,0,0.6489999999999999,0.12299999999999998,1.0,1.0,1.0,0.0,0.0,0.0,0.2698730597465044,0.3298579119735121,0.0322863500292866,-0.0186316923455819,0.1318133790622814,0.0021814861446723,0.1493179523749104,0.0669103725920506,-0.0807054743335466,1.3171455030133434,0.3155951215715366,0.0767874424838005,0.2304296223450383,-0.0612405504468816,1.6218903558800917,0.1559355517136015,0.0875256537634279,-0.0449327863992621,0.0581471142451481,0.0751647499008512,0.2408719489763188,0.0318315658485135,-0.0420401885230819,0.1354654416286442,1
1.0,0.483076,0.56,2.652396709975194,0.3680286324235893,0.0141,0.1555,0.0907,49.0,1225.0,14.3661,0.73,0.035,0.015,0.0,0.7849999999999999,0.45999999999999996,0.0,0.8799999999999999,0.71,0.71,0.2617,0.2091,1.0,1.0,1.0,1.0,1343,0.16700000000000004,0.2905,1.0,1.0,1.0,0.0,0.0,0.0,-0.0424733346237414,-0.0325169006792658,-0.0564214552955795,0.0103399844832757,-0.0238840091083521,-0.0009974824346389,-0.0606288694186105,0.0019874192837704,-0.0527789799703551,1.009850225625606,0.4952898381112484,0.1348527895038664,0.3240110565257311,-0.0638289118422486,1.576065738448245,0.0915782060965634,-0.1251727245801186,-0.1085319720355253,-0.0740398567776854,-0.0546466222737263,-0.0609642189500785,-0.0490763550571174,-0.1161802354554615,-0.0496917683556864,1
1.0,0.532887,0.49,3.8185434457358274,0.5069773024632739,0.0294,0.1552,0.1894,142181.0,1240.0,9.10026,0.81,0.04,0.025,0.01,0.76,0.36,0.015,0.88,0.46499999999999997,0.56,0.35185,0.3194,1.0,1.0,1.0,1.0,0,0.7805,0.05399999999999999,1.0,1.0,1.0,0.0,0.0,0.0,0.2191009426020669,-0.0460361643129484,-0.0847104162386718,-0.0512077577990777,0.023503945584601,-0.0267260346420974,-0.1058781498357124,-0.0569828599735987,0.2905344485340865,0.9299425026413756,0.2990189929487191,0.0935297809976239,0.332082439265515,-0.0350068812135904,1.1897749744455952,0.2228804613547607,-0.0758250739272316,-0.0833414687370365,-0.0491556598003274,0.0028275616759626,-0.00050073394361,-0.0266772376974296,-0.1077569878361368,-0.0094879687101316,1
1.0,0.645098,0.59,2.2039367711932663,0.5325314230443664,0.0129,0.7246,0.0178,349.0,9891.0,9.10026,0.55,0.02,0.03,0.0,0.555,0.685,0.0,0.73,0.8300000000000001,0.0,0.25,0.48525,1.0,1.0,1.0,1.0,3762,0.0385,0.617,0.77,1.0,0.0,0.0,1.0,0.0,-0.0325867575474997,-0.0693505471479269,-0.0550128959972587,-0.0266597332907213,-0.0592215578796363,-0.0416831942045926,-0.0873796725583454,-0.0345599671595708,0.3189835393689568,0.015307195730704,1.6960826581572892,0.5383541279178273,1.009522371421365,0.0603302607980669,0.4257015918536689,1.352532766476182,-0.0443944730983754,-0.1102413871772126,0.0984415248013294,0.0653679842860801,0.2591554401876675,-0.0603017225914254,-0.0233211335846989,0.2076830779444728,1
1.0,0.642857,0.47,0.2301268440832441,0.9425096738341526,0.0265,0.4062,0.0652,44145.0,3341.0,8.6407,0.57,0.01,0.025,0.275,0.55,0.5349999999999999,0.43500000000000005,0.645,0.705,0.405,0.07865,0.34875,1.0,1.0,1.0,1.0,2735,0.059500000000000004,0.46549999999999997,1.0,1.0,0.0,0.0,1.0,0.0,0.1107701877111215,-0.1042008539778324,-0.0899492574618027,-0.0328939365736306,0.0271149693470741,0.0690356357660307,-0.125318210683285,-0.0525393082614556,0.6172872043925709,0.0780390548208654,0.0680405392327226,0.1799685868617552,0.2259223085618621,0.4374296686745872,-0.0685056992363134,0.1242925557300614,0.1790817845077587,-0.0905051125126196,-0.07243182451037,-0.0324754731693873,0.0623594935543128,-0.0284394051429004,-0.1421803774985222,-0.0095401362926586,1
1.0,0.765152,0.51,0.5474180535761791,0.8075791551023662,0.032,0.3157,0.1015,62954.0,12026.0,14.3661,0.66,0.04,0.03,0.08,0.28500000000000003,0.6950000000000001,0.23500000000000001,0.485,0.8,0.235,0.49355,0.35625,0.9,1.0,1.0,1.0,0,0.0,0.43750000000000006,0.0,1.0,0.0,1.0,0.0,0.0,0.015573376763835,-0.038446386130948,-0.0195059271470074,-0.0274948156282005,0.0017956613799486,0.000589114115909,-0.0464710217361059,0.0145250197128866,0.4328632133202137,0.0902881041632073,0.180286161986167,0.130259754093557,0.3663250289669448,0.0008906786059317,-0.0779132141316704,0.158236541388612,0.5504774504174358,-0.0774919985178329,-0.0693499994539289,0.0412173085084366,0.2112392112110306,0.0248076118685098,-0.1185361098214274,0.0208915278881974,1
1.0,0.51861,0.61,5.126843623314316,0.2012917013404694,0.0197,0.1298,0.1519,11.0,392.0,15.7974,0.78,0.025,0.03,0.0,0.785,0.78,0.0,0.88,0.865,0.6699999999999999,0.21835,0.2656,1.0,1.0,1.0,1.0,0,0.607,0.0,1.0,0.0,1.0,0.0,0.0,0.0,-0.0239180454608328,-0.0460756943207986,-0.0567175437997301,-0.0124133465369518,0.0477009043649364,-0.0127471986738013,-0.0555444510835695,-0.0360519476634539,-0.0828784080638575,0.9510602797985396,0.5378156389587501,0.2804087354805311,0.4057723966601457,-0.0147194939590158,1.5571995005780304,0.2807266311951402,-0.1050440479470825,-0.1151622007493175,-0.0626808546139461,-0.0658845833252085,-0.1005511371216506,-0.0690325041690206,-0.1209538657129566,-0.0609080320790691,1
1.0,0.422453,0.52,1.956935158469064,0.357911903690801,0.0365,0.1084,0.3367,17.0,52269.0,14.8256,0.76,0.055,0.015,0.0,0.515,0.635,0.060000000000000005,0.625,0.8300000000000001,0.74,0.57725,0.16665000000000002,1.0,1.0,1.0,1.0,0,0.319,0.7855,1.0,1.0,0.0,0.0,1.0,0.0,-0.0700825563310661,-0.0589900060140422,-0.0741653350171938,-0.001272907237275,-0.0716445600634954,-0.006693545129166,-0.1020457278124898,-0.02270083149031,-0.0830101895385267,1.2444601732600602,0.1815660392131666,0.0232169762973773,0.2705636915625142,-0.081741455133929,1.6978785900322204,0.0729315994169485,0.1630354509492571,-0.0912952341094998,-0.0208214457358285,0.0044368423844603,0.1362815254806673,-0.0074534689205991,-0.0740414901520517,0.0894722628981872,1
1.0,0.541585,0.54,3.549898901643926,0.4673080446174973,0.0381,0.1569,0.2431,395.0,482077.0,30.1634,0.75,0.03,0.035,0.0,0.69,0.605,0.0,0.78,0.7749999999999999,0.20500000000000002,0.2361,0.27465,1.0,1.0,1.0,1.0,0,0.5934999999999999,0.6435,1.0,1.0,1.0,0.0,0.0,0.0,-0.0847640731078828,-0.0708531785321808,-0.0609307805980566,-0.0182672492887396,-0.093914401976447,-0.0400226567403957,-0.1042275782139826,-0.0438214191164368,0.6109001900778169,0.4758185201187662,0.6446356455211186,0.1130746217866753,0.4348384273906824,-0.0462863159519828,0.40186958663637,0.4120221858196538,0.0047583167775299,-0.040831920120631,0.0417762174113741,-0.0055606269160081,0.080832934740781,-0.0069028511617669,-0.0597628257737884,0.0311982789104033,1
1.0,0.619866,0.5,1.3985817070203448,0.8266805343907396,0.0312,0.3155,0.099,736.0,95019.0,11.5034,0.49,0.015,0.04,0.02,0.665,0.7949999999999999,0.0,0.8200000000000001,0.905,0.0,0.17145,0.4881,1.0,1.0,1.0,1.0,2186,0.333,0.8310999999999993,1.0,1.0,0.0,0.0,1.0,0.0,-0.0010320597733821,-0.0725827515640807,-0.0503390999353599,-0.0038302686277672,-0.0517714455513523,0.0545242071450042,-0.1033838229750873,-0.0432604771566686,0.5746865950502406,0.1569210085124857,0.3611990584400769,0.1264072606125575,0.2889222462546189,0.2536525984147751,-0.0944374024237275,0.2368363437412755,0.0979328785170479,0.0068307712504917,-0.005704208947188,-0.0143821491134353,0.0364982262200315,0.0486276778259644,-0.0997227340524347,0.0104037844674237,1
1.0,0.414099,0.42,2.643662963309238,0.3654029393774025,0.0425,0.1205,0.3526,154748.0,577.0,7.66892,0.49,0.02,0.045,0.0,0.845,0.235,0.04,0.92,0.395,0.71,0.4,0.53215,1.0,1.0,1.0,1.0,0,0.04649999999999999,0.0,0.92,0.0,0.0,0.0,1.0,0.0,0.4251879121532171,0.0863686737920755,0.523376456102148,0.20332055501802,0.5104507566655887,0.0633917683066806,0.0889337881955714,0.4191317878292696,0.0875062171331189,1.5448502880511574,0.180776647515163,-0.0431463574861175,0.2736836598662736,-0.1087702162080879,2.022185635902688,0.0982513013688875,-0.0325274515048661,-0.0554071030353365,-0.0413667436893208,0.0655355144158216,0.032859382502408,-0.0319400551303638,-0.0705358613353063,0.0105056124860476,1
1.0,0.473719,0.55,2.269320884542033,0.4564067575226562,0.0149,0.1854,0.0801,91.0,215853.0,6.69714,0.5,0.02,0.02,0.0,0.5549999999999999,0.775,0.01,0.44,0.915,0.555,0.25329999999999997,0.43115000000000003,1.0,1.0,1.0,1.0,2557,0.196,0.0405,1.0,0.81,0.0,0.0,1.0,0.0,-0.0248213117923316,-0.0296736951976373,-0.0153811431621865,-0.0175899370365935,-0.0214262039904932,-0.0283540312680503,-0.038335392376677,-0.0194629084329846,-0.0319076133016285,0.5771124313186471,0.5298366967745765,0.1433994176370589,0.3047535289181085,-0.0242257338614467,0.912831776906834,0.1833068824075799,0.2797527749060164,-0.0728734707174308,-0.0623846226168848,0.0234073603398908,0.1545754412225566,0.0116222671709614,-0.0903512562661468,0.0448983623220502,1
1.0,0.512247,0.41,2.923596681954717,0.3238172500644967,0.0609,0.1752,0.348,45235.0,171989.0,6.69714,0.5,0.065,0.02,0.0,0.725,0.485,0.0,0.885,0.615,0.62,0.5264,0.42455,1.0,1.0,1.0,1.0,0,0.811,0.098,1.0,1.0,1.0,0.0,0.0,0.0,-0.0023300997246301,-0.0179848294213998,-0.0050767917883772,0.0476540589609486,-0.02823329940808,0.0248542882779358,-0.045801639174369,0.0095417963173984,0.2558763665206283,0.522149977106283,0.434443149088339,0.137108304986941,0.4447498680942449,-0.0801378460331038,0.5460765628688672,0.3961144675603065,0.0290446616571554,-0.0254611760690857,-0.0279127826960343,0.0476550524085827,0.0499824618254676,0.0032996644436647,-0.0613022363603493,0.0168024477076686,1
1.0,0.676056,0.44,0.1024087025714893,0.9335009128518802,0.0299,0.226,0.1322,96270.0,177695.0,28.7321,0.55,0.02,0.05,0.04,0.53,0.6950000000000001,0.0,0.76,0.9299999999999999,0.0,0.24209999999999998,0.30445,1.0,1.0,1.0,1.0,1148,0.6665000000000002,0.7879999999999999,1.0,1.0,0.0,0.0,1.0,0.0,-0.0352086119932717,-0.0627908116927406,-0.0402892477467722,-0.0198796381536317,-0.0284465616015506,0.2617756756495323,-0.1008298421050958,-0.0426418125740029,0.2608176210245889,0.1085404108646132,0.216455579638127,0.0243417933419315,0.1648905135416002,0.505748807598965,-0.0753163051311114,0.111662977076783,0.0487837212185609,-0.0496230356117558,-0.0204412936801317,-0.0285108299600505,0.0212696322431355,0.1284880173297436,-0.0765685990551175,-0.0140256060990087,1
1.0,0.510288,0.45,5.60407877285277,0.1873737473600022,0.0058,0.1531,0.0377,1.0,836.0,69.4272,0.61,0.04,0.035,0.005,0.515,0.28500000000000003,0.02,0.5449999999999999,0.24000000000000002,0.475,0.39665,0.3208,1.0,1.0,1.0,1.0,877,0.49050000000000005,0.28019999999999995,1.0,1.0,1.0,0.0,0.0,0.0,0.0372068414469045,-0.0515204373229695,-0.0478699253805277,0.039074208465172,0.1672397448907727,0.0128855850546378,-0.1078838126032933,0.0714538240213483,0.1982623022964967,0.6028571321004532,0.6503139150542705,0.3611563980262383,0.7278969296352396,0.0199847481758443,1.200083543887908,0.4161130208356619,0.0413511346707764,-0.072267052681197,-0.0198623150554569,0.0650315300749637,0.2717000456468304,-0.000910321832121,-0.0607853366629754,0.1277077322751958,1
1.0,0.416479,0.55,3.040175601447688,0.2542779178334073,0.0439,0.0974,0.4502,93.0,245804.0,28.7321,0.57,0.115,0.025,0.01,0.47,0.45499999999999996,0.19,0.6000000000000001,0.715,0.83,0.56775,0.25305,1.0,1.0,1.0,1.0,1849,0.1575,0.16949999999999998,1.0,1.0,0.0,0.0,1.0,0.0,0.0803711590944018,-0.0659161102344762,-0.0652113026527885,-0.0089484409661062,0.0962047330812476,-0.0326316427655317,-0.0983819806286793,0.0561730896294028,-0.2058066934758884,1.5459391360319583,0.0999783150636939,-0.107985495420358,0.123749753728776,-0.1292319541993507,2.076923632065834,-0.0477160959736768,0.2702699378841388,-0.032568628845935,-0.0981117918626294,-0.0262043978705741,0.1550304346057996,-0.0480095499246343,-0.1193141315402731,0.0017132029862016,1
1.0,0.453376,0.464706,1.15022779354503,0.6335161658089132,0.0312,0.098,0.3181,105551.0,288915.0,22.035,0.78,0.045,0.005,0.0,0.685,0.345,0.0,0.81,0.64,0.615,0.5178499999999999,0.1131,1.0,1.0,1.0,1.0,918,0.8169999999999998,0.1525,1.0,1.0,0.0,0.0,1.0,0.0,0.0039710419809484,0.0122608091645599,0.0084346844253914,0.0191488818340811,0.0261289739935894,0.0686977211966085,-0.0216969182232047,-0.0050163762905783,0.2087871386639055,0.7207725790862182,0.4886040577273611,0.2601048798394326,0.5277067535962595,-0.0586122684461876,0.9235890474944736,0.5019809043410051,0.0362957943457354,-0.0325171291623795,0.0305759792333493,0.0555525208876458,0.1700307669595749,0.0267112826885352,-0.0295879812606442,0.1083403812393628,1
1.0,0.440741,0.34,2.229675429402481,0.4337653885120485,0.064,0.1171,0.5466,167820.0,64544.0,13.3943,0.94,0.035,0.015,0.0,0.76,0.595,0.01,0.89,0.755,0.635,0.52085,0.1638,1.0,1.0,1.0,1.0,0,0.4654999999999998,0.161,1.0,1.0,1.0,0.0,0.0,0.0,-0.0441731311581326,-0.0234014269218575,-0.0791142042525705,-0.0217604665460492,0.0214627154519453,-0.0403033582430624,-0.0733813645711147,-0.0224494040227323,-0.1088003511953911,1.1229293594927856,0.2499419766101934,0.1414840556025737,0.3553810661588061,-0.0542020848865997,1.5790806729390212,0.2518380666419682,-0.0542733726836723,-0.0907437571041072,-0.0341798110818052,-0.0248459787317275,0.0297360331317594,-0.0463781735858054,-0.0746209801277655,-0.0081768400235149,1
1.0,0.639413,0.52,0.0,,0.0943,0.3749,0.2516,165488.0,73311.0,27.3008,0.97,0.02,0.03,0.045,0.7,0.195,0.08,0.835,0.355,0.345,0.21785,0.24374999999999997,1.0,0.94375,1.0,1.0,7647,0.0,0.051399999999999994,0.0,1.0,0.0,0.0,1.0,0.0,0.8337433890074608,0.1058825680108475,0.1743833065943796,0.1222782712907167,0.1866418367506394,0.8157729376870251,-0.0594694244573869,0.1232996135422444,0.6347569615648802,0.1299780462156519,0.1274678266006151,0.0937389803947756,0.197451484596113,0.2921971779694145,-0.0629772377905294,0.1054464977382966,0.1600258587325492,-0.0611962088025412,-0.0657420013286193,-0.0230662941612925,0.0181142824374711,0.0076448521037861,-0.1053791939420026,-0.0410919854617222,1
1.0,0.500689,0.38,2.992226948001289,0.2766185569453378,0.0397,0.1477,0.2689,77710.0,43879.0,13.4469,1.0,0.035,0.04,0.0,0.795,0.63,0.005,0.925,0.8049999999999999,0.38,0.4,0.36195,1.0,1.0,1.0,1.0,0,0.0,0.8199999999999998,0.0,1.0,1.0,0.0,0.0,0.0,-0.0214240307261985,-0.0320396156648649,-0.0352281775420734,-0.0189033203278256,-0.0168805580936139,-0.0317261521217434,-0.0198786927545972,-0.032830508929957,-0.0252903726325722,0.1933872463939598,0.293286463295939,0.2533234364730706,0.4406716772448528,-0.0056936912068077,0.4430532055552914,0.3739407000564517,-0.0399074869672222,-0.0780267873508991,0.000160595630544,0.0534824570047449,0.149801544404076,-0.0017935323515166,-0.0879876551611138,0.0824393880966549,1
1.0,0.495283,0.42,5.218538391522226,0.6120915601997242,0.1325,0.2369,0.5594,3174.0,576115.0,21.5754,1.06,0.055,0.02,0.025,0.45,0.775,0.16,0.695,0.9199999999999999,0.575,0.51945,0.25095,1.0,1.0,1.0,1.0,0,0.10700000000000001,0.787,1.0,1.0,0.0,0.0,1.0,0.0,-0.0401974538194663,-0.0294080789358698,-0.0329095299454942,-0.0066011480908577,-0.0331819967446699,-0.0325407352341352,-0.0508859896675684,-0.0370836599119337,0.2985826825411687,0.0489844997084813,-0.0260277358056058,0.0990103248066567,0.1602867294698523,0.0322357316019329,-0.0766485707197322,0.0621937850196287,0.088573042277932,-0.0814504324254406,-0.0764958735333529,-0.0079620771655343,0.0387636434425425,-0.034592198375133,-0.1352377596917242,-0.0377722054085944,1
1.0,0.457295,0.38,2.956642121584317,0.2289058804099124,0.0524,0.131,0.4001,455418.0,115335.0,21.5754,1.07,0.055,0.035,0.01,0.8,0.315,0.045,0.89,0.685,0.62,0.5778000000000001,0.3301,1.0,1.0,1.0,1.0,0,0.7143500000000006,0.46349999999999997,1.0,1.0,1.0,0.0,0.0,0.0,0.07792628192842,-0.0102440642626632,-0.0650340400031547,0.0007831791098646,0.1141017494942624,-0.0034756665203961,-0.0803280500212471,-0.0087858324761287,-0.0912669639734607,1.1793469055693984,0.2762825076453875,0.1322132613258617,0.4038293925861387,-0.0751348009170292,1.5886855031676477,0.1932674647032027,-0.0564660241180672,-0.0621510808423371,-0.0585854867159251,-0.0149085042667678,0.0022923438407679,-0.0326824846504821,-0.0607063323336001,-0.0300448098021514,1
1.0,0.434466,0.52,1.898834623633789,0.3359477012109205,0.0259,0.1112,0.2333,299020.0,199236.0,5.2658,1.0,0.025,0.05,0.0,0.79,0.51,0.175,0.855,0.7150000000000001,0.71,0.23725000000000002,0.54765,1.0,0.96875,1.0,1.0,0,0.0,0.106,0.0,1.0,0.0,1.0,0.0,0.0,0.1007650423167498,0.0998433164982413,-0.0560829945132371,-0.0176084776652178,0.0950950311964729,0.0044291517992812,-0.0246579457020069,0.0071147197699104,0.2615232094671044,1.2443997500715724,0.3600460840842611,0.1296664688124636,0.5194226057327807,0.0152593364772421,1.4165189726298224,0.4298800808686726,-0.070009528360929,-0.1269888797617481,-0.0584480026792268,0.0105917654822692,0.00906747912097,-0.0642886853424005,-0.1281428288893164,-0.0168626350486562,1
1.0,0.531714,0.45,2.7302060253233247,0.3238314510255105,0.0355,0.1174,0.3025,136811.0,78776.0,15.85,1.46,0.13,0.035,0.0,0.74,0.6,0.03,0.925,0.805,0.6499999999999999,0.70665,0.4544,1.0,1.0,1.0,1.0,1435,0.9678999999999992,0.6709999999999999,1.0,1.0,0.0,0.0,1.0,0.0,-0.0409065337751134,-0.0372529886855059,-0.0547589603756394,-0.0321861721763305,0.0054100788804413,-0.0263614972124999,-0.0705595290167844,-0.010495403445617,0.0189051287486378,1.2649934953089104,0.2681590687939047,0.2247377757231412,0.5743859878579659,-0.0744023418657351,1.5039013674010198,0.3187827964281924,-0.0426900175785952,-0.051759468419759,-0.0272090486823474,0.0227970612573174,0.0632292831363876,-0.0177590373953502,-0.0392034333569316,0.0252041049776917,1
1.0,0.479203,0.5,4.446924820349346,0.2008071774772852,0.0329,0.1196,0.2751,176751.0,48774.0,11.0438,1.53,0.02,0.035,0.0,0.36,0.695,0.0,0.6100000000000001,0.875,0.52,0.16999999999999998,0.38715,1.0,1.0,0.9593499999999999,1.0,103,0.3505,0.223,1.0,1.0,0.0,1.0,0.0,0.0,-0.0310065273000028,-0.0282720228055969,-0.04129419871835,-0.0184984252034284,-0.0115811443054594,0.0252829342606253,-0.0531808379367004,-0.011130564979934,-0.0546551218095192,0.6442448925920576,0.1383746980797592,0.1776099320369328,0.3258087358891876,-0.0240781892044556,0.8328601516482577,0.1133552206227485,0.0643175696609726,0.0033426288513334,0.955509043889031,0.6020436830235018,0.9348130188514542,0.0228821558366432,0.7242839140666751,0.8814058196826557,1
1.0,0.437659,0.49,3.454572113509366,0.2788077667785301,0.2884,0.1455,1.982,35780.0,256371.0,10.5316,1.35,0.07,0.02,0.015,0.535,0.665,0.26,0.73,0.86,0.72,0.4907,0.29995,1.0,1.0,1.0,1.0,0,0.38319999999999993,0.705,1.0,1.0,0.0,1.0,0.0,0.0,-0.0205591151713456,-0.0100779627692346,-0.0225342132832024,-0.01040241087879,-0.0094528692865357,-0.0055842587535149,-0.0292312465266194,-0.0102265597402875,0.0108198478626485,0.7055442093148354,-0.0009989745166821,0.018231844532051,0.2125382091355073,-0.0448915585792132,0.6887032196831026,0.0679709511259744,0.1084151250764766,0.0497633002231375,0.6538495591810511,0.3604750998007527,0.772690899063005,-0.0292112105443235,0.5058430899656935,0.7765557537787207,1
1.0,0.596491,0.38,0.0224513106330583,0.9738365883116428,0.295,1.1442,0.2578,3907.0,293710.0,10.5316,1.36,0.07,0.185,0.01,0.29500000000000004,0.24,0.58,0.42500000000000004,0.45999999999999996,0.36,0.6282,0.83335,0.94165,0.84375,1.0,1.0,849,0.0,0.262,0.0,1.0,1.0,0.0,0.0,0.0,0.6989648589902533,0.2116484062489905,0.1897860562103897,0.0985851803724905,0.1982171140462671,0.0257017058795198,-0.1061029653012422,0.0491934034701717,0.3671789662533615,0.0258193554303041,-0.0336244505420387,0.0916541848217216,0.2139397158381267,0.1428483483159056,-0.0754057293502165,0.0613569403270815,0.5742692722392992,0.0215292451537319,0.0468511330366718,0.0340373785839825,0.1034135564901354,0.2438212943975788,-0.0761048791532123,0.0367796050100488,1
1.0,0.583183,0.39,0.3734974609308707,0.8198635661081447,0.1139,0.1729,0.6587,13025.0,165559.0,6.23758,1.56,0.015,0.04,0.005,0.2,0.44999999999999996,0.0,0.385,0.585,0.0,0.3958,0.3489,1.0,1.0,1.0,1.0,2010,0.005750000000000001,0.27699999999999997,0.43,1.0,0.0,0.0,1.0,0.0,-0.0278162560706912,-0.047703606766538,-0.0467828120828511,-0.011020128485447,-0.0380247632831806,0.3738982796498791,-0.064533729101606,-0.026463000627788,0.9201928925281024,0.2908757084609399,0.4246551861474833,0.194766996713308,0.300229948009627,1.1971171934461424,-0.0964207368067737,0.2053866090658005,0.3603236903299807,-0.0470683830485306,-0.0484004746219782,0.0157003234135481,0.0873135833885644,1.1128801541728146,-0.092950680901055,-0.0100835677993491,1
1.0,0.508102,0.517647,5.383147011431423,0.1555162531709413,0.0,0.227,0.0,26.0,97407.0,9.55982,1.7,0.09,0.065,0.015,0.39,0.4,0.14,0.54,0.6699999999999999,0.63,0.6917,0.3962,0.95835,0.9375,1.0,1.0,0,0.2575,0.04850000000000001,1.0,0.94,0.0,1.0,0.0,0.0,0.1448945964380569,0.0395500522431311,0.1451561752028378,0.0385270507916885,0.0758958613934027,0.0793576112348327,-0.0351363296649182,0.0449580954625266,-0.1271678191437706,1.1122314515839506,0.4157438403661519,0.1021771144730736,0.2897378607451243,-0.0642441029644004,1.6136921362458796,0.1075706292501126,0.1959690919581208,-0.0437052737112924,-0.037504739462215,0.072508468788121,0.2727840591192084,0.0555920796590903,-0.0642134035314734,0.0377923711090613,1
1.0,0.666667,0.56,0.2236827063568124,0.8562268112339931,0.0777,0.5283,0.1471,34560.0,253.0,20.1441,1.71,0.03,0.065,0.0,0.665,0.625,0.0,0.81,0.6799999999999999,0.0,0.3333,0.37075,1.0,1.0,1.0,1.0,1833,0.0675,0.5225,1.0,1.0,0.0,0.0,1.0,0.0,0.0411023522342419,-0.0886780225583856,-0.0633067867786549,-0.0441874486646842,0.0792851206745988,-0.0615559284331072,-0.103589915682412,-0.0445488163433197,0.2384496813734388,0.0207699372444839,0.4837561699066307,0.0423589941510067,0.1441621989310602,0.0744433974273713,-0.0333741523493765,0.1441213990227783,0.1695538422202593,-0.0098695606812332,0.0708010920797421,0.0211216018764733,0.088636822401895,0.0630649543456679,-0.0999124166576158,-0.0473554202367112,1
1.0,0.698246,0.64,1.8780577150713995,0.7535058193298281,0.0945,0.2008,0.4707,132807.0,37922.0,7.20936,1.74,0.07500000000000001,0.095,0.0,0.54,0.22,0.0,0.76,0.44,0.0,0.5602,0.60765,1.0,0.91665,1.0,1.0,0,0.45699999999999996,0.4085000000000001,1.0,1.0,0.0,0.0,1.0,0.0,0.3688624291060415,0.0812544504568344,0.2404226000427851,0.0741270186776067,0.1723680604984053,0.5189608652264354,-0.0661032756011705,0.1704284706807881,0.2893639819290312,0.0534102819315833,0.0512601529409567,-0.0374223587091492,0.045187906615506,0.4822272055365097,-0.0761937762989221,0.0143562821134133,0.6272646343893262,0.0077961838730854,0.0039894118528346,0.0559542075254154,0.1388533835354884,0.7289407035190028,-0.08884595687602,0.0679578379731902,1
1.0,0.442484,0.57,2.2842850248415494,0.6033874196733142,0.0527,0.0926,0.5692,807.0,51999.0,10.072,1.79,0.12,0.045,0.015,0.43500000000000005,0.575,0.14,0.615,0.76,0.535,0.68805,0.44615000000000005,1.0,1.0,1.0,1.0,2082,0.0,0.0455,0.0,0.91,1.0,0.0,0.0,0.0,0.0349365750923822,-0.0881738833131951,-0.0650408950136238,-0.0429490645174793,0.0289260925796692,-0.0044547127023228,-0.0976887115303833,-7.549699882059558e-05,0.0111347275109163,0.7298885256478117,0.4304571387719796,0.30314279598122,0.5809630267246255,-0.011072989470219,1.050928960554869,0.2522656408296903,0.1162045525546155,-0.0809948636973,0.1651021129789817,0.1482754928209859,0.4055500339856002,0.0288568682982281,-0.0277426883757055,0.2983620103285308,1
1.0,0.458985,0.47,4.060429464355633,0.2779340692080961,0.0249,0.1445,0.1723,143.0,41349.0,21.0632,1.81,0.055,0.08,0.0,0.775,0.21500000000000002,0.005,0.875,0.345,0.72,0.5409,0.6699999999999999,1.0,0.9271,1.0,1.0,1959,0.28900000000000003,0.37300000000000005,1.0,1.0,0.0,0.0,1.0,0.0,-0.0254808458245221,0.1479581423122533,-0.1036060418839072,0.0295042025975344,0.1824934229076237,-0.0075610930419276,0.0561639064010464,0.0016553359333231,-0.0989042725160996,0.898708873517329,0.6362966743638718,0.2436405583027011,0.4245696919121197,-0.0388363611525564,1.6316912444365812,0.255885700867164,-0.019206270732247,-0.0797065347347315,-0.0178520488014758,-0.0043681303591221,0.0951612796939646,-0.047330701692031,-0.086719453312984,-0.0231351462990473,1
1.0,0.467903,0.43,2.9071166684693144,0.3385899609235429,0.0124,0.108,0.1151,1151.0,104600.0,10.072,1.82,0.095,0.0,0.005,0.24,0.0,0.01,0.405,0.095,0.725,0.6093999999999999,0.015899999999999997,0.94445,0.04685,1.0,0.875,7105,0.1365,0.13299999999999998,1.0,1.0,0.0,0.0,1.0,0.0,0.4140917103867951,0.6719726517819273,0.122859993567975,0.0649296101729747,0.3606972836812034,-0.0323676765254347,0.7295201076916282,0.3125386291568858,-0.0887105299480284,1.2062734742243986,0.2246688996135372,0.0329496745604471,0.2244996448214108,-0.0543225680683415,1.7611841059271265,0.0730855409676709,0.4519790625628985,-0.0423199626025738,-0.0158058706253218,0.0338099717910625,0.2315964590309916,0.0827387861019561,-0.0695111533274344,0.1209395778164957,1
1.0,0.46787,0.52,3.118718754217909,0.2716968547009038,0.0162,0.1171,0.1388,16672.0,78260.0,8.12848,1.78,0.02,0.02,0.0,0.665,0.7150000000000001,0.005,0.705,0.785,0.71,0.16145,0.33930000000000005,1.0,1.0,1.0,1.0,535,0.0,0.5685,0.0,1.0,1.0,0.0,0.0,0.0,0.0287346163368104,-0.0335536577776322,-0.0071682165231889,-0.0051010439504255,0.0358567084666824,0.0192080879722269,-0.0436471166674822,-0.0091617383471293,0.103162130107134,0.8959223300118868,0.4075309959801574,0.2220041417270659,0.4608909750777147,0.0171705872059997,1.280672681980159,0.3698707554908534,0.0234051283270769,-0.0205892205117129,-0.0243670832252992,0.0049241713260896,0.0616749159363865,-0.0145187227360826,-0.0630333111345909,0.0170883680536425,1
1.0,0.520934,0.54,4.131193972029506,0.187734635921958,0.0334,0.1105,0.3024,48.0,653.0,10.5316,1.74,0.05,0.060000000000000005,0.01,0.755,0.165,0.025,0.825,0.28500000000000003,0.635,0.37085,0.65,1.0,0.91665,1.0,1.0,2343,0.28049999999999997,0.03799999999999999,1.0,0.76,1.0,0.0,0.0,0.0,0.4496357435169288,0.1672547686051632,0.3842405122365783,0.1515534629656406,0.3612090947570309,0.0836116590980761,-0.0230765204078008,0.3112260227468016,-0.0754806080871413,1.0846181768615557,0.2854119143084276,0.2303687816129797,0.3803132710861147,-0.0338637863136134,1.627725527735875,0.2467750171382374,-0.0989017525339924,-0.1189848720935714,-0.1019008289258407,0.0045133479643356,0.0060819047295305,-0.0482566066863955,-0.1089871336567248,-0.0427665155387938,1
1.0,0.434842,0.4,0.0,,0.1064,0.0731,1.4551,46792.0,44214.0,10.072,1.68,0.005,0.015,0.015,0.06,0.81,0.77,0.53,0.87,0.89,0.08925,0.17145,1.0,1.0,1.0,1.0,2593,0.04499999999999999,0.0325,0.9,0.65,0.0,0.0,1.0,0.0,-0.0456313963928251,-0.0398148597660804,-0.0314922593656901,-0.0308236407193653,-0.0423800830486867,-0.0100796224412446,-0.0442401665676044,-0.0476003768913512,-0.0981201174136447,-0.1092099068039584,-0.0712497609470185,-0.05915893290798,-0.1093006622590385,-0.0508592073418842,-0.158797953620135,-0.0795355684545457,-0.0343273844322854,0.3962930957317708,-0.0593099402653261,0.0120638905574382,0.1514616669833792,-0.0390310984829361,0.2852201482903197,0.0075419856071067,1
1.0,0.465164,0.45,6.5862548353067885,0.1770679899946178,0.0009,0.1238,0.0074,37872.0,48545.0,14.8256,1.67,0.015,0.01,0.005,0.79,0.695,0.065,0.915,0.865,0.645,0.0979,0.15625,1.0,1.0,1.0,1.0,0,0.0,0.04714999999999999,0.0,0.9,1.0,0.0,0.0,0.0,-0.0577227517005907,-0.0815306622916772,0.0085674771010577,-0.0326800618679507,-0.0552646444448073,-0.0204061787161572,-0.0979855045607967,-0.0268207734917129,-0.0869549766260387,0.9461647669350032,0.3907257760944388,0.119999509474373,0.3015194331787164,-0.0864691996862582,1.459243839416247,0.1886032283141804,0.0027558066278574,-0.0088938387617389,-0.0036046814315003,-0.0030772372116273,-0.0029533502717553,0.0025817118402025,-0.0155034268279227,-0.0136674385091019,1
1.0,0.497608,0.447059,8.313096962054201,0.1823843539118266,0.0232,0.1155,0.2006,337.0,90505.0,14.8256,1.72,0.07,0.025,0.0,0.5349999999999999,0.575,0.005,0.7150000000000001,0.63,0.385,0.46240000000000003,0.2882,1.0,1.0,1.0,1.0,925,0.8365,0.5474999999999999,1.0,1.0,0.0,1.0,0.0,0.0,-0.0281194202005201,-0.0120774781429061,-0.0206279934089662,0.0010754733663567,-0.0191201194001032,-0.0108767201943101,-0.0243706570721198,-0.0130646379708448,0.0658062247085536,0.6291419533837177,0.6556889218248421,0.1911242788991161,0.4874513569810801,-0.0530569465305026,1.2710411884778974,0.2445491879651031,-0.0213837244529006,-0.0808320097070752,-0.0462648028681491,-0.0371809092867006,-0.0142152339030273,-0.0523362448106205,-0.0815121008793705,-0.0113946316309668,1
1.0,0.502697,0.32,3.217032865035819,0.2208242659615011,0.0599,0.2013,0.2977,119528.0,64145.0,5.2658,2.0,0.025,0.02,0.01,0.765,0.36,0.375,0.84,0.495,0.77,0.11805,0.3153,1.0,1.0,1.0,1.0,0,0.27899999999999997,0.0335,1.0,0.95,0.0,0.0,1.0,0.0,0.0602955883294135,-0.1064453205158098,-0.1055955180741475,0.0218435648584584,0.1366824490804736,-0.0553067249608488,-0.1514220989489704,-0.0522670513634623,-0.1226327639529013,1.4800163880921595,0.3044093962505126,0.0968523992267498,0.1574257881220351,-0.0305356087855333,1.95442060720592,0.0912230409634247,-0.0435409926800042,-0.0609418728160784,0.0016270618498322,0.041372803313766,0.0398254218258027,-0.0140628201005872,-0.0775710269763394,0.0437273856500483,1
1.0,0.507981,0.588235,2.821059247562159,0.5055158777068812,0.0614,0.1345,0.4564,237.0,285830.0,11.0438,2.18,0.05500000000000001,0.08499999999999999,0.0,0.725,0.74,0.0,0.835,0.945,0.015,0.52605,0.6875,1.0,1.0,1.0,1.0,383,0.6119999999999998,0.2675,1.0,1.0,0.0,1.0,0.0,0.0,-0.0217550235215695,-0.0318605997283551,-0.0372905070211053,0.0323314304891236,-0.0392369008934344,0.0001172930852561,-0.0654940109962868,-0.0159095862801709,0.8313548466387679,0.3872070295084252,0.9984053031647692,0.0546438098785539,0.2316932332631779,-0.0011923475386627,0.8024073671718508,0.1239136590232384,-0.0045444880537416,-0.0459579724020491,-0.020644374120511,-0.0237030253939484,-0.0218986390033317,-0.0124103324240866,-0.0291440149748088,-0.0350054061855664,1
1.0,0.66129,0.517647,0.0100183196900703,1.0,0.0129,0.4291,0.0301,233195.0,54730.0,11.0438,2.17,0.045,0.015,0.0,0.595,0.495,0.0,0.69,0.66,0.0,0.41815,0.19045,1.0,0.96875,1.0,1.0,1121,0.3075,0.49200000000000005,1.0,1.0,1.0,0.0,0.0,0.0,0.1237261401984766,-0.0149396568704163,-0.0089753629470922,0.0146290250336885,0.0298828231978778,0.106434975172184,-0.0745187945214832,0.0070393407165544,0.3377295945293676,0.1268890399865137,0.4066466312131771,0.0217015815038497,0.1541649165773275,0.4275270157388314,-0.0485951576707529,0.0566776724534913,0.3416909570806462,0.0025138504609918,0.0266572158637844,0.0182533176956449,0.0881976579047632,0.2266536823230169,-0.0736376235928643,-0.0122889389535346,1
1.0,0.52039,0.46,1.5066130235367077,0.6467230437179083,0.0441,0.1765,0.2502,166217.0,111404.0,46.9326,2.14,0.02,0.01,0.01,0.67,0.48,0.62,0.855,0.6950000000000001,0.835,0.1661,0.0943,1.0,1.0,1.0,1.0,0,0.1725,0.7555,1.0,1.0,1.0,0.0,0.0,0.0,0.0109638514672419,-0.0008976448334857,-0.0016501353914047,0.0099774049076379,-0.002868225073834,0.0102680001027858,-0.0036152496209633,0.0034790050125129,0.1236330993155002,0.7090696793980602,0.0473164936069498,-0.0255631041805865,0.0236624011538975,-0.0488463144098555,0.5507920465890853,0.041514339911554,0.002144050776444,-0.0499279534890578,-0.0381544115370271,0.0155623254723208,-0.0277360945734127,-0.0185469236361313,-0.0532984619875481,-0.0234085760377352,1
1.0,0.522222,0.688235,4.139598077244345,0.2849392009002042,0.0251,0.1238,0.203,63258.0,4460.0,6.23758,2.11,0.01,0.03,0.03,0.815,0.165,0.39,0.895,0.41500000000000004,0.65,0.09445,0.3627,1.0,0.84165,1.0,1.0,0,0.020499999999999997,0.0,0.41,0.0,1.0,0.0,0.0,0.0,0.3238201748933372,0.0466814068345699,-0.02551126206817,-0.0159336199215417,0.1012701279464304,0.0540148436136333,-0.0354565284756197,0.0142748253658562,0.1698480793731586,0.2158055886106739,0.3680300224886538,0.1549933426002998,0.4185810590097769,-0.0823215595951137,0.5344604733460652,0.2409129140678858,-0.0112821900433669,-0.0269212699811646,-0.0280983061585357,-0.0176529679491819,-0.0154124149232198,0.0004226028788043,-0.031323395301334,-9.063800271632388e-05,1
1.0,0.53223,0.658824,1.1178720848551995,0.7962814070105154,0.0168,0.1417,0.1186,93.0,122577.0,13.3943,2.1,0.01,0.015,0.015,0.0,0.6950000000000001,0.045,0.025,0.755,0.245,0.05555,0.5,0.0,1.0,0.16665,1.0,5157,0.0,0.0,0.0,0.0,1.0,0.0,0.0,0.0,0.1678574873676037,0.0676873400145625,-0.1013246097700692,0.0161681908443412,0.108607371667569,0.2510978521536686,-0.0919350595072372,0.0156968306223046,0.8713213649462277,0.5047175358940964,0.3351735171691171,0.0882650148649512,0.3122241502965467,0.5972279524975606,0.293962244347817,0.2453550295465683,0.3696558554681542,0.0272299694224063,0.0556501331897353,0.0571509207228605,0.184186934366913,0.2503423993692166,-0.047943969784381,0.1445168453311661,1
1.0,0.491274,0.49,5.051074023667881,0.2165339124859302,0.0149,0.1572,0.095,22.0,3697.0,6.23758,1.88,0.04,0.025,0.0,0.575,0.565,0.04,0.5449999999999999,0.655,0.67,0.25585,0.32915,1.0,1.0,1.0,1.0,2291,0.44249999999999995,0.18450000000000003,1.0,1.0,0.0,0.0,1.0,0.0,0.0421962824980201,-0.0175276200556693,0.0203460808546377,0.0150099309527942,0.0400897455513127,-0.0095466179371546,-0.0963571678553641,0.024535486895101,0.0159933875200738,1.0555019658202796,0.2592628460302949,0.1396237308184942,0.3032409779254891,-0.0048273745921095,1.588065622209078,0.1771197507409753,0.228792998477662,0.0261114349333226,0.3763565351494279,0.4624459608729444,0.8272000418030346,-0.0149690830114102,0.0475364876280517,0.908364845623999,1
1.0,0.450135,0.49,1.905766124308544,0.521895204051411,0.0663,0.1041,0.637,28.0,2011.0,12.0156,1.8,0.02,0.15,0.0,0.175,0.29500000000000004,0.065,0.445,0.46,0.785,0.23864999999999997,0.75,0.96665,1.0,1.0,1.0,1911,0.243,0.0,1.0,0.0,0.0,1.0,0.0,0.0,0.2073610655256711,0.0035285038517907,-0.1003523399504139,-0.0452448629480097,0.1335914639601188,-0.0489131176460999,-0.0887598527222872,-0.0384741237139683,0.2308662246574196,1.1457835713283138,0.3331202379627946,0.1499648976865751,0.458650777862945,-0.0577280591739032,1.5300675318514554,0.329297333477222,0.3414694583745422,-0.0943950260718324,-0.1003847810883767,-0.0599931272530747,0.0460422112219663,-0.0427933241515164,-0.1200313630194525,-0.0269760886078785,1
1.0,0.633484,0.647059,3.452474764061654,0.2621426972673799,0.0139,0.313,0.0444,29252.0,180230.0,80.0115,1.61,0.095,0.02,0.0,0.375,0.5549999999999999,0.01,0.45499999999999996,0.73,0.45499999999999996,0.6761,0.20385,1.0,1.0,1.0,1.0,7306,0.13299999999999998,0.129,1.0,1.0,1.0,0.0,0.0,0.0,-0.0450968138268208,-0.0418276080640145,-0.0797149051391444,-0.0558271576019955,-0.002132875949126,-0.0356498229899754,-0.0885280226749898,-0.0481211108096572,0.0895388080353158,0.593279949558586,0.7954813388061658,0.2281368191230817,0.4773245084006201,0.0189331816728609,1.0586260196072017,0.3061432108293217,0.0764387397775729,-0.0808503762555276,-0.0536586859873104,-0.0417820391044212,0.059743086511307,-0.046917510830893,-0.0834924901623705,-0.0379322208458867,1
1.0,0.428879,0.45,0.0024185182511145,0.95750260260653,0.2641,0.2523,1.047,92270.0,2286.0,14.3661,1.26,0.015,0.025,0.01,0.725,0.7050000000000001,0.8200000000000001,0.875,0.73,0.89,0.20829999999999999,0.52685,1.0,1.0,1.0,1.0,0,0.6495000000000001,0.06449999999999999,1.0,1.0,0.0,0.0,1.0,0.0,-0.0573870436408201,-0.093570508138853,-0.0704146341910508,-0.0197207358969021,-0.0376652305224091,-0.048946166719182,-0.1081637029311231,-0.0140924870253549,-0.1400646811866986,-0.1913760301316326,-0.1316626588425905,-0.0903082499540648,-0.165435227853048,-0.0671623307238463,-0.2275739152247125,-0.1509285380148441,-0.042349912508536,-0.0664752909396399,-0.0499381114525433,0.0148269247179737,-0.0381384832610733,-0.0133202893539508,-0.0860737964230206,-0.0056303806527128,1
1.0,0.494819,0.35,3.5868293727628227,0.3460786182598855,0.0606,0.1132,0.5356,50362.0,16816.0,13.4469,1.2,0.035,0.095,0.01,0.68,0.32999999999999996,0.16,0.79,0.45999999999999996,0.685,0.4911,0.60715,1.0,1.0,1.0,1.0,0,0.1505,0.26999999999999996,1.0,1.0,1.0,0.0,0.0,0.0,-0.0277674071043013,-0.0397981705677916,-0.0403211233494675,-0.027285120143091,0.0028346336252967,-0.0321890301590068,-0.0657063160098952,-0.0153898913047638,0.1190159883298081,0.9809962800929772,0.4179929272714132,0.173427287686605,0.4634292613562756,-0.0290393737331177,1.454653928359176,0.2668651016196383,-0.0660215860087368,-0.0682417689806512,-0.0375020711075106,0.00984959495558,0.0362280890041587,-0.0248614384328706,-0.100596562585891,0.023106292952018,1
1.0,0.729697,0.56,2.81906076019618,0.5193119876130851,0.0374,0.6422,0.0582,48.0,370.0,11.0438,1.16,0.04,0.035,0.01,0.745,0.27,0.0,0.8400000000000001,0.36,0.0,0.3926,0.5119,1.0,1.0,1.0,1.0,712,0.914,0.0,1.0,0.0,0.0,0.0,1.0,0.0,0.1871454684238969,0.0358917780443433,0.0527373629383525,0.0395847227024291,0.276848202452732,-0.0128814168236138,-0.0711141769065579,0.0772534183446201,0.1928898340831286,-0.0093558326435937,0.6639794950898821,0.1340438439760881,0.3200420073200216,-0.0101038628385041,0.08104577157743,0.2841514406797853,-0.0379673577989425,-0.0679637969851836,-0.0381439677298058,0.0118362354144132,0.0128543923924137,-0.0216920859752242,-0.082518534179535,0.0122165323921001,1
1.0,0.466231,0.394118,3.74090888778548,0.3774890812666784,0.0251,0.1911,0.1313,69740.0,163892.0,12.4225,0.18,0.07,0.02,0.0,0.595,0.785,0.005,0.62,0.91,0.31,0.512,0.22699999999999998,1.0,1.0,1.0,1.0,56,0.20250000000000004,0.8682499999999997,1.0,1.0,0.0,0.0,1.0,0.0,-0.0278751796567366,-0.0416329888678641,-0.0343912605854955,-0.0007857497937283,-0.0425191458987647,-0.020693355313225,-0.037126770344834,-0.0162385823452246,0.2926483393340182,0.5201074995242244,0.5771990209706158,0.4140256110814623,0.6531000895199968,0.0368154893362678,0.4050847519901462,0.5111572013999205,-0.0214677191897686,-0.0618181673635413,-0.0603475358068091,0.0116279227560387,0.0634255028627285,-0.0319712868443289,-0.0861289242804061,-0.0198454614461529,1
1.0,0.448485,0.39,0.0,,0.0826,0.0658,1.2564,71070.0,30533.0,7.66892,0.18,0.03,0.030000000000000002,0.0,0.55,0.53,0.0,0.9,0.72,0.005,0.24405,0.35714999999999997,1.0,1.0,1.0,1.0,0,0.8434999999999998,0.595,1.0,1.0,1.0,0.0,0.0,0.0,0.1050514955248285,0.0469780545343328,-0.0101786041189018,0.0238169190710728,0.083752105754522,-0.0177251704806931,-0.0513466930855465,0.0369158449885175,0.5333098494814549,0.1611316582562251,0.0037924444366568,0.0309973040643626,0.2884587412657746,0.0174394013715168,-0.0670176252414409,0.1441135907402833,0.0717834420612625,0.0262974281706475,-0.0574974279990312,-0.0452537216857196,-0.0090113755690949,-0.0442870947976218,-0.1026172261980196,-0.0396166896071859,1
1.0,0.67265,0.52,0.7644898910446538,0.6750508500431467,0.0321,0.3021,0.1062,36993.0,674.0,9.10026,0.58,0.03,0.02,0.045,0.32,0.1,0.395,0.31999999999999995,0.475,0.505,0.32325,0.30725,1.0,0.7601,1.0,0.9582999999999999,0,0.23600000000000004,0.23989999999999997,1.0,1.0,0.0,1.0,0.0,0.0,0.2764444525495419,0.1340605385195117,0.5708890071314104,0.2047854358763448,0.4337200353786987,0.277084278447778,0.1906583904872184,0.4268550811396251,0.1896836657571019,0.0544524926516007,0.4108179671474209,0.1166304655745626,0.2242570070417708,0.0993214937236976,0.0463637176358754,0.2006001567907986,0.1690318151473094,-0.0709582461407619,-0.0810064268298191,0.018712430776632,0.0646325290883222,0.3277858298696449,-0.1065216165407762,0.0345952169070719,1
1.0,0.63522,0.69,0.8707268301349228,0.6721395664587928,0.0999,0.1483,0.6733,167.0,267.0,88.0872,0.69,0.11499999999999999,0.0,0.0,0.42,0.055,0.005,0.49,0.135,0.495,0.61615,0.0333,1.0,0.69445,1.0,1.0,4106,0.31799999999999995,0.022,1.0,0.44,0.0,0.0,1.0,0.0,0.1263144754979057,-0.0125438298630272,-0.034509978162437,0.0083315078694633,0.1774912528523898,-0.0073827449110463,-0.0697098164562882,0.0555526524559506,0.2801672688328042,0.4064078700065331,0.6172662840944328,0.4263931722803388,0.941288627107888,0.0030773259307779,0.4439958454878303,0.5104619942292394,0.1221464613645093,-0.101228357545572,-0.0411184913761531,-0.0401489886474044,0.1260568227137876,-0.0275360561750174,-0.1137045578087366,0.0176808112245299,1
1.0,0.532903,0.405882,3.3301836164567256,0.4267808628140934,0.0172,0.1799,0.0958,848.0,265.0,5.2658,0.82,0.03,0.025,0.0,0.33,0.05,0.01,0.44999999999999996,0.32499999999999996,0.905,0.4447,0.30125,1.0,0.5569500000000001,1.0,1.0,3008,0.0,0.19300000000000003,0.0,1.0,0.0,1.0,0.0,0.0,0.6011865461482457,0.265536438146886,0.0398841610813207,0.133052178135722,0.4435496122332045,-0.0312165850128252,-0.063325862712424,0.3989395980939566,0.1835091716890282,0.8365281985874142,0.1210283121365995,0.2402823952028453,0.5963526061995952,-0.0036827678790734,0.8673899519800077,0.2524860362468751,0.2975360158739069,0.0458477386712677,1.0884187880485547,0.3382160081060835,0.7588659922324404,-0.0057206415220777,0.8294027290884809,0.5870403044477135,1
1.0,0.57064,0.49,4.394078265076704,0.2062515142946175,0.0128,0.1367,0.094,26536.0,34431.0,8.12848,0.91,0.025,0.1,0.0,0.735,0.37,0.015,0.935,0.56,0.735,0.16665,0.8083499999999999,0.95835,0.9472,1.0,1.0,639,0.9280000000000002,0.4605,1.0,1.0,0.0,0.0,1.0,0.0,0.046674404796902,-0.0502956623587627,-0.0666733876331402,0.0008165434540154,0.0407002560830075,-0.0432404684952207,-0.0911559593143987,0.0284854523593602,0.0005973660317052,0.5143514351086516,0.3291393267118045,0.0999528072436892,0.1905869772390727,-0.0317169862162364,0.75833251678506,0.098618049745662,0.0013008139975823,-0.0011025038493533,0.0364449426416048,-0.0003977691531698,0.0125700710376716,0.0017849706264794,-0.0022641198664421,0.0050292838886883,1
1.0,0.522944,0.35,3.231682967442559,0.2228951088467768,0.0291,0.1452,0.2005,6001.0,54333.0,8.12848,0.91,0.025,0.09,0.0,0.645,0.43,0.0,0.9199999999999999,0.565,0.36,0.18335,0.70145,1.0,1.0,1.0,1.0,2832,0.45489999999999997,0.503,1.0,1.0,0.0,0.0,1.0,0.0,-0.0013271668989859,-0.0452745619702838,-0.0377912681509306,-0.0341597612466601,0.0222827967171142,-0.0339849071699766,-0.0570814570299505,-0.0248681031060582,0.2622197720932274,0.5202767629267593,0.4721831150917108,0.2889468511275234,0.645055937137016,-0.0528050387748266,0.7472736753619926,0.5500081594369168,-0.0124573439090715,-0.0583005179048548,-0.05116555521422,-0.0152506145464823,0.0199231022736917,-0.0294246696295886,-0.0754180534663686,-0.0057482243715377,1
1.0,0.605263,0.529412,0.0907362389057908,0.8689078475026512,0.149,0.3307,0.4507,189205.0,31779.0,8.12848,0.9,0.060000000000000005,0.05,0.0,0.265,0.345,0.0,0.365,0.49,0.0,0.43079999999999996,0.4528,0.9582999999999999,1.0,1.0,1.0,0,0.0,0.10699999999999997,0.0,1.0,1.0,0.0,0.0,0.0,-0.0169498274094062,-0.0236248057852958,-0.0304573922465702,-0.0137609406243079,-0.0251352343654102,-0.0204840145963252,-0.0307163753583957,-0.0271805843673736,0.7329374072591908,0.2610999595761142,0.4835689320782212,0.1119004167408733,0.3424025850100247,0.3200480612139554,-0.0596891087439102,0.2302173624565012,0.5722250545720605,0.0597975352387992,-0.0084348279360148,0.0532410991406369,0.1565259655932554,0.5061955459303225,-0.0919430352836084,0.090416170665594,1
1.0,0.529202,0.48,2.849188197991437,0.2234639782462195,0.0333,0.112,0.2973,203986.0,11533.0,16.7692,0.91,0.1,0.015,0.0,0.32,0.5449999999999999,0.02,0.33499999999999996,0.75,0.675,0.6752499999999999,0.24164999999999998,1.0,1.0,1.0,1.0,730,0.317,0.0,1.0,0.0,0.0,1.0,0.0,0.0,-0.030389246416903,-0.0446288247507774,-0.05307945597387,-0.061151687906563,-0.0109849741290929,-0.0538642067287731,-0.0993920342415901,-0.0696729191074603,-0.0795900243465036,0.8048787099780746,0.2612776448496369,0.0807792386269056,0.2305073944240322,-0.0700357132277758,1.2873458927499015,0.151172175848925,0.2758760318916484,-0.0431033582148993,-0.0285379915407138,-0.0025808496346793,0.1302256213768089,-0.0133626957403308,-0.0658096780838712,0.0725682114121183,1
1.0,0.560714,0.64,2.0664202384789654,0.3582778777447551,0.03,0.0844,0.3559,150.0,219269.0,20.0915,0.92,0.09,0.01,0.0,0.6699999999999999,0.715,0.005,0.87,0.865,0.55,0.6445000000000001,0.2222,1.0,1.0,1.0,1.0,0,0.7564999999999997,0.18000000000000005,1.0,1.0,0.0,0.0,1.0,0.0,-0.0241206783531085,-0.0191981208826543,-0.006948198168583,0.0054476157351156,-0.0412113911032665,0.0058066270008603,-0.0626292723791931,-0.0295388466103834,0.1343589163994801,0.5836448016658093,0.3704199719282395,0.2016932836447409,0.4913197152526501,-0.0353473316945738,0.823346107431911,0.3283592426796402,-0.018456980291288,-0.0332873352929852,-0.0278808055124567,0.0179701350744467,0.0163556670185288,-0.0038440577128895,-0.0387693290569545,0.023180785647263,1
1.0,0.743119,0.71,0.2099480072776655,0.8819637801048578,0.0898,0.2934,0.3059,7388.0,1172.0,72.3425,0.93,0.03,0.01,0.0,0.72,0.02,0.0,0.5900000000000001,0.11,0.0,0.2934,0.1638,1.0,0.32145,1.0,0.8666499999999999,0,0.48200000000000004,0.0872,1.0,1.0,0.0,0.0,1.0,0.0,0.334602935901631,0.0143643218241513,-0.0864271081130983,-0.0672866962943814,0.0122895369474297,-0.0576055258501737,-0.1309348742276657,-0.0661236337067142,0.0552777175962401,0.01654044964137,0.1462927311523725,0.0193296298167506,0.0102758784632809,0.0073503731972414,-0.0067728839017268,0.023973725574237,0.2170891262924945,-0.0537536875040705,-0.0059355298660079,0.0341922620041569,0.0486088925521567,0.0605183500278997,-0.0710592445307277,0.0277621216144162,1
1.0,0.435132,0.65,3.383818531916051,0.2159929065453123,0.02,0.1382,0.145,82670.0,836.0,72.3425,0.93,0.035,0.01,0.005,0.405,0.02,0.05,0.71,0.135,0.71,0.5023500000000001,0.19055,1.0,0.32145,1.0,0.8666499999999999,0,0.3760000000000001,0.08804999999999998,1.0,1.0,0.0,0.0,1.0,0.0,0.2565569976968602,-0.0125125744110446,0.0823469051524923,0.0603528360136459,0.0701328536304706,0.0710942452014889,-0.042848316716247,0.0584390423134216,-0.0320588760175558,1.2164939508282866,0.0055335228096078,-0.0722829894636987,0.1130847921148375,-0.0721256619912238,1.5678861874840224,-0.0583176512786221,-0.029996813520067,0.8027844266461374,0.2156027405333002,0.0280230536629666,0.054991081390024,-0.0470480290881151,1.1136126911267978,0.0547220446535846,1
1.0,0.568952,0.56,1.4384167048484893,0.4612924544376717,0.0598,0.0663,0.9015,22219.0,67295.0,11.0438,0.95,0.015,0.05,0.0,0.535,0.605,0.005,0.6950000000000001,0.7,0.475,0.12145,0.42845,0.96665,1.0,1.0,1.0,0,0.0625,0.5649999999999998,1.0,1.0,1.0,0.0,0.0,0.0,-0.0047327896663855,-0.0013379574952376,-0.0027673045914836,0.0102795521980785,-0.0047001827414249,0.0094388276108539,-0.0171135191691142,0.0055697441295177,0.6751251553421918,0.3955455168807111,0.5993366726290936,0.0760106930835382,0.3306874039326313,-0.0683518612504662,0.2817765546706996,0.3725294270081778,-0.0376832353084677,-0.0830010389534858,-0.0481727327891062,-0.0578938345605183,-0.0270872196827947,0.003723711250766,-0.0913713568241806,-0.0546308610223567,1
1.0,0.515315,0.68,3.456683834108991,0.2878661910379912,0.0699,0.0947,0.7384,25.0,243141.0,11.5034,1.06,0.03,0.015,0.0,0.02,0.79,0.0,0.060000000000000005,0.83,0.355,0.61905,0.10025,0.3333,1.0,0.58335,1.0,3351,0.20850000000000002,0.073,1.0,1.0,0.0,0.0,1.0,0.0,-0.0757132281821135,-0.0628357852604025,-0.0858799521839605,-0.0382666856310487,-0.0527894724665174,-0.0375082648917381,-0.0902370244853634,-0.0510658045464777,0.1943356035280609,0.5006634057850874,0.4284763662232064,0.2099909553255995,0.455118229143664,-0.0750288331780442,0.7429330324566419,0.2592380857576214,0.8035850787590265,-0.029674293862929,-0.0379312061595371,-0.0258462058921775,0.0513524848807449,0.5729175558911296,-0.1026193664923778,0.0089244476516205,1
1.0,0.532131,0.470588,1.967162696573587,0.6987417810357681,0.0466,0.1794,0.2598,23.0,13281.0,13.9065,1.07,0.02,0.015,0.005,0.69,0.84,0.04,0.86,0.915,0.45,0.31665,0.20829999999999999,1.0,1.0,1.0,1.0,414,0.19450000000000003,5e-05,1.0,0.01,0.0,0.0,1.0,0.0,-0.0035884580004357,-0.0072463188617058,-0.0110124018268307,-0.0052958673426382,-0.0023463163321792,-0.005360377100593,-0.0142952038957736,0.0062325843863837,0.781334382331923,0.634247553540983,0.3768997573544018,0.1150788385825717,0.4496647061383741,0.0412862932344289,0.3592347115440127,0.4129183548845412,0.0282183423578485,-0.0196617740459858,-0.0030822524440859,0.0703883971297322,0.0531697938591946,0.0262512270664096,-0.0504444340208014,-2.847612350146411e-05,1
1.0,0.674074,0.56,0.4994341175373036,0.8239782227680774,0.0138,0.3563,0.0388,270336.0,35684.0,30.2161,1.14,0.05,0.065,0.0,0.735,0.2,0.0,0.78,0.33999999999999997,0.0,0.303,0.4518,1.0,0.71665,1.0,1.0,1617,0.535,0.0,1.0,0.0,0.0,0.0,1.0,0.0,0.4401490626398893,0.0693870315457362,0.0759858933548198,0.0884835205562342,0.2382744367845605,0.1974146986620967,-0.0564082328092735,0.105683104450275,0.5830432729937238,0.2094869633062144,0.2961051271818735,0.1352239086522322,0.2220542382539432,0.1787582046263664,-0.0559121611992628,0.2530408563601148,0.1366277928097179,0.0041401901720279,-0.0072061419221859,0.0529633671439238,0.17439325779667,0.0297540380516223,-0.0548516778794257,0.0424826688742353,1
1.0,0.697051,0.47,0.599635225452939,0.9005630546881049,0.0828,0.0855,0.9692,31937.0,272494.0,30.2161,1.14,0.015,0.0,0.055,0.55,0.01,0.185,0.595,0.0,0.295,0.15735,0.0238,1.0,0.0625,1.0,0.0,3497,0.21979999999999988,0.0,1.0,0.0,0.0,0.0,1.0,0.0,0.170301849324754,0.0160089937907826,0.0170974244705859,0.0749805956024889,0.2029181285758878,0.0276220977654367,-0.0617816118165503,0.076505677093801,0.5097708334047117,0.1006243997217704,0.3266053993817425,0.0962507115367115,0.3051173808136105,0.140084055244483,-0.0558961587087526,0.1935591703461045,0.1846406753903188,-0.0369405397644319,0.0582193387088247,-0.0012679144126939,0.0658801800953416,-0.0002594687632478,-0.0757850959297187,0.0596380177006577,1
1.0,0.679128,0.6,0.0723952625835931,0.8582296023081248,0.0657,0.131,0.5017,51487.0,494.0,18.6601,1.15,0.13,0.075,0.025,0.7949999999999999,0.435,0.03,0.9299999999999999,0.46499999999999997,0.22499999999999998,0.6166499999999999,0.7643,1.0,1.0,1.0,1.0,0,0.49849999999999994,0.055,1.0,1.0,1.0,0.0,0.0,0.0,0.253159188197822,-0.1082637563862806,-0.0977530060417049,0.0513861122370553,0.1340904326857231,-0.0436435500735732,-0.1218903941756136,0.0077821708229449,0.3296085297539788,0.002502312604762,0.1939223364790361,0.2273677507432233,0.5261420579242423,-0.0506430319190712,-0.1206719939235442,0.3623644821169178,0.0026218373188474,-0.0822690839093269,-0.0339315101277685,-0.0134122857679083,0.0239100500561686,-0.0598572543651131,-0.1097083004202755,0.0210266579768181,1
1.0,0.467158,0.56,3.732537767481731,0.3430185406183084,0.0191,0.1326,0.1442,128.0,46334.0,11.0438,1.16,0.02,0.02,0.0,0.735,0.6399999999999999,0.065,0.835,0.86,0.665,0.23954999999999999,0.1,1.0,1.0,1.0,1.0,1364,0.4155,0.84835,1.0,1.0,0.0,0.0,1.0,0.0,0.0060871615818284,-0.0031520707474635,-0.0128483069359428,-0.0053604826176577,-0.0042768755814533,0.0009529142744989,-0.0093160006371431,-0.0090698302241004,-0.0805822192812753,1.079655925670126,0.3868513899109908,0.3254450967907434,0.577107490831861,0.0174993645458043,1.5013130112153854,0.234452682729313,-0.0093428451205615,-0.0072111418915308,0.0016787339641181,0.0129563465766961,0.0180692678463361,-0.0054983739307844,-0.0177095830790348,0.0199792918746498,1
1.0,0.519435,0.55,4.5109773545683565,0.2297082429380901,0.0359,0.2139,0.1679,17.0,2931.0,23.4663,1.19,0.0,0.0,0.0,0.01,0.005,0.0,0.26,0.005,0.575,0.046150000000000004,0.02285,0.17265,0.09720000000000001,0.9613,0.04165,6110,0.14100000000000001,0.1375,1.0,1.0,0.0,1.0,0.0,0.0,0.4983149351438635,0.0800131996963884,0.2321318902289567,0.2940378965930386,0.4994966619692061,0.0325649025192216,-0.0987804353863862,0.3601992589991158,-0.0126834269215746,0.5820679414160663,0.5364938419280537,0.1263781118523301,0.3038990641367741,-0.0469007571462067,1.066811450349808,0.1491759262991066,0.1292082737207708,0.2358957751704595,-0.0588314713783051,0.0076920521878622,0.1818943706964323,-0.0722215203377975,0.2474185416276679,-0.0277898535980965,1
1.0,0.417352,0.66,2.0628807629398582,0.3069177802548603,0.0946,0.0593,1.5951,15412.0,606.0,23.4663,1.19,0.015,0.0,0.005,0.25,0.005,0.195,0.43,0.525,0.585,0.22035,0.0263,1.0,0.08635,0.9792000000000001,1.0,7118,0.1365,0.0225,1.0,0.9,1.0,0.0,0.0,0.0,-0.0388517740903297,0.6210187971036571,0.0713000466393234,0.040822861771549,0.1497003545475362,-0.0438131870589782,0.8724631123900337,-0.009779702809034,0.0091386407279104,0.9750710329223812,0.2622355729359631,0.0591410315190801,0.2624517554923052,-0.0810936846906514,1.3586032200926708,0.1593534281456313,0.0390242201568436,0.0722447746389849,0.0535286607342683,-0.0106124409218608,0.0868505424265588,-0.0407670356113317,0.0111621638229012,0.0365834599694442,1
1.0,0.45977,0.34,5.535905605710481,0.189971690463521,0.0377,0.2653,0.1422,11524.0,12366.0,25.3572,1.19,0.01,0.025,0.0,0.5499999999999999,0.3,0.02,0.875,0.56,0.26,0.0744,0.24035,0.9167000000000001,0.9582999999999999,1.0,1.0,3230,0.038,0.1365,0.76,1.0,1.0,0.0,0.0,0.0,0.0204270951676087,0.6401118969684171,0.407617221877747,0.1528423457795329,0.323662049360541,-0.0554116399266817,1.1779949865269337,0.2076816225869219,-0.0322467205960729,0.6345718679619183,0.0242248012030352,0.0087995011355072,0.0406459751142378,-0.017965809368793,0.6432249697750465,-0.0144359723423877,0.0067097846611283,0.0760517434131961,0.0106486287411913,0.0124945951745793,0.0041910826108421,0.0025342208326979,0.1096010787775821,0.0,1
1.0,0.67643,0.58,0.4772318764489265,0.7394998087494067,0.5464,0.7208,0.7579,2425.0,150510.0,25.3572,1.2,0.025,0.07500000000000001,0.0,0.605,0.755,0.155,0.8,0.895,0.88,0.1911,0.6662,1.0,1.0,1.0,1.0,0,0.6716000000000001,0.5445,1.0,1.0,0.0,0.0,1.0,0.0,-0.0388558289274125,-0.0403156806015518,-0.0446879460733487,-0.0188817930848676,-0.0216064259008689,0.0042132300514418,-0.0535756708149831,-0.0141311372776383,-0.1233073064000411,0.6469697393170823,0.0818502683635018,-0.039722866255487,0.0185756626423727,-0.0675542809000649,0.9609196464272062,-0.0029034261777692,-0.0187236204463878,-0.0304556112994068,-0.0431061988104279,0.0026943243634602,-0.0471229627900996,-0.0536486753433935,-0.0502354413584079,-0.0245412534540317,1
1.0,0.454577,0.56,2.2231239527540576,0.3550061334224726,0.015,0.0877,0.1711,3785.0,3265.0,24.9504,1.22,0.08499999999999999,0.065,0.005,0.135,0.195,0.06,0.22,0.475,0.73,0.5073,0.5521,0.87085,0.74305,0.975,1.0,0,0.00035000000000000005,0.1765,0.07,1.0,0.0,1.0,0.0,0.0,0.346156469917637,0.0073070941168201,0.6359953567331939,0.2831786588204034,0.6145537777334464,0.0192563412717928,0.0823081831790284,0.5384913133128176,0.0359918273674951,1.2241554139611956,0.2878289177528786,0.0462364001141324,0.3445314774068849,-0.0557451514127266,1.6618374510104938,0.1130596458273118,0.4997045143661524,-0.056365646674789,-0.0452331952888459,-0.0088115135239825,0.1160561776994654,0.0003774900877556,-0.0902958900278662,0.0003664698671156,1
1.0,0.511848,0.47,5.27657515467878,0.1791073115858321,0.0205,0.1281,0.1601,81.0,220877.0,18.7127,1.22,0.07,0.03,0.02,0.15,0.5800000000000001,0.065,0.235,0.77,0.69,0.42665,0.30525,0.95,1.0,0.9821500000000001,1.0,811,0.258,0.0175,1.0,0.35,1.0,0.0,0.0,0.0,-0.0095815832448424,-0.001585831482715,-0.0134140751017172,-0.0189254443476014,0.0209362180395839,0.010632072574806,-0.0142549159969297,-0.0095225035447564,-0.0697060677921969,0.5186405710475348,0.4533249290306723,0.2458345600515933,0.3808854300202925,-0.0378244801662508,1.0186437811847986,0.3434916149732792,0.4297356562387017,-0.0855396943721318,-0.0112240424670827,-0.0079122388153636,0.1048494086392454,0.0694447381955021,-0.0862212040976218,0.0630485624937098,1
1.0,0.486698,0.56,2.6254382861498438,0.3076884255730911,0.0232,0.0947,0.2445,20671.0,196878.0,18.7127,1.23,0.035,0.015,0.0,0.795,0.8200000000000001,0.045,0.855,0.9,0.62,0.30285,0.11330000000000001,1.0,1.0,1.0,1.0,2509,0.2389999999999999,0.2390000000000001,1.0,1.0,0.0,0.0,1.0,0.0,-0.0736395458640314,-0.0554958145037508,-0.0711534088670474,-0.0138081610642796,-0.0715570018987213,-0.0311115704173816,-0.0842579165315476,-0.0382195051783911,-0.0861662364333545,0.9538485031583148,0.3491911426374544,0.054195432711819,0.2153354940784852,-0.0943860646260183,1.4094543976297085,0.131879469899088,-0.0134464033469836,-0.0719646321326567,-0.0232776618076714,0.0046973875855835,0.0675902446418924,-0.0365309023402301,-0.06910640732585,0.0265116046908421,1
1.0,0.457516,0.44,5.086604170165115,0.2900071946598224,0.0212,0.1225,0.1733,204728.0,243.0,7.20936,1.24,0.035,0.1,0.005,0.655,0.14500000000000002,0.105,0.79,0.14500000000000002,0.8200000000000001,0.35275,0.84165,1.0,0.89165,1.0,0.85,0,0.4690000000000001,0.0,1.0,0.0,1.0,0.0,0.0,0.0,0.282853194198614,-0.0401105208823736,0.3128182176589122,0.0583230780691034,0.2350949161560796,0.0173354223116566,-0.0262801431685334,0.1073359288573573,0.0872387980040072,1.6534772091964345,0.2369317330532695,0.0353202392705736,0.3869406426072824,-0.0758736574186376,2.22427064231523,0.1119292450464889,0.0096887862959417,-0.0383076592239856,-0.0278209783913888,0.0012664909142409,0.0406776605885061,-0.0395511707126556,-0.0162070731771668,0.0278806829660167,1
1.0,0.729697,0.664706,1.4387418756721218,0.602464095533624,0.0611,0.2374,0.2575,100.0,612.0,42.179,1.25,0.155,0.0,0.135,0.49,0.005,0.30000000000000004,0.5,0.02,0.42,0.96295,0.0282,0.9857,0.0833,1.0,0.31945,0,0.0,0.0,0.0,0.0,0.0,1.0,0.0,0.0,0.1537367390173856,-0.0400005161347139,0.5334286362382732,0.1779266931058863,0.2737079410846467,-0.0009782830227006,0.0431024490459795,0.2078656996775834,0.5850210086311844,0.2238115133522053,0.1945241602024014,0.340376248892235,0.6721767293537062,0.0240082178766949,-0.0381895600726588,0.3426063986652558,0.2740265615065954,-0.0999287303638229,-0.0588827492618998,0.0661697612380374,0.3344750297599573,-0.0248500128034726,-0.1075065109201273,0.1227535053823292,1
1.0,0.572917,0.58,1.0524751406755182,0.6748123632307194,0.0379,0.1629,0.2327,82.0,206682.0,24.3855,1.25,0.025,0.04,0.0,0.305,0.315,0.0,0.54,0.6699999999999999,0.255,0.28705,0.48164999999999997,0.9167000000000001,1.0,1.0,1.0,1473,0.0,0.1985,0.0,1.0,0.0,1.0,0.0,0.0,0.4049854416344054,0.2630717553122507,0.0066512954916056,0.0139417055642704,0.1494940816408785,-0.0281767771290112,-0.0436535482700693,0.083295080486798,0.7191702837254653,0.3279598738855327,0.7435376546735647,0.2944617898227522,0.6673578142536535,0.0323636789726688,0.1571732299431166,0.5453374079784563,0.4107187680101688,-0.0523124668167869,-0.0321954734440448,0.1528847345091593,0.3139048167834757,0.0645175214196451,-0.0728149068646946,0.1331524385349302,1
1.0,0.455556,0.41,0.6170672374269878,0.5323825190516253,0.0728,0.1153,0.6313,24206.0,48.0,14.3661,1.25,0.025,0.035,0.01,0.86,0.475,0.345,0.925,0.765,0.645,0.40335,0.40769999999999995,1.0,1.0,1.0,1.0,522,0.2975,0.3426999999999999,1.0,1.0,1.0,0.0,0.0,0.0,0.0055711854470122,-0.0613099383027568,-0.0775494616320368,-0.046177703690476,0.1158924675379677,-0.0033796741408643,-0.0789550847580236,-0.0159679580077839,0.1980501122170249,0.9721925753043898,0.0468375549449157,0.0937481945624907,0.3333084016274445,-0.0529340573716309,1.0132824582521829,0.3266445013812048,0.0003770033429421,0.5359975423430374,0.0622583517530838,0.0437376699566102,0.0060989834916521,0.0099828942727702,0.7055053456081083,0.0210955339910833,1
1.0,0.71205,0.5,0.011091559647894,0.9428562718646376,0.0322,0.291,0.1105,90230.0,1019.0,7.20936,1.2,0.025,0.01,0.0,0.345,0.265,0.0,0.6799999999999999,0.435,0.0,0.25415,0.1701,1.0,0.9167000000000001,1.0,1.0,6127,0.5006999999999999,0.1125,1.0,1.0,0.0,0.0,1.0,0.0,-0.0421187506842707,-0.0405464093504883,-0.0341388482421716,-0.0064667679421627,-0.0410758349701534,-0.0194653412002592,-0.0403940470716054,-0.0411284920424119,0.3166057831432567,0.1242404847243915,0.3212064859741003,0.052744120034587,0.0898940205524566,0.2040993421169476,-0.0433926398345235,0.0561540518574158,0.108200605419682,-0.0659325566674358,-0.0587440268703494,-0.0469278707180629,0.0535837941525519,0.2348688668525564,-0.114428195235434,-0.0213367563114541,1
1.0,0.663561,0.458824,0.9697526713749852,0.7551115874588249,0.2166,0.2725,0.7948,94817.0,57792.0,12.4752,1.22,0.005,0.005,0.005,0.02,0.33499999999999996,0.0,0.33999999999999997,0.42000000000000004,0.0,0.1521,0.059250000000000004,0.41664999999999996,0.9,1.0,1.0,8779,0.09749999999999998,0.0,1.0,0.0,0.0,0.0,1.0,0.0,0.2046188400110264,0.0141377619017456,0.0089498223763959,0.1131054527312081,0.1381089594098855,0.021035352551169,-0.1097097717075906,0.1136321610746881,0.5727874528576902,0.2063508007679184,0.7893793005027587,0.4576814881294721,0.6594153064538064,0.0895181488881619,0.005938161065467,0.7773327725017223,0.2418445197890399,0.0799665656588647,-0.0407913286817506,0.073387230877664,0.2646201857508335,-0.011142964797633,0.0279833910245131,0.1017515305627791,1
1.0,0.482696,0.35,3.617411794638004,0.2371978955284713,0.0348,0.2275,0.1531,88762.0,61011.0,12.4752,1.22,0.015,0.005,0.005,0.62,0.005,0.03,0.655,0.02,0.76,0.27775,0.08055,1.0,0.14584999999999998,1.0,0.49995,3974,0.1085,0.09749999999999998,1.0,1.0,0.0,0.0,1.0,0.0,0.56891057397141,0.1941047076214047,0.6674729893409512,0.5356229247600057,0.7491537833082239,0.0873500076593481,-0.0130017318252472,0.8388514776376539,0.0777580879509419,0.8248642552165857,0.3511827698815311,0.2792799653475012,0.5399393410050719,-0.0026077368569635,1.1878914398394236,0.3887419708512002,0.301075435531443,-0.0021007331356615,0.0001215826464745,0.1092188149679397,0.2678426716478589,-0.0025650114750787,-0.0732920552406521,0.163179020752898,1
1.0,0.505607,0.63,2.701476983146246,0.3285488709230305,0.011,0.248,0.0442,1717.0,151766.0,9.10026,1.26,0.0,0.060000000000000005,0.0,0.0,0.6699999999999999,0.0,0.16999999999999998,0.8500000000000001,0.0,0.025,0.35414999999999996,0.025,1.0,1.0,1.0,772,0.107,0.7925,1.0,1.0,0.0,0.0,1.0,0.0,-0.0007062698023177,-0.0039251053448655,-0.0042298544248398,0.0100549633448955,0.0021627643509898,0.0052502014559609,-0.0046351335181714,-0.0078296898285337,0.1044840360100033,0.5785682692596629,0.0161123523708321,0.1120771528012186,0.2787271832964225,0.0207782904623421,0.5602459194851355,0.111547556878556,0.245297376117045,0.3600704089647381,0.6508325061494545,0.2869517295066099,0.6259253310026193,0.008135607707278,0.8500666451265543,0.5337538275103533,1
1.0,0.595238,0.282353,5.886853453657616,0.17533563455401,0.0055,0.8511,0.0064,13481.0,176.0,8.6407,1.26,0.015,0.0,0.0,0.12,0.0,0.0,0.26,0.23,0.035,0.2629,0.00695,0.8143,0.025,1.0,1.0,4040,0.048,0.0746,0.95,1.0,0.0,0.0,1.0,0.0,0.0467979865659958,0.4271347052065954,-0.0478841175310238,0.0317108833069144,0.1940889840784634,-0.0210189975458098,0.3898293064451417,0.058564432080192,0.0844786534097952,0.1648607834625731,1.1316393594669254,0.7419219902824583,1.3026433432419728,-0.0186592588320121,1.0205561131895369,0.7967225267091317,0.0899884361801468,-0.0654788976385707,-0.0030974231612409,-0.0176410930760978,0.1499011908828294,-0.0488569582980985,-0.069949251521606,-0.0090268743374394,1
1.0,0.428916,0.64,0.6634651419433283,0.8055036260225366,0.0249,0.1402,0.1775,57252.0,6061.0,10.9912,1.31,0.095,0.07,0.0,0.39,0.31,0.16,0.59,0.35,0.71,0.59165,0.6113,0.9821500000000001,1.0,1.0,1.0,5586,0.0575,0.1905,1.0,1.0,0.0,1.0,0.0,0.0,0.2682864683419218,-0.086396962076053,-0.1230645387096771,-0.0924462998242903,0.0341849159844936,0.0134473236003641,-0.12714800781904,-0.0366645960222208,0.4866440100145518,1.1934052884159128,0.3188389303553076,0.0197686243849258,0.2281865794695604,-0.0403778518243828,1.2761831513995725,0.1954063916902953,0.0683725534097879,-0.0617076991312249,-0.0718381856899814,-0.0323426762883958,0.0659260139522641,-0.0384480099225875,-0.0915660375031588,-0.0006801459965601,1
1.0,0.741135,0.55,0.7794925488040096,0.8815188048855419,0.0293,0.3797,0.0772,58871.0,165.0,16.7692,1.34,0.125,0.10500000000000001,0.08,0.315,0.385,0.435,0.605,0.44499999999999995,0.655,0.6905,0.8889,0.9389000000000001,1.0,1.0,1.0,0,0.16899999999999998,0.0,1.0,0.0,1.0,0.0,0.0,0.0,0.4928731544328702,0.0826735163416703,0.0865650252066559,0.0290353773318807,0.0381344144825532,0.1075227610949366,-0.0172009160010307,0.0624997665147047,0.2858117893517261,0.0264453666951376,0.1128933879366572,0.0192625699600519,0.0914059747412986,0.0975312598060956,-0.0725338634053942,-0.0001566167397419,0.6377253173180569,-0.0237715567498001,-0.021711766807197,0.0564926794489298,0.1145244964130806,0.3155138509301038,-0.0678596691428158,0.0295765182296725,1
1.0,0.689655,0.59,0.1217241312017416,0.948186482387825,0.0406,0.3326,0.1222,251462.0,662.0,31.1352,1.42,0.02,0.025,0.085,0.775,0.545,0.125,0.855,0.61,0.19,0.3846,0.4,1.0,0.97915,1.0,1.0,7899,0.036500000000000005,0.044750000000000005,0.73,0.78,0.0,0.0,1.0,0.0,0.6026928852220487,0.0538325405617994,0.138238418674157,0.0601593930322841,0.1608110514384886,0.5711155866163867,-0.0584786256764683,0.1890103887230816,0.7328489348583592,0.2237734788429407,0.2788540251447314,0.0644453417092559,0.0851931941405666,1.070883100770078,-0.067701180530915,0.0623139130415507,0.0622279924911844,-0.0235965559797163,-0.0090243915060941,0.013558723028907,0.0041389122642902,0.1430627390041018,-0.038189571363931,-0.0048292821762222,1
1.0,0.455963,0.58,1.161647360985623,0.5505218456764204,0.0584,0.1145,0.5103,12682.0,45761.0,12.9347,1.47,0.03,0.025,0.005,0.815,0.8200000000000001,0.07,0.885,0.905,0.37,0.28475,0.3588,1.0,1.0,1.0,1.0,0,0.7858000000000002,0.956,1.0,1.0,1.0,0.0,0.0,0.0,-0.0421482781299993,-0.0016943453035056,-0.0557877859595277,-0.0569418110617588,-0.0652800198317633,-0.0338046105595229,-0.1051210321352095,-0.0668297530365303,0.9620960695918636,0.7725454847910738,0.2661555000830736,0.080404600683017,0.3977196552804217,-0.0098235488794056,0.072378266669465,0.3337136159166224,-0.0215421788637256,-0.0401429752473528,0.01394859590057,0.0071300906243381,0.0255410227093294,-0.0012124314522119,-0.060071854514821,-0.0130727601817374,1
1.0,0.444151,0.49,2.5278319047404687,0.4111430541536078,0.0234,0.1091,0.2141,161.0,74399.0,12.4225,1.48,0.01,0.025,0.015,0.055,0.6,0.05,0.135,0.775,0.51,0.08929999999999999,0.20240000000000002,0.5625,1.0,0.83925,1.0,1120,0.10150000000000002,0.396,1.0,1.0,0.0,1.0,0.0,0.0,-0.0004067349775814,-0.0045505814552654,-0.0009225501686793,0.0010349666528318,-0.0003155860414332,0.0017996904750696,-0.0034371199430553,-0.0017167239213836,0.1327290225177712,0.6953590615924836,0.5295253022270966,0.3167832225206761,0.6662784610765762,0.0049973499514632,1.156116089056718,0.6033113982985167,0.6666957407420289,0.2132846430994117,0.034915251490619,0.1273835211908732,0.3605802000061991,0.0400065452353726,-0.0434879052923734,0.2281293652157716,1
1.0,0.5271,0.59,1.711769114455367,0.3729139103463318,0.0591,0.063,0.9384,246316.0,61772.0,35.9415,1.39,0.07,0.005,0.01,0.5,0.27,0.11,0.5449999999999999,0.565,0.5549999999999999,0.25555,0.1321,0.9722,0.90625,1.0,1.0,6647,0.0,0.0,0.0,0.0,0.0,0.0,1.0,0.0,-0.0360844690103817,0.4703793907228537,-0.0095726271948699,0.0039021401677,-0.0125577382532017,-0.0052559391305688,0.5779703600898639,-0.0216873122953359,0.0497322440809128,0.878033667178619,0.4586486331682907,0.2603848276892634,0.5584542352123433,-0.0420056989970804,1.1651432154689725,0.4418253769049809,0.1642509651101593,0.0357760505311791,0.1049591170023011,0.042121706609676,0.1193615342640206,0.0107290552712443,0.0134887037932137,0.0940780512959391,1
1.0,0.729977,0.57,0.0024417453708613,1.0,0.0204,0.2601,0.0782,180433.0,132696.0,35.9415,1.37,0.04,0.04,0.0,0.675,0.22,0.0,0.87,0.38,0.0,0.35014999999999996,0.49655,1.0,0.8854500000000001,1.0,1.0,400,0.2792,0.08200000000000002,1.0,1.0,0.0,1.0,0.0,0.0,0.2950411964498968,-0.0218865359460703,0.0407909223089201,0.0344700787968031,0.0931809060057225,0.8129598287557609,-0.0892623065406343,-0.0345019266369184,0.1439140350526638,0.0587648532887806,0.2076601780684736,-0.009574906142893,0.0600187271279016,0.4905467799002284,-0.0467827031392532,0.0137865067601998,0.1287355276707457,0.0379188009683814,0.0525354145294883,0.1167373021368175,0.1079480433278529,1.1704717817385748,-0.031277772729523,0.032508610314519,1
1.0,0.559621,0.388235,2.8176613640925208,0.3629077513216684,0.0395,0.2099,0.188,4180.0,220332.0,9.10026,1.26,0.01,0.034999999999999996,0.0,0.005,0.06,0.025,0.825,0.065,0.66,0.27885,0.375,0.16315000000000002,0.45,1.0,0.53335,6574,0.0093,0.0,0.56,0.0,1.0,0.0,0.0,0.0,0.5995222108262416,0.2500717873864551,0.2401767270784933,0.1458437765680284,0.4381695995590603,0.0244361359870049,0.0027272189146375,0.4430943442815233,0.4388140261881768,0.6155011235390432,0.1098144109861844,0.0885958016432765,0.2912158043750009,0.0551943963504388,0.2824143154984026,0.2300555463814596,0.2307405927944166,0.7710573935652282,0.0264585210940476,-0.0321919846495586,-0.0016280998091783,-0.0589463513290311,0.6578572492137258,-0.0341097429942788,1
1.0,0.513377,0.44,3.773302798340165,0.6122581719059622,0.0104,0.1467,0.0707,2023.0,140797.0,11.9629,0.95,0.005,0.045,0.0,0.14,0.06,0.005,0.43999999999999995,0.355,0.565,0.1933,0.37015,1.0,0.92885,1.0,1.0,6002,0.063,0.07400000000000001,1.0,1.0,1.0,0.0,0.0,0.0,0.1273864569178242,0.0348572970226763,0.4306212170154088,0.067155908729275,0.2733457877301032,-0.0161657294626436,0.178822317983619,0.3318093412098597,-0.0144227842175706,0.8041214430584256,0.0776212450380891,-0.0013920204818434,0.1282917038931314,-0.0270112382555332,0.9998658438705208,0.0021553929187992,0.0185203103969729,0.533693286007364,0.8027450515814836,0.3685831824427475,0.5627556177257167,-0.0354709202669807,1.2757240373366874,0.5490244556896297,1
1.0,0.421525,0.46,3.863003642971421,0.1981164407155545,0.016,0.1358,0.1179,102466.0,930.0,11.9629,0.96,0.04,0.005,0.0,0.8,0.13,0.005,0.83,0.48,0.5800000000000001,0.3402,0.19999999999999998,1.0,1.0,1.0,1.0,0,0.8365,0.0,1.0,0.0,1.0,0.0,0.0,0.0,0.1842034091737343,0.1483080192376493,0.7383409082485293,0.457419310164731,0.8365841810592448,-0.0097181221805427,0.6748498719816738,0.7222843835292195,-0.0102794222383867,0.8374375007631096,0.4143640350667487,0.0513210295012417,0.3002023356572497,-0.0171892245339883,1.4502313802907465,0.2027698259061096,-0.0662535771423474,-0.0922121361551156,-0.0529508708356323,-0.0048499868946903,-0.0118380112318914,-0.0484441711679515,-0.1030213317327692,-0.10366571274235,1
1.0,0.510185,0.6,3.18445990781868,0.253858518780579,0.0585,0.1329,0.4401,36.0,103605.0,23.4663,1.02,0.07500000000000001,0.015,0.0,0.78,0.705,0.005,0.88,0.76,0.645,0.7241,0.31195,1.0,1.0,1.0,1.0,0,0.5934999999999999,0.5579999999999999,1.0,1.0,0.0,1.0,0.0,0.0,-0.0736890671380671,-0.0798707453588229,-0.0738046514346791,-0.0516255667763121,0.0001218684295335,-0.084694788805286,-0.0932792136018808,-0.0626074774943332,-0.0852989812455799,0.8387928641209476,0.4011879969642405,0.1026473365122634,0.2688058915580862,-0.0597963776431468,1.3889679038847524,0.124384413695162,0.0179861496879243,-0.0482032973907841,-0.0064268641181714,0.0543401167098595,0.1153001013702004,0.0411637596962787,-0.0510240443251362,0.0203359958690575,1
1.0,0.428288,0.55,0.9540479910968052,0.4362605119378244,0.0661,0.0628,1.0519,85844.0,1573.0,11.0438,1.08,0.005,0.025,0.015,0.76,0.045,0.25,0.9099999999999999,0.11,0.68,0.16665,0.35155000000000003,1.0,0.6071500000000001,1.0,1.0,246,0.17300000000000001,0.0,1.0,0.0,1.0,0.0,0.0,0.0,0.3058899236605141,-0.078619447657463,-0.0580879969644849,0.0332162247848352,0.0659183368453956,0.0998115531011065,-0.1223045862435461,-0.0078524721745,0.2654000440844159,1.5553569298683925,0.2115135943155594,0.0969763724357223,0.5685690577720219,-0.1522205440916413,1.8336034686259568,0.4747068134950293,0.0110679771295295,-0.0053848629119323,-0.0197874290876514,0.0462779687946435,0.0095331527617065,0.0154156449520679,-0.0149291205962107,0.0035389285085399,1
1.0,0.579276,0.44,0.2427560946430927,0.8811641535289366,0.0588,0.1226,0.48,15912.0,93129.0,11.0438,1.1,0.035,0.11,0.025,0.265,0.71,0.52,0.275,0.9099999999999999,0.705,0.60715,0.4504,0.97035,1.0,1.0,1.0,0,0.016399999999999998,0.9704999999999999,0.76,1.0,0.0,0.0,1.0,0.0,-0.0031324003092301,0.0007306032774465,-0.0075489446171108,0.0022308981855744,-0.005406010341792,0.0144460423664038,-0.0096839545431606,0.0095764597007079,0.3073535225512062,0.0219364174480147,0.0631563660335569,0.0288288706407139,0.1042959703911523,0.5782802769609778,-0.0977329833778009,0.0294494107715435,0.6661500733285859,-0.0458872039555606,0.0085840382775168,0.086126943460422,0.1898047266852393,1.0902632223509223,-0.1072304754332185,0.0876392064665118,1
1.0,0.599415,0.54,6.002170503072563,0.2014249445615799,0.012,0.4487,0.0268,16.0,354212.0,10.5316,0.93,0.1,0.04,0.0,0.745,0.16999999999999998,0.0,0.89,0.655,0.0,0.79285,0.5832999999999999,1.0,0.925,1.0,1.0,1452,0.5565000000000001,0.0815,1.0,1.0,0.0,0.0,1.0,0.0,-0.0879276196020707,0.425554143058435,0.1480825354825007,0.0866890874250511,0.2237165168313659,-0.0440087848519727,0.6305969659202589,-0.0303007318220932,0.0445203058106336,0.0506542944382399,1.900895520539152,0.7511978856022037,1.1490515284821377,0.067242493923743,1.1373958845244785,1.0009912957865577,-0.0220146646008565,-0.044374413620725,0.0128461463428175,0.0472669872075522,0.0997808156963353,-0.0196165152856113,-0.0237107527988293,-0.0149077782784991,1
